time_sec,timestamp_utc,role,mmsi,name,x_nm,y_nm,lat,lon,sog_kn,cog_deg,heading_deg,message_type,expected_level,computed_level,cpa_nm,tcpa_sec,source,raw_aivdm,rx_signalpower_db,rx_ppm,rx_timestamp_raw
0.0,,own,999510000,OWN SHIP,0.0,0.0,-37.884,144.95,9.0,0.0,0.0,1,,,,,synthetic,,,,
0.0,,target,999510101,CROSS STBD,0.7,0.525,-37.87525,144.96478186121547,12.0,270.0,270.0,18,danger,danger,1.5700924586837752e-16,210.0,synthetic,,,,
1.0,,own,999510000,OWN SHIP,0.0,0.0025,-37.88395833333333,144.95,9.0,0.0,0.0,1,,,,,synthetic,,,,
1.0,,target,999510101,CROSS STBD,0.6966666666666667,0.525,-37.87525,144.96471147140016,12.0,270.0,270.0,18,danger,danger,0.0,209.0,synthetic,,,,
2.0,,own,999510000,OWN SHIP,0.0,0.005,-37.883916666666664,144.95,9.0,0.0,0.0,1,,,,,synthetic,,,,
2.0,,target,999510101,CROSS STBD,0.6933333333333332,0.525,-37.87525,144.96464108158483,12.0,270.0,270.0,18,danger,danger,0.0,207.99999999999997,synthetic,,,,
3.0,,own,999510000,OWN SHIP,0.0,0.0075,-37.883875,144.95,9.0,0.0,0.0,1,,,,,synthetic,,,,
3.0,,target,999510101,CROSS STBD,0.69,0.525,-37.87525,144.96457069176952,12.0,270.0,270.0,18,danger,danger,1.1102230246251565e-16,207.0,synthetic,,,,
4.0,,own,999510000,OWN SHIP,0.0,0.01,-37.883833333333335,144.95,9.0,0.0,0.0,1,,,,,synthetic,,,,
4.0,,target,999510101,CROSS STBD,0.6866666666666666,0.525,-37.87525,144.96450030195422,12.0,270.0,270.0,18,danger,danger,1.5700924586837752e-16,206.0,synthetic,,,,
5.0,,own,999510000,OWN SHIP,0.0,0.0125,-37.88379166666667,144.95,9.0,0.0,0.0,1,,,,,synthetic,,,,
5.0,,target,999510101,CROSS STBD,0.6833333333333332,0.525,-37.87525,144.9644299121389,12.0,270.0,270.0,18,danger,danger,0.0,204.99999999999997,synthetic,,,,
6.0,,own,999510000,OWN SHIP,0.0,0.015,-37.88375,144.95,9.0,0.0,0.0,1,,,,,synthetic,,,,
6.0,,target,999510101,CROSS STBD,0.6799999999999999,0.525,-37.87525,144.9643595223236,12.0,270.0,270.0,18,danger,danger,0.0,203.99999999999997,synthetic,,,,
7.0,,own,999510000,OWN SHIP,0.0,0.0175,-37.88370833333333,144.95,9.0,0.0,0.0,1,,,,,synthetic,,,,
7.0,,target,999510101,CROSS STBD,0.6766666666666666,0.525,-37.87525,144.96428913250827,12.0,270.0,270.0,18,danger,danger,1.1102230246251565e-16,203.0,synthetic,,,,
8.0,,own,999510000,OWN SHIP,0.0,0.02,-37.88366666666667,144.95,9.0,0.0,0.0,1,,,,,synthetic,,,,
8.0,,target,999510101,CROSS STBD,0.6733333333333333,0.525,-37.87525,144.96421874269296,12.0,270.0,270.0,18,danger,danger,1.1102230246251565e-16,202.0,synthetic,,,,
9.0,,own,999510000,OWN SHIP,0.0,0.0225,-37.883625,144.95,9.0,0.0,0.0,1,,,,,synthetic,,,,
9.0,,target,999510101,CROSS STBD,0.6699999999999999,0.525,-37.87525,144.96414835287766,12.0,270.0,270.0,18,danger,danger,0.0,200.99999999999997,synthetic,,,,
10.0,,own,999510000,OWN SHIP,0.0,0.025,-37.883583333333334,144.95,9.0,0.0,0.0,1,,,,,synthetic,,,,
10.0,,target,999510101,CROSS STBD,0.6666666666666666,0.525,-37.87525,144.96407796306235,12.0,270.0,270.0,18,danger,danger,0.0,199.99999999999997,synthetic,,,,
11.0,,own,999510000,OWN SHIP,0.0,0.0275,-37.883541666666666,144.95,9.0,0.0,0.0,1,,,,,synthetic,,,,
11.0,,target,999510101,CROSS STBD,0.6633333333333333,0.525,-37.87525,144.96400757324705,12.0,270.0,270.0,18,danger,danger,1.1102230246251565e-16,199.0,synthetic,,,,
12.0,,own,999510000,OWN SHIP,0.0,0.03,-37.8835,144.95,9.0,0.0,0.0,1,,,,,synthetic,,,,
12.0,,target,999510101,CROSS STBD,0.6599999999999999,0.525,-37.87525,144.9639371834317,12.0,270.0,270.0,18,danger,danger,5.551115123125783e-17,197.99999999999997,synthetic,,,,
13.0,,own,999510000,OWN SHIP,0.0,0.0325,-37.88345833333334,144.95,9.0,0.0,0.0,1,,,,,synthetic,,,,
13.0,,target,999510101,CROSS STBD,0.6566666666666666,0.525,-37.87525,144.9638667936164,12.0,270.0,270.0,18,danger,danger,0.0,196.99999999999997,synthetic,,,,
14.0,,own,999510000,OWN SHIP,0.0,0.035,-37.88341666666667,144.95,9.0,0.0,0.0,1,,,,,synthetic,,,,
14.0,,target,999510101,CROSS STBD,0.6533333333333333,0.525,-37.87525,144.9637964038011,12.0,270.0,270.0,18,danger,danger,5.551115123125783e-17,195.99999999999997,synthetic,,,,
15.0,,own,999510000,OWN SHIP,0.0,0.0375,-37.883375,144.95,9.0,0.0,0.0,1,,,,,synthetic,,,,
15.0,,target,999510101,CROSS STBD,0.6499999999999999,0.525,-37.87525,144.9637260139858,12.0,270.0,270.0,18,danger,danger,0.0,194.99999999999997,synthetic,,,,
16.0,,own,999510000,OWN SHIP,0.0,0.04,-37.88333333333333,144.95,9.0,0.0,0.0,1,,,,,synthetic,,,,
16.0,,target,999510101,CROSS STBD,0.6466666666666666,0.525,-37.87525,144.96365562417049,12.0,270.0,270.0,18,danger,danger,0.0,193.99999999999997,synthetic,,,,
17.0,,own,999510000,OWN SHIP,0.0,0.0425,-37.883291666666665,144.95,9.0,0.0,0.0,1,,,,,synthetic,,,,
17.0,,target,999510101,CROSS STBD,0.6433333333333333,0.525,-37.87525,144.96358523435515,12.0,270.0,270.0,18,danger,danger,0.0,192.99999999999997,synthetic,,,,
18.0,,own,999510000,OWN SHIP,0.0,0.045,-37.883250000000004,144.95,9.0,0.0,0.0,1,,,,,synthetic,,,,
18.0,,target,999510101,CROSS STBD,0.6399999999999999,0.525,-37.87525,144.96351484453984,12.0,270.0,270.0,18,danger,danger,1.1102230246251565e-16,191.99999999999994,synthetic,,,,
19.0,,own,999510000,OWN SHIP,0.0,0.0475,-37.883208333333336,144.95,9.0,0.0,0.0,1,,,,,synthetic,,,,
19.0,,target,999510101,CROSS STBD,0.6366666666666666,0.525,-37.87525,144.96344445472454,12.0,270.0,270.0,18,danger,danger,0.0,190.99999999999997,synthetic,,,,
20.0,,own,999510000,OWN SHIP,0.0,0.05,-37.88316666666667,144.95,9.0,0.0,0.0,1,,,,,synthetic,,,,
20.0,,target,999510101,CROSS STBD,0.6333333333333333,0.525,-37.87525,144.96337406490923,12.0,270.0,270.0,18,danger,danger,1.2412670766236366e-16,190.0,synthetic,,,,
21.0,,own,999510000,OWN SHIP,0.0,0.0525,-37.883125,144.95,9.0,0.0,0.0,1,,,,,synthetic,,,,
21.0,,target,999510101,CROSS STBD,0.6299999999999999,0.525,-37.87525,144.96330367509393,12.0,270.0,270.0,18,danger,danger,0.0,188.99999999999997,synthetic,,,,
22.0,,own,999510000,OWN SHIP,0.0,0.055,-37.88308333333333,144.95,9.0,0.0,0.0,1,,,,,synthetic,,,,
22.0,,target,999510101,CROSS STBD,0.6266666666666666,0.525,-37.87525,144.9632332852786,12.0,270.0,270.0,18,danger,danger,0.0,187.99999999999997,synthetic,,,,
23.0,,own,999510000,OWN SHIP,0.0,0.0575,-37.883041666666664,144.95,9.0,0.0,0.0,1,,,,,synthetic,,,,
23.0,,target,999510101,CROSS STBD,0.6233333333333333,0.525,-37.87525,144.96316289546328,12.0,270.0,270.0,18,danger,danger,0.0,186.99999999999997,synthetic,,,,
24.0,,own,999510000,OWN SHIP,0.0,0.06,-37.883,144.95,9.0,0.0,0.0,1,,,,,synthetic,,,,
24.0,,target,999510101,CROSS STBD,0.62,0.525,-37.87525,144.96309250564798,12.0,270.0,270.0,18,danger,danger,5.551115123125783e-17,186.0,synthetic,,,,
25.0,,own,999510000,OWN SHIP,0.0,0.0625,-37.882958333333335,144.95,9.0,0.0,0.0,1,,,,,synthetic,,,,
25.0,,target,999510101,CROSS STBD,0.6166666666666666,0.525,-37.87525,144.96302211583267,12.0,270.0,270.0,18,danger,danger,1.2412670766236366e-16,184.99999999999994,synthetic,,,,
26.0,,own,999510000,OWN SHIP,0.0,0.065,-37.88291666666667,144.95,9.0,0.0,0.0,1,,,,,synthetic,,,,
26.0,,target,999510101,CROSS STBD,0.6133333333333333,0.525,-37.87525,144.96295172601737,12.0,270.0,270.0,18,danger,danger,1.2412670766236366e-16,183.99999999999994,synthetic,,,,
27.0,,own,999510000,OWN SHIP,0.0,0.0675,-37.882875,144.95,9.0,0.0,0.0,1,,,,,synthetic,,,,
27.0,,target,999510101,CROSS STBD,0.61,0.525,-37.87525,144.96288133620203,12.0,270.0,270.0,18,danger,danger,5.551115123125783e-17,183.0,synthetic,,,,
28.0,,own,999510000,OWN SHIP,0.0,0.07,-37.88283333333333,144.95,9.0,0.0,0.0,1,,,,,synthetic,,,,
28.0,,target,999510101,CROSS STBD,0.6066666666666666,0.525,-37.87525,144.96281094638672,12.0,270.0,270.0,18,danger,danger,1.2412670766236366e-16,182.0,synthetic,,,,
29.0,,own,999510000,OWN SHIP,0.0,0.0725,-37.88279166666667,144.95,9.0,0.0,0.0,1,,,,,synthetic,,,,
29.0,,target,999510101,CROSS STBD,0.6033333333333333,0.525,-37.87525,144.96274055657142,12.0,270.0,270.0,18,danger,danger,0.0,180.99999999999997,synthetic,,,,
30.0,,own,999510000,OWN SHIP,0.0,0.075,-37.88275,144.95,9.0,0.0,0.0,1,,,,,synthetic,,,,
30.0,,target,999510101,CROSS STBD,0.6,0.525,-37.87525,144.9626701667561,12.0,270.0,270.0,18,danger,danger,0.0,179.99999999999997,synthetic,,,,
31.0,,own,999510000,OWN SHIP,0.0,0.0775,-37.88270833333333,144.95,9.0,0.0,0.0,1,,,,,synthetic,,,,
31.0,,target,999510101,CROSS STBD,0.5966666666666666,0.525,-37.87525,144.9625997769408,12.0,270.0,270.0,18,danger,danger,0.0,178.99999999999997,synthetic,,,,
32.0,,own,999510000,OWN SHIP,0.0,0.08,-37.882666666666665,144.95,9.0,0.0,0.0,1,,,,,synthetic,,,,
32.0,,target,999510101,CROSS STBD,0.5933333333333333,0.525,-37.87525,144.9625293871255,12.0,270.0,270.0,18,danger,danger,0.0,177.99999999999997,synthetic,,,,
33.0,,own,999510000,OWN SHIP,0.0,0.0825,-37.882625,144.95,9.0,0.0,0.0,1,,,,,synthetic,,,,
33.0,,target,999510101,CROSS STBD,0.59,0.525,-37.87525,144.96245899731016,12.0,270.0,270.0,18,danger,danger,1.2412670766236366e-16,176.99999999999994,synthetic,,,,
34.0,,own,999510000,OWN SHIP,0.0,0.085,-37.882583333333336,144.95,9.0,0.0,0.0,1,,,,,synthetic,,,,
34.0,,target,999510101,CROSS STBD,0.5866666666666667,0.525,-37.87525,144.96238860749486,12.0,270.0,270.0,18,danger,danger,5.551115123125783e-17,176.0,synthetic,,,,
35.0,,own,999510000,OWN SHIP,0.0,0.08750000000000001,-37.88254166666667,144.95,9.0,0.0,0.0,1,,,,,synthetic,,,,
35.0,,target,999510101,CROSS STBD,0.5833333333333333,0.525,-37.87525,144.96231821767955,12.0,270.0,270.0,18,danger,danger,0.0,174.99999999999997,synthetic,,,,
36.0,,own,999510000,OWN SHIP,0.0,0.09,-37.8825,144.95,9.0,0.0,0.0,1,,,,,synthetic,,,,
36.0,,target,999510101,CROSS STBD,0.58,0.525,-37.87525,144.96224782786425,12.0,270.0,270.0,18,danger,danger,1.2412670766236366e-16,174.0,synthetic,,,,
37.0,,own,999510000,OWN SHIP,0.0,0.0925,-37.88245833333333,144.95,9.0,0.0,0.0,1,,,,,synthetic,,,,
37.0,,target,999510101,CROSS STBD,0.5766666666666667,0.525,-37.87525,144.96217743804894,12.0,270.0,270.0,18,danger,danger,0.0,172.99999999999997,synthetic,,,,
38.0,,own,999510000,OWN SHIP,0.0,0.095,-37.882416666666664,144.95,9.0,0.0,0.0,1,,,,,synthetic,,,,
38.0,,target,999510101,CROSS STBD,0.5733333333333333,0.525,-37.87525,144.9621070482336,12.0,270.0,270.0,18,danger,danger,5.551115123125783e-17,171.99999999999997,synthetic,,,,
39.0,,own,999510000,OWN SHIP,0.0,0.0975,-37.882375,144.95,9.0,0.0,0.0,1,,,,,synthetic,,,,
39.0,,target,999510101,CROSS STBD,0.57,0.525,-37.87525,144.9620366584183,12.0,270.0,270.0,18,danger,danger,0.0,170.99999999999997,synthetic,,,,
40.0,,own,999510000,OWN SHIP,0.0,0.1,-37.882333333333335,144.95,9.0,0.0,0.0,1,,,,,synthetic,,,,
40.0,,target,999510101,CROSS STBD,0.5666666666666667,0.525,-37.87525,144.961966268603,12.0,270.0,270.0,18,danger,danger,5.551115123125783e-17,170.0,synthetic,,,,
41.0,,own,999510000,OWN SHIP,0.0,0.10250000000000001,-37.88229166666667,144.95,9.0,0.0,0.0,1,,,,,synthetic,,,,
41.0,,target,999510101,CROSS STBD,0.5633333333333332,0.525,-37.87525,144.9618958787877,12.0,270.0,270.0,18,danger,danger,1.2412670766236366e-16,168.99999999999994,synthetic,,,,
42.0,,own,999510000,OWN SHIP,0.0,0.105,-37.88225,144.95,9.0,0.0,0.0,1,,,,,synthetic,,,,
42.0,,target,999510101,CROSS STBD,0.5599999999999999,0.525,-37.87525,144.96182548897238,12.0,270.0,270.0,18,danger,danger,1.2412670766236366e-16,168.0,synthetic,,,,
43.0,,own,999510000,OWN SHIP,0.0,0.1075,-37.88220833333333,144.95,9.0,0.0,0.0,1,,,,,synthetic,,,,
43.0,,target,999510101,CROSS STBD,0.5566666666666666,0.525,-37.87525,144.96175509915705,12.0,270.0,270.0,18,danger,danger,1.2412670766236366e-16,167.0,synthetic,,,,
44.0,,own,999510000,OWN SHIP,0.0,0.11,-37.88216666666667,144.95,9.0,0.0,0.0,1,,,,,synthetic,,,,
44.0,,target,999510101,CROSS STBD,0.5533333333333332,0.525,-37.87525,144.96168470934174,12.0,270.0,270.0,18,danger,danger,0.0,165.99999999999997,synthetic,,,,
45.0,,own,999510000,OWN SHIP,0.0,0.1125,-37.882125,144.95,9.0,0.0,0.0,1,,,,,synthetic,,,,
45.0,,target,999510101,CROSS STBD,0.5499999999999999,0.525,-37.87525,144.96161431952643,12.0,270.0,270.0,18,danger,danger,0.0,164.99999999999997,synthetic,,,,
46.0,,own,999510000,OWN SHIP,0.0,0.115,-37.882083333333334,144.95,9.0,0.0,0.0,1,,,,,synthetic,,,,
46.0,,target,999510101,CROSS STBD,0.5466666666666666,0.525,-37.87525,144.96154392971113,12.0,270.0,270.0,18,danger,danger,0.0,163.99999999999997,synthetic,,,,
47.0,,own,999510000,OWN SHIP,0.0,0.11750000000000001,-37.882041666666666,144.95,9.0,0.0,0.0,1,,,,,synthetic,,,,
47.0,,target,999510101,CROSS STBD,0.5433333333333332,0.525,-37.87525,144.96147353989582,12.0,270.0,270.0,18,danger,danger,0.0,162.99999999999997,synthetic,,,,
48.0,,own,999510000,OWN SHIP,0.0,0.12,-37.882,144.95,9.0,0.0,0.0,1,,,,,synthetic,,,,
48.0,,target,999510101,CROSS STBD,0.5399999999999999,0.525,-37.87525,144.96140315008049,12.0,270.0,270.0,18,danger,danger,0.0,161.99999999999997,synthetic,,,,
49.0,,own,999510000,OWN SHIP,0.0,0.1225,-37.88195833333334,144.95,9.0,0.0,0.0,1,,,,,synthetic,,,,
49.0,,target,999510101,CROSS STBD,0.5366666666666666,0.525,-37.87525,144.96133276026518,12.0,270.0,270.0,18,danger,danger,0.0,160.99999999999997,synthetic,,,,
50.0,,own,999510000,OWN SHIP,0.0,0.125,-37.88191666666667,144.95,9.0,0.0,0.0,1,,,,,synthetic,,,,
50.0,,target,999510101,CROSS STBD,0.5333333333333332,0.525,-37.87525,144.96126237044987,12.0,270.0,270.0,18,danger,danger,1.1102230246251565e-16,159.99999999999994,synthetic,,,,
51.0,,own,999510000,OWN SHIP,0.0,0.1275,-37.881875,144.95,9.0,0.0,0.0,1,,,,,synthetic,,,,
51.0,,target,999510101,CROSS STBD,0.5299999999999999,0.525,-37.87525,144.96119198063457,12.0,270.0,270.0,18,danger,danger,1.2412670766236366e-16,159.0,synthetic,,,,
52.0,,own,999510000,OWN SHIP,0.0,0.13,-37.88183333333333,144.95,9.0,0.0,0.0,1,,,,,synthetic,,,,
52.0,,target,999510101,CROSS STBD,0.5266666666666666,0.525,-37.87525,144.96112159081926,12.0,270.0,270.0,18,danger,danger,1.2412670766236366e-16,158.0,synthetic,,,,
53.0,,own,999510000,OWN SHIP,0.0,0.1325,-37.881791666666665,144.95,9.0,0.0,0.0,1,,,,,synthetic,,,,
53.0,,target,999510101,CROSS STBD,0.5233333333333333,0.525,-37.87525,144.96105120100393,12.0,270.0,270.0,18,danger,danger,0.0,156.99999999999997,synthetic,,,,
54.0,,own,999510000,OWN SHIP,0.0,0.135,-37.881750000000004,144.95,9.0,0.0,0.0,1,,,,,synthetic,,,,
54.0,,target,999510101,CROSS STBD,0.5199999999999999,0.525,-37.87525,144.96098081118862,12.0,270.0,270.0,18,danger,danger,0.0,155.99999999999997,synthetic,,,,
55.0,,own,999510000,OWN SHIP,0.0,0.1375,-37.881708333333336,144.95,9.0,0.0,0.0,1,,,,,synthetic,,,,
55.0,,target,999510101,CROSS STBD,0.5166666666666666,0.525,-37.87525,144.9609104213733,12.0,270.0,270.0,18,danger,danger,0.0,154.99999999999997,synthetic,,,,
56.0,,own,999510000,OWN SHIP,0.0,0.14,-37.88166666666667,144.95,9.0,0.0,0.0,1,,,,,synthetic,,,,
56.0,,target,999510101,CROSS STBD,0.5133333333333333,0.525,-37.87525,144.960840031558,12.0,270.0,270.0,18,danger,danger,1.2412670766236366e-16,154.0,synthetic,,,,
57.0,,own,999510000,OWN SHIP,0.0,0.14250000000000002,-37.881625,144.95,9.0,0.0,0.0,1,,,,,synthetic,,,,
57.0,,target,999510101,CROSS STBD,0.51,0.525,-37.87525,144.9607696417427,12.0,270.0,270.0,18,danger,danger,1.1102230246251565e-16,152.99999999999997,synthetic,,,,
58.0,,own,999510000,OWN SHIP,0.0,0.145,-37.88158333333333,144.95,9.0,0.0,0.0,1,,,,,synthetic,,,,
58.0,,target,999510101,CROSS STBD,0.5066666666666666,0.525,-37.87525,144.96069925192737,12.0,270.0,270.0,18,danger,danger,0.0,151.99999999999997,synthetic,,,,
59.0,,own,999510000,OWN SHIP,0.0,0.1475,-37.881541666666664,144.95,9.0,0.0,0.0,1,,,,,synthetic,,,,
59.0,,target,999510101,CROSS STBD,0.5033333333333333,0.525,-37.87525,144.96062886211206,12.0,270.0,270.0,18,danger,danger,1.1102230246251565e-16,151.0,synthetic,,,,
60.0,,own,999510000,OWN SHIP,0.0,0.15,-37.8815,144.95,9.0,0.0,0.0,1,,,,,synthetic,,,,
60.0,,target,999510101,CROSS STBD,0.49999999999999994,0.525,-37.87525,144.96055847229675,12.0,270.0,270.0,18,danger,danger,7.850462293418876e-17,150.0,synthetic,,,,
61.0,,own,999510000,OWN SHIP,0.0,0.1525,-37.881458333333335,144.95,9.0,0.0,0.0,1,,,,,synthetic,,,,
61.0,,target,999510101,CROSS STBD,0.4966666666666666,0.525,-37.87525,144.96048808248145,12.0,270.0,270.0,18,danger,danger,5.551115123125783e-17,148.99999999999997,synthetic,,,,
62.0,,own,999510000,OWN SHIP,0.0,0.155,-37.88141666666667,144.95,9.0,0.0,0.0,1,,,,,synthetic,,,,
62.0,,target,999510101,CROSS STBD,0.4933333333333333,0.525,-37.87525,144.96041769266614,12.0,270.0,270.0,18,danger,danger,0.0,147.99999999999997,synthetic,,,,
63.0,,own,999510000,OWN SHIP,0.0,0.1575,-37.881375,144.95,9.0,0.0,0.0,1,,,,,synthetic,,,,
63.0,,target,999510101,CROSS STBD,0.48999999999999994,0.525,-37.87525,144.96034730285083,12.0,270.0,270.0,18,danger,danger,5.551115123125783e-17,146.99999999999997,synthetic,,,,
64.0,,own,999510000,OWN SHIP,0.0,0.16,-37.88133333333333,144.95,9.0,0.0,0.0,1,,,,,synthetic,,,,
64.0,,target,999510101,CROSS STBD,0.4866666666666666,0.525,-37.87525,144.9602769130355,12.0,270.0,270.0,18,danger,danger,0.0,145.99999999999997,synthetic,,,,
65.0,,own,999510000,OWN SHIP,0.0,0.1625,-37.88129166666667,144.95,9.0,0.0,0.0,1,,,,,synthetic,,,,
65.0,,target,999510101,CROSS STBD,0.4833333333333333,0.525,-37.87525,144.9602065232202,12.0,270.0,270.0,18,danger,danger,5.551115123125783e-17,144.99999999999997,synthetic,,,,
66.0,,own,999510000,OWN SHIP,0.0,0.165,-37.88125,144.95,9.0,0.0,0.0,1,,,,,synthetic,,,,
66.0,,target,999510101,CROSS STBD,0.48,0.525,-37.87525,144.9601361334049,12.0,270.0,270.0,18,danger,danger,1.2412670766236366e-16,144.0,synthetic,,,,
67.0,,own,999510000,OWN SHIP,0.0,0.1675,-37.88120833333333,144.95,9.0,0.0,0.0,1,,,,,synthetic,,,,
67.0,,target,999510101,CROSS STBD,0.47666666666666657,0.525,-37.87525,144.96006574358958,12.0,270.0,270.0,18,danger,danger,7.850462293418876e-17,142.99999999999997,synthetic,,,,
68.0,,own,999510000,OWN SHIP,0.0,0.17,-37.881166666666665,144.95,9.0,0.0,0.0,1,,,,,synthetic,,,,
68.0,,target,999510101,CROSS STBD,0.4733333333333333,0.525,-37.87525,144.95999535377427,12.0,270.0,270.0,18,danger,danger,1.5700924586837752e-16,142.0,synthetic,,,,
69.0,,own,999510000,OWN SHIP,0.0,0.17250000000000001,-37.881125,144.95,9.0,0.0,0.0,1,,,,,synthetic,,,,
69.0,,target,999510101,CROSS STBD,0.47,0.525,-37.87525,144.95992496395894,12.0,270.0,270.0,18,danger,danger,7.850462293418876e-17,140.99999999999997,synthetic,,,,
70.0,,own,999510000,OWN SHIP,0.0,0.17500000000000002,-37.881083333333336,144.95,9.0,0.0,0.0,1,,,,,synthetic,,,,
70.0,,target,999510101,CROSS STBD,0.4666666666666666,0.525,-37.87525,144.95985457414363,12.0,270.0,270.0,18,danger,danger,0.0,139.99999999999997,synthetic,,,,
71.0,,own,999510000,OWN SHIP,0.0,0.1775,-37.88104166666667,144.95,9.0,0.0,0.0,1,,,,,synthetic,,,,
71.0,,target,999510101,CROSS STBD,0.46333333333333326,0.525,-37.87525,144.95978418432833,12.0,270.0,270.0,18,danger,danger,5.551115123125783e-17,138.99999999999997,synthetic,,,,
72.0,,own,999510000,OWN SHIP,0.0,0.18,-37.881,144.95,9.0,0.0,0.0,1,,,,,synthetic,,,,
72.0,,target,999510101,CROSS STBD,0.45999999999999996,0.525,-37.87525,144.95971379451302,12.0,270.0,270.0,18,danger,danger,7.850462293418876e-17,138.0,synthetic,,,,
73.0,,own,999510000,OWN SHIP,0.0,0.1825,-37.88095833333333,144.95,9.0,0.0,0.0,1,,,,,synthetic,,,,
73.0,,target,999510101,CROSS STBD,0.4566666666666666,0.525,-37.87525,144.95964340469772,12.0,270.0,270.0,18,danger,danger,5.551115123125783e-17,136.99999999999997,synthetic,,,,
74.0,,own,999510000,OWN SHIP,0.0,0.185,-37.880916666666664,144.95,9.0,0.0,0.0,1,,,,,synthetic,,,,
74.0,,target,999510101,CROSS STBD,0.45333333333333325,0.525,-37.87525,144.95957301488238,12.0,270.0,270.0,18,danger,danger,5.551115123125783e-17,135.99999999999997,synthetic,,,,
75.0,,own,999510000,OWN SHIP,0.0,0.1875,-37.880875,144.95,9.0,0.0,0.0,1,,,,,synthetic,,,,
75.0,,target,999510101,CROSS STBD,0.44999999999999996,0.525,-37.87525,144.95950262506707,12.0,270.0,270.0,18,danger,danger,7.850462293418876e-17,135.0,synthetic,,,,
76.0,,own,999510000,OWN SHIP,0.0,0.19,-37.880833333333335,144.95,9.0,0.0,0.0,1,,,,,synthetic,,,,
76.0,,target,999510101,CROSS STBD,0.4466666666666666,0.525,-37.87525,144.95943223525177,12.0,270.0,270.0,18,danger,danger,1.2412670766236366e-16,134.0,synthetic,,,,
77.0,,own,999510000,OWN SHIP,0.0,0.1925,-37.88079166666667,144.95,9.0,0.0,0.0,1,,,,,synthetic,,,,
77.0,,target,999510101,CROSS STBD,0.44333333333333325,0.525,-37.87525,144.95936184543646,12.0,270.0,270.0,18,danger,danger,0.0,132.99999999999997,synthetic,,,,
78.0,,own,999510000,OWN SHIP,0.0,0.195,-37.88075,144.95,9.0,0.0,0.0,1,,,,,synthetic,,,,
78.0,,target,999510101,CROSS STBD,0.43999999999999995,0.525,-37.87525,144.95929145562116,12.0,270.0,270.0,18,danger,danger,0.0,131.99999999999997,synthetic,,,,
79.0,,own,999510000,OWN SHIP,0.0,0.1975,-37.88070833333333,144.95,9.0,0.0,0.0,1,,,,,synthetic,,,,
79.0,,target,999510101,CROSS STBD,0.4366666666666666,0.525,-37.87525,144.95922106580582,12.0,270.0,270.0,18,danger,danger,0.0,130.99999999999997,synthetic,,,,
80.0,,own,999510000,OWN SHIP,0.0,0.2,-37.88066666666667,144.95,9.0,0.0,0.0,1,,,,,synthetic,,,,
80.0,,target,999510101,CROSS STBD,0.4333333333333333,0.525,-37.87525,144.95915067599051,12.0,270.0,270.0,18,danger,danger,7.850462293418876e-17,130.0,synthetic,,,,
81.0,,own,999510000,OWN SHIP,0.0,0.2025,-37.880625,144.95,9.0,0.0,0.0,1,,,,,synthetic,,,,
81.0,,target,999510101,CROSS STBD,0.42999999999999994,0.525,-37.87525,144.9590802861752,12.0,270.0,270.0,18,danger,danger,0.0,128.99999999999997,synthetic,,,,
82.0,,own,999510000,OWN SHIP,0.0,0.20500000000000002,-37.880583333333334,144.95,9.0,0.0,0.0,1,,,,,synthetic,,,,
82.0,,target,999510101,CROSS STBD,0.4266666666666666,0.525,-37.87525,144.9590098963599,12.0,270.0,270.0,18,danger,danger,0.0,127.99999999999997,synthetic,,,,
83.0,,own,999510000,OWN SHIP,0.0,0.20750000000000002,-37.880541666666666,144.95,9.0,0.0,0.0,1,,,,,synthetic,,,,
83.0,,target,999510101,CROSS STBD,0.4233333333333333,0.525,-37.87525,144.9589395065446,12.0,270.0,270.0,18,danger,danger,7.850462293418876e-17,127.0,synthetic,,,,
84.0,,own,999510000,OWN SHIP,0.0,0.21,-37.8805,144.95,9.0,0.0,0.0,1,,,,,synthetic,,,,
84.0,,target,999510101,CROSS STBD,0.41999999999999993,0.525,-37.87525,144.95886911672926,12.0,270.0,270.0,18,danger,danger,7.850462293418876e-17,125.99999999999999,synthetic,,,,
85.0,,own,999510000,OWN SHIP,0.0,0.2125,-37.88045833333334,144.95,9.0,0.0,0.0,1,,,,,synthetic,,,,
85.0,,target,999510101,CROSS STBD,0.41666666666666663,0.525,-37.87525,144.95879872691395,12.0,270.0,270.0,18,danger,danger,0.0,124.99999999999999,synthetic,,,,
86.0,,own,999510000,OWN SHIP,0.0,0.215,-37.88041666666667,144.95,9.0,0.0,0.0,1,,,,,synthetic,,,,
86.0,,target,999510101,CROSS STBD,0.4133333333333333,0.525,-37.87525,144.95872833709865,12.0,270.0,270.0,18,danger,danger,5.551115123125783e-17,123.99999999999997,synthetic,,,,
87.0,,own,999510000,OWN SHIP,0.0,0.2175,-37.880375,144.95,9.0,0.0,0.0,1,,,,,synthetic,,,,
87.0,,target,999510101,CROSS STBD,0.4099999999999999,0.525,-37.87525,144.95865794728334,12.0,270.0,270.0,18,danger,danger,0.0,122.99999999999997,synthetic,,,,
88.0,,own,999510000,OWN SHIP,0.0,0.22,-37.88033333333333,144.95,9.0,0.0,0.0,1,,,,,synthetic,,,,
88.0,,target,999510101,CROSS STBD,0.4066666666666666,0.525,-37.87525,144.95858755746804,12.0,270.0,270.0,18,danger,danger,0.0,121.99999999999999,synthetic,,,,
89.0,,own,999510000,OWN SHIP,0.0,0.2225,-37.880291666666665,144.95,9.0,0.0,0.0,1,,,,,synthetic,,,,
89.0,,target,999510101,CROSS STBD,0.40333333333333327,0.525,-37.87525,144.9585171676527,12.0,270.0,270.0,18,danger,danger,7.850462293418876e-17,120.99999999999999,synthetic,,,,
90.0,,own,999510000,OWN SHIP,0.0,0.225,-37.880250000000004,144.95,9.0,0.0,0.0,1,,,,,synthetic,,,,
90.0,,target,999510101,CROSS STBD,0.3999999999999999,0.525,-37.87525,144.9584467778374,12.0,270.0,270.0,18,danger,danger,5.551115123125783e-17,119.99999999999997,synthetic,,,,
91.0,,own,999510000,OWN SHIP,0.0,0.2275,-37.880208333333336,144.95,9.0,0.0,0.0,1,,,,,synthetic,,,,
91.0,,target,999510101,CROSS STBD,0.3966666666666666,0.5249999999999999,-37.87525,144.9583763880221,12.0,270.0,270.0,18,danger,danger,1.2412670766236366e-16,118.99999999999994,synthetic,,,,
92.0,,own,999510000,OWN SHIP,0.0,0.23,-37.88016666666667,144.95,9.0,0.0,0.0,1,,,,,synthetic,,,,
92.0,,target,999510101,CROSS STBD,0.39333333333333326,0.5249999999999999,-37.87525,144.95830599820678,12.0,270.0,270.0,18,danger,danger,5.551115123125783e-17,117.99999999999996,synthetic,,,,
93.0,,own,999510000,OWN SHIP,0.0,0.2325,-37.880125,144.95,9.0,0.0,0.0,1,,,,,synthetic,,,,
93.0,,target,999510101,CROSS STBD,0.38999999999999996,0.5249999999999999,-37.87525,144.95823560839148,12.0,270.0,270.0,18,danger,danger,7.850462293418876e-17,116.99999999999996,synthetic,,,,
94.0,,own,999510000,OWN SHIP,0.0,0.23500000000000001,-37.88008333333333,144.95,9.0,0.0,0.0,1,,,,,synthetic,,,,
94.0,,target,999510101,CROSS STBD,0.3866666666666666,0.5249999999999999,-37.87525,144.95816521857614,12.0,270.0,270.0,18,danger,danger,5.551115123125783e-17,115.99999999999997,synthetic,,,,
95.0,,own,999510000,OWN SHIP,0.0,0.23750000000000002,-37.88004166666666,144.95,9.0,0.0,0.0,1,,,,,synthetic,,,,
95.0,,target,999510101,CROSS STBD,0.38333333333333325,0.5249999999999999,-37.87525,144.95809482876084,12.0,270.0,270.0,18,danger,danger,1.1102230246251565e-16,114.99999999999997,synthetic,,,,
96.0,,own,999510000,OWN SHIP,0.0,0.24,-37.88,144.95,9.0,0.0,0.0,1,,,,,synthetic,,,,
96.0,,target,999510101,CROSS STBD,0.37999999999999995,0.5249999999999999,-37.87525,144.95802443894553,12.0,270.0,270.0,18,danger,danger,7.850462293418876e-17,113.99999999999996,synthetic,,,,
97.0,,own,999510000,OWN SHIP,0.0,0.2425,-37.879958333333335,144.95,9.0,0.0,0.0,1,,,,,synthetic,,,,
97.0,,target,999510101,CROSS STBD,0.3766666666666666,0.5249999999999999,-37.87525,144.95795404913022,12.0,270.0,270.0,18,danger,danger,7.850462293418876e-17,112.99999999999996,synthetic,,,,
98.0,,own,999510000,OWN SHIP,0.0,0.245,-37.87991666666667,144.95,9.0,0.0,0.0,1,,,,,synthetic,,,,
98.0,,target,999510101,CROSS STBD,0.3733333333333333,0.5249999999999999,-37.87525,144.95788365931492,12.0,270.0,270.0,18,danger,danger,7.850462293418876e-17,111.99999999999997,synthetic,,,,
99.0,,own,999510000,OWN SHIP,0.0,0.2475,-37.879875,144.95,9.0,0.0,0.0,1,,,,,synthetic,,,,
99.0,,target,999510101,CROSS STBD,0.36999999999999994,0.5249999999999999,-37.87525,144.9578132694996,12.0,270.0,270.0,18,danger,danger,5.551115123125783e-17,110.99999999999997,synthetic,,,,
100.0,,own,999510000,OWN SHIP,0.0,0.25,-37.87983333333333,144.95,9.0,0.0,0.0,1,,,,,synthetic,,,,
100.0,,target,999510101,CROSS STBD,0.3666666666666666,0.5249999999999999,-37.87525,144.95774287968428,12.0,270.0,270.0,18,danger,danger,7.850462293418876e-17,109.99999999999996,synthetic,,,,
101.0,,own,999510000,OWN SHIP,0.0,0.2525,-37.87979166666667,144.95,9.0,0.0,0.0,1,,,,,synthetic,,,,
101.0,,target,999510101,CROSS STBD,0.3633333333333333,0.5249999999999999,-37.87525,144.95767248986897,12.0,270.0,270.0,18,danger,danger,7.850462293418876e-17,108.99999999999996,synthetic,,,,
102.0,,own,999510000,OWN SHIP,0.0,0.255,-37.87975,144.95,9.0,0.0,0.0,1,,,,,synthetic,,,,
102.0,,target,999510101,CROSS STBD,0.35999999999999993,0.5249999999999999,-37.87525,144.95760210005366,12.0,270.0,270.0,18,danger,danger,5.551115123125783e-17,107.99999999999997,synthetic,,,,
103.0,,own,999510000,OWN SHIP,0.0,0.2575,-37.87970833333333,144.95,9.0,0.0,0.0,1,,,,,synthetic,,,,
103.0,,target,999510101,CROSS STBD,0.3566666666666666,0.5249999999999999,-37.87525,144.95753171023836,12.0,270.0,270.0,18,danger,danger,7.850462293418876e-17,106.99999999999996,synthetic,,,,
104.0,,own,999510000,OWN SHIP,0.0,0.26,-37.879666666666665,144.95,9.0,0.0,0.0,1,,,,,synthetic,,,,
104.0,,target,999510101,CROSS STBD,0.3533333333333333,0.5249999999999999,-37.87525,144.95746132042305,12.0,270.0,270.0,18,danger,danger,7.850462293418876e-17,105.99999999999996,synthetic,,,,
105.0,,own,999510000,OWN SHIP,0.0,0.2625,-37.879625,144.95,9.0,0.0,0.0,1,,,,,synthetic,,,,
105.0,,target,999510101,CROSS STBD,0.3499999999999999,0.5249999999999999,-37.87525,144.95739093060772,12.0,270.0,270.0,18,danger,danger,7.850462293418876e-17,104.99999999999996,synthetic,,,,
106.0,,own,999510000,OWN SHIP,0.0,0.265,-37.879583333333336,144.95,9.0,0.0,0.0,1,,,,,synthetic,,,,
106.0,,target,999510101,CROSS STBD,0.3466666666666666,0.5249999999999999,-37.87525,144.9573205407924,12.0,270.0,270.0,18,danger,danger,7.850462293418876e-17,103.99999999999997,synthetic,,,,
107.0,,own,999510000,OWN SHIP,0.0,0.2675,-37.87954166666667,144.95,9.0,0.0,0.0,1,,,,,synthetic,,,,
107.0,,target,999510101,CROSS STBD,0.34333333333333327,0.5249999999999999,-37.87525,144.9572501509771,12.0,270.0,270.0,18,danger,danger,1.1102230246251565e-16,102.99999999999997,synthetic,,,,
108.0,,own,999510000,OWN SHIP,0.0,0.27,-37.8795,144.95,9.0,0.0,0.0,1,,,,,synthetic,,,,
108.0,,target,999510101,CROSS STBD,0.3399999999999999,0.5249999999999999,-37.87525,144.9571797611618,12.0,270.0,270.0,18,danger,danger,7.850462293418876e-17,101.99999999999996,synthetic,,,,
109.0,,own,999510000,OWN SHIP,0.0,0.2725,-37.87945833333333,144.95,9.0,0.0,0.0,1,,,,,synthetic,,,,
109.0,,target,999510101,CROSS STBD,0.3366666666666666,0.5249999999999999,-37.87525,144.9571093713465,12.0,270.0,270.0,18,danger,danger,1.1102230246251565e-16,100.99999999999997,synthetic,,,,
110.0,,own,999510000,OWN SHIP,0.0,0.275,-37.879416666666664,144.95,9.0,0.0,0.0,1,,,,,synthetic,,,,
110.0,,target,999510101,CROSS STBD,0.33333333333333326,0.5249999999999999,-37.87525,144.95703898153116,12.0,270.0,270.0,18,danger,danger,1.1443916996305594e-16,99.99999999999994,synthetic,,,,
111.0,,own,999510000,OWN SHIP,0.0,0.2775,-37.879375,144.95,9.0,0.0,0.0,1,,,,,synthetic,,,,
111.0,,target,999510101,CROSS STBD,0.3299999999999999,0.5249999999999999,-37.87525,144.95696859171585,12.0,270.0,270.0,18,danger,danger,8.326672684688674e-17,98.99999999999997,synthetic,,,,
112.0,,own,999510000,OWN SHIP,0.0,0.28,-37.879333333333335,144.95,9.0,0.0,0.0,1,,,,,synthetic,,,,
112.0,,target,999510101,CROSS STBD,0.3266666666666666,0.5249999999999999,-37.87525,144.95689820190054,12.0,270.0,270.0,18,danger,danger,7.850462293418876e-17,97.99999999999996,synthetic,,,,
113.0,,own,999510000,OWN SHIP,0.0,0.28250000000000003,-37.87929166666667,144.95,9.0,0.0,0.0,1,,,,,synthetic,,,,
113.0,,target,999510101,CROSS STBD,0.32333333333333325,0.5249999999999999,-37.87525,144.95682781208524,12.0,270.0,270.0,18,danger,danger,7.850462293418876e-17,96.99999999999996,synthetic,,,,
114.0,,own,999510000,OWN SHIP,0.0,0.28500000000000003,-37.87925,144.95,9.0,0.0,0.0,1,,,,,synthetic,,,,
114.0,,target,999510101,CROSS STBD,0.31999999999999995,0.5249999999999999,-37.87525,144.95675742226993,12.0,270.0,270.0,18,danger,danger,7.850462293418876e-17,95.99999999999996,synthetic,,,,
115.0,,own,999510000,OWN SHIP,0.0,0.28750000000000003,-37.87920833333333,144.95,9.0,0.0,0.0,1,,,,,synthetic,,,,
115.0,,target,999510101,CROSS STBD,0.3166666666666666,0.5249999999999999,-37.87525,144.9566870324546,12.0,270.0,270.0,18,danger,danger,1.1102230246251565e-16,94.99999999999997,synthetic,,,,
116.0,,own,999510000,OWN SHIP,0.0,0.29,-37.87916666666667,144.95,9.0,0.0,0.0,1,,,,,synthetic,,,,
116.0,,target,999510101,CROSS STBD,0.31333333333333324,0.5249999999999999,-37.87525,144.9566166426393,12.0,270.0,270.0,18,danger,danger,5.551115123125783e-17,93.99999999999996,synthetic,,,,
117.0,,own,999510000,OWN SHIP,0.0,0.2925,-37.879125,144.95,9.0,0.0,0.0,1,,,,,synthetic,,,,
117.0,,target,999510101,CROSS STBD,0.30999999999999994,0.5249999999999999,-37.87525,144.95654625282398,12.0,270.0,270.0,18,danger,danger,5.551115123125783e-17,92.99999999999997,synthetic,,,,
118.0,,own,999510000,OWN SHIP,0.0,0.295,-37.879083333333334,144.95,9.0,0.0,0.0,1,,,,,synthetic,,,,
118.0,,target,999510101,CROSS STBD,0.3066666666666666,0.5249999999999999,-37.87525,144.95647586300868,12.0,270.0,270.0,18,danger,danger,5.551115123125783e-17,91.99999999999997,synthetic,,,,
119.0,,own,999510000,OWN SHIP,0.0,0.2975,-37.879041666666666,144.95,9.0,0.0,0.0,1,,,,,synthetic,,,,
119.0,,target,999510101,CROSS STBD,0.3033333333333333,0.5249999999999999,-37.87525,144.95640547319337,12.0,270.0,270.0,18,danger,danger,7.850462293418876e-17,90.99999999999997,synthetic,,,,
120.0,,own,999510000,OWN SHIP,0.0,0.3,-37.879,144.95,9.0,0.0,0.0,1,,,,,synthetic,,,,
120.0,,target,999510101,CROSS STBD,0.29999999999999993,0.5249999999999999,-37.87525,144.95633508337804,12.0,270.0,270.0,18,danger,danger,6.206335383118183e-17,89.99999999999996,synthetic,,,,
121.0,,own,999510000,OWN SHIP,0.0,0.3025,-37.87895833333334,144.95,9.0,0.0,0.0,1,,,,,synthetic,,,,
121.0,,target,999510101,CROSS STBD,0.2966666666666666,0.5249999999999999,-37.87525,144.95626469356273,12.0,270.0,270.0,18,danger,danger,5.551115123125783e-17,88.99999999999997,synthetic,,,,
122.0,,own,999510000,OWN SHIP,0.0,0.305,-37.87891666666667,144.95,9.0,0.0,0.0,1,,,,,synthetic,,,,
122.0,,target,999510101,CROSS STBD,0.2933333333333333,0.5249999999999999,-37.87525,144.95619430374742,12.0,270.0,270.0,18,danger,danger,5.551115123125783e-17,87.99999999999997,synthetic,,,,
123.0,,own,999510000,OWN SHIP,0.0,0.3075,-37.878875,144.95,9.0,0.0,0.0,1,,,,,synthetic,,,,
123.0,,target,999510101,CROSS STBD,0.2899999999999999,0.5249999999999999,-37.87525,144.95612391393212,12.0,270.0,270.0,18,danger,danger,5.551115123125783e-17,86.99999999999997,synthetic,,,,
124.0,,own,999510000,OWN SHIP,0.0,0.31,-37.87883333333333,144.95,9.0,0.0,0.0,1,,,,,synthetic,,,,
124.0,,target,999510101,CROSS STBD,0.28666666666666657,0.5249999999999999,-37.87525,144.9560535241168,12.0,270.0,270.0,18,danger,danger,2.7755575615628914e-17,85.99999999999996,synthetic,,,,
125.0,,own,999510000,OWN SHIP,0.0,0.3125,-37.878791666666665,144.95,9.0,0.0,0.0,1,,,,,synthetic,,,,
125.0,,target,999510101,CROSS STBD,0.28333333333333327,0.5249999999999999,-37.87525,144.95598313430148,12.0,270.0,270.0,18,danger,danger,5.551115123125783e-17,84.99999999999997,synthetic,,,,
126.0,,own,999510000,OWN SHIP,0.0,0.315,-37.878750000000004,144.95,9.0,0.0,0.0,1,,,,,synthetic,,,,
126.0,,target,999510101,CROSS STBD,0.2799999999999999,0.5249999999999999,-37.87525,144.95591274448617,12.0,270.0,270.0,18,danger,danger,6.206335383118183e-17,83.99999999999996,synthetic,,,,
127.0,,own,999510000,OWN SHIP,0.0,0.3175,-37.878708333333336,144.95,9.0,0.0,0.0,1,,,,,synthetic,,,,
127.0,,target,999510101,CROSS STBD,0.2766666666666666,0.5249999999999999,-37.87525,144.95584235467086,12.0,270.0,270.0,18,danger,danger,5.551115123125783e-17,82.99999999999997,synthetic,,,,
128.0,,own,999510000,OWN SHIP,0.0,0.32,-37.87866666666667,144.95,9.0,0.0,0.0,1,,,,,synthetic,,,,
128.0,,target,999510101,CROSS STBD,0.27333333333333326,0.5249999999999999,-37.87525,144.95577196485556,12.0,270.0,270.0,18,danger,danger,6.206335383118183e-17,81.99999999999996,synthetic,,,,
129.0,,own,999510000,OWN SHIP,0.0,0.3225,-37.878625,144.95,9.0,0.0,0.0,1,,,,,synthetic,,,,
129.0,,target,999510101,CROSS STBD,0.2699999999999999,0.5249999999999999,-37.87525,144.95570157504025,12.0,270.0,270.0,18,danger,danger,6.206335383118183e-17,80.99999999999996,synthetic,,,,
130.0,,own,999510000,OWN SHIP,0.0,0.325,-37.87858333333333,144.95,9.0,0.0,0.0,1,,,,,synthetic,,,,
130.0,,target,999510101,CROSS STBD,0.2666666666666666,0.5249999999999999,-37.87525,144.95563118522495,12.0,270.0,270.0,18,danger,danger,6.206335383118183e-17,79.99999999999996,synthetic,,,,
131.0,,own,999510000,OWN SHIP,0.0,0.3275,-37.87854166666667,144.95,9.0,0.0,0.0,1,,,,,synthetic,,,,
131.0,,target,999510101,CROSS STBD,0.26333333333333325,0.5249999999999999,-37.87525,144.9555607954096,12.0,270.0,270.0,18,danger,danger,8.326672684688674e-17,78.99999999999997,synthetic,,,,
132.0,,own,999510000,OWN SHIP,0.0,0.33,-37.8785,144.95,9.0,0.0,0.0,1,,,,,synthetic,,,,
132.0,,target,999510101,CROSS STBD,0.25999999999999995,0.5249999999999999,-37.87525,144.9554904055943,12.0,270.0,270.0,18,danger,danger,6.206335383118183e-17,77.99999999999996,synthetic,,,,
133.0,,own,999510000,OWN SHIP,0.0,0.3325,-37.878458333333334,144.95,9.0,0.0,0.0,1,,,,,synthetic,,,,
133.0,,target,999510101,CROSS STBD,0.2566666666666666,0.5249999999999999,-37.87525,144.955420015779,12.0,270.0,270.0,18,danger,danger,8.326672684688674e-17,76.99999999999997,synthetic,,,,
134.0,,own,999510000,OWN SHIP,0.0,0.335,-37.878416666666666,144.95,9.0,0.0,0.0,1,,,,,synthetic,,,,
134.0,,target,999510101,CROSS STBD,0.25333333333333324,0.5249999999999999,-37.87525,144.9553496259637,12.0,270.0,270.0,18,danger,danger,6.206335383118183e-17,75.99999999999996,synthetic,,,,
135.0,,own,999510000,OWN SHIP,0.0,0.3375,-37.878375,144.95,9.0,0.0,0.0,1,,,,,synthetic,,,,
135.0,,target,999510101,CROSS STBD,0.24999999999999994,0.5249999999999999,-37.87525,144.95527923614839,12.0,270.0,270.0,18,danger,danger,8.777083671441753e-17,74.99999999999997,synthetic,,,,
136.0,,own,999510000,OWN SHIP,0.0,0.34,-37.87833333333333,144.95,9.0,0.0,0.0,1,,,,,synthetic,,,,
136.0,,target,999510101,CROSS STBD,0.2466666666666666,0.5249999999999999,-37.87525,144.95520884633305,12.0,270.0,270.0,18,danger,danger,7.850462293418876e-17,73.99999999999996,synthetic,,,,
137.0,,own,999510000,OWN SHIP,0.0,0.3425,-37.87829166666667,144.95,9.0,0.0,0.0,1,,,,,synthetic,,,,
137.0,,target,999510101,CROSS STBD,0.24333333333333323,0.5249999999999999,-37.87525,144.95513845651774,12.0,270.0,270.0,18,danger,danger,6.206335383118183e-17,72.99999999999996,synthetic,,,,
138.0,,own,999510000,OWN SHIP,0.0,0.34500000000000003,-37.87825,144.95,9.0,0.0,0.0,1,,,,,synthetic,,,,
138.0,,target,999510101,CROSS STBD,0.23999999999999994,0.5249999999999999,-37.87525,144.95506806670244,12.0,270.0,270.0,18,danger,danger,7.850462293418876e-17,71.99999999999996,synthetic,,,,
139.0,,own,999510000,OWN SHIP,0.0,0.34750000000000003,-37.87820833333333,144.95,9.0,0.0,0.0,1,,,,,synthetic,,,,
139.0,,target,999510101,CROSS STBD,0.23666666666666658,0.5249999999999999,-37.87525,144.95499767688713,12.0,270.0,270.0,18,danger,danger,8.326672684688674e-17,70.99999999999997,synthetic,,,,
140.0,,own,999510000,OWN SHIP,0.0,0.35000000000000003,-37.878166666666665,144.95,9.0,0.0,0.0,1,,,,,synthetic,,,,
140.0,,target,999510101,CROSS STBD,0.23333333333333328,0.5249999999999999,-37.87525,144.95492728707183,12.0,270.0,270.0,18,danger,danger,1.0007415106216802e-16,69.99999999999996,synthetic,,,,
141.0,,own,999510000,OWN SHIP,0.0,0.3525,-37.878125,144.95,9.0,0.0,0.0,1,,,,,synthetic,,,,
141.0,,target,999510101,CROSS STBD,0.22999999999999993,0.5249999999999999,-37.87525,144.9548568972565,12.0,270.0,270.0,18,danger,danger,2.7755575615628914e-17,68.99999999999997,synthetic,,,,
142.0,,own,999510000,OWN SHIP,0.0,0.355,-37.878083333333336,144.95,9.0,0.0,0.0,1,,,,,synthetic,,,,
142.0,,target,999510101,CROSS STBD,0.22666666666666657,0.5249999999999999,-37.87525,144.95478650744118,12.0,270.0,270.0,18,danger,danger,3.925231146709438e-17,67.99999999999997,synthetic,,,,
143.0,,own,999510000,OWN SHIP,0.0,0.3575,-37.87804166666667,144.95,9.0,0.0,0.0,1,,,,,synthetic,,,,
143.0,,target,999510101,CROSS STBD,0.22333333333333327,0.5249999999999999,-37.87525,144.95471611762588,12.0,270.0,270.0,18,danger,danger,3.925231146709438e-17,66.99999999999997,synthetic,,,,
144.0,,own,999510000,OWN SHIP,0.0,0.36,-37.878,144.95,9.0,0.0,0.0,1,,,,,synthetic,,,,
144.0,,target,999510101,CROSS STBD,0.21999999999999992,0.5249999999999999,-37.87525,144.95464572781057,12.0,270.0,270.0,18,danger,danger,5.551115123125783e-17,65.99999999999996,synthetic,,,,
145.0,,own,999510000,OWN SHIP,0.0,0.3625,-37.87795833333333,144.95,9.0,0.0,0.0,1,,,,,synthetic,,,,
145.0,,target,999510101,CROSS STBD,0.21666666666666662,0.5249999999999999,-37.87525,144.95457533799527,12.0,270.0,270.0,18,danger,danger,3.925231146709438e-17,64.99999999999997,synthetic,,,,
146.0,,own,999510000,OWN SHIP,0.0,0.365,-37.877916666666664,144.95,9.0,0.0,0.0,1,,,,,synthetic,,,,
146.0,,target,999510101,CROSS STBD,0.21333333333333326,0.5249999999999999,-37.87525,144.95450494817993,12.0,270.0,270.0,18,danger,danger,2.7755575615628914e-17,63.99999999999997,synthetic,,,,
147.0,,own,999510000,OWN SHIP,0.0,0.3675,-37.877875,144.95,9.0,0.0,0.0,1,,,,,synthetic,,,,
147.0,,target,999510101,CROSS STBD,0.2099999999999999,0.5249999999999999,-37.87525,144.95443455836462,12.0,270.0,270.0,18,danger,danger,5.551115123125783e-17,62.99999999999997,synthetic,,,,
148.0,,own,999510000,OWN SHIP,0.0,0.37,-37.877833333333335,144.95,9.0,0.0,0.0,1,,,,,synthetic,,,,
148.0,,target,999510101,CROSS STBD,0.2066666666666666,0.5249999999999999,-37.87525,144.95436416854932,12.0,270.0,270.0,18,danger,danger,6.206335383118183e-17,61.99999999999997,synthetic,,,,
149.0,,own,999510000,OWN SHIP,0.0,0.3725,-37.87779166666667,144.95,9.0,0.0,0.0,1,,,,,synthetic,,,,
149.0,,target,999510101,CROSS STBD,0.20333333333333325,0.5249999999999999,-37.87525,144.954293778734,12.0,270.0,270.0,18,danger,danger,5.551115123125783e-17,60.99999999999997,synthetic,,,,
150.0,,own,999510000,OWN SHIP,0.0,0.375,-37.87775,144.95,9.0,0.0,0.0,1,,,,,synthetic,,,,
150.0,,target,999510101,CROSS STBD,0.19999999999999996,0.5249999999999999,-37.87525,144.9542233889187,12.0,270.0,270.0,18,danger,danger,6.206335383118183e-17,59.99999999999997,synthetic,,,,
151.0,,own,999510000,OWN SHIP,0.0,0.3775,-37.87770833333333,144.95,9.0,0.0,0.0,1,,,,,synthetic,,,,
151.0,,target,999510101,CROSS STBD,0.19666666666666655,0.5249999999999999,-37.87525,144.95415299910337,12.0,270.0,270.0,18,danger,danger,0.0,58.99999999999996,synthetic,,,,
152.0,,own,999510000,OWN SHIP,0.0,0.38,-37.87766666666667,144.95,9.0,0.0,0.0,1,,,,,synthetic,,,,
152.0,,target,999510101,CROSS STBD,0.19333333333333325,0.5249999999999999,-37.87525,144.95408260928806,12.0,270.0,270.0,18,danger,danger,3.925231146709438e-17,57.999999999999964,synthetic,,,,
153.0,,own,999510000,OWN SHIP,0.0,0.3825,-37.877625,144.95,9.0,0.0,0.0,1,,,,,synthetic,,,,
153.0,,target,999510101,CROSS STBD,0.18999999999999995,0.5249999999999999,-37.87525,144.95401221947276,12.0,270.0,270.0,18,danger,danger,6.206335383118183e-17,56.99999999999997,synthetic,,,,
154.0,,own,999510000,OWN SHIP,0.0,0.385,-37.877583333333334,144.95,9.0,0.0,0.0,1,,,,,synthetic,,,,
154.0,,target,999510101,CROSS STBD,0.18666666666666654,0.5249999999999999,-37.87525,144.95394182965745,12.0,270.0,270.0,18,danger,danger,2.7755575615628914e-17,55.99999999999996,synthetic,,,,
155.0,,own,999510000,OWN SHIP,0.0,0.3875,-37.877541666666666,144.95,9.0,0.0,0.0,1,,,,,synthetic,,,,
155.0,,target,999510101,CROSS STBD,0.18333333333333324,0.5249999999999999,-37.87525,144.95387143984215,12.0,270.0,270.0,18,danger,danger,5.551115123125783e-17,54.99999999999997,synthetic,,,,
156.0,,own,999510000,OWN SHIP,0.0,0.39,-37.8775,144.95,9.0,0.0,0.0,1,,,,,synthetic,,,,
156.0,,target,999510101,CROSS STBD,0.17999999999999994,0.5249999999999999,-37.87525,144.9538010500268,12.0,270.0,270.0,18,danger,danger,6.206335383118183e-17,53.99999999999997,synthetic,,,,
157.0,,own,999510000,OWN SHIP,0.0,0.3925,-37.87745833333334,144.95,9.0,0.0,0.0,1,,,,,synthetic,,,,
157.0,,target,999510101,CROSS STBD,0.17666666666666664,0.5249999999999999,-37.87525,144.9537306602115,12.0,270.0,270.0,18,danger,danger,7.850462293418876e-17,52.99999999999997,synthetic,,,,
158.0,,own,999510000,OWN SHIP,0.0,0.395,-37.87741666666667,144.95,9.0,0.0,0.0,1,,,,,synthetic,,,,
158.0,,target,999510101,CROSS STBD,0.17333333333333323,0.5249999999999999,-37.87525,144.9536602703962,12.0,270.0,270.0,18,danger,danger,5.551115123125783e-17,51.999999999999964,synthetic,,,,
159.0,,own,999510000,OWN SHIP,0.0,0.3975,-37.877375,144.95,9.0,0.0,0.0,1,,,,,synthetic,,,,
159.0,,target,999510101,CROSS STBD,0.16999999999999993,0.5249999999999999,-37.87525,144.9535898805809,12.0,270.0,270.0,18,danger,danger,5.551115123125783e-17,50.99999999999997,synthetic,,,,
160.0,,own,999510000,OWN SHIP,0.0,0.4,-37.87733333333333,144.95,9.0,0.0,0.0,1,,,,,synthetic,,,,
160.0,,target,999510101,CROSS STBD,0.16666666666666663,0.5249999999999999,-37.87525,144.9535194907656,12.0,270.0,270.0,18,danger,danger,8.886119947416683e-17,49.99999999999997,synthetic,,,,
161.0,,own,999510000,OWN SHIP,0.0,0.4025,-37.877291666666665,144.95,9.0,0.0,0.0,1,,,,,synthetic,,,,
161.0,,target,999510101,CROSS STBD,0.16333333333333322,0.5249999999999999,-37.87525,144.95344910095028,12.0,270.0,270.0,18,danger,danger,3.925231146709438e-17,48.99999999999996,synthetic,,,,
162.0,,own,999510000,OWN SHIP,0.0,0.405,-37.877250000000004,144.95,9.0,0.0,0.0,1,,,,,synthetic,,,,
162.0,,target,999510101,CROSS STBD,0.15999999999999992,0.5249999999999999,-37.87525,144.95337871113495,12.0,270.0,270.0,18,danger,danger,6.206335383118183e-17,47.999999999999964,synthetic,,,,
163.0,,own,999510000,OWN SHIP,0.0,0.40750000000000003,-37.877208333333336,144.95,9.0,0.0,0.0,1,,,,,synthetic,,,,
163.0,,target,999510101,CROSS STBD,0.15666666666666662,0.5249999999999999,-37.87525,144.95330832131964,12.0,270.0,270.0,18,danger,danger,7.473417450352271e-17,46.99999999999997,synthetic,,,,
164.0,,own,999510000,OWN SHIP,0.0,0.41000000000000003,-37.87716666666667,144.95,9.0,0.0,0.0,1,,,,,synthetic,,,,
164.0,,target,999510101,CROSS STBD,0.1533333333333332,0.5249999999999999,-37.87525,144.95323793150433,12.0,270.0,270.0,18,danger,danger,4.163336342344337e-17,45.99999999999996,synthetic,,,,
165.0,,own,999510000,OWN SHIP,0.0,0.41250000000000003,-37.877125,144.95,9.0,0.0,0.0,1,,,,,synthetic,,,,
165.0,,target,999510101,CROSS STBD,0.1499999999999999,0.5249999999999999,-37.87525,144.95316754168903,12.0,270.0,270.0,18,danger,danger,6.938893903907228e-17,44.99999999999996,synthetic,,,,
166.0,,own,999510000,OWN SHIP,0.0,0.41500000000000004,-37.87708333333333,144.95,9.0,0.0,0.0,1,,,,,synthetic,,,,
166.0,,target,999510101,CROSS STBD,0.1466666666666666,0.5249999999999999,-37.87525,144.95309715187372,12.0,270.0,270.0,18,danger,danger,7.473417450352271e-17,43.99999999999997,synthetic,,,,
167.0,,own,999510000,OWN SHIP,0.0,0.4175,-37.87704166666667,144.95,9.0,0.0,0.0,1,,,,,synthetic,,,,
167.0,,target,999510101,CROSS STBD,0.1433333333333332,0.5249999999999999,-37.87525,144.95302676205839,12.0,270.0,270.0,18,danger,danger,2.7755575615628914e-17,42.999999999999964,synthetic,,,,
168.0,,own,999510000,OWN SHIP,0.0,0.42,-37.877,144.95,9.0,0.0,0.0,1,,,,,synthetic,,,,
168.0,,target,999510101,CROSS STBD,0.1399999999999999,0.5249999999999999,-37.87525,144.95295637224308,12.0,270.0,270.0,18,danger,danger,2.7755575615628914e-17,41.99999999999997,synthetic,,,,
169.0,,own,999510000,OWN SHIP,0.0,0.4225,-37.876958333333334,144.95,9.0,0.0,0.0,1,,,,,synthetic,,,,
169.0,,target,999510101,CROSS STBD,0.1366666666666666,0.5249999999999999,-37.87525,144.95288598242777,12.0,270.0,270.0,18,danger,danger,3.925231146709438e-17,40.99999999999997,synthetic,,,,
170.0,,own,999510000,OWN SHIP,0.0,0.425,-37.876916666666666,144.95,9.0,0.0,0.0,1,,,,,synthetic,,,,
170.0,,target,999510101,CROSS STBD,0.1333333333333333,0.5249999999999999,-37.87525,144.95281559261247,12.0,270.0,270.0,18,danger,danger,6.206335383118183e-17,39.99999999999997,synthetic,,,,
171.0,,own,999510000,OWN SHIP,0.0,0.4275,-37.876875,144.95,9.0,0.0,0.0,1,,,,,synthetic,,,,
171.0,,target,999510101,CROSS STBD,0.1299999999999999,0.5249999999999999,-37.87525,144.95274520279716,12.0,270.0,270.0,18,danger,danger,1.3877787807814457e-17,38.999999999999964,synthetic,,,,
172.0,,own,999510000,OWN SHIP,0.0,0.43,-37.87683333333333,144.95,9.0,0.0,0.0,1,,,,,synthetic,,,,
172.0,,target,999510101,CROSS STBD,0.1266666666666666,0.5249999999999999,-37.87525,144.95267481298183,12.0,270.0,270.0,18,danger,danger,3.925231146709438e-17,37.99999999999997,synthetic,,,,
173.0,,own,999510000,OWN SHIP,0.0,0.4325,-37.87679166666667,144.95,9.0,0.0,0.0,1,,,,,synthetic,,,,
173.0,,target,999510101,CROSS STBD,0.1233333333333333,0.5249999999999999,-37.87525,144.95260442316652,12.0,270.0,270.0,18,danger,danger,5.003707553108401e-17,36.99999999999997,synthetic,,,,
174.0,,own,999510000,OWN SHIP,0.0,0.435,-37.87675,144.95,9.0,0.0,0.0,1,,,,,synthetic,,,,
174.0,,target,999510101,CROSS STBD,0.11999999999999988,0.5249999999999999,-37.87525,144.9525340333512,12.0,270.0,270.0,18,danger,danger,1.3877787807814457e-17,35.999999999999964,synthetic,,,,
175.0,,own,999510000,OWN SHIP,0.0,0.4375,-37.87670833333333,144.95,9.0,0.0,0.0,1,,,,,synthetic,,,,
175.0,,target,999510101,CROSS STBD,0.11666666666666659,0.5249999999999999,-37.87525,144.9524636435359,12.0,270.0,270.0,18,danger,danger,4.163336342344337e-17,34.99999999999997,synthetic,,,,
176.0,,own,999510000,OWN SHIP,0.0,0.44,-37.876666666666665,144.95,9.0,0.0,0.0,1,,,,,synthetic,,,,
176.0,,target,999510101,CROSS STBD,0.11333333333333329,0.5249999999999999,-37.87525,144.9523932537206,12.0,270.0,270.0,18,danger,danger,5.887846720064156e-17,33.99999999999997,synthetic,,,,
177.0,,own,999510000,OWN SHIP,0.0,0.4425,-37.876625,144.95,9.0,0.0,0.0,1,,,,,synthetic,,,,
177.0,,target,999510101,CROSS STBD,0.10999999999999988,0.5249999999999999,-37.87525,144.95232286390527,12.0,270.0,270.0,18,danger,danger,1.962615573354719e-17,32.999999999999964,synthetic,,,,
178.0,,own,999510000,OWN SHIP,0.0,0.445,-37.876583333333336,144.95,9.0,0.0,0.0,1,,,,,synthetic,,,,
178.0,,target,999510101,CROSS STBD,0.10666666666666658,0.5249999999999999,-37.87525,144.95225247408996,12.0,270.0,270.0,18,danger,danger,3.1031676915590914e-17,31.999999999999968,synthetic,,,,
179.0,,own,999510000,OWN SHIP,0.0,0.4475,-37.87654166666667,144.95,9.0,0.0,0.0,1,,,,,synthetic,,,,
179.0,,target,999510101,CROSS STBD,0.10333333333333328,0.5249999999999999,-37.87525,144.95218208427465,12.0,270.0,270.0,18,danger,danger,5.003707553108401e-17,30.999999999999968,synthetic,,,,
180.0,,own,999510000,OWN SHIP,0.0,0.45,-37.8765,144.95,9.0,0.0,0.0,1,,,,,synthetic,,,,
180.0,,target,999510101,CROSS STBD,0.09999999999999987,0.5249999999999999,-37.87525,144.95211169445935,12.0,270.0,270.0,18,danger,danger,1.3877787807814457e-17,29.999999999999957,synthetic,,,,
181.0,,own,999510000,OWN SHIP,0.0,0.4525,-37.87645833333333,144.95,9.0,0.0,0.0,1,,,,,synthetic,,,,
181.0,,target,999510101,CROSS STBD,0.09666666666666657,0.5249999999999999,-37.87525,144.95204130464404,12.0,270.0,270.0,18,danger,danger,3.1031676915590914e-17,28.99999999999996,synthetic,,,,
182.0,,own,999510000,OWN SHIP,0.0,0.455,-37.876416666666664,144.95,9.0,0.0,0.0,1,,,,,synthetic,,,,
182.0,,target,999510101,CROSS STBD,0.09333333333333327,0.5249999999999999,-37.87525,144.9519709148287,12.0,270.0,270.0,18,danger,danger,5.887846720064156e-17,27.999999999999968,synthetic,,,,
183.0,,own,999510000,OWN SHIP,0.0,0.4575,-37.876375,144.95,9.0,0.0,0.0,1,,,,,synthetic,,,,
183.0,,target,999510101,CROSS STBD,0.08999999999999997,0.5249999999999999,-37.87525,144.9519005250134,12.0,270.0,270.0,18,danger,danger,6.938893903907228e-17,26.999999999999975,synthetic,,,,
184.0,,own,999510000,OWN SHIP,0.0,0.46,-37.876333333333335,144.95,9.0,0.0,0.0,1,,,,,synthetic,,,,
184.0,,target,999510101,CROSS STBD,0.08666666666666656,0.5249999999999999,-37.87525,144.9518301351981,12.0,270.0,270.0,18,danger,danger,3.1031676915590914e-17,25.99999999999996,synthetic,,,,
185.0,,own,999510000,OWN SHIP,0.0,0.4625,-37.87629166666667,144.95,9.0,0.0,0.0,1,,,,,synthetic,,,,
185.0,,target,999510101,CROSS STBD,0.08333333333333326,0.5249999999999999,-37.87525,144.9517597453828,12.0,270.0,270.0,18,danger,danger,5.003707553108401e-17,24.999999999999968,synthetic,,,,
186.0,,own,999510000,OWN SHIP,0.0,0.465,-37.87625,144.95,9.0,0.0,0.0,1,,,,,synthetic,,,,
186.0,,target,999510101,CROSS STBD,0.07999999999999996,0.5249999999999999,-37.87525,144.95168935556748,12.0,270.0,270.0,18,danger,danger,7.505561329662603e-17,23.999999999999975,synthetic,,,,
187.0,,own,999510000,OWN SHIP,0.0,0.4675,-37.87620833333333,144.95,9.0,0.0,0.0,1,,,,,synthetic,,,,
187.0,,target,999510101,CROSS STBD,0.07666666666666655,0.5249999999999999,-37.87525,144.95161896575215,12.0,270.0,270.0,18,danger,danger,3.1031676915590914e-17,22.99999999999996,synthetic,,,,
188.0,,own,999510000,OWN SHIP,0.0,0.47000000000000003,-37.87616666666667,144.95,9.0,0.0,0.0,1,,,,,synthetic,,,,
188.0,,target,999510101,CROSS STBD,0.07333333333333325,0.5249999999999999,-37.87525,144.95154857593684,12.0,270.0,270.0,18,danger,danger,5.003707553108401e-17,21.99999999999996,synthetic,,,,
189.0,,own,999510000,OWN SHIP,0.0,0.47250000000000003,-37.876125,144.95,9.0,0.0,0.0,1,,,,,synthetic,,,,
189.0,,target,999510101,CROSS STBD,0.06999999999999995,0.5249999999999999,-37.87525,144.95147818612153,12.0,270.0,270.0,18,danger,danger,7.505561329662603e-17,20.99999999999997,synthetic,,,,
190.0,,own,999510000,OWN SHIP,0.0,0.47500000000000003,-37.876083333333334,144.95,9.0,0.0,0.0,1,,,,,synthetic,,,,
190.0,,target,999510101,CROSS STBD,0.06666666666666654,0.5249999999999999,-37.87525,144.95140779630623,12.0,270.0,270.0,18,danger,danger,3.1031676915590914e-17,19.999999999999957,synthetic,,,,
191.0,,own,999510000,OWN SHIP,0.0,0.47750000000000004,-37.876041666666666,144.95,9.0,0.0,0.0,1,,,,,synthetic,,,,
191.0,,target,999510101,CROSS STBD,0.06333333333333324,0.5249999999999999,-37.87525,144.95133740649092,12.0,270.0,270.0,18,danger,danger,4.443059973708341e-17,18.99999999999996,synthetic,,,,
192.0,,own,999510000,OWN SHIP,0.0,0.48,-37.876,144.95,9.0,0.0,0.0,1,,,,,synthetic,,,,
192.0,,target,999510101,CROSS STBD,0.05999999999999994,0.5249999999999999,-37.87525,144.9512670166756,12.0,270.0,270.0,18,danger,danger,2.8609792490763984e-17,17.99999999999998,synthetic,,,,
193.0,,own,999510000,OWN SHIP,0.0,0.4825,-37.87595833333334,144.95,9.0,0.0,0.0,1,,,,,synthetic,,,,
193.0,,target,999510101,CROSS STBD,0.05666666666666653,0.5249999999999999,-37.87525,144.95119662686028,12.0,270.0,270.0,18,danger,danger,1.5515838457795457e-17,16.99999999999996,synthetic,,,,
194.0,,own,999510000,OWN SHIP,0.0,0.485,-37.87591666666667,144.95,9.0,0.0,0.0,1,,,,,synthetic,,,,
194.0,,target,999510101,CROSS STBD,0.05333333333333323,0.5249999999999999,-37.87525,144.95112623704497,12.0,270.0,270.0,18,danger,danger,0.0,15.999999999999968,synthetic,,,,
195.0,,own,999510000,OWN SHIP,0.0,0.4875,-37.875875,144.95,9.0,0.0,0.0,1,,,,,synthetic,,,,
195.0,,target,999510101,CROSS STBD,0.04999999999999993,0.5249999999999999,-37.87525,144.95105584722967,12.0,270.0,270.0,18,danger,danger,2.5018537765542006e-17,14.999999999999975,synthetic,,,,
196.0,,own,999510000,OWN SHIP,0.0,0.49,-37.87583333333333,144.95,9.0,0.0,0.0,1,,,,,synthetic,,,,
196.0,,target,999510101,CROSS STBD,0.046666666666666634,0.5249999999999999,-37.87525,144.95098545741436,12.0,270.0,270.0,18,danger,danger,4.443059973708341e-17,13.99999999999998,synthetic,,,,
197.0,,own,999510000,OWN SHIP,0.0,0.4925,-37.875791666666665,144.95,9.0,0.0,0.0,1,,,,,synthetic,,,,
197.0,,target,999510101,CROSS STBD,0.043333333333333224,0.5249999999999999,-37.87525,144.95091506759906,12.0,270.0,270.0,18,danger,danger,6.938893903907228e-18,12.999999999999966,synthetic,,,,
198.0,,own,999510000,OWN SHIP,0.0,0.495,-37.875750000000004,144.95,9.0,0.0,0.0,1,,,,,synthetic,,,,
198.0,,target,999510101,CROSS STBD,0.039999999999999925,0.5249999999999999,-37.87525,144.95084467778372,12.0,270.0,270.0,18,danger,danger,2.5018537765542006e-17,11.999999999999972,synthetic,,,,
199.0,,own,999510000,OWN SHIP,0.0,0.4975,-37.875708333333336,144.95,9.0,0.0,0.0,1,,,,,synthetic,,,,
199.0,,target,999510101,CROSS STBD,0.036666666666666625,0.5249999999999999,-37.87525,144.95077428796841,12.0,270.0,270.0,18,danger,danger,4.718958039861916e-17,10.999999999999979,synthetic,,,,
200.0,,own,999510000,OWN SHIP,0.0,0.5,-37.87566666666667,144.95,9.0,0.0,0.0,1,,,,,synthetic,,,,
200.0,,target,999510101,CROSS STBD,0.033333333333333215,0.5249999999999999,-37.87525,144.9507038981531,12.0,270.0,270.0,18,danger,danger,6.938893903907228e-18,9.999999999999963,synthetic,,,,
201.0,,own,999510000,OWN SHIP,0.0,0.5025000000000001,-37.875625,144.95,9.0,0.0,0.0,1,,,,,synthetic,,,,
201.0,,target,999510101,CROSS STBD,0.029999999999999916,0.5249999999999999,-37.87525,144.9506335083378,12.0,270.0,270.0,18,danger,danger,7.025094648823097e-17,8.999999999999963,synthetic,,,,
202.0,,own,999510000,OWN SHIP,0.0,0.505,-37.87558333333333,144.95,9.0,0.0,0.0,1,,,,,synthetic,,,,
202.0,,target,999510101,CROSS STBD,0.026666666666666616,0.5249999999999999,-37.87525,144.9505631185225,12.0,270.0,270.0,18,danger,danger,4.5236053827798003e-17,7.999999999999977,synthetic,,,,
203.0,,own,999510000,OWN SHIP,0.0,0.5075000000000001,-37.87554166666667,144.95,9.0,0.0,0.0,1,,,,,synthetic,,,,
203.0,,target,999510101,CROSS STBD,0.023333333333333206,0.5249999999999999,-37.87525,144.95049272870716,12.0,270.0,270.0,18,danger,danger,4.718958039861916e-17,6.999999999999953,synthetic,,,,
204.0,,own,999510000,OWN SHIP,0.0,0.51,-37.8755,144.95,9.0,0.0,0.0,1,,,,,synthetic,,,,
204.0,,target,999510101,CROSS STBD,0.019999999999999907,0.5249999999999999,-37.87525,144.95042233889185,12.0,270.0,270.0,18,danger,danger,2.359479019930958e-17,5.999999999999967,synthetic,,,,
205.0,,own,999510000,OWN SHIP,0.0,0.5125,-37.875458333333334,144.95,9.0,0.0,0.0,1,,,,,synthetic,,,,
205.0,,target,999510101,CROSS STBD,0.016666666666666607,0.5249999999999999,-37.87525,144.95035194907655,12.0,270.0,270.0,18,danger,danger,3.469446951953614e-18,4.999999999999981,synthetic,,,,
206.0,,own,999510000,OWN SHIP,0.0,0.515,-37.875416666666666,144.95,9.0,0.0,0.0,1,,,,,synthetic,,,,
206.0,,target,999510101,CROSS STBD,0.013333333333333197,0.5249999999999999,-37.87525,144.95028155926124,12.0,270.0,270.0,18,danger,danger,0.0,3.9999999999999587,synthetic,,,,
207.0,,own,999510000,OWN SHIP,0.0,0.5175,-37.875375,144.95,9.0,0.0,0.0,1,,,,,synthetic,,,,
207.0,,target,999510101,CROSS STBD,0.009999999999999898,0.5249999999999999,-37.87525,144.95021116944594,12.0,270.0,270.0,18,danger,danger,2.1544818617308082e-17,2.9999999999999734,synthetic,,,,
208.0,,own,999510000,OWN SHIP,0.0,0.52,-37.87533333333333,144.95,9.0,0.0,0.0,1,,,,,synthetic,,,,
208.0,,target,999510101,CROSS STBD,0.006666666666666599,0.5249999999999999,-37.87525,144.9501407796306,12.0,270.0,270.0,18,danger,danger,4.47679667661819e-17,1.9999999999999716,synthetic,,,,
209.0,,own,999510000,OWN SHIP,0.0,0.5225,-37.87529166666667,144.95,9.0,0.0,0.0,1,,,,,synthetic,,,,
209.0,,target,999510101,CROSS STBD,0.0033333333333332993,0.5249999999999999,-37.87525,144.9500703898153,12.0,270.0,270.0,18,danger,danger,2.238398338309095e-17,0.9999999999999858,synthetic,,,,
210.0,,own,999510000,OWN SHIP,0.0,0.525,-37.87525,144.95,9.0,0.0,0.0,1,,,,,synthetic,,,,
210.0,,target,999510101,CROSS STBD,-1.1102230246251565e-16,0.5249999999999999,-37.87525,144.95,12.0,270.0,270.0,18,danger,safe,2.220446049250312e-17,-3.730349362740526e-14,synthetic,,,,
211.0,,own,999510000,OWN SHIP,0.0,0.5275,-37.87520833333333,144.95,9.0,0.0,0.0,1,,,,,synthetic,,,,
211.0,,target,999510101,CROSS STBD,-0.0033333333333334103,0.5249999999999999,-37.87525,144.94992961018468,12.0,270.0,270.0,18,danger,safe,4.336808689942018e-19,-1.000000000000023,synthetic,,,,
212.0,,own,999510000,OWN SHIP,0.0,0.53,-37.875166666666665,144.95,9.0,0.0,0.0,1,,,,,synthetic,,,,
212.0,,target,999510101,CROSS STBD,-0.00666666666666671,0.5249999999999999,-37.87525,144.94985922036938,12.0,270.0,270.0,18,danger,safe,6.64480613771737e-17,-2.0000000000000244,synthetic,,,,
213.0,,own,999510000,OWN SHIP,0.0,0.5325,-37.875125,144.95,9.0,0.0,0.0,1,,,,,synthetic,,,,
213.0,,target,999510101,CROSS STBD,-0.01000000000000012,0.5249999999999999,-37.87525,144.94978883055404,12.0,270.0,270.0,18,danger,safe,2.2899006965691896e-17,-3.0000000000000315,synthetic,,,,
214.0,,own,999510000,OWN SHIP,0.0,0.535,-37.875083333333336,144.95,9.0,0.0,0.0,1,,,,,synthetic,,,,
214.0,,target,999510101,CROSS STBD,-0.01333333333333342,0.5249999999999999,-37.87525,144.94971844073874,12.0,270.0,270.0,18,danger,safe,4.3089637234616164e-17,-4.000000000000034,synthetic,,,,
215.0,,own,999510000,OWN SHIP,0.0,0.5375,-37.87504166666667,144.95,9.0,0.0,0.0,1,,,,,synthetic,,,,
215.0,,target,999510101,CROSS STBD,-0.01666666666666672,0.5249999999999999,-37.87525,144.94964805092343,12.0,270.0,270.0,18,danger,safe,2.023017827855918e-17,-5.000000000000019,synthetic,,,,
216.0,,own,999510000,OWN SHIP,0.0,0.54,-37.875,144.95,9.0,0.0,0.0,1,,,,,synthetic,,,,
216.0,,target,999510101,CROSS STBD,-0.02000000000000013,0.5249999999999999,-37.87525,144.94957766110812,12.0,270.0,270.0,18,danger,safe,2.023017827855918e-17,-6.000000000000042,synthetic,,,,
217.0,,own,999510000,OWN SHIP,0.0,0.5425,-37.87495833333333,144.95,9.0,0.0,0.0,1,,,,,synthetic,,,,
217.0,,target,999510101,CROSS STBD,-0.023333333333333428,0.5249999999999999,-37.87525,144.94950727129282,12.0,270.0,270.0,18,danger,safe,3.469446951953614e-18,-7.000000000000028,synthetic,,,,
218.0,,own,999510000,OWN SHIP,0.0,0.545,-37.874916666666664,144.95,9.0,0.0,0.0,1,,,,,synthetic,,,,
218.0,,target,999510101,CROSS STBD,-0.026666666666666727,0.5249999999999999,-37.87525,144.94943688147748,12.0,270.0,270.0,18,danger,safe,6.397344083151129e-17,-8.00000000000003,synthetic,,,,
219.0,,own,999510000,OWN SHIP,0.0,0.5475,-37.874875,144.95,9.0,0.0,0.0,1,,,,,synthetic,,,,
219.0,,target,999510101,CROSS STBD,-0.030000000000000138,0.5249999999999999,-37.87525,144.94936649166218,12.0,270.0,270.0,18,danger,safe,2.3273757686693185e-17,-9.000000000000037,synthetic,,,,
220.0,,own,999510000,OWN SHIP,0.0,0.55,-37.874833333333335,144.95,9.0,0.0,0.0,1,,,,,synthetic,,,,
220.0,,target,999510101,CROSS STBD,-0.03333333333333344,0.5249999999999999,-37.87525,144.94929610184687,12.0,270.0,270.0,18,danger,safe,4.046035655711836e-17,-10.000000000000037,synthetic,,,,
221.0,,own,999510000,OWN SHIP,0.0,0.5525,-37.87479166666667,144.95,9.0,0.0,0.0,1,,,,,synthetic,,,,
221.0,,target,999510101,CROSS STBD,-0.036666666666666736,0.5249999999999999,-37.87525,144.94922571203156,12.0,270.0,270.0,18,danger,safe,1.8683543625880677e-17,-11.000000000000023,synthetic,,,,
222.0,,own,999510000,OWN SHIP,0.0,0.555,-37.87475,144.95,9.0,0.0,0.0,1,,,,,synthetic,,,,
222.0,,target,999510101,CROSS STBD,-0.04000000000000015,0.5249999999999999,-37.87525,144.94915532221626,12.0,270.0,270.0,18,danger,safe,1.8683543625880677e-17,-12.000000000000046,synthetic,,,,
223.0,,own,999510000,OWN SHIP,0.0,0.5575,-37.87470833333333,144.95,9.0,0.0,0.0,1,,,,,synthetic,,,,
223.0,,target,999510101,CROSS STBD,-0.043333333333333446,0.5249999999999999,-37.87525,144.94908493240092,12.0,270.0,270.0,18,danger,safe,0.0,-13.000000000000032,synthetic,,,,
224.0,,own,999510000,OWN SHIP,0.0,0.56,-37.87466666666667,144.95,9.0,0.0,0.0,1,,,,,synthetic,,,,
224.0,,target,999510101,CROSS STBD,-0.046666666666666745,0.5249999999999999,-37.87525,144.94901454258562,12.0,270.0,270.0,18,danger,safe,5.96906223549092e-17,-14.000000000000034,synthetic,,,,
225.0,,own,999510000,OWN SHIP,0.0,0.5625,-37.874625,144.95,9.0,0.0,0.0,1,,,,,synthetic,,,,
225.0,,target,999510101,CROSS STBD,-0.050000000000000044,0.5249999999999999,-37.87525,144.9489441527703,12.0,270.0,270.0,18,danger,safe,4.046035655711836e-17,-15.00000000000002,synthetic,,,,
226.0,,own,999510000,OWN SHIP,0.0,0.5650000000000001,-37.874583333333334,144.95,9.0,0.0,0.0,1,,,,,synthetic,,,,
226.0,,target,999510101,CROSS STBD,-0.053333333333333455,0.5249999999999999,-37.87525,144.948873762955,12.0,270.0,270.0,18,danger,safe,4.046035655711836e-17,-16.000000000000043,synthetic,,,,
227.0,,own,999510000,OWN SHIP,0.0,0.5675,-37.874541666666666,144.95,9.0,0.0,0.0,1,,,,,synthetic,,,,
227.0,,target,999510101,CROSS STBD,-0.056666666666666754,0.5249999999999999,-37.87525,144.9488033731397,12.0,270.0,270.0,18,danger,safe,1.962615573354719e-17,-17.00000000000003,synthetic,,,,
228.0,,own,999510000,OWN SHIP,0.0,0.5700000000000001,-37.8745,144.95,9.0,0.0,0.0,1,,,,,synthetic,,,,
228.0,,target,999510101,CROSS STBD,-0.06000000000000005,0.5249999999999999,-37.87525,144.9487329833244,12.0,270.0,270.0,18,danger,safe,8.355534721610419e-17,-18.000000000000032,synthetic,,,,
229.0,,own,999510000,OWN SHIP,0.0,0.5725,-37.87445833333334,144.95,9.0,0.0,0.0,1,,,,,synthetic,,,,
229.0,,target,999510101,CROSS STBD,-0.06333333333333346,0.5249999999999999,-37.87525,144.94866259350906,12.0,270.0,270.0,18,danger,safe,6.938893903907228e-18,-19.00000000000004,synthetic,,,,
230.0,,own,999510000,OWN SHIP,0.0,0.5750000000000001,-37.87441666666667,144.95,9.0,0.0,0.0,1,,,,,synthetic,,,,
230.0,,target,999510101,CROSS STBD,-0.06666666666666676,0.5249999999999999,-37.87525,144.94859220369375,12.0,270.0,270.0,18,danger,safe,6.397344083151129e-17,-20.00000000000004,synthetic,,,,
231.0,,own,999510000,OWN SHIP,0.0,0.5775,-37.874375,144.95,9.0,0.0,0.0,1,,,,,synthetic,,,,
231.0,,target,999510101,CROSS STBD,-0.07000000000000006,0.5249999999999999,-37.87525,144.94852181387844,12.0,270.0,270.0,18,danger,safe,3.925231146709438e-17,-21.000000000000025,synthetic,,,,
232.0,,own,999510000,OWN SHIP,0.0,0.58,-37.87433333333333,144.95,9.0,0.0,0.0,1,,,,,synthetic,,,,
232.0,,target,999510101,CROSS STBD,-0.07333333333333347,0.5249999999999999,-37.87525,144.94845142406314,12.0,270.0,270.0,18,danger,safe,5.003707553108401e-17,-22.000000000000032,synthetic,,,,
233.0,,own,999510000,OWN SHIP,0.0,0.5825,-37.874291666666664,144.95,9.0,0.0,0.0,1,,,,,synthetic,,,,
233.0,,target,999510101,CROSS STBD,-0.07666666666666677,0.5249999999999999,-37.87525,144.94838103424783,12.0,270.0,270.0,18,danger,safe,1.3877787807814457e-17,-23.000000000000032,synthetic,,,,
234.0,,own,999510000,OWN SHIP,0.0,0.585,-37.87425,144.95,9.0,0.0,0.0,1,,,,,synthetic,,,,
234.0,,target,999510101,CROSS STBD,-0.08000000000000007,0.5249999999999999,-37.87525,144.9483106444325,12.0,270.0,270.0,18,danger,safe,0.0,-24.000000000000018,synthetic,,,,
235.0,,own,999510000,OWN SHIP,0.0,0.5875,-37.874208333333335,144.95,9.0,0.0,0.0,1,,,,,synthetic,,,,
235.0,,target,999510101,CROSS STBD,-0.08333333333333348,0.5249999999999999,-37.87525,144.9482402546172,12.0,270.0,270.0,18,danger,safe,1.3877787807814457e-17,-25.00000000000004,synthetic,,,,
236.0,,own,999510000,OWN SHIP,0.0,0.59,-37.87416666666667,144.95,9.0,0.0,0.0,1,,,,,synthetic,,,,
236.0,,target,999510101,CROSS STBD,-0.08666666666666678,0.5249999999999999,-37.87525,144.94816986480188,12.0,270.0,270.0,18,danger,safe,4.163336342344337e-17,-26.000000000000032,synthetic,,,,
237.0,,own,999510000,OWN SHIP,0.0,0.5925,-37.874125,144.95,9.0,0.0,0.0,1,,,,,synthetic,,,,
237.0,,target,999510101,CROSS STBD,-0.09000000000000008,0.5249999999999999,-37.87525,144.94809947498658,12.0,270.0,270.0,18,danger,safe,3.925231146709438e-17,-27.000000000000032,synthetic,,,,
238.0,,own,999510000,OWN SHIP,0.0,0.595,-37.87408333333333,144.95,9.0,0.0,0.0,1,,,,,synthetic,,,,
238.0,,target,999510101,CROSS STBD,-0.09333333333333338,0.5249999999999999,-37.87525,144.94802908517127,12.0,270.0,270.0,18,danger,safe,1.962615573354719e-17,-28.000000000000014,synthetic,,,,
239.0,,own,999510000,OWN SHIP,0.0,0.5975,-37.87404166666667,144.95,9.0,0.0,0.0,1,,,,,synthetic,,,,
239.0,,target,999510101,CROSS STBD,-0.09666666666666679,0.5249999999999999,-37.87525,144.94795869535594,12.0,270.0,270.0,18,danger,safe,1.962615573354719e-17,-29.00000000000004,synthetic,,,,
240.0,,own,999510000,OWN SHIP,0.0,0.6,-37.874,144.95,9.0,0.0,0.0,1,,,,,synthetic,,,,
240.0,,target,999510101,CROSS STBD,-0.10000000000000009,0.5249999999999999,-37.87525,144.94788830554063,12.0,270.0,270.0,18,danger,safe,1.3877787807814457e-17,-30.000000000000025,synthetic,,,,
241.0,,own,999510000,OWN SHIP,0.0,0.6025,-37.873958333333334,144.95,9.0,0.0,0.0,1,,,,,synthetic,,,,
241.0,,target,999510101,CROSS STBD,-0.10333333333333339,0.5249999999999999,-37.87525,144.94781791572532,12.0,270.0,270.0,18,danger,safe,5.887846720064156e-17,-31.000000000000025,synthetic,,,,
242.0,,own,999510000,OWN SHIP,0.0,0.605,-37.873916666666666,144.95,9.0,0.0,0.0,1,,,,,synthetic,,,,
242.0,,target,999510101,CROSS STBD,-0.1066666666666668,0.5249999999999999,-37.87525,144.94774752591002,12.0,270.0,270.0,18,danger,safe,3.1031676915590914e-17,-32.00000000000003,synthetic,,,,
243.0,,own,999510000,OWN SHIP,0.0,0.6075,-37.873875,144.95,9.0,0.0,0.0,1,,,,,synthetic,,,,
243.0,,target,999510101,CROSS STBD,-0.1100000000000001,0.5249999999999999,-37.87525,144.9476771360947,12.0,270.0,270.0,18,danger,safe,4.163336342344337e-17,-33.00000000000003,synthetic,,,,
244.0,,own,999510000,OWN SHIP,0.0,0.61,-37.87383333333333,144.95,9.0,0.0,0.0,1,,,,,synthetic,,,,
244.0,,target,999510101,CROSS STBD,-0.1133333333333334,0.5249999999999999,-37.87525,144.94760674627938,12.0,270.0,270.0,18,danger,safe,4.3885418357208765e-17,-34.00000000000003,synthetic,,,,
245.0,,own,999510000,OWN SHIP,0.0,0.6125,-37.87379166666667,144.95,9.0,0.0,0.0,1,,,,,synthetic,,,,
245.0,,target,999510101,CROSS STBD,-0.11666666666666681,0.5249999999999999,-37.87525,144.94753635646407,12.0,270.0,270.0,18,danger,safe,1.962615573354719e-17,-35.00000000000004,synthetic,,,,
246.0,,own,999510000,OWN SHIP,0.0,0.615,-37.87375,144.95,9.0,0.0,0.0,1,,,,,synthetic,,,,
246.0,,target,999510101,CROSS STBD,-0.1200000000000001,0.5249999999999999,-37.87525,144.94746596664876,12.0,270.0,270.0,18,danger,safe,1.3877787807814457e-17,-36.00000000000003,synthetic,,,,
247.0,,own,999510000,OWN SHIP,0.0,0.6175,-37.87370833333333,144.95,9.0,0.0,0.0,1,,,,,synthetic,,,,
247.0,,target,999510101,CROSS STBD,-0.1233333333333334,0.5249999999999999,-37.87525,144.94739557683346,12.0,270.0,270.0,18,danger,safe,6.206335383118183e-17,-37.00000000000003,synthetic,,,,
248.0,,own,999510000,OWN SHIP,0.0,0.62,-37.873666666666665,144.95,9.0,0.0,0.0,1,,,,,synthetic,,,,
248.0,,target,999510101,CROSS STBD,-0.12666666666666682,0.5249999999999999,-37.87525,144.94732518701815,12.0,270.0,270.0,18,danger,safe,3.925231146709438e-17,-38.000000000000036,synthetic,,,,
249.0,,own,999510000,OWN SHIP,0.0,0.6225,-37.873625,144.95,9.0,0.0,0.0,1,,,,,synthetic,,,,
249.0,,target,999510101,CROSS STBD,-0.13000000000000012,0.5249999999999999,-37.87525,144.94725479720282,12.0,270.0,270.0,18,danger,safe,2.7755575615628914e-17,-39.000000000000036,synthetic,,,,
250.0,,own,999510000,OWN SHIP,0.0,0.625,-37.873583333333336,144.95,9.0,0.0,0.0,1,,,,,synthetic,,,,
250.0,,target,999510101,CROSS STBD,-0.13333333333333341,0.5249999999999999,-37.87525,144.9471844073875,12.0,270.0,270.0,18,danger,safe,2.7755575615628914e-17,-40.00000000000003,synthetic,,,,
251.0,,own,999510000,OWN SHIP,0.0,0.6275000000000001,-37.87354166666667,144.95,9.0,0.0,0.0,1,,,,,synthetic,,,,
251.0,,target,999510101,CROSS STBD,-0.13666666666666671,0.5249999999999999,-37.87525,144.9471140175722,12.0,270.0,270.0,18,danger,safe,7.850462293418876e-17,-41.00000000000003,synthetic,,,,
252.0,,own,999510000,OWN SHIP,0.0,0.63,-37.8735,144.95,9.0,0.0,0.0,1,,,,,synthetic,,,,
252.0,,target,999510101,CROSS STBD,-0.14000000000000012,0.5249999999999999,-37.87525,144.9470436277569,12.0,270.0,270.0,18,danger,safe,1.3877787807814457e-17,-42.000000000000036,synthetic,,,,
253.0,,own,999510000,OWN SHIP,0.0,0.6325000000000001,-37.87345833333333,144.95,9.0,0.0,0.0,1,,,,,synthetic,,,,
253.0,,target,999510101,CROSS STBD,-0.14333333333333342,0.5249999999999999,-37.87525,144.9469732379416,12.0,270.0,270.0,18,danger,safe,5.551115123125783e-17,-43.00000000000003,synthetic,,,,
254.0,,own,999510000,OWN SHIP,0.0,0.635,-37.873416666666664,144.95,9.0,0.0,0.0,1,,,,,synthetic,,,,
254.0,,target,999510101,CROSS STBD,-0.14666666666666672,0.5249999999999999,-37.87525,144.94690284812626,12.0,270.0,270.0,18,danger,safe,3.925231146709438e-17,-44.00000000000002,synthetic,,,,
255.0,,own,999510000,OWN SHIP,0.0,0.6375000000000001,-37.873375,144.95,9.0,0.0,0.0,1,,,,,synthetic,,,,
255.0,,target,999510101,CROSS STBD,-0.15000000000000013,0.5249999999999999,-37.87525,144.94683245831095,12.0,270.0,270.0,18,danger,safe,3.925231146709438e-17,-45.00000000000004,synthetic,,,,
256.0,,own,999510000,OWN SHIP,0.0,0.64,-37.873333333333335,144.95,9.0,0.0,0.0,1,,,,,synthetic,,,,
256.0,,target,999510101,CROSS STBD,-0.15333333333333343,0.5249999999999999,-37.87525,144.94676206849564,12.0,270.0,270.0,18,danger,safe,1.3877787807814457e-17,-46.00000000000003,synthetic,,,,
257.0,,own,999510000,OWN SHIP,0.0,0.6425,-37.87329166666667,144.95,9.0,0.0,0.0,1,,,,,synthetic,,,,
257.0,,target,999510101,CROSS STBD,-0.15666666666666673,0.5249999999999999,-37.87525,144.94669167868034,12.0,270.0,270.0,18,danger,safe,1.3877787807814457e-17,-47.000000000000014,synthetic,,,,
258.0,,own,999510000,OWN SHIP,0.0,0.645,-37.87325,144.95,9.0,0.0,0.0,1,,,,,synthetic,,,,
258.0,,target,999510101,CROSS STBD,-0.16000000000000014,0.5249999999999999,-37.87525,144.94662128886503,12.0,270.0,270.0,18,danger,safe,0.0,-48.000000000000036,synthetic,,,,
259.0,,own,999510000,OWN SHIP,0.0,0.6475,-37.87320833333333,144.95,9.0,0.0,0.0,1,,,,,synthetic,,,,
259.0,,target,999510101,CROSS STBD,-0.16333333333333344,0.5249999999999999,-37.87525,144.9465508990497,12.0,270.0,270.0,18,danger,safe,4.163336342344337e-17,-49.00000000000003,synthetic,,,,
260.0,,own,999510000,OWN SHIP,0.0,0.65,-37.87316666666667,144.95,9.0,0.0,0.0,1,,,,,synthetic,,,,
260.0,,target,999510101,CROSS STBD,-0.16666666666666674,0.5249999999999999,-37.87525,144.9464805092344,12.0,270.0,270.0,18,danger,safe,3.925231146709438e-17,-50.00000000000003,synthetic,,,,
261.0,,own,999510000,OWN SHIP,0.0,0.6525,-37.873125,144.95,9.0,0.0,0.0,1,,,,,synthetic,,,,
261.0,,target,999510101,CROSS STBD,-0.17000000000000015,0.5249999999999999,-37.87525,144.94641011941908,12.0,270.0,270.0,18,danger,safe,6.206335383118183e-17,-51.00000000000003,synthetic,,,,
262.0,,own,999510000,OWN SHIP,0.0,0.655,-37.873083333333334,144.95,9.0,0.0,0.0,1,,,,,synthetic,,,,
262.0,,target,999510101,CROSS STBD,-0.17333333333333345,0.5249999999999999,-37.87525,144.94633972960378,12.0,270.0,270.0,18,danger,safe,0.0,-52.000000000000036,synthetic,,,,
263.0,,own,999510000,OWN SHIP,0.0,0.6575,-37.873041666666666,144.95,9.0,0.0,0.0,1,,,,,synthetic,,,,
263.0,,target,999510101,CROSS STBD,-0.17666666666666675,0.5249999999999999,-37.87525,144.94626933978847,12.0,270.0,270.0,18,danger,safe,2.7755575615628914e-17,-53.00000000000002,synthetic,,,,
264.0,,own,999510000,OWN SHIP,0.0,0.66,-37.873,144.95,9.0,0.0,0.0,1,,,,,synthetic,,,,
264.0,,target,999510101,CROSS STBD,-0.18000000000000005,0.5249999999999999,-37.87525,144.94619894997317,12.0,270.0,270.0,18,danger,safe,3.925231146709438e-17,-54.00000000000002,synthetic,,,,
265.0,,own,999510000,OWN SHIP,0.0,0.6625,-37.87295833333334,144.95,9.0,0.0,0.0,1,,,,,synthetic,,,,
265.0,,target,999510101,CROSS STBD,-0.18333333333333346,0.5249999999999999,-37.87525,144.94612856015783,12.0,270.0,270.0,18,danger,safe,3.925231146709438e-17,-55.00000000000003,synthetic,,,,
266.0,,own,999510000,OWN SHIP,0.0,0.665,-37.87291666666667,144.95,9.0,0.0,0.0,1,,,,,synthetic,,,,
266.0,,target,999510101,CROSS STBD,-0.18666666666666676,0.5249999999999999,-37.87525,144.94605817034252,12.0,270.0,270.0,18,danger,safe,3.925231146709438e-17,-56.00000000000003,synthetic,,,,
267.0,,own,999510000,OWN SHIP,0.0,0.6675,-37.872875,144.95,9.0,0.0,0.0,1,,,,,synthetic,,,,
267.0,,target,999510101,CROSS STBD,-0.19000000000000006,0.5249999999999999,-37.87525,144.94598778052722,12.0,270.0,270.0,18,danger,safe,3.925231146709438e-17,-57.00000000000001,synthetic,,,,
268.0,,own,999510000,OWN SHIP,0.0,0.67,-37.87283333333333,144.95,9.0,0.0,0.0,1,,,,,synthetic,,,,
268.0,,target,999510101,CROSS STBD,-0.19333333333333347,0.5249999999999999,-37.87525,144.9459173907119,12.0,270.0,270.0,18,danger,safe,0.0,-58.000000000000036,synthetic,,,,
269.0,,own,999510000,OWN SHIP,0.0,0.6725,-37.872791666666664,144.95,9.0,0.0,0.0,1,,,,,synthetic,,,,
269.0,,target,999510101,CROSS STBD,-0.19666666666666677,0.5249999999999999,-37.87525,144.9458470008966,12.0,270.0,270.0,18,danger,safe,2.7755575615628914e-17,-59.00000000000002,synthetic,,,,
270.0,,own,999510000,OWN SHIP,0.0,0.675,-37.87275,144.95,9.0,0.0,0.0,1,,,,,synthetic,,,,
270.0,,target,999510101,CROSS STBD,-0.20000000000000007,0.5249999999999999,-37.87525,144.94577661108127,12.0,270.0,270.0,18,danger,safe,3.925231146709438e-17,-60.00000000000003,synthetic,,,,
271.0,,own,999510000,OWN SHIP,0.0,0.6775,-37.872708333333335,144.95,9.0,0.0,0.0,1,,,,,synthetic,,,,
271.0,,target,999510101,CROSS STBD,-0.20333333333333348,0.5249999999999999,-37.87525,144.94570622126597,12.0,270.0,270.0,18,danger,safe,3.925231146709438e-17,-61.00000000000003,synthetic,,,,
272.0,,own,999510000,OWN SHIP,0.0,0.68,-37.87266666666667,144.95,9.0,0.0,0.0,1,,,,,synthetic,,,,
272.0,,target,999510101,CROSS STBD,-0.20666666666666678,0.5249999999999998,-37.87525,144.94563583145066,12.0,270.0,270.0,18,danger,safe,1.1775693440128312e-16,-62.00000000000005,synthetic,,,,
273.0,,own,999510000,OWN SHIP,0.0,0.6825,-37.872625,144.95,9.0,0.0,0.0,1,,,,,synthetic,,,,
273.0,,target,999510101,CROSS STBD,-0.21000000000000008,0.5249999999999998,-37.87525,144.94556544163535,12.0,270.0,270.0,18,danger,safe,1.0007415106216802e-16,-63.00000000000004,synthetic,,,,
274.0,,own,999510000,OWN SHIP,0.0,0.685,-37.87258333333333,144.95,9.0,0.0,0.0,1,,,,,synthetic,,,,
274.0,,target,999510101,CROSS STBD,-0.21333333333333349,0.5249999999999998,-37.87525,144.94549505182005,12.0,270.0,270.0,18,danger,safe,1.0007415106216802e-16,-64.00000000000006,synthetic,,,,
275.0,,own,999510000,OWN SHIP,0.0,0.6875,-37.87254166666667,144.95,9.0,0.0,0.0,1,,,,,synthetic,,,,
275.0,,target,999510101,CROSS STBD,-0.21666666666666679,0.5249999999999998,-37.87525,144.9454246620047,12.0,270.0,270.0,18,danger,safe,6.206335383118183e-17,-65.00000000000004,synthetic,,,,
276.0,,own,999510000,OWN SHIP,0.0,0.6900000000000001,-37.8725,144.95,9.0,0.0,0.0,1,,,,,synthetic,,,,
276.0,,target,999510101,CROSS STBD,-0.22000000000000008,0.5249999999999998,-37.87525,144.9453542721894,12.0,270.0,270.0,18,danger,safe,1.3877787807814457e-16,-66.00000000000006,synthetic,,,,
277.0,,own,999510000,OWN SHIP,0.0,0.6925,-37.872458333333334,144.95,9.0,0.0,0.0,1,,,,,synthetic,,,,
277.0,,target,999510101,CROSS STBD,-0.22333333333333338,0.5249999999999998,-37.87525,144.9452838823741,12.0,270.0,270.0,18,danger,safe,1.2412670766236366e-16,-67.00000000000004,synthetic,,,,
278.0,,own,999510000,OWN SHIP,0.0,0.6950000000000001,-37.872416666666666,144.95,9.0,0.0,0.0,1,,,,,synthetic,,,,
278.0,,target,999510101,CROSS STBD,-0.2266666666666668,0.5249999999999998,-37.87525,144.9452134925588,12.0,270.0,270.0,18,danger,safe,1.1775693440128312e-16,-68.00000000000006,synthetic,,,,
279.0,,own,999510000,OWN SHIP,0.0,0.6975,-37.872375,144.95,9.0,0.0,0.0,1,,,,,synthetic,,,,
279.0,,target,999510101,CROSS STBD,-0.2300000000000001,0.5249999999999998,-37.87525,144.9451431027435,12.0,270.0,270.0,18,danger,safe,7.850462293418876e-17,-69.00000000000004,synthetic,,,,
280.0,,own,999510000,OWN SHIP,0.0,0.7000000000000001,-37.87233333333334,144.95,9.0,0.0,0.0,1,,,,,synthetic,,,,
280.0,,target,999510101,CROSS STBD,-0.2333333333333334,0.5249999999999998,-37.87525,144.94507271292815,12.0,270.0,270.0,18,danger,safe,1.6184142622847344e-16,-70.00000000000006,synthetic,,,,
281.0,,own,999510000,OWN SHIP,0.0,0.7025,-37.87229166666667,144.95,9.0,0.0,0.0,1,,,,,synthetic,,,,
281.0,,target,999510101,CROSS STBD,-0.2366666666666668,0.5249999999999998,-37.87525,144.94500232311285,12.0,270.0,270.0,18,danger,safe,6.206335383118183e-17,-71.00000000000006,synthetic,,,,
282.0,,own,999510000,OWN SHIP,0.0,0.705,-37.87225,144.95,9.0,0.0,0.0,1,,,,,synthetic,,,,
282.0,,target,999510101,CROSS STBD,-0.2400000000000001,0.5249999999999998,-37.87525,144.94493193329754,12.0,270.0,270.0,18,danger,safe,6.206335383118183e-17,-72.00000000000004,synthetic,,,,
283.0,,own,999510000,OWN SHIP,0.0,0.7075,-37.87220833333333,144.95,9.0,0.0,0.0,1,,,,,synthetic,,,,
283.0,,target,999510101,CROSS STBD,-0.2433333333333334,0.5249999999999998,-37.87525,144.94486154348223,12.0,270.0,270.0,18,danger,safe,1.1775693440128312e-16,-73.00000000000004,synthetic,,,,
284.0,,own,999510000,OWN SHIP,0.0,0.71,-37.872166666666665,144.95,9.0,0.0,0.0,1,,,,,synthetic,,,,
284.0,,target,999510101,CROSS STBD,-0.2466666666666668,0.5249999999999998,-37.87525,144.94479115366693,12.0,270.0,270.0,18,danger,safe,5.551115123125783e-17,-74.00000000000006,synthetic,,,,
285.0,,own,999510000,OWN SHIP,0.0,0.7125,-37.872125,144.95,9.0,0.0,0.0,1,,,,,synthetic,,,,
285.0,,target,999510101,CROSS STBD,-0.2500000000000001,0.5249999999999998,-37.87525,144.9447207638516,12.0,270.0,270.0,18,danger,safe,1.0007415106216802e-16,-75.00000000000004,synthetic,,,,
286.0,,own,999510000,OWN SHIP,0.0,0.715,-37.872083333333336,144.95,9.0,0.0,0.0,1,,,,,synthetic,,,,
286.0,,target,999510101,CROSS STBD,-0.2533333333333334,0.5249999999999998,-37.87525,144.94465037403629,12.0,270.0,270.0,18,danger,safe,6.206335383118183e-17,-76.00000000000004,synthetic,,,,
287.0,,own,999510000,OWN SHIP,0.0,0.7175,-37.87204166666667,144.95,9.0,0.0,0.0,1,,,,,synthetic,,,,
287.0,,target,999510101,CROSS STBD,-0.2566666666666668,0.5249999999999998,-37.87525,144.94457998422098,12.0,270.0,270.0,18,danger,safe,7.850462293418876e-17,-77.00000000000006,synthetic,,,,
288.0,,own,999510000,OWN SHIP,0.0,0.72,-37.872,144.95,9.0,0.0,0.0,1,,,,,synthetic,,,,
288.0,,target,999510101,CROSS STBD,-0.2600000000000001,0.5249999999999998,-37.87525,144.94450959440567,12.0,270.0,270.0,18,danger,safe,6.206335383118183e-17,-78.00000000000004,synthetic,,,,
289.0,,own,999510000,OWN SHIP,0.0,0.7225,-37.87195833333333,144.95,9.0,0.0,0.0,1,,,,,synthetic,,,,
289.0,,target,999510101,CROSS STBD,-0.2633333333333334,0.5249999999999998,-37.87525,144.94443920459037,12.0,270.0,270.0,18,danger,safe,1.0007415106216802e-16,-79.00000000000004,synthetic,,,,
290.0,,own,999510000,OWN SHIP,0.0,0.725,-37.871916666666664,144.95,9.0,0.0,0.0,1,,,,,synthetic,,,,
290.0,,target,999510101,CROSS STBD,-0.2666666666666667,0.5249999999999998,-37.87525,144.94436881477503,12.0,270.0,270.0,18,danger,safe,7.850462293418876e-17,-80.00000000000003,synthetic,,,,
291.0,,own,999510000,OWN SHIP,0.0,0.7275,-37.871875,144.95,9.0,0.0,0.0,1,,,,,synthetic,,,,
291.0,,target,999510101,CROSS STBD,-0.27000000000000013,0.5249999999999998,-37.87525,144.94429842495973,12.0,270.0,270.0,18,danger,safe,7.850462293418876e-17,-81.00000000000006,synthetic,,,,
292.0,,own,999510000,OWN SHIP,0.0,0.73,-37.871833333333335,144.95,9.0,0.0,0.0,1,,,,,synthetic,,,,
292.0,,target,999510101,CROSS STBD,-0.27333333333333343,0.5249999999999998,-37.87525,144.94422803514442,12.0,270.0,270.0,18,danger,safe,6.206335383118183e-17,-82.00000000000004,synthetic,,,,
293.0,,own,999510000,OWN SHIP,0.0,0.7325,-37.87179166666667,144.95,9.0,0.0,0.0,1,,,,,synthetic,,,,
293.0,,target,999510101,CROSS STBD,-0.2766666666666667,0.5249999999999998,-37.87525,144.9441576453291,12.0,270.0,270.0,18,danger,safe,1.3877787807814457e-16,-83.00000000000004,synthetic,,,,
294.0,,own,999510000,OWN SHIP,0.0,0.735,-37.87175,144.95,9.0,0.0,0.0,1,,,,,synthetic,,,,
294.0,,target,999510101,CROSS STBD,-0.28000000000000014,0.5249999999999998,-37.87525,144.9440872555138,12.0,270.0,270.0,18,danger,safe,5.551115123125783e-17,-84.00000000000006,synthetic,,,,
295.0,,own,999510000,OWN SHIP,0.0,0.7375,-37.87170833333333,144.95,9.0,0.0,0.0,1,,,,,synthetic,,,,
295.0,,target,999510101,CROSS STBD,-0.28333333333333344,0.5249999999999998,-37.87525,144.9440168656985,12.0,270.0,270.0,18,danger,safe,1.0007415106216802e-16,-85.00000000000004,synthetic,,,,
296.0,,own,999510000,OWN SHIP,0.0,0.74,-37.87166666666667,144.95,9.0,0.0,0.0,1,,,,,synthetic,,,,
296.0,,target,999510101,CROSS STBD,-0.28666666666666674,0.5249999999999998,-37.87525,144.94394647588317,12.0,270.0,270.0,18,danger,safe,1.2412670766236366e-16,-86.00000000000004,synthetic,,,,
297.0,,own,999510000,OWN SHIP,0.0,0.7425,-37.871625,144.95,9.0,0.0,0.0,1,,,,,synthetic,,,,
297.0,,target,999510101,CROSS STBD,-0.29000000000000015,0.5249999999999998,-37.87525,144.94387608606786,12.0,270.0,270.0,18,danger,safe,7.850462293418876e-17,-87.00000000000006,synthetic,,,,
298.0,,own,999510000,OWN SHIP,0.0,0.745,-37.871583333333334,144.95,9.0,0.0,0.0,1,,,,,synthetic,,,,
298.0,,target,999510101,CROSS STBD,-0.29333333333333345,0.5249999999999998,-37.87525,144.94380569625255,12.0,270.0,270.0,18,danger,safe,7.850462293418876e-17,-88.00000000000004,synthetic,,,,
299.0,,own,999510000,OWN SHIP,0.0,0.7475,-37.871541666666666,144.95,9.0,0.0,0.0,1,,,,,synthetic,,,,
299.0,,target,999510101,CROSS STBD,-0.29666666666666675,0.5249999999999998,-37.87525,144.94373530643725,12.0,270.0,270.0,18,danger,safe,1.2412670766236366e-16,-89.00000000000004,synthetic,,,,
300.0,,own,999510000,OWN SHIP,0.0,0.75,-37.8715,144.95,9.0,0.0,0.0,1,,,,,synthetic,,,,
300.0,,target,999510101,CROSS STBD,-0.30000000000000004,0.5249999999999998,-37.87525,144.94366491662194,12.0,270.0,270.0,18,danger,safe,1.2412670766236366e-16,-90.00000000000004,synthetic,,,,
301.0,,own,999510000,OWN SHIP,0.0,0.7525000000000001,-37.87145833333334,144.95,9.0,0.0,0.0,1,,,,,synthetic,,,,
301.0,,target,999510101,CROSS STBD,-0.30333333333333345,0.5249999999999998,-37.87525,144.9435945268066,12.0,270.0,270.0,18,danger,safe,1.2412670766236366e-16,-91.00000000000004,synthetic,,,,
302.0,,own,999510000,OWN SHIP,0.0,0.755,-37.87141666666667,144.95,9.0,0.0,0.0,1,,,,,synthetic,,,,
302.0,,target,999510101,CROSS STBD,-0.30666666666666687,0.5249999999999998,-37.87525,144.9435241369913,12.0,270.0,270.0,18,danger,safe,2.7755575615628914e-17,-92.00000000000006,synthetic,,,,
303.0,,own,999510000,OWN SHIP,0.0,0.7575000000000001,-37.871375,144.95,9.0,0.0,0.0,1,,,,,synthetic,,,,
303.0,,target,999510101,CROSS STBD,-0.31000000000000005,0.5249999999999998,-37.87525,144.943453747176,12.0,270.0,270.0,18,danger,safe,1.5700924586837752e-16,-93.00000000000004,synthetic,,,,
304.0,,own,999510000,OWN SHIP,0.0,0.76,-37.87133333333333,144.95,9.0,0.0,0.0,1,,,,,synthetic,,,,
304.0,,target,999510101,CROSS STBD,-0.31333333333333346,0.5249999999999998,-37.87525,144.9433833573607,12.0,270.0,270.0,18,danger,safe,7.850462293418876e-17,-94.00000000000004,synthetic,,,,
305.0,,own,999510000,OWN SHIP,0.0,0.7625000000000001,-37.871291666666664,144.95,9.0,0.0,0.0,1,,,,,synthetic,,,,
305.0,,target,999510101,CROSS STBD,-0.3166666666666669,0.5249999999999998,-37.87525,144.94331296754538,12.0,270.0,270.0,18,danger,safe,7.850462293418876e-17,-95.00000000000007,synthetic,,,,
306.0,,own,999510000,OWN SHIP,0.0,0.765,-37.87125,144.95,9.0,0.0,0.0,1,,,,,synthetic,,,,
306.0,,target,999510101,CROSS STBD,-0.32000000000000006,0.5249999999999998,-37.87525,144.94324257773005,12.0,270.0,270.0,18,danger,safe,1.0007415106216802e-16,-96.00000000000003,synthetic,,,,
307.0,,own,999510000,OWN SHIP,0.0,0.7675000000000001,-37.871208333333335,144.95,9.0,0.0,0.0,1,,,,,synthetic,,,,
307.0,,target,999510101,CROSS STBD,-0.3233333333333335,0.5249999999999998,-37.87525,144.94317218791474,12.0,270.0,270.0,18,danger,safe,1.0007415106216802e-16,-97.00000000000006,synthetic,,,,
308.0,,own,999510000,OWN SHIP,0.0,0.77,-37.87116666666667,144.95,9.0,0.0,0.0,1,,,,,synthetic,,,,
308.0,,target,999510101,CROSS STBD,-0.3266666666666669,0.5249999999999998,-37.87525,144.94310179809943,12.0,270.0,270.0,18,danger,safe,2.7755575615628914e-17,-98.00000000000006,synthetic,,,,
309.0,,own,999510000,OWN SHIP,0.0,0.7725,-37.871125,144.95,9.0,0.0,0.0,1,,,,,synthetic,,,,
309.0,,target,999510101,CROSS STBD,-0.33000000000000007,0.5249999999999998,-37.87525,144.94303140828413,12.0,270.0,270.0,18,danger,safe,8.326672684688674e-17,-99.00000000000001,synthetic,,,,
310.0,,own,999510000,OWN SHIP,0.0,0.775,-37.87108333333333,144.95,9.0,0.0,0.0,1,,,,,synthetic,,,,
310.0,,target,999510101,CROSS STBD,-0.3333333333333335,0.5249999999999998,-37.87525,144.94296101846882,12.0,270.0,270.0,18,danger,safe,7.850462293418876e-17,-100.00000000000006,synthetic,,,,
311.0,,own,999510000,OWN SHIP,0.0,0.7775,-37.87104166666667,144.95,9.0,0.0,0.0,1,,,,,synthetic,,,,
311.0,,target,999510101,CROSS STBD,-0.33666666666666667,0.5249999999999998,-37.87525,144.9428906286535,12.0,270.0,270.0,18,danger,safe,1.2412670766236366e-16,-101.00000000000001,synthetic,,,,
312.0,,own,999510000,OWN SHIP,0.0,0.78,-37.871,144.95,9.0,0.0,0.0,1,,,,,synthetic,,,,
312.0,,target,999510101,CROSS STBD,-0.3400000000000001,0.5249999999999998,-37.87525,144.94282023883818,12.0,270.0,270.0,18,danger,safe,1.2412670766236366e-16,-102.00000000000004,synthetic,,,,
313.0,,own,999510000,OWN SHIP,0.0,0.7825,-37.870958333333334,144.95,9.0,0.0,0.0,1,,,,,synthetic,,,,
313.0,,target,999510101,CROSS STBD,-0.3433333333333335,0.5249999999999998,-37.87525,144.94274984902287,12.0,270.0,270.0,18,danger,safe,0.0,-103.00000000000004,synthetic,,,,
314.0,,own,999510000,OWN SHIP,0.0,0.785,-37.870916666666666,144.95,9.0,0.0,0.0,1,,,,,synthetic,,,,
314.0,,target,999510101,CROSS STBD,-0.3466666666666667,0.5249999999999998,-37.87525,144.94267945920757,12.0,270.0,270.0,18,danger,safe,1.5700924586837752e-16,-104.00000000000003,synthetic,,,,
315.0,,own,999510000,OWN SHIP,0.0,0.7875,-37.870875,144.95,9.0,0.0,0.0,1,,,,,synthetic,,,,
315.0,,target,999510101,CROSS STBD,-0.3500000000000001,0.5249999999999998,-37.87525,144.94260906939226,12.0,270.0,270.0,18,danger,safe,7.850462293418876e-17,-105.00000000000003,synthetic,,,,
316.0,,own,999510000,OWN SHIP,0.0,0.79,-37.87083333333334,144.95,9.0,0.0,0.0,1,,,,,synthetic,,,,
316.0,,target,999510101,CROSS STBD,-0.3533333333333335,0.5249999999999998,-37.87525,144.94253867957693,12.0,270.0,270.0,18,danger,safe,7.850462293418876e-17,-106.00000000000006,synthetic,,,,
317.0,,own,999510000,OWN SHIP,0.0,0.7925,-37.87079166666667,144.95,9.0,0.0,0.0,1,,,,,synthetic,,,,
317.0,,target,999510101,CROSS STBD,-0.3566666666666667,0.5249999999999998,-37.87525,144.94246828976162,12.0,270.0,270.0,18,danger,safe,1.2412670766236366e-16,-107.00000000000001,synthetic,,,,
318.0,,own,999510000,OWN SHIP,0.0,0.795,-37.87075,144.95,9.0,0.0,0.0,1,,,,,synthetic,,,,
318.0,,target,999510101,CROSS STBD,-0.3600000000000001,0.5249999999999998,-37.87525,144.94239789994631,12.0,270.0,270.0,18,danger,safe,7.850462293418876e-17,-108.00000000000004,synthetic,,,,
319.0,,own,999510000,OWN SHIP,0.0,0.7975,-37.87070833333333,144.95,9.0,0.0,0.0,1,,,,,synthetic,,,,
319.0,,target,999510101,CROSS STBD,-0.3633333333333335,0.5249999999999998,-37.87525,144.942327510131,12.0,270.0,270.0,18,danger,safe,5.551115123125783e-17,-109.00000000000006,synthetic,,,,
320.0,,own,999510000,OWN SHIP,0.0,0.8,-37.870666666666665,144.95,9.0,0.0,0.0,1,,,,,synthetic,,,,
320.0,,target,999510101,CROSS STBD,-0.3666666666666667,0.5249999999999998,-37.87525,144.9422571203157,12.0,270.0,270.0,18,danger,safe,1.5700924586837752e-16,-110.00000000000004,synthetic,,,,
321.0,,own,999510000,OWN SHIP,0.0,0.8025,-37.870625,144.95,9.0,0.0,0.0,1,,,,,synthetic,,,,
321.0,,target,999510101,CROSS STBD,-0.3700000000000001,0.5249999999999998,-37.87525,144.94218673050037,12.0,270.0,270.0,18,danger,safe,5.551115123125783e-17,-111.00000000000003,synthetic,,,,
322.0,,own,999510000,OWN SHIP,0.0,0.805,-37.870583333333336,144.95,9.0,0.0,0.0,1,,,,,synthetic,,,,
322.0,,target,999510101,CROSS STBD,-0.3733333333333335,0.5249999999999998,-37.87525,144.94211634068506,12.0,270.0,270.0,18,danger,safe,7.850462293418876e-17,-112.00000000000006,synthetic,,,,
323.0,,own,999510000,OWN SHIP,0.0,0.8075,-37.87054166666667,144.95,9.0,0.0,0.0,1,,,,,synthetic,,,,
323.0,,target,999510101,CROSS STBD,-0.3766666666666667,0.5249999999999998,-37.87525,144.94204595086975,12.0,270.0,270.0,18,danger,safe,7.850462293418876e-17,-113.00000000000003,synthetic,,,,
324.0,,own,999510000,OWN SHIP,0.0,0.81,-37.8705,144.95,9.0,0.0,0.0,1,,,,,synthetic,,,,
324.0,,target,999510101,CROSS STBD,-0.3800000000000001,0.5249999999999998,-37.87525,144.94197556105445,12.0,270.0,270.0,18,danger,safe,1.2412670766236366e-16,-114.00000000000004,synthetic,,,,
325.0,,own,999510000,OWN SHIP,0.0,0.8125,-37.87045833333333,144.95,9.0,0.0,0.0,1,,,,,synthetic,,,,
325.0,,target,999510101,CROSS STBD,-0.3833333333333335,0.5249999999999998,-37.87525,144.94190517123914,12.0,270.0,270.0,18,danger,safe,7.850462293418876e-17,-115.00000000000007,synthetic,,,,
326.0,,own,999510000,OWN SHIP,0.0,0.8150000000000001,-37.870416666666664,144.95,9.0,0.0,0.0,1,,,,,synthetic,,,,
326.0,,target,999510101,CROSS STBD,-0.3866666666666667,0.5249999999999998,-37.87525,144.94183478142384,12.0,270.0,270.0,18,danger,safe,1.2412670766236366e-16,-116.00000000000003,synthetic,,,,
327.0,,own,999510000,OWN SHIP,0.0,0.8175,-37.870375,144.95,9.0,0.0,0.0,1,,,,,synthetic,,,,
327.0,,target,999510101,CROSS STBD,-0.3900000000000001,0.5249999999999998,-37.87525,144.9417643916085,12.0,270.0,270.0,18,danger,safe,1.1102230246251565e-16,-117.00000000000006,synthetic,,,,
328.0,,own,999510000,OWN SHIP,0.0,0.8200000000000001,-37.870333333333335,144.95,9.0,0.0,0.0,1,,,,,synthetic,,,,
328.0,,target,999510101,CROSS STBD,-0.39333333333333353,0.5249999999999998,-37.87525,144.9416940017932,12.0,270.0,270.0,18,danger,safe,5.551115123125783e-17,-118.00000000000006,synthetic,,,,
329.0,,own,999510000,OWN SHIP,0.0,0.8225,-37.87029166666667,144.95,9.0,0.0,0.0,1,,,,,synthetic,,,,
329.0,,target,999510101,CROSS STBD,-0.3966666666666667,0.5249999999999998,-37.87525,144.9416236119779,12.0,270.0,270.0,18,danger,safe,1.2412670766236366e-16,-119.00000000000004,synthetic,,,,
330.0,,own,999510000,OWN SHIP,0.0,0.8250000000000001,-37.87025,144.95,9.0,0.0,0.0,1,,,,,synthetic,,,,
330.0,,target,999510101,CROSS STBD,-0.40000000000000013,0.5249999999999998,-37.87525,144.94155322216258,12.0,270.0,270.0,18,danger,safe,7.850462293418876e-17,-120.00000000000006,synthetic,,,,
331.0,,own,999510000,OWN SHIP,0.0,0.8275,-37.87020833333333,144.95,9.0,0.0,0.0,1,,,,,synthetic,,,,
331.0,,target,999510101,CROSS STBD,-0.40333333333333354,0.5249999999999998,-37.87525,144.94148283234728,12.0,270.0,270.0,18,danger,safe,0.0,-121.00000000000006,synthetic,,,,
332.0,,own,999510000,OWN SHIP,0.0,0.8300000000000001,-37.87016666666667,144.95,9.0,0.0,0.0,1,,,,,synthetic,,,,
332.0,,target,999510101,CROSS STBD,-0.40666666666666673,0.5249999999999998,-37.87525,144.94141244253194,12.0,270.0,270.0,18,danger,safe,1.5700924586837752e-16,-122.00000000000004,synthetic,,,,
333.0,,own,999510000,OWN SHIP,0.0,0.8325,-37.870125,144.95,9.0,0.0,0.0,1,,,,,synthetic,,,,
333.0,,target,999510101,CROSS STBD,-0.41000000000000014,0.5249999999999998,-37.87525,144.94134205271664,12.0,270.0,270.0,18,danger,safe,5.551115123125783e-17,-123.00000000000004,synthetic,,,,
334.0,,own,999510000,OWN SHIP,0.0,0.835,-37.87008333333333,144.95,9.0,0.0,0.0,1,,,,,synthetic,,,,
334.0,,target,999510101,CROSS STBD,-0.41333333333333355,0.5249999999999998,-37.87525,144.94127166290133,12.0,270.0,270.0,18,danger,safe,5.551115123125783e-17,-124.00000000000006,synthetic,,,,
335.0,,own,999510000,OWN SHIP,0.0,0.8375,-37.870041666666665,144.95,9.0,0.0,0.0,1,,,,,synthetic,,,,
335.0,,target,999510101,CROSS STBD,-0.41666666666666674,0.5249999999999998,-37.87525,144.94120127308602,12.0,270.0,270.0,18,danger,safe,1.2412670766236366e-16,-125.00000000000003,synthetic,,,,
336.0,,own,999510000,OWN SHIP,0.0,0.84,-37.87,144.95,9.0,0.0,0.0,1,,,,,synthetic,,,,
336.0,,target,999510101,CROSS STBD,-0.42000000000000015,0.5249999999999998,-37.87525,144.94113088327072,12.0,270.0,270.0,18,danger,safe,0.0,-126.00000000000004,synthetic,,,,
337.0,,own,999510000,OWN SHIP,0.0,0.8425,-37.86995833333334,144.95,9.0,0.0,0.0,1,,,,,synthetic,,,,
337.0,,target,999510101,CROSS STBD,-0.42333333333333334,0.5249999999999998,-37.87525,144.94106049345538,12.0,270.0,270.0,18,danger,safe,1.2412670766236366e-16,-127.00000000000001,synthetic,,,,
338.0,,own,999510000,OWN SHIP,0.0,0.845,-37.86991666666667,144.95,9.0,0.0,0.0,1,,,,,synthetic,,,,
338.0,,target,999510101,CROSS STBD,-0.42666666666666675,0.5249999999999998,-37.87525,144.94099010364008,12.0,270.0,270.0,18,danger,safe,7.850462293418876e-17,-128.00000000000003,synthetic,,,,
339.0,,own,999510000,OWN SHIP,0.0,0.8475,-37.869875,144.95,9.0,0.0,0.0,1,,,,,synthetic,,,,
339.0,,target,999510101,CROSS STBD,-0.43000000000000016,0.5249999999999998,-37.87525,144.94091971382477,12.0,270.0,270.0,18,danger,safe,5.551115123125783e-17,-129.00000000000006,synthetic,,,,
340.0,,own,999510000,OWN SHIP,0.0,0.85,-37.86983333333333,144.95,9.0,0.0,0.0,1,,,,,synthetic,,,,
340.0,,target,999510101,CROSS STBD,-0.43333333333333335,0.5249999999999998,-37.87525,144.94084932400946,12.0,270.0,270.0,18,danger,safe,1.1102230246251565e-16,-130.0,synthetic,,,,
341.0,,own,999510000,OWN SHIP,0.0,0.8525,-37.869791666666664,144.95,9.0,0.0,0.0,1,,,,,synthetic,,,,
341.0,,target,999510101,CROSS STBD,-0.43666666666666676,0.5249999999999998,-37.87525,144.94077893419416,12.0,270.0,270.0,18,danger,safe,1.2412670766236366e-16,-131.00000000000006,synthetic,,,,
342.0,,own,999510000,OWN SHIP,0.0,0.855,-37.86975,144.95,9.0,0.0,0.0,1,,,,,synthetic,,,,
342.0,,target,999510101,CROSS STBD,-0.44000000000000017,0.5249999999999998,-37.87525,144.94070854437882,12.0,270.0,270.0,18,danger,safe,5.551115123125783e-17,-132.00000000000006,synthetic,,,,
343.0,,own,999510000,OWN SHIP,0.0,0.8575,-37.869708333333335,144.95,9.0,0.0,0.0,1,,,,,synthetic,,,,
343.0,,target,999510101,CROSS STBD,-0.44333333333333336,0.5249999999999998,-37.87525,144.94063815456352,12.0,270.0,270.0,18,danger,safe,1.5700924586837752e-16,-133.00000000000003,synthetic,,,,
344.0,,own,999510000,OWN SHIP,0.0,0.86,-37.86966666666667,144.95,9.0,0.0,0.0,1,,,,,synthetic,,,,
344.0,,target,999510101,CROSS STBD,-0.44666666666666677,0.5249999999999998,-37.87525,144.9405677647482,12.0,270.0,270.0,18,danger,safe,5.551115123125783e-17,-134.00000000000003,synthetic,,,,
345.0,,own,999510000,OWN SHIP,0.0,0.8625,-37.869625,144.95,9.0,0.0,0.0,1,,,,,synthetic,,,,
345.0,,target,999510101,CROSS STBD,-0.4500000000000002,0.5249999999999998,-37.87525,144.9404973749329,12.0,270.0,270.0,18,danger,safe,7.850462293418876e-17,-135.00000000000006,synthetic,,,,
346.0,,own,999510000,OWN SHIP,0.0,0.865,-37.86958333333333,144.95,9.0,0.0,0.0,1,,,,,synthetic,,,,
346.0,,target,999510101,CROSS STBD,-0.45333333333333337,0.5249999999999998,-37.87525,144.9404269851176,12.0,270.0,270.0,18,danger,safe,1.2412670766236366e-16,-136.00000000000003,synthetic,,,,
347.0,,own,999510000,OWN SHIP,0.0,0.8675,-37.86954166666667,144.95,9.0,0.0,0.0,1,,,,,synthetic,,,,
347.0,,target,999510101,CROSS STBD,-0.4566666666666668,0.5249999999999998,-37.87525,144.94035659530226,12.0,270.0,270.0,18,danger,safe,1.2412670766236366e-16,-137.00000000000006,synthetic,,,,
348.0,,own,999510000,OWN SHIP,0.0,0.87,-37.8695,144.95,9.0,0.0,0.0,1,,,,,synthetic,,,,
348.0,,target,999510101,CROSS STBD,-0.4600000000000002,0.5249999999999998,-37.87525,144.94028620548696,12.0,270.0,270.0,18,danger,safe,5.551115123125783e-17,-138.00000000000006,synthetic,,,,
349.0,,own,999510000,OWN SHIP,0.0,0.8725,-37.869458333333334,144.95,9.0,0.0,0.0,1,,,,,synthetic,,,,
349.0,,target,999510101,CROSS STBD,-0.4633333333333334,0.5249999999999998,-37.87525,144.94021581567165,12.0,270.0,270.0,18,danger,safe,1.2412670766236366e-16,-139.00000000000003,synthetic,,,,
350.0,,own,999510000,OWN SHIP,0.0,0.875,-37.869416666666666,144.95,9.0,0.0,0.0,1,,,,,synthetic,,,,
350.0,,target,999510101,CROSS STBD,-0.4666666666666668,0.5249999999999998,-37.87525,144.94014542585634,12.0,270.0,270.0,18,danger,safe,1.1102230246251565e-16,-140.00000000000006,synthetic,,,,
351.0,,own,999510000,OWN SHIP,0.0,0.8775000000000001,-37.869375,144.95,9.0,0.0,0.0,1,,,,,synthetic,,,,
351.0,,target,999510101,CROSS STBD,-0.4700000000000002,0.5249999999999998,-37.87525,144.94007503604104,12.0,270.0,270.0,18,danger,safe,5.551115123125783e-17,-141.00000000000006,synthetic,,,,
352.0,,own,999510000,OWN SHIP,0.0,0.88,-37.86933333333334,144.95,9.0,0.0,0.0,1,,,,,synthetic,,,,
352.0,,target,999510101,CROSS STBD,-0.4733333333333334,0.5249999999999998,-37.87525,144.9400046462257,12.0,270.0,270.0,18,danger,safe,7.850462293418876e-17,-142.00000000000003,synthetic,,,,
353.0,,own,999510000,OWN SHIP,0.0,0.8825000000000001,-37.86929166666667,144.95,9.0,0.0,0.0,1,,,,,synthetic,,,,
353.0,,target,999510101,CROSS STBD,-0.4766666666666668,0.5249999999999998,-37.87525,144.9399342564104,12.0,270.0,270.0,18,danger,safe,1.2412670766236366e-16,-143.00000000000006,synthetic,,,,
354.0,,own,999510000,OWN SHIP,0.0,0.885,-37.86925,144.95,9.0,0.0,0.0,1,,,,,synthetic,,,,
354.0,,target,999510101,CROSS STBD,-0.4800000000000002,0.5249999999999998,-37.87525,144.9398638665951,12.0,270.0,270.0,18,danger,safe,0.0,-144.00000000000006,synthetic,,,,
355.0,,own,999510000,OWN SHIP,0.0,0.8875000000000001,-37.86920833333333,144.95,9.0,0.0,0.0,1,,,,,synthetic,,,,
355.0,,target,999510101,CROSS STBD,-0.4833333333333334,0.5249999999999998,-37.87525,144.93979347677978,12.0,270.0,270.0,18,danger,safe,1.2412670766236366e-16,-145.00000000000003,synthetic,,,,
356.0,,own,999510000,OWN SHIP,0.0,0.89,-37.869166666666665,144.95,9.0,0.0,0.0,1,,,,,synthetic,,,,
356.0,,target,999510101,CROSS STBD,-0.4866666666666668,0.5249999999999998,-37.87525,144.93972308696448,12.0,270.0,270.0,18,danger,safe,5.551115123125783e-17,-146.00000000000003,synthetic,,,,
357.0,,own,999510000,OWN SHIP,0.0,0.8925000000000001,-37.869125,144.95,9.0,0.0,0.0,1,,,,,synthetic,,,,
357.0,,target,999510101,CROSS STBD,-0.4900000000000002,0.5249999999999998,-37.87525,144.93965269714914,12.0,270.0,270.0,18,danger,safe,5.551115123125783e-17,-147.00000000000006,synthetic,,,,
358.0,,own,999510000,OWN SHIP,0.0,0.895,-37.869083333333336,144.95,9.0,0.0,0.0,1,,,,,synthetic,,,,
358.0,,target,999510101,CROSS STBD,-0.4933333333333334,0.5249999999999998,-37.87525,144.93958230733384,12.0,270.0,270.0,18,danger,safe,7.850462293418876e-17,-148.00000000000003,synthetic,,,,
359.0,,own,999510000,OWN SHIP,0.0,0.8975,-37.86904166666667,144.95,9.0,0.0,0.0,1,,,,,synthetic,,,,
359.0,,target,999510101,CROSS STBD,-0.4966666666666668,0.5249999999999998,-37.87525,144.93951191751853,12.0,270.0,270.0,18,danger,safe,0.0,-149.00000000000003,synthetic,,,,
360.0,,own,999510000,OWN SHIP,0.0,0.9,-37.869,144.95,9.0,0.0,0.0,1,,,,,synthetic,,,,
360.0,,target,999510101,CROSS STBD,-0.5000000000000002,0.5249999999999998,-37.87525,144.93944152770322,12.0,270.0,270.0,18,danger,safe,0.0,-150.00000000000006,synthetic,,,,
361.0,,own,999510000,OWN SHIP,0.0,0.9025,-37.86895833333333,144.95,9.0,0.0,0.0,1,,,,,synthetic,,,,
361.0,,target,999510101,CROSS STBD,-0.5033333333333334,0.5249999999999998,-37.87525,144.93937113788792,12.0,270.0,270.0,18,danger,safe,0.0,-151.00000000000003,synthetic,,,,
362.0,,own,999510000,OWN SHIP,0.0,0.905,-37.868916666666664,144.95,9.0,0.0,0.0,1,,,,,synthetic,,,,
362.0,,target,999510101,CROSS STBD,-0.5066666666666668,0.5249999999999998,-37.87525,144.9393007480726,12.0,270.0,270.0,18,danger,safe,1.1102230246251565e-16,-152.00000000000006,synthetic,,,,
363.0,,own,999510000,OWN SHIP,0.0,0.9075,-37.868875,144.95,9.0,0.0,0.0,1,,,,,synthetic,,,,
363.0,,target,999510101,CROSS STBD,-0.5100000000000002,0.5249999999999998,-37.87525,144.93923035825728,12.0,270.0,270.0,18,danger,safe,5.551115123125783e-17,-153.00000000000006,synthetic,,,,
364.0,,own,999510000,OWN SHIP,0.0,0.91,-37.868833333333335,144.95,9.0,0.0,0.0,1,,,,,synthetic,,,,
364.0,,target,999510101,CROSS STBD,-0.5133333333333334,0.5249999999999998,-37.87525,144.93915996844197,12.0,270.0,270.0,18,danger,safe,1.1102230246251565e-16,-154.00000000000003,synthetic,,,,
365.0,,own,999510000,OWN SHIP,0.0,0.9125,-37.86879166666667,144.95,9.0,0.0,0.0,1,,,,,synthetic,,,,
365.0,,target,999510101,CROSS STBD,-0.5166666666666668,0.5249999999999998,-37.87525,144.93908957862666,12.0,270.0,270.0,18,danger,safe,1.2412670766236366e-16,-155.00000000000006,synthetic,,,,
366.0,,own,999510000,OWN SHIP,0.0,0.915,-37.86875,144.95,9.0,0.0,0.0,1,,,,,synthetic,,,,
366.0,,target,999510101,CROSS STBD,-0.52,0.5249999999999998,-37.87525,144.93901918881136,12.0,270.0,270.0,18,danger,safe,1.5700924586837752e-16,-156.00000000000003,synthetic,,,,
367.0,,own,999510000,OWN SHIP,0.0,0.9175,-37.86870833333333,144.95,9.0,0.0,0.0,1,,,,,synthetic,,,,
367.0,,target,999510101,CROSS STBD,-0.5233333333333334,0.5249999999999998,-37.87525,144.93894879899605,12.0,270.0,270.0,18,danger,safe,5.551115123125783e-17,-157.00000000000003,synthetic,,,,
368.0,,own,999510000,OWN SHIP,0.0,0.92,-37.86866666666667,144.95,9.0,0.0,0.0,1,,,,,synthetic,,,,
368.0,,target,999510101,CROSS STBD,-0.5266666666666668,0.5249999999999998,-37.87525,144.93887840918072,12.0,270.0,270.0,18,danger,safe,1.1102230246251565e-16,-158.00000000000003,synthetic,,,,
369.0,,own,999510000,OWN SHIP,0.0,0.9225,-37.868625,144.95,9.0,0.0,0.0,1,,,,,synthetic,,,,
369.0,,target,999510101,CROSS STBD,-0.53,0.5249999999999998,-37.87525,144.9388080193654,12.0,270.0,270.0,18,danger,safe,1.2412670766236366e-16,-159.00000000000003,synthetic,,,,
370.0,,own,999510000,OWN SHIP,0.0,0.925,-37.86858333333333,144.95,9.0,0.0,0.0,1,,,,,synthetic,,,,
370.0,,target,999510101,CROSS STBD,-0.5333333333333334,0.5249999999999998,-37.87525,144.9387376295501,12.0,270.0,270.0,18,danger,safe,1.1102230246251565e-16,-160.00000000000006,synthetic,,,,
371.0,,own,999510000,OWN SHIP,0.0,0.9275,-37.868541666666665,144.95,9.0,0.0,0.0,1,,,,,synthetic,,,,
371.0,,target,999510101,CROSS STBD,-0.5366666666666668,0.5249999999999998,-37.87525,144.9386672397348,12.0,270.0,270.0,18,danger,safe,5.551115123125783e-17,-161.00000000000006,synthetic,,,,
372.0,,own,999510000,OWN SHIP,0.0,0.93,-37.8685,144.95,9.0,0.0,0.0,1,,,,,synthetic,,,,
372.0,,target,999510101,CROSS STBD,-0.54,0.5249999999999998,-37.87525,144.9385968499195,12.0,270.0,270.0,18,danger,safe,1.6653345369377348e-16,-162.0,synthetic,,,,
373.0,,own,999510000,OWN SHIP,0.0,0.9325,-37.868458333333336,144.95,9.0,0.0,0.0,1,,,,,synthetic,,,,
373.0,,target,999510101,CROSS STBD,-0.5433333333333334,0.5249999999999998,-37.87525,144.93852646010416,12.0,270.0,270.0,18,danger,safe,1.1102230246251565e-16,-163.00000000000006,synthetic,,,,
374.0,,own,999510000,OWN SHIP,0.0,0.935,-37.86841666666667,144.95,9.0,0.0,0.0,1,,,,,synthetic,,,,
374.0,,target,999510101,CROSS STBD,-0.5466666666666669,0.5249999999999998,-37.87525,144.93845607028885,12.0,270.0,270.0,18,danger,safe,5.551115123125783e-17,-164.00000000000006,synthetic,,,,
375.0,,own,999510000,OWN SHIP,0.0,0.9375,-37.868375,144.95,9.0,0.0,0.0,1,,,,,synthetic,,,,
375.0,,target,999510101,CROSS STBD,-0.55,0.5249999999999998,-37.87525,144.93838568047354,12.0,270.0,270.0,18,danger,safe,1.2412670766236366e-16,-165.00000000000003,synthetic,,,,
376.0,,own,999510000,OWN SHIP,0.0,0.9400000000000001,-37.86833333333333,144.95,9.0,0.0,0.0,1,,,,,synthetic,,,,
376.0,,target,999510101,CROSS STBD,-0.5533333333333335,0.5249999999999998,-37.87525,144.93831529065824,12.0,270.0,270.0,18,danger,safe,1.1102230246251565e-16,-166.00000000000003,synthetic,,,,
377.0,,own,999510000,OWN SHIP,0.0,0.9425,-37.868291666666664,144.95,9.0,0.0,0.0,1,,,,,synthetic,,,,
377.0,,target,999510101,CROSS STBD,-0.5566666666666669,0.5249999999999998,-37.87525,144.93824490084293,12.0,270.0,270.0,18,danger,safe,0.0,-167.00000000000006,synthetic,,,,
378.0,,own,999510000,OWN SHIP,0.0,0.9450000000000001,-37.86825,144.95,9.0,0.0,0.0,1,,,,,synthetic,,,,
378.0,,target,999510101,CROSS STBD,-0.56,0.5249999999999998,-37.87525,144.9381745110276,12.0,270.0,270.0,18,danger,safe,1.5700924586837752e-16,-168.00000000000003,synthetic,,,,
379.0,,own,999510000,OWN SHIP,0.0,0.9475,-37.868208333333335,144.95,9.0,0.0,0.0,1,,,,,synthetic,,,,
379.0,,target,999510101,CROSS STBD,-0.5633333333333335,0.5249999999999998,-37.87525,144.9381041212123,12.0,270.0,270.0,18,danger,safe,1.1102230246251565e-16,-169.00000000000006,synthetic,,,,
380.0,,own,999510000,OWN SHIP,0.0,0.9500000000000001,-37.86816666666667,144.95,9.0,0.0,0.0,1,,,,,synthetic,,,,
380.0,,target,999510101,CROSS STBD,-0.5666666666666669,0.5249999999999998,-37.87525,144.93803373139698,12.0,270.0,270.0,18,danger,safe,5.551115123125783e-17,-170.00000000000006,synthetic,,,,
381.0,,own,999510000,OWN SHIP,0.0,0.9525,-37.868125,144.95,9.0,0.0,0.0,1,,,,,synthetic,,,,
381.0,,target,999510101,CROSS STBD,-0.5700000000000001,0.5249999999999998,-37.87525,144.93796334158168,12.0,270.0,270.0,18,danger,safe,1.2412670766236366e-16,-171.00000000000003,synthetic,,,,
382.0,,own,999510000,OWN SHIP,0.0,0.9550000000000001,-37.86808333333333,144.95,9.0,0.0,0.0,1,,,,,synthetic,,,,
382.0,,target,999510101,CROSS STBD,-0.5733333333333335,0.5249999999999998,-37.87525,144.93789295176637,12.0,270.0,270.0,18,danger,safe,1.2412670766236366e-16,-172.00000000000006,synthetic,,,,
383.0,,own,999510000,OWN SHIP,0.0,0.9575,-37.86804166666667,144.95,9.0,0.0,0.0,1,,,,,synthetic,,,,
383.0,,target,999510101,CROSS STBD,-0.5766666666666669,0.5249999999999998,-37.87525,144.93782256195104,12.0,270.0,270.0,18,danger,safe,1.2412670766236366e-16,-173.00000000000009,synthetic,,,,
384.0,,own,999510000,OWN SHIP,0.0,0.96,-37.868,144.95,9.0,0.0,0.0,1,,,,,synthetic,,,,
384.0,,target,999510101,CROSS STBD,-0.5800000000000001,0.5249999999999998,-37.87525,144.93775217213573,12.0,270.0,270.0,18,danger,safe,1.1102230246251565e-16,-174.00000000000003,synthetic,,,,
385.0,,own,999510000,OWN SHIP,0.0,0.9625,-37.867958333333334,144.95,9.0,0.0,0.0,1,,,,,synthetic,,,,
385.0,,target,999510101,CROSS STBD,-0.5833333333333335,0.5249999999999998,-37.87525,144.93768178232042,12.0,270.0,270.0,18,danger,safe,1.1102230246251565e-16,-175.00000000000006,synthetic,,,,
386.0,,own,999510000,OWN SHIP,0.0,0.965,-37.867916666666666,144.95,9.0,0.0,0.0,1,,,,,synthetic,,,,
386.0,,target,999510101,CROSS STBD,-0.5866666666666669,0.5249999999999998,-37.87525,144.93761139250512,12.0,270.0,270.0,18,danger,safe,5.551115123125783e-17,-176.00000000000006,synthetic,,,,
387.0,,own,999510000,OWN SHIP,0.0,0.9675,-37.867875,144.95,9.0,0.0,0.0,1,,,,,synthetic,,,,
387.0,,target,999510101,CROSS STBD,-0.5900000000000001,0.5249999999999998,-37.87525,144.9375410026898,12.0,270.0,270.0,18,danger,safe,1.6653345369377348e-16,-177.0,synthetic,,,,
388.0,,own,999510000,OWN SHIP,0.0,0.97,-37.86783333333334,144.95,9.0,0.0,0.0,1,,,,,synthetic,,,,
388.0,,target,999510101,CROSS STBD,-0.5933333333333335,0.5249999999999998,-37.87525,144.93747061287448,12.0,270.0,270.0,18,danger,safe,0.0,-178.00000000000003,synthetic,,,,
389.0,,own,999510000,OWN SHIP,0.0,0.9725,-37.86779166666667,144.95,9.0,0.0,0.0,1,,,,,synthetic,,,,
389.0,,target,999510101,CROSS STBD,-0.5966666666666669,0.5249999999999998,-37.87525,144.93740022305917,12.0,270.0,270.0,18,danger,safe,0.0,-179.00000000000006,synthetic,,,,
390.0,,own,999510000,OWN SHIP,0.0,0.975,-37.86775,144.95,9.0,0.0,0.0,1,,,,,synthetic,,,,
390.0,,target,999510101,CROSS STBD,-0.6000000000000001,0.5249999999999998,-37.87525,144.93732983324387,12.0,270.0,270.0,18,danger,safe,0.0,-180.00000000000003,synthetic,,,,
391.0,,own,999510000,OWN SHIP,0.0,0.9775,-37.86770833333333,144.95,9.0,0.0,0.0,1,,,,,synthetic,,,,
391.0,,target,999510101,CROSS STBD,-0.6033333333333335,0.5249999999999998,-37.87525,144.93725944342856,12.0,270.0,270.0,18,danger,safe,1.1102230246251565e-16,-181.00000000000006,synthetic,,,,
392.0,,own,999510000,OWN SHIP,0.0,0.98,-37.867666666666665,144.95,9.0,0.0,0.0,1,,,,,synthetic,,,,
392.0,,target,999510101,CROSS STBD,-0.6066666666666667,0.5249999999999998,-37.87525,144.93718905361325,12.0,270.0,270.0,18,danger,safe,1.1102230246251565e-16,-182.00000000000003,synthetic,,,,
393.0,,own,999510000,OWN SHIP,0.0,0.9825,-37.867625000000004,144.95,9.0,0.0,0.0,1,,,,,synthetic,,,,
393.0,,target,999510101,CROSS STBD,-0.6100000000000001,0.5249999999999998,-37.87525,144.93711866379795,12.0,270.0,270.0,18,danger,safe,1.1102230246251565e-16,-183.00000000000006,synthetic,,,,
394.0,,own,999510000,OWN SHIP,0.0,0.985,-37.867583333333336,144.95,9.0,0.0,0.0,1,,,,,synthetic,,,,
394.0,,target,999510101,CROSS STBD,-0.6133333333333335,0.5249999999999998,-37.87525,144.9370482739826,12.0,270.0,270.0,18,danger,safe,5.551115123125783e-17,-184.00000000000006,synthetic,,,,
395.0,,own,999510000,OWN SHIP,0.0,0.9875,-37.86754166666667,144.95,9.0,0.0,0.0,1,,,,,synthetic,,,,
395.0,,target,999510101,CROSS STBD,-0.6166666666666667,0.5249999999999998,-37.87525,144.9369778841673,12.0,270.0,270.0,18,danger,safe,1.6653345369377348e-16,-185.0,synthetic,,,,
396.0,,own,999510000,OWN SHIP,0.0,0.99,-37.8675,144.95,9.0,0.0,0.0,1,,,,,synthetic,,,,
396.0,,target,999510101,CROSS STBD,-0.6200000000000001,0.5249999999999998,-37.87525,144.936907494352,12.0,270.0,270.0,18,danger,safe,5.551115123125783e-17,-186.00000000000003,synthetic,,,,
397.0,,own,999510000,OWN SHIP,0.0,0.9925,-37.86745833333333,144.95,9.0,0.0,0.0,1,,,,,synthetic,,,,
397.0,,target,999510101,CROSS STBD,-0.6233333333333335,0.5249999999999998,-37.87525,144.9368371045367,12.0,270.0,270.0,18,danger,safe,0.0,-187.00000000000006,synthetic,,,,
398.0,,own,999510000,OWN SHIP,0.0,0.995,-37.867416666666664,144.95,9.0,0.0,0.0,1,,,,,synthetic,,,,
398.0,,target,999510101,CROSS STBD,-0.6266666666666667,0.5249999999999998,-37.87525,144.9367667147214,12.0,270.0,270.0,18,danger,safe,1.2412670766236366e-16,-188.00000000000003,synthetic,,,,
399.0,,own,999510000,OWN SHIP,0.0,0.9975,-37.867375,144.95,9.0,0.0,0.0,1,,,,,synthetic,,,,
399.0,,target,999510101,CROSS STBD,-0.6300000000000001,0.5249999999999998,-37.87525,144.93669632490605,12.0,270.0,270.0,18,danger,safe,1.1102230246251565e-16,-189.00000000000003,synthetic,,,,
400.0,,own,999510000,OWN SHIP,0.0,1.0,-37.867333333333335,144.95,9.0,0.0,0.0,1,,,,,synthetic,,,,
400.0,,target,999510101,CROSS STBD,-0.6333333333333335,0.5249999999999998,-37.87525,144.93662593509075,12.0,270.0,270.0,18,danger,safe,1.2412670766236366e-16,-190.00000000000003,synthetic,,,,
401.0,,own,999510000,OWN SHIP,0.0,1.0025,-37.86729166666667,144.95,9.0,0.0,0.0,1,,,,,synthetic,,,,
401.0,,target,999510101,CROSS STBD,-0.6366666666666667,0.5249999999999998,-37.87525,144.93655554527544,12.0,270.0,270.0,18,danger,safe,5.551115123125783e-17,-191.0,synthetic,,,,
402.0,,own,999510000,OWN SHIP,0.0,1.0050000000000001,-37.86725,144.95,9.0,0.0,0.0,1,,,,,synthetic,,,,
402.0,,target,999510101,CROSS STBD,-0.6400000000000001,0.5249999999999998,-37.87525,144.93648515546013,12.0,270.0,270.0,18,danger,safe,1.2412670766236366e-16,-192.00000000000006,synthetic,,,,
403.0,,own,999510000,OWN SHIP,0.0,1.0075,-37.86720833333333,144.95,9.0,0.0,0.0,1,,,,,synthetic,,,,
403.0,,target,999510101,CROSS STBD,-0.6433333333333335,0.5249999999999998,-37.87525,144.93641476564483,12.0,270.0,270.0,18,danger,safe,0.0,-193.00000000000006,synthetic,,,,
404.0,,own,999510000,OWN SHIP,0.0,1.01,-37.86716666666667,144.95,9.0,0.0,0.0,1,,,,,synthetic,,,,
404.0,,target,999510101,CROSS STBD,-0.6466666666666667,0.5249999999999998,-37.87525,144.9363443758295,12.0,270.0,270.0,18,danger,safe,1.1102230246251565e-16,-194.0,synthetic,,,,
405.0,,own,999510000,OWN SHIP,0.0,1.0125,-37.867125,144.95,9.0,0.0,0.0,1,,,,,synthetic,,,,
405.0,,target,999510101,CROSS STBD,-0.6500000000000001,0.5249999999999998,-37.87525,144.93627398601419,12.0,270.0,270.0,18,danger,safe,1.2412670766236366e-16,-195.00000000000006,synthetic,,,,
406.0,,own,999510000,OWN SHIP,0.0,1.0150000000000001,-37.86708333333333,144.95,9.0,0.0,0.0,1,,,,,synthetic,,,,
406.0,,target,999510101,CROSS STBD,-0.6533333333333335,0.5249999999999998,-37.87525,144.93620359619888,12.0,270.0,270.0,18,danger,safe,1.1102230246251565e-16,-196.00000000000009,synthetic,,,,
407.0,,own,999510000,OWN SHIP,0.0,1.0175,-37.867041666666665,144.95,9.0,0.0,0.0,1,,,,,synthetic,,,,
407.0,,target,999510101,CROSS STBD,-0.6566666666666667,0.5249999999999998,-37.87525,144.93613320638357,12.0,270.0,270.0,18,danger,safe,1.5700924586837752e-16,-197.00000000000003,synthetic,,,,
408.0,,own,999510000,OWN SHIP,0.0,1.02,-37.867,144.95,9.0,0.0,0.0,1,,,,,synthetic,,,,
408.0,,target,999510101,CROSS STBD,-0.6600000000000001,0.5249999999999998,-37.87525,144.93606281656827,12.0,270.0,270.0,18,danger,safe,5.551115123125783e-17,-198.00000000000003,synthetic,,,,
409.0,,own,999510000,OWN SHIP,0.0,1.0225,-37.866958333333336,144.95,9.0,0.0,0.0,1,,,,,synthetic,,,,
409.0,,target,999510101,CROSS STBD,-0.6633333333333336,0.5249999999999998,-37.87525,144.93599242675293,12.0,270.0,270.0,18,danger,safe,5.551115123125783e-17,-199.00000000000006,synthetic,,,,
410.0,,own,999510000,OWN SHIP,0.0,1.025,-37.86691666666667,144.95,9.0,0.0,0.0,1,,,,,synthetic,,,,
410.0,,target,999510101,CROSS STBD,-0.6666666666666667,0.5249999999999998,-37.87525,144.93592203693763,12.0,270.0,270.0,18,danger,safe,0.0,-200.0,synthetic,,,,
411.0,,own,999510000,OWN SHIP,0.0,1.0275,-37.866875,144.95,9.0,0.0,0.0,1,,,,,synthetic,,,,
411.0,,target,999510101,CROSS STBD,-0.6700000000000002,0.5249999999999998,-37.87525,144.93585164712232,12.0,270.0,270.0,18,danger,safe,1.1102230246251565e-16,-201.00000000000006,synthetic,,,,
412.0,,own,999510000,OWN SHIP,0.0,1.03,-37.86683333333333,144.95,9.0,0.0,0.0,1,,,,,synthetic,,,,
412.0,,target,999510101,CROSS STBD,-0.6733333333333336,0.5249999999999998,-37.87525,144.935781257307,12.0,270.0,270.0,18,danger,safe,0.0,-202.00000000000006,synthetic,,,,
413.0,,own,999510000,OWN SHIP,0.0,1.0325,-37.866791666666664,144.95,9.0,0.0,0.0,1,,,,,synthetic,,,,
413.0,,target,999510101,CROSS STBD,-0.6766666666666667,0.5249999999999998,-37.87525,144.9357108674917,12.0,270.0,270.0,18,danger,safe,0.0,-203.00000000000003,synthetic,,,,
414.0,,own,999510000,OWN SHIP,0.0,1.035,-37.86675,144.95,9.0,0.0,0.0,1,,,,,synthetic,,,,
414.0,,target,999510101,CROSS STBD,-0.6800000000000002,0.5249999999999998,-37.87525,144.93564047767637,12.0,270.0,270.0,18,danger,safe,0.0,-204.00000000000003,synthetic,,,,
415.0,,own,999510000,OWN SHIP,0.0,1.0375,-37.866708333333335,144.95,9.0,0.0,0.0,1,,,,,synthetic,,,,
415.0,,target,999510101,CROSS STBD,-0.6833333333333336,0.5249999999999998,-37.87525,144.93557008786107,12.0,270.0,270.0,18,danger,safe,1.1102230246251565e-16,-205.00000000000009,synthetic,,,,
416.0,,own,999510000,OWN SHIP,0.0,1.04,-37.86666666666667,144.95,9.0,0.0,0.0,1,,,,,synthetic,,,,
416.0,,target,999510101,CROSS STBD,-0.6866666666666668,0.5249999999999998,-37.87525,144.93549969804576,12.0,270.0,270.0,18,danger,safe,1.1102230246251565e-16,-206.00000000000003,synthetic,,,,
417.0,,own,999510000,OWN SHIP,0.0,1.0425,-37.866625,144.95,9.0,0.0,0.0,1,,,,,synthetic,,,,
417.0,,target,999510101,CROSS STBD,-0.6900000000000002,0.5249999999999998,-37.87525,144.93542930823045,12.0,270.0,270.0,18,danger,safe,1.5700924586837752e-16,-207.00000000000006,synthetic,,,,
418.0,,own,999510000,OWN SHIP,0.0,1.045,-37.86658333333333,144.95,9.0,0.0,0.0,1,,,,,synthetic,,,,
418.0,,target,999510101,CROSS STBD,-0.6933333333333334,0.5249999999999998,-37.87525,144.93535891841515,12.0,270.0,270.0,18,danger,safe,0.0,-208.0,synthetic,,,,
419.0,,own,999510000,OWN SHIP,0.0,1.0475,-37.86654166666667,144.95,9.0,0.0,0.0,1,,,,,synthetic,,,,
419.0,,target,999510101,CROSS STBD,-0.6966666666666668,0.5249999999999998,-37.87525,144.9352885285998,12.0,270.0,270.0,18,danger,safe,1.1102230246251565e-16,-209.00000000000006,synthetic,,,,
420.0,,own,999510000,OWN SHIP,0.0,1.05,-37.8665,144.95,9.0,0.0,0.0,1,,,,,synthetic,,,,
420.0,,target,999510101,CROSS STBD,-0.7000000000000002,0.5249999999999998,-37.87525,144.9352181387845,12.0,270.0,270.0,18,danger,safe,1.1102230246251565e-16,-210.00000000000006,synthetic,,,,
421.0,,own,999510000,OWN SHIP,0.0,1.0525,-37.866458333333334,144.95,9.0,0.0,0.0,1,,,,,synthetic,,,,
421.0,,target,999510101,CROSS STBD,-0.7033333333333334,0.5249999999999998,-37.87525,144.9351477489692,12.0,270.0,270.0,18,danger,safe,1.1102230246251565e-16,-211.00000000000003,synthetic,,,,
422.0,,own,999510000,OWN SHIP,0.0,1.055,-37.866416666666666,144.95,9.0,0.0,0.0,1,,,,,synthetic,,,,
422.0,,target,999510101,CROSS STBD,-0.7066666666666668,0.5249999999999998,-37.87525,144.9350773591539,12.0,270.0,270.0,18,danger,safe,0.0,-212.00000000000003,synthetic,,,,
423.0,,own,999510000,OWN SHIP,0.0,1.0575,-37.866375,144.95,9.0,0.0,0.0,1,,,,,synthetic,,,,
423.0,,target,999510101,CROSS STBD,-0.7100000000000002,0.5249999999999998,-37.87525,144.9350069693386,12.0,270.0,270.0,18,danger,safe,1.1102230246251565e-16,-213.00000000000009,synthetic,,,,
424.0,,own,999510000,OWN SHIP,0.0,1.06,-37.86633333333334,144.95,9.0,0.0,0.0,1,,,,,synthetic,,,,
424.0,,target,999510101,CROSS STBD,-0.7133333333333334,0.5249999999999998,-37.87525,144.93493657952325,12.0,270.0,270.0,18,danger,safe,1.5700924586837752e-16,-214.00000000000003,synthetic,,,,
425.0,,own,999510000,OWN SHIP,0.0,1.0625,-37.86629166666667,144.95,9.0,0.0,0.0,1,,,,,synthetic,,,,
425.0,,target,999510101,CROSS STBD,-0.7166666666666668,0.5249999999999998,-37.87525,144.93486618970795,12.0,270.0,270.0,18,danger,safe,1.1102230246251565e-16,-215.00000000000006,synthetic,,,,
426.0,,own,999510000,OWN SHIP,0.0,1.065,-37.86625,144.95,9.0,0.0,0.0,1,,,,,synthetic,,,,
426.0,,target,999510101,CROSS STBD,-0.7200000000000002,0.5249999999999998,-37.87525,144.93479579989264,12.0,270.0,270.0,18,danger,safe,1.1102230246251565e-16,-216.00000000000006,synthetic,,,,
427.0,,own,999510000,OWN SHIP,0.0,1.0675000000000001,-37.86620833333333,144.95,9.0,0.0,0.0,1,,,,,synthetic,,,,
427.0,,target,999510101,CROSS STBD,-0.7233333333333334,0.5249999999999998,-37.87525,144.93472541007733,12.0,270.0,270.0,18,danger,safe,1.5700924586837752e-16,-217.00000000000003,synthetic,,,,
428.0,,own,999510000,OWN SHIP,0.0,1.07,-37.866166666666665,144.95,9.0,0.0,0.0,1,,,,,synthetic,,,,
428.0,,target,999510101,CROSS STBD,-0.7266666666666668,0.5249999999999998,-37.87525,144.93465502026203,12.0,270.0,270.0,18,danger,safe,1.1102230246251565e-16,-218.00000000000003,synthetic,,,,
429.0,,own,999510000,OWN SHIP,0.0,1.0725,-37.866125000000004,144.95,9.0,0.0,0.0,1,,,,,synthetic,,,,
429.0,,target,999510101,CROSS STBD,-0.7300000000000002,0.5249999999999998,-37.87525,144.93458463044672,12.0,270.0,270.0,18,danger,safe,0.0,-219.00000000000006,synthetic,,,,
430.0,,own,999510000,OWN SHIP,0.0,1.075,-37.866083333333336,144.95,9.0,0.0,0.0,1,,,,,synthetic,,,,
430.0,,target,999510101,CROSS STBD,-0.7333333333333334,0.5249999999999998,-37.87525,144.9345142406314,12.0,270.0,270.0,18,danger,safe,1.1102230246251565e-16,-220.00000000000003,synthetic,,,,
431.0,,own,999510000,OWN SHIP,0.0,1.0775000000000001,-37.86604166666667,144.95,9.0,0.0,0.0,1,,,,,synthetic,,,,
431.0,,target,999510101,CROSS STBD,-0.7366666666666668,0.5249999999999998,-37.87525,144.93444385081608,12.0,270.0,270.0,18,danger,safe,2.220446049250313e-16,-221.00000000000009,synthetic,,,,
432.0,,own,999510000,OWN SHIP,0.0,1.08,-37.866,144.95,9.0,0.0,0.0,1,,,,,synthetic,,,,
432.0,,target,999510101,CROSS STBD,-0.7400000000000002,0.5249999999999998,-37.87525,144.93437346100077,12.0,270.0,270.0,18,danger,safe,1.5700924586837752e-16,-222.00000000000003,synthetic,,,,
433.0,,own,999510000,OWN SHIP,0.0,1.0825,-37.86595833333333,144.95,9.0,0.0,0.0,1,,,,,synthetic,,,,
433.0,,target,999510101,CROSS STBD,-0.7433333333333334,0.5249999999999998,-37.87525,144.93430307118547,12.0,270.0,270.0,18,danger,safe,1.1102230246251565e-16,-223.00000000000003,synthetic,,,,
434.0,,own,999510000,OWN SHIP,0.0,1.085,-37.865916666666664,144.95,9.0,0.0,0.0,1,,,,,synthetic,,,,
434.0,,target,999510101,CROSS STBD,-0.7466666666666668,0.5249999999999998,-37.87525,144.93423268137016,12.0,270.0,270.0,18,danger,safe,0.0,-224.00000000000003,synthetic,,,,
435.0,,own,999510000,OWN SHIP,0.0,1.0875000000000001,-37.865875,144.95,9.0,0.0,0.0,1,,,,,synthetic,,,,
435.0,,target,999510101,CROSS STBD,-0.7500000000000002,0.5249999999999998,-37.87525,144.93416229155483,12.0,270.0,270.0,18,danger,safe,1.1102230246251565e-16,-225.00000000000006,synthetic,,,,
436.0,,own,999510000,OWN SHIP,0.0,1.09,-37.865833333333335,144.95,9.0,0.0,0.0,1,,,,,synthetic,,,,
436.0,,target,999510101,CROSS STBD,-0.7533333333333334,0.5249999999999998,-37.87525,144.93409190173952,12.0,270.0,270.0,18,danger,safe,2.220446049250313e-16,-226.0,synthetic,,,,
437.0,,own,999510000,OWN SHIP,0.0,1.0925,-37.86579166666667,144.95,9.0,0.0,0.0,1,,,,,synthetic,,,,
437.0,,target,999510101,CROSS STBD,-0.7566666666666668,0.5249999999999998,-37.87525,144.93402151192421,12.0,270.0,270.0,18,danger,safe,1.1102230246251565e-16,-227.00000000000006,synthetic,,,,
438.0,,own,999510000,OWN SHIP,0.0,1.095,-37.86575,144.95,9.0,0.0,0.0,1,,,,,synthetic,,,,
438.0,,target,999510101,CROSS STBD,-0.7600000000000002,0.5249999999999998,-37.87525,144.9339511221089,12.0,270.0,270.0,18,danger,safe,1.1102230246251565e-16,-228.00000000000003,synthetic,,,,
439.0,,own,999510000,OWN SHIP,0.0,1.0975,-37.86570833333333,144.95,9.0,0.0,0.0,1,,,,,synthetic,,,,
439.0,,target,999510101,CROSS STBD,-0.7633333333333334,0.5249999999999998,-37.87525,144.9338807322936,12.0,270.0,270.0,18,danger,safe,1.5700924586837752e-16,-229.00000000000003,synthetic,,,,
440.0,,own,999510000,OWN SHIP,0.0,1.1,-37.86566666666667,144.95,9.0,0.0,0.0,1,,,,,synthetic,,,,
440.0,,target,999510101,CROSS STBD,-0.7666666666666668,0.5249999999999998,-37.87525,144.93381034247827,12.0,270.0,270.0,18,danger,safe,1.1102230246251565e-16,-230.00000000000003,synthetic,,,,
441.0,,own,999510000,OWN SHIP,0.0,1.1025,-37.865625,144.95,9.0,0.0,0.0,1,,,,,synthetic,,,,
441.0,,target,999510101,CROSS STBD,-0.7700000000000002,0.5249999999999998,-37.87525,144.93373995266296,12.0,270.0,270.0,18,danger,safe,0.0,-231.00000000000006,synthetic,,,,
442.0,,own,999510000,OWN SHIP,0.0,1.105,-37.86558333333333,144.95,9.0,0.0,0.0,1,,,,,synthetic,,,,
442.0,,target,999510101,CROSS STBD,-0.7733333333333334,0.5249999999999998,-37.87525,144.93366956284765,12.0,270.0,270.0,18,danger,safe,1.5700924586837752e-16,-232.00000000000006,synthetic,,,,
443.0,,own,999510000,OWN SHIP,0.0,1.1075,-37.865541666666665,144.95,9.0,0.0,0.0,1,,,,,synthetic,,,,
443.0,,target,999510101,CROSS STBD,-0.7766666666666668,0.5249999999999998,-37.87525,144.93359917303235,12.0,270.0,270.0,18,danger,safe,1.1102230246251565e-16,-233.0,synthetic,,,,
444.0,,own,999510000,OWN SHIP,0.0,1.11,-37.8655,144.95,9.0,0.0,0.0,1,,,,,synthetic,,,,
444.0,,target,999510101,CROSS STBD,-0.7800000000000002,0.5249999999999998,-37.87525,144.93352878321704,12.0,270.0,270.0,18,danger,safe,0.0,-234.00000000000006,synthetic,,,,
445.0,,own,999510000,OWN SHIP,0.0,1.1125,-37.865458333333336,144.95,9.0,0.0,0.0,1,,,,,synthetic,,,,
445.0,,target,999510101,CROSS STBD,-0.7833333333333334,0.5249999999999998,-37.87525,144.9334583934017,12.0,270.0,270.0,18,danger,safe,1.1102230246251565e-16,-235.00000000000003,synthetic,,,,
446.0,,own,999510000,OWN SHIP,0.0,1.115,-37.86541666666667,144.95,9.0,0.0,0.0,1,,,,,synthetic,,,,
446.0,,target,999510101,CROSS STBD,-0.7866666666666668,0.5249999999999998,-37.87525,144.9333880035864,12.0,270.0,270.0,18,danger,safe,0.0,-236.00000000000003,synthetic,,,,
447.0,,own,999510000,OWN SHIP,0.0,1.1175,-37.865375,144.95,9.0,0.0,0.0,1,,,,,synthetic,,,,
447.0,,target,999510101,CROSS STBD,-0.79,0.5249999999999998,-37.87525,144.9333176137711,12.0,270.0,270.0,18,danger,safe,1.5700924586837752e-16,-236.99999999999997,synthetic,,,,
448.0,,own,999510000,OWN SHIP,0.0,1.12,-37.86533333333333,144.95,9.0,0.0,0.0,1,,,,,synthetic,,,,
448.0,,target,999510101,CROSS STBD,-0.7933333333333334,0.5249999999999998,-37.87525,144.9332472239558,12.0,270.0,270.0,18,danger,safe,1.1102230246251565e-16,-238.00000000000003,synthetic,,,,
449.0,,own,999510000,OWN SHIP,0.0,1.1225,-37.865291666666664,144.95,9.0,0.0,0.0,1,,,,,synthetic,,,,
449.0,,target,999510101,CROSS STBD,-0.7966666666666669,0.5249999999999998,-37.87525,144.93317683414048,12.0,270.0,270.0,18,danger,safe,0.0,-239.00000000000006,synthetic,,,,
450.0,,own,999510000,OWN SHIP,0.0,1.125,-37.86525,144.95,9.0,0.0,0.0,1,,,,,synthetic,,,,
450.0,,target,999510101,CROSS STBD,-0.8,0.5249999999999998,-37.87525,144.93310644432515,12.0,270.0,270.0,18,danger,safe,1.1102230246251565e-16,-240.0,synthetic,,,,
451.0,,own,999510000,OWN SHIP,0.0,1.1275,-37.865208333333335,144.95,9.0,0.0,0.0,1,,,,,synthetic,,,,
451.0,,target,999510101,CROSS STBD,-0.8033333333333335,0.5249999999999998,-37.87525,144.93303605450984,12.0,270.0,270.0,18,danger,safe,1.5700924586837752e-16,-241.00000000000006,synthetic,,,,
452.0,,own,999510000,OWN SHIP,0.0,1.1300000000000001,-37.86516666666667,144.95,9.0,0.0,0.0,1,,,,,synthetic,,,,
452.0,,target,999510101,CROSS STBD,-0.8066666666666669,0.5249999999999998,-37.87525,144.93296566469454,12.0,270.0,270.0,18,danger,safe,1.1102230246251565e-16,-242.00000000000006,synthetic,,,,
453.0,,own,999510000,OWN SHIP,0.0,1.1325,-37.865125,144.95,9.0,0.0,0.0,1,,,,,synthetic,,,,
453.0,,target,999510101,CROSS STBD,-0.81,0.5249999999999998,-37.87525,144.93289527487923,12.0,270.0,270.0,18,danger,safe,1.5700924586837752e-16,-243.00000000000003,synthetic,,,,
454.0,,own,999510000,OWN SHIP,0.0,1.135,-37.86508333333333,144.95,9.0,0.0,0.0,1,,,,,synthetic,,,,
454.0,,target,999510101,CROSS STBD,-0.8133333333333335,0.5249999999999997,-37.87525,144.93282488506392,12.0,270.0,270.0,18,danger,safe,1.1102230246251565e-16,-244.00000000000003,synthetic,,,,
455.0,,own,999510000,OWN SHIP,0.0,1.1375,-37.86504166666667,144.95,9.0,0.0,0.0,1,,,,,synthetic,,,,
455.0,,target,999510101,CROSS STBD,-0.8166666666666669,0.5249999999999997,-37.87525,144.9327544952486,12.0,270.0,270.0,18,danger,safe,1.5700924586837752e-16,-245.00000000000009,synthetic,,,,
456.0,,own,999510000,OWN SHIP,0.0,1.1400000000000001,-37.865,144.95,9.0,0.0,0.0,1,,,,,synthetic,,,,
456.0,,target,999510101,CROSS STBD,-0.8200000000000001,0.5249999999999997,-37.87525,144.93268410543328,12.0,270.0,270.0,18,danger,safe,2.482534153247273e-16,-246.00000000000003,synthetic,,,,
457.0,,own,999510000,OWN SHIP,0.0,1.1425,-37.864958333333334,144.95,9.0,0.0,0.0,1,,,,,synthetic,,,,
457.0,,target,999510101,CROSS STBD,-0.8233333333333335,0.5249999999999997,-37.87525,144.93261371561798,12.0,270.0,270.0,18,danger,safe,2.220446049250313e-16,-247.00000000000009,synthetic,,,,
458.0,,own,999510000,OWN SHIP,0.0,1.145,-37.864916666666666,144.95,9.0,0.0,0.0,1,,,,,synthetic,,,,
458.0,,target,999510101,CROSS STBD,-0.8266666666666669,0.5249999999999997,-37.87525,144.93254332580267,12.0,270.0,270.0,18,danger,safe,1.1102230246251565e-16,-248.00000000000006,synthetic,,,,
459.0,,own,999510000,OWN SHIP,0.0,1.1475,-37.864875,144.95,9.0,0.0,0.0,1,,,,,synthetic,,,,
459.0,,target,999510101,CROSS STBD,-0.8300000000000001,0.5249999999999997,-37.87525,144.93247293598736,12.0,270.0,270.0,18,danger,safe,2.220446049250313e-16,-249.00000000000006,synthetic,,,,
460.0,,own,999510000,OWN SHIP,0.0,1.1500000000000001,-37.86483333333334,144.95,9.0,0.0,0.0,1,,,,,synthetic,,,,
460.0,,target,999510101,CROSS STBD,-0.8333333333333335,0.5249999999999997,-37.87525,144.93240254617206,12.0,270.0,270.0,18,danger,safe,2.482534153247273e-16,-250.00000000000006,synthetic,,,,
461.0,,own,999510000,OWN SHIP,0.0,1.1525,-37.86479166666667,144.95,9.0,0.0,0.0,1,,,,,synthetic,,,,
461.0,,target,999510101,CROSS STBD,-0.8366666666666669,0.5249999999999997,-37.87525,144.93233215635672,12.0,270.0,270.0,18,danger,safe,1.1102230246251565e-16,-251.00000000000006,synthetic,,,,
462.0,,own,999510000,OWN SHIP,0.0,1.155,-37.86475,144.95,9.0,0.0,0.0,1,,,,,synthetic,,,,
462.0,,target,999510101,CROSS STBD,-0.8400000000000001,0.5249999999999997,-37.87525,144.93226176654142,12.0,270.0,270.0,18,danger,safe,1.5700924586837752e-16,-252.00000000000003,synthetic,,,,
463.0,,own,999510000,OWN SHIP,0.0,1.1575,-37.86470833333333,144.95,9.0,0.0,0.0,1,,,,,synthetic,,,,
463.0,,target,999510101,CROSS STBD,-0.8433333333333335,0.5249999999999997,-37.87525,144.9321913767261,12.0,270.0,270.0,18,danger,safe,1.1102230246251565e-16,-253.00000000000003,synthetic,,,,
464.0,,own,999510000,OWN SHIP,0.0,1.16,-37.864666666666665,144.95,9.0,0.0,0.0,1,,,,,synthetic,,,,
464.0,,target,999510101,CROSS STBD,-0.8466666666666669,0.5249999999999997,-37.87525,144.9321209869108,12.0,270.0,270.0,18,danger,safe,1.5700924586837752e-16,-254.00000000000009,synthetic,,,,
465.0,,own,999510000,OWN SHIP,0.0,1.1625,-37.864625000000004,144.95,9.0,0.0,0.0,1,,,,,synthetic,,,,
465.0,,target,999510101,CROSS STBD,-0.8500000000000001,0.5249999999999997,-37.87525,144.9320505970955,12.0,270.0,270.0,18,danger,safe,1.5700924586837752e-16,-255.00000000000006,synthetic,,,,
466.0,,own,999510000,OWN SHIP,0.0,1.165,-37.864583333333336,144.95,9.0,0.0,0.0,1,,,,,synthetic,,,,
466.0,,target,999510101,CROSS STBD,-0.8533333333333335,0.5249999999999997,-37.87525,144.93198020728016,12.0,270.0,270.0,18,danger,safe,1.5700924586837752e-16,-256.00000000000006,synthetic,,,,
467.0,,own,999510000,OWN SHIP,0.0,1.1675,-37.86454166666667,144.95,9.0,0.0,0.0,1,,,,,synthetic,,,,
467.0,,target,999510101,CROSS STBD,-0.8566666666666669,0.5249999999999997,-37.87525,144.93190981746486,12.0,270.0,270.0,18,danger,safe,0.0,-257.00000000000006,synthetic,,,,
468.0,,own,999510000,OWN SHIP,0.0,1.17,-37.8645,144.95,9.0,0.0,0.0,1,,,,,synthetic,,,,
468.0,,target,999510101,CROSS STBD,-0.8600000000000001,0.5249999999999997,-37.87525,144.93183942764955,12.0,270.0,270.0,18,danger,safe,1.1102230246251565e-16,-258.0,synthetic,,,,
469.0,,own,999510000,OWN SHIP,0.0,1.1725,-37.86445833333333,144.95,9.0,0.0,0.0,1,,,,,synthetic,,,,
469.0,,target,999510101,CROSS STBD,-0.8633333333333335,0.5249999999999997,-37.87525,144.93176903783424,12.0,270.0,270.0,18,danger,safe,1.5700924586837752e-16,-259.00000000000006,synthetic,,,,
470.0,,own,999510000,OWN SHIP,0.0,1.175,-37.86441666666666,144.95,9.0,0.0,0.0,1,,,,,synthetic,,,,
470.0,,target,999510101,CROSS STBD,-0.8666666666666669,0.5249999999999997,-37.87525,144.93169864801894,12.0,270.0,270.0,18,danger,safe,1.1102230246251565e-16,-260.00000000000006,synthetic,,,,
471.0,,own,999510000,OWN SHIP,0.0,1.1775,-37.864375,144.95,9.0,0.0,0.0,1,,,,,synthetic,,,,
471.0,,target,999510101,CROSS STBD,-0.8700000000000001,0.5249999999999997,-37.87525,144.9316282582036,12.0,270.0,270.0,18,danger,safe,1.1102230246251565e-16,-261.00000000000006,synthetic,,,,
472.0,,own,999510000,OWN SHIP,0.0,1.18,-37.864333333333335,144.95,9.0,0.0,0.0,1,,,,,synthetic,,,,
472.0,,target,999510101,CROSS STBD,-0.8733333333333335,0.5249999999999997,-37.87525,144.9315578683883,12.0,270.0,270.0,18,danger,safe,1.1102230246251565e-16,-262.00000000000006,synthetic,,,,
473.0,,own,999510000,OWN SHIP,0.0,1.1825,-37.86429166666667,144.95,9.0,0.0,0.0,1,,,,,synthetic,,,,
473.0,,target,999510101,CROSS STBD,-0.8766666666666667,0.5249999999999997,-37.87525,144.931487478573,12.0,270.0,270.0,18,danger,safe,2.482534153247273e-16,-263.00000000000006,synthetic,,,,
474.0,,own,999510000,OWN SHIP,0.0,1.185,-37.86425,144.95,9.0,0.0,0.0,1,,,,,synthetic,,,,
474.0,,target,999510101,CROSS STBD,-0.8800000000000001,0.5249999999999997,-37.87525,144.93141708875768,12.0,270.0,270.0,18,danger,safe,1.5700924586837752e-16,-264.00000000000006,synthetic,,,,
475.0,,own,999510000,OWN SHIP,0.0,1.1875,-37.86420833333333,144.95,9.0,0.0,0.0,1,,,,,synthetic,,,,
475.0,,target,999510101,CROSS STBD,-0.8833333333333335,0.5249999999999997,-37.87525,144.93134669894238,12.0,270.0,270.0,18,danger,safe,0.0,-265.00000000000006,synthetic,,,,
476.0,,own,999510000,OWN SHIP,0.0,1.19,-37.86416666666667,144.95,9.0,0.0,0.0,1,,,,,synthetic,,,,
476.0,,target,999510101,CROSS STBD,-0.8866666666666667,0.5249999999999997,-37.87525,144.93127630912704,12.0,270.0,270.0,18,danger,safe,1.1102230246251565e-16,-266.0,synthetic,,,,
477.0,,own,999510000,OWN SHIP,0.0,1.1925000000000001,-37.864125,144.95,9.0,0.0,0.0,1,,,,,synthetic,,,,
477.0,,target,999510101,CROSS STBD,-0.8900000000000001,0.5249999999999997,-37.87525,144.93120591931174,12.0,270.0,270.0,18,danger,safe,1.5700924586837752e-16,-267.00000000000006,synthetic,,,,
478.0,,own,999510000,OWN SHIP,0.0,1.195,-37.86408333333333,144.95,9.0,0.0,0.0,1,,,,,synthetic,,,,
478.0,,target,999510101,CROSS STBD,-0.8933333333333335,0.5249999999999997,-37.87525,144.93113552949643,12.0,270.0,270.0,18,danger,safe,1.1102230246251565e-16,-268.00000000000006,synthetic,,,,
479.0,,own,999510000,OWN SHIP,0.0,1.1975,-37.864041666666665,144.95,9.0,0.0,0.0,1,,,,,synthetic,,,,
479.0,,target,999510101,CROSS STBD,-0.8966666666666667,0.5249999999999997,-37.87525,144.93106513968112,12.0,270.0,270.0,18,danger,safe,2.220446049250313e-16,-269.00000000000006,synthetic,,,,
480.0,,own,999510000,OWN SHIP,0.0,1.2,-37.864,144.95,9.0,0.0,0.0,1,,,,,synthetic,,,,
480.0,,target,999510101,CROSS STBD,-0.9000000000000001,0.5249999999999997,-37.87525,144.93099474986582,12.0,270.0,270.0,18,danger,safe,1.1102230246251565e-16,-270.00000000000006,synthetic,,,,
481.0,,own,999510000,OWN SHIP,0.0,1.2025000000000001,-37.863958333333336,144.95,9.0,0.0,0.0,1,,,,,synthetic,,,,
481.0,,target,999510101,CROSS STBD,-0.9033333333333335,0.5249999999999997,-37.87525,144.93092436005048,12.0,270.0,270.0,18,danger,safe,2.220446049250313e-16,-271.0000000000001,synthetic,,,,
482.0,,own,999510000,OWN SHIP,0.0,1.205,-37.86391666666667,144.95,9.0,0.0,0.0,1,,,,,synthetic,,,,
482.0,,target,999510101,CROSS STBD,-0.9066666666666667,0.5249999999999997,-37.87525,144.93085397023518,12.0,270.0,270.0,18,danger,safe,2.482534153247273e-16,-272.00000000000006,synthetic,,,,
483.0,,own,999510000,OWN SHIP,0.0,1.2075,-37.863875,144.95,9.0,0.0,0.0,1,,,,,synthetic,,,,
483.0,,target,999510101,CROSS STBD,-0.9100000000000001,0.5249999999999997,-37.87525,144.93078358041987,12.0,270.0,270.0,18,danger,safe,1.1102230246251565e-16,-273.00000000000006,synthetic,,,,
484.0,,own,999510000,OWN SHIP,0.0,1.21,-37.86383333333333,144.95,9.0,0.0,0.0,1,,,,,synthetic,,,,
484.0,,target,999510101,CROSS STBD,-0.9133333333333336,0.5249999999999997,-37.87525,144.93071319060456,12.0,270.0,270.0,18,danger,safe,0.0,-274.00000000000006,synthetic,,,,
485.0,,own,999510000,OWN SHIP,0.0,1.2125000000000001,-37.863791666666664,144.95,9.0,0.0,0.0,1,,,,,synthetic,,,,
485.0,,target,999510101,CROSS STBD,-0.9166666666666667,0.5249999999999997,-37.87525,144.93064280078926,12.0,270.0,270.0,18,danger,safe,3.1401849173675503e-16,-275.00000000000006,synthetic,,,,
486.0,,own,999510000,OWN SHIP,0.0,1.215,-37.86375,144.95,9.0,0.0,0.0,1,,,,,synthetic,,,,
486.0,,target,999510101,CROSS STBD,-0.9200000000000002,0.5249999999999997,-37.87525,144.93057241097392,12.0,270.0,270.0,18,danger,safe,2.482534153247273e-16,-276.0,synthetic,,,,
487.0,,own,999510000,OWN SHIP,0.0,1.2175,-37.863708333333335,144.95,9.0,0.0,0.0,1,,,,,synthetic,,,,
487.0,,target,999510101,CROSS STBD,-0.9233333333333336,0.5249999999999997,-37.87525,144.93050202115862,12.0,270.0,270.0,18,danger,safe,1.1102230246251565e-16,-277.00000000000006,synthetic,,,,
488.0,,own,999510000,OWN SHIP,0.0,1.22,-37.86366666666667,144.95,9.0,0.0,0.0,1,,,,,synthetic,,,,
488.0,,target,999510101,CROSS STBD,-0.9266666666666667,0.5249999999999997,-37.87525,144.9304316313433,12.0,270.0,270.0,18,danger,safe,1.1102230246251565e-16,-278.00000000000006,synthetic,,,,
489.0,,own,999510000,OWN SHIP,0.0,1.2225,-37.863625,144.95,9.0,0.0,0.0,1,,,,,synthetic,,,,
489.0,,target,999510101,CROSS STBD,-0.9300000000000002,0.5249999999999997,-37.87525,144.930361241528,12.0,270.0,270.0,18,danger,safe,1.1102230246251565e-16,-279.00000000000006,synthetic,,,,
490.0,,own,999510000,OWN SHIP,0.0,1.225,-37.86358333333333,144.95,9.0,0.0,0.0,1,,,,,synthetic,,,,
490.0,,target,999510101,CROSS STBD,-0.9333333333333336,0.5249999999999997,-37.87525,144.9302908517127,12.0,270.0,270.0,18,danger,safe,2.220446049250313e-16,-280.0000000000001,synthetic,,,,
491.0,,own,999510000,OWN SHIP,0.0,1.2275,-37.86354166666667,144.95,9.0,0.0,0.0,1,,,,,synthetic,,,,
491.0,,target,999510101,CROSS STBD,-0.9366666666666668,0.5249999999999997,-37.87525,144.93022046189736,12.0,270.0,270.0,18,danger,safe,1.5700924586837752e-16,-281.00000000000006,synthetic,,,,
492.0,,own,999510000,OWN SHIP,0.0,1.23,-37.8635,144.95,9.0,0.0,0.0,1,,,,,synthetic,,,,
492.0,,target,999510101,CROSS STBD,-0.9400000000000002,0.5249999999999997,-37.87525,144.93015007208206,12.0,270.0,270.0,18,danger,safe,1.1102230246251565e-16,-282.00000000000006,synthetic,,,,
493.0,,own,999510000,OWN SHIP,0.0,1.2325,-37.863458333333334,144.95,9.0,0.0,0.0,1,,,,,synthetic,,,,
493.0,,target,999510101,CROSS STBD,-0.9433333333333336,0.5249999999999997,-37.87525,144.93007968226675,12.0,270.0,270.0,18,danger,safe,0.0,-283.00000000000006,synthetic,,,,
494.0,,own,999510000,OWN SHIP,0.0,1.235,-37.863416666666666,144.95,9.0,0.0,0.0,1,,,,,synthetic,,,,
494.0,,target,999510101,CROSS STBD,-0.9466666666666668,0.5249999999999997,-37.87525,144.93000929245144,12.0,270.0,270.0,18,danger,safe,1.5700924586837752e-16,-284.00000000000006,synthetic,,,,
495.0,,own,999510000,OWN SHIP,0.0,1.2375,-37.863375,144.95,9.0,0.0,0.0,1,,,,,synthetic,,,,
495.0,,target,999510101,CROSS STBD,-0.9500000000000002,0.5249999999999997,-37.87525,144.92993890263614,12.0,270.0,270.0,18,danger,safe,1.5700924586837752e-16,-285.00000000000006,synthetic,,,,
496.0,,own,999510000,OWN SHIP,0.0,1.24,-37.86333333333334,144.95,9.0,0.0,0.0,1,,,,,synthetic,,,,
496.0,,target,999510101,CROSS STBD,-0.9533333333333336,0.5249999999999997,-37.87525,144.92986851282083,12.0,270.0,270.0,18,danger,safe,2.482534153247273e-16,-286.0000000000001,synthetic,,,,
497.0,,own,999510000,OWN SHIP,0.0,1.2425,-37.86329166666667,144.95,9.0,0.0,0.0,1,,,,,synthetic,,,,
497.0,,target,999510101,CROSS STBD,-0.9566666666666668,0.5249999999999997,-37.87525,144.9297981230055,12.0,270.0,270.0,18,danger,safe,1.1102230246251565e-16,-287.00000000000006,synthetic,,,,
498.0,,own,999510000,OWN SHIP,0.0,1.245,-37.86325,144.95,9.0,0.0,0.0,1,,,,,synthetic,,,,
498.0,,target,999510101,CROSS STBD,-0.9600000000000002,0.5249999999999997,-37.87525,144.9297277331902,12.0,270.0,270.0,18,danger,safe,2.220446049250313e-16,-288.0000000000001,synthetic,,,,
499.0,,own,999510000,OWN SHIP,0.0,1.2475,-37.86320833333333,144.95,9.0,0.0,0.0,1,,,,,synthetic,,,,
499.0,,target,999510101,CROSS STBD,-0.9633333333333334,0.5249999999999997,-37.87525,144.92965734337488,12.0,270.0,270.0,18,danger,safe,2.482534153247273e-16,-289.00000000000006,synthetic,,,,
500.0,,own,999510000,OWN SHIP,0.0,1.25,-37.863166666666665,144.95,9.0,0.0,0.0,1,,,,,synthetic,,,,
500.0,,target,999510101,CROSS STBD,-0.9666666666666668,0.5249999999999997,-37.87525,144.92958695355958,12.0,270.0,270.0,18,danger,safe,2.482534153247273e-16,-290.0,synthetic,,,,
501.0,,own,999510000,OWN SHIP,0.0,1.2525,-37.863125000000004,144.95,9.0,0.0,0.0,1,,,,,synthetic,,,,
501.0,,target,999510101,CROSS STBD,-0.9700000000000002,0.5249999999999997,-37.87525,144.92951656374427,12.0,270.0,270.0,18,danger,safe,1.1102230246251565e-16,-291.00000000000006,synthetic,,,,
502.0,,own,999510000,OWN SHIP,0.0,1.2550000000000001,-37.863083333333336,144.95,9.0,0.0,0.0,1,,,,,synthetic,,,,
502.0,,target,999510101,CROSS STBD,-0.9733333333333334,0.5249999999999997,-37.87525,144.92944617392894,12.0,270.0,270.0,18,danger,safe,3.3306690738754696e-16,-292.0,synthetic,,,,
503.0,,own,999510000,OWN SHIP,0.0,1.2575,-37.86304166666667,144.95,9.0,0.0,0.0,1,,,,,synthetic,,,,
503.0,,target,999510101,CROSS STBD,-0.9766666666666668,0.5249999999999997,-37.87525,144.92937578411363,12.0,270.0,270.0,18,danger,safe,1.5700924586837752e-16,-293.00000000000006,synthetic,,,,
504.0,,own,999510000,OWN SHIP,0.0,1.26,-37.863,144.95,9.0,0.0,0.0,1,,,,,synthetic,,,,
504.0,,target,999510101,CROSS STBD,-0.9800000000000002,0.5249999999999997,-37.87525,144.92930539429832,12.0,270.0,270.0,18,danger,safe,2.482534153247273e-16,-294.0000000000001,synthetic,,,,
505.0,,own,999510000,OWN SHIP,0.0,1.2625,-37.86295833333333,144.95,9.0,0.0,0.0,1,,,,,synthetic,,,,
505.0,,target,999510101,CROSS STBD,-0.9833333333333334,0.5249999999999997,-37.87525,144.92923500448302,12.0,270.0,270.0,18,danger,safe,2.220446049250313e-16,-295.00000000000006,synthetic,,,,
506.0,,own,999510000,OWN SHIP,0.0,1.2650000000000001,-37.86291666666667,144.95,9.0,0.0,0.0,1,,,,,synthetic,,,,
506.0,,target,999510101,CROSS STBD,-0.9866666666666668,0.5249999999999997,-37.87525,144.9291646146677,12.0,270.0,270.0,18,danger,safe,1.5700924586837752e-16,-296.00000000000006,synthetic,,,,
507.0,,own,999510000,OWN SHIP,0.0,1.2675,-37.862875,144.95,9.0,0.0,0.0,1,,,,,synthetic,,,,
507.0,,target,999510101,CROSS STBD,-0.9900000000000002,0.5249999999999997,-37.87525,144.92909422485238,12.0,270.0,270.0,18,danger,safe,1.1102230246251565e-16,-297.00000000000006,synthetic,,,,
508.0,,own,999510000,OWN SHIP,0.0,1.27,-37.862833333333334,144.95,9.0,0.0,0.0,1,,,,,synthetic,,,,
508.0,,target,999510101,CROSS STBD,-0.9933333333333334,0.5249999999999997,-37.87525,144.92902383503707,12.0,270.0,270.0,18,danger,safe,2.220446049250313e-16,-298.0,synthetic,,,,
509.0,,own,999510000,OWN SHIP,0.0,1.2725,-37.862791666666666,144.95,9.0,0.0,0.0,1,,,,,synthetic,,,,
509.0,,target,999510101,CROSS STBD,-0.9966666666666668,0.5249999999999997,-37.87525,144.92895344522177,12.0,270.0,270.0,18,danger,safe,1.5700924586837752e-16,-299.0,synthetic,,,,
510.0,,own,999510000,OWN SHIP,0.0,1.2750000000000001,-37.86275,144.95,9.0,0.0,0.0,1,,,,,synthetic,,,,
510.0,,target,999510101,CROSS STBD,-1.0000000000000002,0.5249999999999997,-37.87525,144.92888305540646,12.0,270.0,270.0,18,danger,safe,1.1102230246251565e-16,-300.00000000000006,synthetic,,,,
511.0,,own,999510000,OWN SHIP,0.0,1.2775,-37.86270833333333,144.95,9.0,0.0,0.0,1,,,,,synthetic,,,,
511.0,,target,999510101,CROSS STBD,-1.0033333333333334,0.5249999999999997,-37.87525,144.92881266559115,12.0,270.0,270.0,18,danger,safe,2.482534153247273e-16,-301.00000000000006,synthetic,,,,
512.0,,own,999510000,OWN SHIP,0.0,1.28,-37.86266666666667,144.95,9.0,0.0,0.0,1,,,,,synthetic,,,,
512.0,,target,999510101,CROSS STBD,-1.0066666666666668,0.5249999999999997,-37.87525,144.92874227577582,12.0,270.0,270.0,18,danger,safe,0.0,-302.00000000000006,synthetic,,,,
513.0,,own,999510000,OWN SHIP,0.0,1.2825,-37.862625,144.95,9.0,0.0,0.0,1,,,,,synthetic,,,,
513.0,,target,999510101,CROSS STBD,-1.0100000000000002,0.5249999999999997,-37.87525,144.9286718859605,12.0,270.0,270.0,18,danger,safe,0.0,-303.00000000000006,synthetic,,,,
514.0,,own,999510000,OWN SHIP,0.0,1.285,-37.86258333333333,144.95,9.0,0.0,0.0,1,,,,,synthetic,,,,
514.0,,target,999510101,CROSS STBD,-1.0133333333333334,0.5249999999999997,-37.87525,144.9286014961452,12.0,270.0,270.0,18,danger,safe,1.1102230246251565e-16,-304.0,synthetic,,,,
515.0,,own,999510000,OWN SHIP,0.0,1.2875,-37.862541666666665,144.95,9.0,0.0,0.0,1,,,,,synthetic,,,,
515.0,,target,999510101,CROSS STBD,-1.0166666666666668,0.5249999999999997,-37.87525,144.9285311063299,12.0,270.0,270.0,18,danger,safe,1.1102230246251565e-16,-305.00000000000006,synthetic,,,,
516.0,,own,999510000,OWN SHIP,0.0,1.29,-37.8625,144.95,9.0,0.0,0.0,1,,,,,synthetic,,,,
516.0,,target,999510101,CROSS STBD,-1.0200000000000002,0.5249999999999997,-37.87525,144.9284607165146,12.0,270.0,270.0,18,danger,safe,1.1102230246251565e-16,-306.00000000000006,synthetic,,,,
517.0,,own,999510000,OWN SHIP,0.0,1.2925,-37.862458333333336,144.95,9.0,0.0,0.0,1,,,,,synthetic,,,,
517.0,,target,999510101,CROSS STBD,-1.0233333333333334,0.5249999999999997,-37.87525,144.92839032669926,12.0,270.0,270.0,18,danger,safe,2.220446049250313e-16,-307.00000000000006,synthetic,,,,
518.0,,own,999510000,OWN SHIP,0.0,1.295,-37.86241666666667,144.95,9.0,0.0,0.0,1,,,,,synthetic,,,,
518.0,,target,999510101,CROSS STBD,-1.0266666666666668,0.5249999999999997,-37.87525,144.92831993688395,12.0,270.0,270.0,18,danger,safe,1.1102230246251565e-16,-308.0,synthetic,,,,
519.0,,own,999510000,OWN SHIP,0.0,1.2975,-37.862375,144.95,9.0,0.0,0.0,1,,,,,synthetic,,,,
519.0,,target,999510101,CROSS STBD,-1.0300000000000002,0.5249999999999997,-37.87525,144.92824954706865,12.0,270.0,270.0,18,danger,safe,1.1102230246251565e-16,-309.00000000000006,synthetic,,,,
520.0,,own,999510000,OWN SHIP,0.0,1.3,-37.86233333333333,144.95,9.0,0.0,0.0,1,,,,,synthetic,,,,
520.0,,target,999510101,CROSS STBD,-1.0333333333333334,0.5249999999999997,-37.87525,144.92817915725334,12.0,270.0,270.0,18,danger,safe,2.482534153247273e-16,-310.00000000000006,synthetic,,,,
521.0,,own,999510000,OWN SHIP,0.0,1.3025,-37.862291666666664,144.95,9.0,0.0,0.0,1,,,,,synthetic,,,,
521.0,,target,999510101,CROSS STBD,-1.0366666666666668,0.5249999999999997,-37.87525,144.92810876743803,12.0,270.0,270.0,18,danger,safe,0.0,-311.00000000000006,synthetic,,,,
522.0,,own,999510000,OWN SHIP,0.0,1.305,-37.86225,144.95,9.0,0.0,0.0,1,,,,,synthetic,,,,
522.0,,target,999510101,CROSS STBD,-1.0400000000000003,0.5249999999999997,-37.87525,144.9280383776227,12.0,270.0,270.0,18,danger,safe,0.0,-312.00000000000006,synthetic,,,,
523.0,,own,999510000,OWN SHIP,0.0,1.3075,-37.862208333333335,144.95,9.0,0.0,0.0,1,,,,,synthetic,,,,
523.0,,target,999510101,CROSS STBD,-1.0433333333333334,0.5249999999999997,-37.87525,144.9279679878074,12.0,270.0,270.0,18,danger,safe,2.482534153247273e-16,-313.00000000000006,synthetic,,,,
524.0,,own,999510000,OWN SHIP,0.0,1.31,-37.86216666666667,144.95,9.0,0.0,0.0,1,,,,,synthetic,,,,
524.0,,target,999510101,CROSS STBD,-1.0466666666666669,0.5249999999999997,-37.87525,144.9278975979921,12.0,270.0,270.0,18,danger,safe,1.1102230246251565e-16,-314.00000000000006,synthetic,,,,
525.0,,own,999510000,OWN SHIP,0.0,1.3125,-37.862125,144.95,9.0,0.0,0.0,1,,,,,synthetic,,,,
525.0,,target,999510101,CROSS STBD,-1.0500000000000003,0.5249999999999997,-37.87525,144.92782720817678,12.0,270.0,270.0,18,danger,safe,0.0,-315.00000000000006,synthetic,,,,
526.0,,own,999510000,OWN SHIP,0.0,1.315,-37.86208333333333,144.95,9.0,0.0,0.0,1,,,,,synthetic,,,,
526.0,,target,999510101,CROSS STBD,-1.0533333333333335,0.5249999999999997,-37.87525,144.92775681836147,12.0,270.0,270.0,18,danger,safe,1.1102230246251565e-16,-316.0,synthetic,,,,
527.0,,own,999510000,OWN SHIP,0.0,1.3175000000000001,-37.86204166666667,144.95,9.0,0.0,0.0,1,,,,,synthetic,,,,
527.0,,target,999510101,CROSS STBD,-1.0566666666666669,0.5249999999999997,-37.87525,144.92768642854617,12.0,270.0,270.0,18,danger,safe,1.1102230246251565e-16,-317.00000000000006,synthetic,,,,
528.0,,own,999510000,OWN SHIP,0.0,1.32,-37.862,144.95,9.0,0.0,0.0,1,,,,,synthetic,,,,
528.0,,target,999510101,CROSS STBD,-1.06,0.5249999999999997,-37.87525,144.92761603873083,12.0,270.0,270.0,18,danger,safe,2.482534153247273e-16,-318.00000000000006,synthetic,,,,
529.0,,own,999510000,OWN SHIP,0.0,1.3225,-37.861958333333334,144.95,9.0,0.0,0.0,1,,,,,synthetic,,,,
529.0,,target,999510101,CROSS STBD,-1.0633333333333335,0.5249999999999997,-37.87525,144.92754564891553,12.0,270.0,270.0,18,danger,safe,2.220446049250313e-16,-319.00000000000006,synthetic,,,,
530.0,,own,999510000,OWN SHIP,0.0,1.325,-37.861916666666666,144.95,9.0,0.0,0.0,1,,,,,synthetic,,,,
530.0,,target,999510101,CROSS STBD,-1.0666666666666669,0.5249999999999997,-37.87525,144.92747525910022,12.0,270.0,270.0,18,danger,safe,0.0,-320.00000000000006,synthetic,,,,
531.0,,own,999510000,OWN SHIP,0.0,1.3275000000000001,-37.861875,144.95,9.0,0.0,0.0,1,,,,,synthetic,,,,
531.0,,target,999510101,CROSS STBD,-1.07,0.5249999999999997,-37.87525,144.9274048692849,12.0,270.0,270.0,18,danger,safe,2.482534153247273e-16,-321.00000000000006,synthetic,,,,
532.0,,own,999510000,OWN SHIP,0.0,1.33,-37.86183333333334,144.95,9.0,0.0,0.0,1,,,,,synthetic,,,,
532.0,,target,999510101,CROSS STBD,-1.0733333333333335,0.5249999999999997,-37.87525,144.9273344794696,12.0,270.0,270.0,18,danger,safe,2.482534153247273e-16,-322.00000000000006,synthetic,,,,
533.0,,own,999510000,OWN SHIP,0.0,1.3325,-37.86179166666667,144.95,9.0,0.0,0.0,1,,,,,synthetic,,,,
533.0,,target,999510101,CROSS STBD,-1.0766666666666669,0.5249999999999997,-37.87525,144.92726408965427,12.0,270.0,270.0,18,danger,safe,0.0,-323.00000000000006,synthetic,,,,
534.0,,own,999510000,OWN SHIP,0.0,1.335,-37.86175,144.95,9.0,0.0,0.0,1,,,,,synthetic,,,,
534.0,,target,999510101,CROSS STBD,-1.08,0.5249999999999997,-37.87525,144.92719369983897,12.0,270.0,270.0,18,danger,safe,1.1102230246251565e-16,-324.0,synthetic,,,,
535.0,,own,999510000,OWN SHIP,0.0,1.3375000000000001,-37.86170833333333,144.95,9.0,0.0,0.0,1,,,,,synthetic,,,,
535.0,,target,999510101,CROSS STBD,-1.0833333333333335,0.5249999999999997,-37.87525,144.92712331002366,12.0,270.0,270.0,18,danger,safe,1.1102230246251565e-16,-325.00000000000006,synthetic,,,,
536.0,,own,999510000,OWN SHIP,0.0,1.34,-37.861666666666665,144.95,9.0,0.0,0.0,1,,,,,synthetic,,,,
536.0,,target,999510101,CROSS STBD,-1.086666666666667,0.5249999999999997,-37.87525,144.92705292020835,12.0,270.0,270.0,18,danger,safe,2.220446049250313e-16,-326.0000000000001,synthetic,,,,
537.0,,own,999510000,OWN SHIP,0.0,1.3425,-37.861625000000004,144.95,9.0,0.0,0.0,1,,,,,synthetic,,,,
537.0,,target,999510101,CROSS STBD,-1.09,0.5249999999999997,-37.87525,144.92698253039305,12.0,270.0,270.0,18,danger,safe,2.220446049250313e-16,-327.00000000000006,synthetic,,,,
538.0,,own,999510000,OWN SHIP,0.0,1.345,-37.861583333333336,144.95,9.0,0.0,0.0,1,,,,,synthetic,,,,
538.0,,target,999510101,CROSS STBD,-1.0933333333333335,0.5249999999999997,-37.87525,144.9269121405777,12.0,270.0,270.0,18,danger,safe,0.0,-328.00000000000006,synthetic,,,,
539.0,,own,999510000,OWN SHIP,0.0,1.3475,-37.86154166666667,144.95,9.0,0.0,0.0,1,,,,,synthetic,,,,
539.0,,target,999510101,CROSS STBD,-1.096666666666667,0.5249999999999997,-37.87525,144.9268417507624,12.0,270.0,270.0,18,danger,safe,2.482534153247273e-16,-329.0,synthetic,,,,
540.0,,own,999510000,OWN SHIP,0.0,1.35,-37.8615,144.95,9.0,0.0,0.0,1,,,,,synthetic,,,,
540.0,,target,999510101,CROSS STBD,-1.1,0.5249999999999997,-37.87525,144.9267713609471,12.0,270.0,270.0,18,danger,safe,2.482534153247273e-16,-330.00000000000006,synthetic,,,,
541.0,,own,999510000,OWN SHIP,0.0,1.3525,-37.86145833333333,144.95,9.0,0.0,0.0,1,,,,,synthetic,,,,
541.0,,target,999510101,CROSS STBD,-1.1033333333333335,0.5249999999999997,-37.87525,144.9267009711318,12.0,270.0,270.0,18,danger,safe,2.220446049250313e-16,-331.0,synthetic,,,,
542.0,,own,999510000,OWN SHIP,0.0,1.355,-37.86141666666667,144.95,9.0,0.0,0.0,1,,,,,synthetic,,,,
542.0,,target,999510101,CROSS STBD,-1.106666666666667,0.5249999999999997,-37.87525,144.9266305813165,12.0,270.0,270.0,18,danger,safe,0.0,-332.00000000000006,synthetic,,,,
543.0,,own,999510000,OWN SHIP,0.0,1.3575,-37.861375,144.95,9.0,0.0,0.0,1,,,,,synthetic,,,,
543.0,,target,999510101,CROSS STBD,-1.11,0.5249999999999997,-37.87525,144.92656019150115,12.0,270.0,270.0,18,danger,safe,2.482534153247273e-16,-333.00000000000006,synthetic,,,,
544.0,,own,999510000,OWN SHIP,0.0,1.36,-37.861333333333334,144.95,9.0,0.0,0.0,1,,,,,synthetic,,,,
544.0,,target,999510101,CROSS STBD,-1.1133333333333335,0.5249999999999997,-37.87525,144.92648980168585,12.0,270.0,270.0,18,danger,safe,2.220446049250313e-16,-334.0000000000001,synthetic,,,,
545.0,,own,999510000,OWN SHIP,0.0,1.3625,-37.861291666666666,144.95,9.0,0.0,0.0,1,,,,,synthetic,,,,
545.0,,target,999510101,CROSS STBD,-1.116666666666667,0.5249999999999997,-37.87525,144.92641941187054,12.0,270.0,270.0,18,danger,safe,0.0,-335.00000000000006,synthetic,,,,
546.0,,own,999510000,OWN SHIP,0.0,1.365,-37.86125,144.95,9.0,0.0,0.0,1,,,,,synthetic,,,,
546.0,,target,999510101,CROSS STBD,-1.12,0.5249999999999997,-37.87525,144.92634902205523,12.0,270.0,270.0,18,danger,safe,1.1102230246251565e-16,-336.0,synthetic,,,,
547.0,,own,999510000,OWN SHIP,0.0,1.3675,-37.86120833333333,144.95,9.0,0.0,0.0,1,,,,,synthetic,,,,
547.0,,target,999510101,CROSS STBD,-1.1233333333333335,0.5249999999999997,-37.87525,144.92627863223993,12.0,270.0,270.0,18,danger,safe,1.1102230246251565e-16,-337.00000000000006,synthetic,,,,
548.0,,own,999510000,OWN SHIP,0.0,1.37,-37.86116666666667,144.95,9.0,0.0,0.0,1,,,,,synthetic,,,,
548.0,,target,999510101,CROSS STBD,-1.126666666666667,0.5249999999999997,-37.87525,144.9262082424246,12.0,270.0,270.0,18,danger,safe,2.220446049250313e-16,-338.0000000000001,synthetic,,,,
549.0,,own,999510000,OWN SHIP,0.0,1.3725,-37.861125,144.95,9.0,0.0,0.0,1,,,,,synthetic,,,,
549.0,,target,999510101,CROSS STBD,-1.1300000000000001,0.5249999999999997,-37.87525,144.9261378526093,12.0,270.0,270.0,18,danger,safe,2.482534153247273e-16,-339.00000000000006,synthetic,,,,
550.0,,own,999510000,OWN SHIP,0.0,1.375,-37.86108333333333,144.95,9.0,0.0,0.0,1,,,,,synthetic,,,,
550.0,,target,999510101,CROSS STBD,-1.1333333333333335,0.5249999999999997,-37.87525,144.92606746279398,12.0,270.0,270.0,18,danger,safe,2.482534153247273e-16,-340.0,synthetic,,,,
551.0,,own,999510000,OWN SHIP,0.0,1.3775,-37.861041666666665,144.95,9.0,0.0,0.0,1,,,,,synthetic,,,,
551.0,,target,999510101,CROSS STBD,-1.136666666666667,0.5249999999999997,-37.87525,144.92599707297867,12.0,270.0,270.0,18,danger,safe,0.0,-341.00000000000006,synthetic,,,,
552.0,,own,999510000,OWN SHIP,0.0,1.3800000000000001,-37.861,144.95,9.0,0.0,0.0,1,,,,,synthetic,,,,
552.0,,target,999510101,CROSS STBD,-1.1400000000000001,0.5249999999999997,-37.87525,144.92592668316337,12.0,270.0,270.0,18,danger,safe,2.482534153247273e-16,-342.00000000000006,synthetic,,,,
553.0,,own,999510000,OWN SHIP,0.0,1.3825,-37.860958333333336,144.95,9.0,0.0,0.0,1,,,,,synthetic,,,,
553.0,,target,999510101,CROSS STBD,-1.1433333333333335,0.5249999999999997,-37.87525,144.92585629334803,12.0,270.0,270.0,18,danger,safe,2.482534153247273e-16,-343.0000000000001,synthetic,,,,
554.0,,own,999510000,OWN SHIP,0.0,1.385,-37.86091666666667,144.95,9.0,0.0,0.0,1,,,,,synthetic,,,,
554.0,,target,999510101,CROSS STBD,-1.1466666666666667,0.5249999999999997,-37.87525,144.92578590353273,12.0,270.0,270.0,18,danger,safe,2.220446049250313e-16,-344.00000000000006,synthetic,,,,
555.0,,own,999510000,OWN SHIP,0.0,1.3875,-37.860875,144.95,9.0,0.0,0.0,1,,,,,synthetic,,,,
555.0,,target,999510101,CROSS STBD,-1.1500000000000001,0.5249999999999997,-37.87525,144.92571551371742,12.0,270.0,270.0,18,danger,safe,1.1102230246251565e-16,-345.0,synthetic,,,,
556.0,,own,999510000,OWN SHIP,0.0,1.3900000000000001,-37.86083333333333,144.95,9.0,0.0,0.0,1,,,,,synthetic,,,,
556.0,,target,999510101,CROSS STBD,-1.1533333333333335,0.5249999999999997,-37.87525,144.92564512390211,12.0,270.0,270.0,18,danger,safe,1.1102230246251565e-16,-346.00000000000006,synthetic,,,,
557.0,,own,999510000,OWN SHIP,0.0,1.3925,-37.860791666666664,144.95,9.0,0.0,0.0,1,,,,,synthetic,,,,
557.0,,target,999510101,CROSS STBD,-1.1566666666666667,0.5249999999999997,-37.87525,144.9255747340868,12.0,270.0,270.0,18,danger,safe,2.220446049250313e-16,-347.0,synthetic,,,,
558.0,,own,999510000,OWN SHIP,0.0,1.395,-37.86075,144.95,9.0,0.0,0.0,1,,,,,synthetic,,,,
558.0,,target,999510101,CROSS STBD,-1.1600000000000001,0.5249999999999997,-37.87525,144.9255043442715,12.0,270.0,270.0,18,danger,safe,2.220446049250313e-16,-348.00000000000006,synthetic,,,,
559.0,,own,999510000,OWN SHIP,0.0,1.3975,-37.860708333333335,144.95,9.0,0.0,0.0,1,,,,,synthetic,,,,
559.0,,target,999510101,CROSS STBD,-1.1633333333333336,0.5249999999999997,-37.87525,144.92543395445617,12.0,270.0,270.0,18,danger,safe,0.0,-349.00000000000006,synthetic,,,,
560.0,,own,999510000,OWN SHIP,0.0,1.4000000000000001,-37.86066666666667,144.95,9.0,0.0,0.0,1,,,,,synthetic,,,,
560.0,,target,999510101,CROSS STBD,-1.1666666666666667,0.5249999999999997,-37.87525,144.92536356464086,12.0,270.0,270.0,18,danger,safe,2.482534153247273e-16,-350.00000000000006,synthetic,,,,
561.0,,own,999510000,OWN SHIP,0.0,1.4025,-37.860625,144.95,9.0,0.0,0.0,1,,,,,synthetic,,,,
561.0,,target,999510101,CROSS STBD,-1.1700000000000002,0.5249999999999997,-37.87525,144.92529317482555,12.0,270.0,270.0,18,danger,safe,2.482534153247273e-16,-351.00000000000006,synthetic,,,,
562.0,,own,999510000,OWN SHIP,0.0,1.405,-37.86058333333333,144.95,9.0,0.0,0.0,1,,,,,synthetic,,,,
562.0,,target,999510101,CROSS STBD,-1.1733333333333336,0.5249999999999997,-37.87525,144.92522278501025,12.0,270.0,270.0,18,danger,safe,0.0,-352.00000000000006,synthetic,,,,
563.0,,own,999510000,OWN SHIP,0.0,1.4075,-37.86054166666667,144.95,9.0,0.0,0.0,1,,,,,synthetic,,,,
563.0,,target,999510101,CROSS STBD,-1.1766666666666667,0.5249999999999997,-37.87525,144.92515239519494,12.0,270.0,270.0,18,danger,safe,2.220446049250313e-16,-353.00000000000006,synthetic,,,,
564.0,,own,999510000,OWN SHIP,0.0,1.41,-37.8605,144.95,9.0,0.0,0.0,1,,,,,synthetic,,,,
564.0,,target,999510101,CROSS STBD,-1.1800000000000002,0.5249999999999997,-37.87525,144.9250820053796,12.0,270.0,270.0,18,danger,safe,1.1102230246251565e-16,-354.0,synthetic,,,,
565.0,,own,999510000,OWN SHIP,0.0,1.4125,-37.860458333333334,144.95,9.0,0.0,0.0,1,,,,,synthetic,,,,
565.0,,target,999510101,CROSS STBD,-1.1833333333333336,0.5249999999999997,-37.87525,144.9250116155643,12.0,270.0,270.0,18,danger,safe,1.1102230246251565e-16,-355.00000000000006,synthetic,,,,
566.0,,own,999510000,OWN SHIP,0.0,1.415,-37.860416666666666,144.95,9.0,0.0,0.0,1,,,,,synthetic,,,,
566.0,,target,999510101,CROSS STBD,-1.1866666666666668,0.5249999999999997,-37.87525,144.924941225749,12.0,270.0,270.0,18,danger,safe,2.220446049250313e-16,-356.0,synthetic,,,,
567.0,,own,999510000,OWN SHIP,0.0,1.4175,-37.860375,144.95,9.0,0.0,0.0,1,,,,,synthetic,,,,
567.0,,target,999510101,CROSS STBD,-1.1900000000000002,0.5249999999999997,-37.87525,144.9248708359337,12.0,270.0,270.0,18,danger,safe,0.0,-357.00000000000006,synthetic,,,,
568.0,,own,999510000,OWN SHIP,0.0,1.42,-37.86033333333334,144.95,9.0,0.0,0.0,1,,,,,synthetic,,,,
568.0,,target,999510101,CROSS STBD,-1.1933333333333336,0.5249999999999997,-37.87525,144.92480044611838,12.0,270.0,270.0,18,danger,safe,1.1102230246251565e-16,-358.00000000000006,synthetic,,,,
569.0,,own,999510000,OWN SHIP,0.0,1.4225,-37.86029166666667,144.95,9.0,0.0,0.0,1,,,,,synthetic,,,,
569.0,,target,999510101,CROSS STBD,-1.1966666666666668,0.5249999999999997,-37.87525,144.92473005630305,12.0,270.0,270.0,18,danger,safe,4.440892098500626e-16,-359.0000000000001,synthetic,,,,
570.0,,own,999510000,OWN SHIP,0.0,1.425,-37.86025,144.95,9.0,0.0,0.0,1,,,,,synthetic,,,,
570.0,,target,999510101,CROSS STBD,-1.2000000000000002,0.5249999999999997,-37.87525,144.92465966648774,12.0,270.0,270.0,18,danger,safe,0.0,-360.00000000000006,synthetic,,,,
571.0,,own,999510000,OWN SHIP,0.0,1.4275,-37.86020833333333,144.95,9.0,0.0,0.0,1,,,,,synthetic,,,,
571.0,,target,999510101,CROSS STBD,-1.2033333333333336,0.5249999999999997,-37.87525,144.92458927667244,12.0,270.0,270.0,18,danger,safe,0.0,-361.00000000000006,synthetic,,,,
572.0,,own,999510000,OWN SHIP,0.0,1.43,-37.860166666666665,144.95,9.0,0.0,0.0,1,,,,,synthetic,,,,
572.0,,target,999510101,CROSS STBD,-1.2066666666666668,0.5249999999999997,-37.87525,144.92451888685713,12.0,270.0,270.0,18,danger,safe,2.482534153247273e-16,-362.00000000000006,synthetic,,,,
573.0,,own,999510000,OWN SHIP,0.0,1.4325,-37.860125000000004,144.95,9.0,0.0,0.0,1,,,,,synthetic,,,,
573.0,,target,999510101,CROSS STBD,-1.2100000000000002,0.5249999999999997,-37.87525,144.92444849704182,12.0,270.0,270.0,18,danger,safe,1.1102230246251565e-16,-363.00000000000006,synthetic,,,,
574.0,,own,999510000,OWN SHIP,0.0,1.435,-37.860083333333336,144.95,9.0,0.0,0.0,1,,,,,synthetic,,,,
574.0,,target,999510101,CROSS STBD,-1.2133333333333336,0.5249999999999997,-37.87525,144.9243781072265,12.0,270.0,270.0,18,danger,safe,0.0,-364.00000000000006,synthetic,,,,
575.0,,own,999510000,OWN SHIP,0.0,1.4375,-37.86004166666667,144.95,9.0,0.0,0.0,1,,,,,synthetic,,,,
575.0,,target,999510101,CROSS STBD,-1.2166666666666668,0.5249999999999997,-37.87525,144.92430771741118,12.0,270.0,270.0,18,danger,safe,2.220446049250313e-16,-365.00000000000006,synthetic,,,,
576.0,,own,999510000,OWN SHIP,0.0,1.44,-37.86,144.95,9.0,0.0,0.0,1,,,,,synthetic,,,,
576.0,,target,999510101,CROSS STBD,-1.2200000000000002,0.5249999999999997,-37.87525,144.92423732759588,12.0,270.0,270.0,18,danger,safe,2.482534153247273e-16,-366.0,synthetic,,,,
577.0,,own,999510000,OWN SHIP,0.0,1.4425000000000001,-37.85995833333333,144.95,9.0,0.0,0.0,1,,,,,synthetic,,,,
577.0,,target,999510101,CROSS STBD,-1.2233333333333336,0.5249999999999997,-37.87525,144.92416693778057,12.0,270.0,270.0,18,danger,safe,2.220446049250313e-16,-367.0000000000001,synthetic,,,,
578.0,,own,999510000,OWN SHIP,0.0,1.445,-37.85991666666667,144.95,9.0,0.0,0.0,1,,,,,synthetic,,,,
578.0,,target,999510101,CROSS STBD,-1.2266666666666668,0.5249999999999997,-37.87525,144.92409654796526,12.0,270.0,270.0,18,danger,safe,2.220446049250313e-16,-368.0,synthetic,,,,
579.0,,own,999510000,OWN SHIP,0.0,1.4475,-37.859875,144.95,9.0,0.0,0.0,1,,,,,synthetic,,,,
579.0,,target,999510101,CROSS STBD,-1.2300000000000002,0.5249999999999997,-37.87525,144.92402615814993,12.0,270.0,270.0,18,danger,safe,0.0,-369.00000000000006,synthetic,,,,
580.0,,own,999510000,OWN SHIP,0.0,1.45,-37.859833333333334,144.95,9.0,0.0,0.0,1,,,,,synthetic,,,,
580.0,,target,999510101,CROSS STBD,-1.2333333333333334,0.5249999999999997,-37.87525,144.92395576833462,12.0,270.0,270.0,18,danger,safe,1.1102230246251565e-16,-370.0,synthetic,,,,
581.0,,own,999510000,OWN SHIP,0.0,1.4525000000000001,-37.859791666666666,144.95,9.0,0.0,0.0,1,,,,,synthetic,,,,
581.0,,target,999510101,CROSS STBD,-1.2366666666666668,0.5249999999999997,-37.87525,144.92388537851932,12.0,270.0,270.0,18,danger,safe,2.482534153247273e-16,-371.00000000000006,synthetic,,,,
582.0,,own,999510000,OWN SHIP,0.0,1.455,-37.85975,144.95,9.0,0.0,0.0,1,,,,,synthetic,,,,
582.0,,target,999510101,CROSS STBD,-1.2400000000000002,0.5249999999999997,-37.87525,144.923814988704,12.0,270.0,270.0,18,danger,safe,1.1102230246251565e-16,-372.00000000000006,synthetic,,,,
583.0,,own,999510000,OWN SHIP,0.0,1.4575,-37.85970833333333,144.95,9.0,0.0,0.0,1,,,,,synthetic,,,,
583.0,,target,999510101,CROSS STBD,-1.2433333333333334,0.5249999999999997,-37.87525,144.9237445988887,12.0,270.0,270.0,18,danger,safe,1.1102230246251565e-16,-373.0,synthetic,,,,
584.0,,own,999510000,OWN SHIP,0.0,1.46,-37.85966666666667,144.95,9.0,0.0,0.0,1,,,,,synthetic,,,,
584.0,,target,999510101,CROSS STBD,-1.2466666666666668,0.5249999999999997,-37.87525,144.92367420907337,12.0,270.0,270.0,18,danger,safe,2.220446049250313e-16,-374.00000000000006,synthetic,,,,
585.0,,own,999510000,OWN SHIP,0.0,1.4625000000000001,-37.859625,144.95,9.0,0.0,0.0,1,,,,,synthetic,,,,
585.0,,target,999510101,CROSS STBD,-1.2500000000000002,0.5249999999999997,-37.87525,144.92360381925806,12.0,270.0,270.0,18,danger,safe,2.220446049250313e-16,-375.0000000000001,synthetic,,,,
586.0,,own,999510000,OWN SHIP,0.0,1.465,-37.85958333333333,144.95,9.0,0.0,0.0,1,,,,,synthetic,,,,
586.0,,target,999510101,CROSS STBD,-1.2533333333333334,0.5249999999999997,-37.87525,144.92353342944276,12.0,270.0,270.0,18,danger,safe,2.482534153247273e-16,-376.00000000000006,synthetic,,,,
587.0,,own,999510000,OWN SHIP,0.0,1.4675,-37.859541666666665,144.95,9.0,0.0,0.0,1,,,,,synthetic,,,,
587.0,,target,999510101,CROSS STBD,-1.2566666666666668,0.5249999999999997,-37.87525,144.92346303962745,12.0,270.0,270.0,18,danger,safe,1.1102230246251565e-16,-377.0,synthetic,,,,
588.0,,own,999510000,OWN SHIP,0.0,1.47,-37.8595,144.95,9.0,0.0,0.0,1,,,,,synthetic,,,,
588.0,,target,999510101,CROSS STBD,-1.2600000000000002,0.5249999999999997,-37.87525,144.92339264981214,12.0,270.0,270.0,18,danger,safe,0.0,-378.00000000000006,synthetic,,,,
589.0,,own,999510000,OWN SHIP,0.0,1.4725,-37.859458333333336,144.95,9.0,0.0,0.0,1,,,,,synthetic,,,,
589.0,,target,999510101,CROSS STBD,-1.2633333333333334,0.5249999999999997,-37.87525,144.9233222599968,12.0,270.0,270.0,18,danger,safe,0.0,-379.0,synthetic,,,,
590.0,,own,999510000,OWN SHIP,0.0,1.475,-37.85941666666667,144.95,9.0,0.0,0.0,1,,,,,synthetic,,,,
590.0,,target,999510101,CROSS STBD,-1.2666666666666668,0.5249999999999997,-37.87525,144.9232518701815,12.0,270.0,270.0,18,danger,safe,1.1102230246251565e-16,-380.00000000000006,synthetic,,,,
591.0,,own,999510000,OWN SHIP,0.0,1.4775,-37.859375,144.95,9.0,0.0,0.0,1,,,,,synthetic,,,,
591.0,,target,999510101,CROSS STBD,-1.2700000000000002,0.5249999999999997,-37.87525,144.9231814803662,12.0,270.0,270.0,18,danger,safe,0.0,-381.00000000000006,synthetic,,,,
592.0,,own,999510000,OWN SHIP,0.0,1.48,-37.85933333333333,144.95,9.0,0.0,0.0,1,,,,,synthetic,,,,
592.0,,target,999510101,CROSS STBD,-1.2733333333333334,0.5249999999999997,-37.87525,144.9231110905509,12.0,270.0,270.0,18,danger,safe,1.1102230246251565e-16,-382.0,synthetic,,,,
593.0,,own,999510000,OWN SHIP,0.0,1.4825,-37.859291666666664,144.95,9.0,0.0,0.0,1,,,,,synthetic,,,,
593.0,,target,999510101,CROSS STBD,-1.2766666666666668,0.5249999999999997,-37.87525,144.92304070073558,12.0,270.0,270.0,18,danger,safe,1.1102230246251565e-16,-383.00000000000006,synthetic,,,,
594.0,,own,999510000,OWN SHIP,0.0,1.485,-37.85925,144.95,9.0,0.0,0.0,1,,,,,synthetic,,,,
594.0,,target,999510101,CROSS STBD,-1.2800000000000002,0.5249999999999997,-37.87525,144.92297031092028,12.0,270.0,270.0,18,danger,safe,2.482534153247273e-16,-384.0000000000001,synthetic,,,,
595.0,,own,999510000,OWN SHIP,0.0,1.4875,-37.859208333333335,144.95,9.0,0.0,0.0,1,,,,,synthetic,,,,
595.0,,target,999510101,CROSS STBD,-1.2833333333333334,0.5249999999999997,-37.87525,144.92289992110494,12.0,270.0,270.0,18,danger,safe,2.220446049250313e-16,-385.00000000000006,synthetic,,,,
596.0,,own,999510000,OWN SHIP,0.0,1.49,-37.85916666666667,144.95,9.0,0.0,0.0,1,,,,,synthetic,,,,
596.0,,target,999510101,CROSS STBD,-1.2866666666666668,0.5249999999999997,-37.87525,144.92282953128964,12.0,270.0,270.0,18,danger,safe,1.1102230246251565e-16,-386.0,synthetic,,,,
597.0,,own,999510000,OWN SHIP,0.0,1.4925,-37.859125,144.95,9.0,0.0,0.0,1,,,,,synthetic,,,,
597.0,,target,999510101,CROSS STBD,-1.2900000000000003,0.5249999999999997,-37.87525,144.92275914147433,12.0,270.0,270.0,18,danger,safe,1.1102230246251565e-16,-387.00000000000006,synthetic,,,,
598.0,,own,999510000,OWN SHIP,0.0,1.495,-37.85908333333333,144.95,9.0,0.0,0.0,1,,,,,synthetic,,,,
598.0,,target,999510101,CROSS STBD,-1.2933333333333334,0.5249999999999997,-37.87525,144.92268875165902,12.0,270.0,270.0,18,danger,safe,2.220446049250313e-16,-388.0,synthetic,,,,
599.0,,own,999510000,OWN SHIP,0.0,1.4975,-37.85904166666667,144.95,9.0,0.0,0.0,1,,,,,synthetic,,,,
599.0,,target,999510101,CROSS STBD,-1.2966666666666669,0.5249999999999997,-37.87525,144.92261836184372,12.0,270.0,270.0,18,danger,safe,0.0,-389.00000000000006,synthetic,,,,
600.0,,own,999510000,OWN SHIP,0.0,1.5,-37.859,144.95,9.0,0.0,0.0,1,,,,,synthetic,,,,
600.0,,target,999510101,CROSS STBD,-1.3,0.5249999999999997,-37.87525,144.92254797202838,12.0,270.0,270.0,18,danger,safe,2.220446049250313e-16,-390.00000000000006,synthetic,,,,
