time_sec,timestamp_utc,role,mmsi,name,x_nm,y_nm,lat,lon,sog_kn,cog_deg,heading_deg,message_type,expected_level,computed_level,cpa_nm,tcpa_sec,source,raw_aivdm,rx_signalpower_db,rx_ppm,rx_timestamp_raw,ship_type,aton_type,aton_virtual,aton_off_position
0.0,,own,999510000,DEMO OWN SHIP,0.0,0.0,-38.05,144.85,12.0,0.0,0.0,1,,,,,synthetic,,,,,60,,False,False
0.0,,target,999510201,CROSSING EXPRESS,0.65,0.55,-38.04083333333333,144.86375708215022,14.0,270.0,270.0,18,danger,danger,0.005423261445466578,166.23529411764702,synthetic,,,,,60,0,False,False
0.0,,target,999510202,DANCING TUG,1.4,-0.2,-38.05333333333333,144.87963063847735,9.0,300.0,300.0,18,,safe,1.1148406818187293,289.59754115950545,synthetic,,,,,52,0,False,False
1.0,,own,999510000,DEMO OWN SHIP,0.0,0.0033333333333333335,-38.04994444444444,144.85,12.0,0.0,0.0,1,,,,,synthetic,,,,,60,,False,False
1.0,,target,999510201,CROSSING EXPRESS,0.6461111111111111,0.55,-38.04083333333333,144.8636747748211,14.0,270.0,270.0,18,danger,danger,0.005423261445466421,165.23529411764702,synthetic,,,,,60,0,False,False
1.0,,target,999510202,DANCING TUG,1.397834936490539,-0.19875,-38.0533125,144.87958481546727,9.0,300.0,300.0,18,,safe,1.1148406818187293,288.59754115950545,synthetic,,,,,52,0,False,False
2.0,,own,999510000,DEMO OWN SHIP,0.0,0.006666666666666667,-38.04988888888889,144.85,12.0,0.0,0.0,1,,,,,synthetic,,,,,60,,False,False
2.0,,target,999510201,CROSSING EXPRESS,0.6422222222222222,0.55,-38.04083333333333,144.863592467492,14.0,270.0,270.0,18,danger,danger,0.005423261445466578,164.23529411764702,synthetic,,,,,60,0,False,False
2.0,,target,999510202,DANCING TUG,1.3956698729810777,-0.1975,-38.05329166666667,144.87953899245719,9.0,300.0,300.0,18,,safe,1.1148406818187293,287.5975411595054,synthetic,,,,,52,0,False,False
3.0,,own,999510000,DEMO OWN SHIP,0.0,0.01,-38.04983333333333,144.85,12.0,0.0,0.0,1,,,,,synthetic,,,,,60,,False,False
3.0,,target,999510201,CROSSING EXPRESS,0.6383333333333333,0.55,-38.04083333333333,144.8635101601629,14.0,270.0,270.0,18,danger,danger,0.005423261445466505,163.23529411764702,synthetic,,,,,60,0,False,False
3.0,,target,999510202,DANCING TUG,1.3935048094716167,-0.19625,-38.05327083333333,144.87949316944707,9.0,300.0,300.0,18,,safe,1.1148406818187293,286.59754115950545,synthetic,,,,,52,0,False,False
4.0,,own,999510000,DEMO OWN SHIP,0.0,0.013333333333333334,-38.04977777777778,144.85,12.0,0.0,0.0,1,,,,,synthetic,,,,,60,,False,False
4.0,,target,999510201,CROSSING EXPRESS,0.6344444444444445,0.55,-38.04083333333333,144.86342785283378,14.0,270.0,270.0,18,danger,danger,0.005423261445466505,162.23529411764704,synthetic,,,,,60,0,False,False
4.0,,target,999510202,DANCING TUG,1.3913397459621555,-0.195,-38.05325,144.879447346437,9.0,300.0,300.0,18,,safe,1.1148406818187293,285.5975411595054,synthetic,,,,,52,0,False,False
5.0,,own,999510000,DEMO OWN SHIP,0.0,0.016666666666666666,-38.04972222222222,144.85,12.0,0.0,0.0,1,,,,,synthetic,,,,,60,,False,False
5.0,,target,999510201,CROSSING EXPRESS,0.6305555555555555,0.55,-38.04083333333333,144.86334554550467,14.0,270.0,270.0,18,danger,danger,0.005423261445466517,161.23529411764704,synthetic,,,,,60,0,False,False
5.0,,target,999510202,DANCING TUG,1.3891746824526945,-0.19375,-38.05322916666666,144.8794015234269,9.0,300.0,300.0,18,,safe,1.1148406818187293,284.59754115950545,synthetic,,,,,52,0,False,False
6.0,,own,999510000,DEMO OWN SHIP,0.0,0.02,-38.04966666666667,144.85,12.0,0.0,0.0,1,,,,,synthetic,,,,,60,,False,False
6.0,,target,999510201,CROSSING EXPRESS,0.6266666666666667,0.55,-38.04083333333333,144.8632632381756,14.0,270.0,270.0,18,danger,danger,0.005423261445466589,160.23529411764704,synthetic,,,,,60,0,False,False
6.0,,target,999510202,DANCING TUG,1.3870096189432333,-0.1925,-38.05320833333333,144.87935570041682,9.0,300.0,300.0,18,,safe,1.1148406818187293,283.59754115950545,synthetic,,,,,52,0,False,False
7.0,,own,999510000,DEMO OWN SHIP,0.0,0.023333333333333334,-38.049611111111105,144.85,12.0,0.0,0.0,1,,,,,synthetic,,,,,60,,False,False
7.0,,target,999510201,CROSSING EXPRESS,0.6227777777777778,0.55,-38.04083333333333,144.86318093084648,14.0,270.0,270.0,18,danger,danger,0.005423261445466421,159.23529411764702,synthetic,,,,,60,0,False,False
7.0,,target,999510202,DANCING TUG,1.3848445554337723,-0.19125,-38.0531875,144.8793098774067,9.0,300.0,300.0,18,,safe,1.1148406818187293,282.59754115950545,synthetic,,,,,52,0,False,False
8.0,,own,999510000,DEMO OWN SHIP,0.0,0.02666666666666667,-38.04955555555555,144.85,12.0,0.0,0.0,1,,,,,synthetic,,,,,60,,False,False
8.0,,target,999510201,CROSSING EXPRESS,0.6188888888888889,0.55,-38.04083333333333,144.86309862351737,14.0,270.0,270.0,18,danger,danger,0.005423261445466505,158.23529411764704,synthetic,,,,,60,0,False,False
8.0,,target,999510202,DANCING TUG,1.382679491924311,-0.19,-38.05316666666666,144.87926405439663,9.0,300.0,300.0,18,,safe,1.1148406818187293,281.59754115950545,synthetic,,,,,52,0,False,False
9.0,,own,999510000,DEMO OWN SHIP,0.0,0.030000000000000002,-38.049499999999995,144.85,12.0,0.0,0.0,1,,,,,synthetic,,,,,60,,False,False
9.0,,target,999510201,CROSSING EXPRESS,0.615,0.55,-38.04083333333333,144.86301631618826,14.0,270.0,270.0,18,danger,danger,0.005423261445466578,157.23529411764702,synthetic,,,,,60,0,False,False
9.0,,target,999510202,DANCING TUG,1.38051442841485,-0.18875,-38.05314583333333,144.87921823138655,9.0,300.0,300.0,18,,safe,1.1148406818187293,280.5975411595054,synthetic,,,,,52,0,False,False
10.0,,own,999510000,DEMO OWN SHIP,0.0,0.03333333333333333,-38.04944444444444,144.85,12.0,0.0,0.0,1,,,,,synthetic,,,,,60,,False,False
10.0,,target,999510201,CROSSING EXPRESS,0.6111111111111112,0.55,-38.04083333333333,144.86293400885916,14.0,270.0,270.0,18,danger,danger,0.005423261445466505,156.23529411764704,synthetic,,,,,60,0,False,False
10.0,,target,999510202,DANCING TUG,1.3783493649053888,-0.1875,-38.053124999999994,144.87917240837643,9.0,300.0,300.0,18,,safe,1.1148406818187293,279.59754115950545,synthetic,,,,,52,0,False,False
11.0,,own,999510000,DEMO OWN SHIP,0.0,0.03666666666666667,-38.049388888888885,144.85,12.0,0.0,0.0,1,,,,,synthetic,,,,,60,,False,False
11.0,,target,999510201,CROSSING EXPRESS,0.6072222222222222,0.55,-38.04083333333333,144.86285170153005,14.0,270.0,270.0,18,danger,danger,0.005423261445466505,155.23529411764704,synthetic,,,,,60,0,False,False
11.0,,target,999510202,DANCING TUG,1.3761843013959278,-0.18625,-38.053104166666664,144.87912658536635,9.0,300.0,300.0,18,,safe,1.1148406818187293,278.59754115950545,synthetic,,,,,52,0,False,False
12.0,,own,999510000,DEMO OWN SHIP,0.0,0.04,-38.04933333333333,144.85,12.0,0.0,0.0,1,,,,,synthetic,,,,,60,,False,False
12.0,,target,999510201,CROSSING EXPRESS,0.6033333333333334,0.55,-38.04083333333333,144.86276939420097,14.0,270.0,270.0,18,danger,danger,0.005423261445466589,154.23529411764704,synthetic,,,,,60,0,False,False
12.0,,target,999510202,DANCING TUG,1.3740192378864668,-0.185,-38.05308333333333,144.87908076235627,9.0,300.0,300.0,18,,safe,1.1148406818187293,277.59754115950545,synthetic,,,,,52,0,False,False
13.0,,own,999510000,DEMO OWN SHIP,0.0,0.043333333333333335,-38.049277777777775,144.85,12.0,0.0,0.0,1,,,,,synthetic,,,,,60,,False,False
13.0,,target,999510201,CROSSING EXPRESS,0.5994444444444444,0.55,-38.04083333333333,144.86268708687186,14.0,270.0,270.0,18,danger,danger,0.005423261445466505,153.23529411764704,synthetic,,,,,60,0,False,False
13.0,,target,999510202,DANCING TUG,1.3718541743770056,-0.18375,-38.053062499999996,144.87903493934616,9.0,300.0,300.0,18,,safe,1.1148406818187293,276.5975411595054,synthetic,,,,,52,0,False,False
14.0,,own,999510000,DEMO OWN SHIP,0.0,0.04666666666666667,-38.04922222222222,144.85,12.0,0.0,0.0,1,,,,,synthetic,,,,,60,,False,False
14.0,,target,999510201,CROSSING EXPRESS,0.5955555555555556,0.55,-38.04083333333333,144.86260477954275,14.0,270.0,270.0,18,danger,danger,0.005423261445466517,152.23529411764707,synthetic,,,,,60,0,False,False
14.0,,target,999510202,DANCING TUG,1.3696891108675446,-0.1825,-38.053041666666665,144.87898911633607,9.0,300.0,300.0,18,,safe,1.1148406818187293,275.59754115950545,synthetic,,,,,52,0,False,False
15.0,,own,999510000,DEMO OWN SHIP,0.0,0.05,-38.049166666666665,144.85,12.0,0.0,0.0,1,,,,,synthetic,,,,,60,,False,False
15.0,,target,999510201,CROSSING EXPRESS,0.5916666666666667,0.55,-38.04083333333333,144.86252247221364,14.0,270.0,270.0,18,danger,danger,0.005423261445466578,151.23529411764702,synthetic,,,,,60,0,False,False
15.0,,target,999510202,DANCING TUG,1.3675240473580834,-0.18125000000000002,-38.05302083333333,144.878943293326,9.0,300.0,300.0,18,,safe,1.1148406818187293,274.59754115950545,synthetic,,,,,52,0,False,False
16.0,,own,999510000,DEMO OWN SHIP,0.0,0.05333333333333334,-38.04911111111111,144.85,12.0,0.0,0.0,1,,,,,synthetic,,,,,60,,False,False
16.0,,target,999510201,CROSSING EXPRESS,0.5877777777777778,0.55,-38.04083333333333,144.86244016488453,14.0,270.0,270.0,18,danger,danger,0.005423261445466505,150.23529411764704,synthetic,,,,,60,0,False,False
16.0,,target,999510202,DANCING TUG,1.3653589838486224,-0.18,-38.053,144.87889747031588,9.0,300.0,300.0,18,,safe,1.1148406818187293,273.59754115950545,synthetic,,,,,52,0,False,False
17.0,,own,999510000,DEMO OWN SHIP,0.0,0.05666666666666667,-38.049055555555555,144.85,12.0,0.0,0.0,1,,,,,synthetic,,,,,60,,False,False
17.0,,target,999510201,CROSSING EXPRESS,0.5838888888888889,0.55,-38.04083333333333,144.86235785755542,14.0,270.0,270.0,18,danger,danger,0.005423261445466505,149.23529411764704,synthetic,,,,,60,0,False,False
17.0,,target,999510202,DANCING TUG,1.3631939203391612,-0.17875000000000002,-38.05297916666667,144.8788516473058,9.0,300.0,300.0,18,,safe,1.1148406818187293,272.5975411595054,synthetic,,,,,52,0,False,False
18.0,,own,999510000,DEMO OWN SHIP,0.0,0.060000000000000005,-38.049,144.85,12.0,0.0,0.0,1,,,,,synthetic,,,,,60,,False,False
18.0,,target,999510201,CROSSING EXPRESS,0.5800000000000001,0.55,-38.04083333333333,144.86227555022634,14.0,270.0,270.0,18,danger,danger,0.005423261445466548,148.23529411764704,synthetic,,,,,60,0,False,False
18.0,,target,999510202,DANCING TUG,1.3610288568297002,-0.1775,-38.05295833333333,144.8788058242957,9.0,300.0,300.0,18,,safe,1.1148406818187293,271.5975411595055,synthetic,,,,,52,0,False,False
19.0,,own,999510000,DEMO OWN SHIP,0.0,0.06333333333333334,-38.048944444444444,144.85,12.0,0.0,0.0,1,,,,,synthetic,,,,,60,,False,False
19.0,,target,999510201,CROSSING EXPRESS,0.5761111111111111,0.55,-38.04083333333333,144.86219324289723,14.0,270.0,270.0,18,danger,danger,0.005423261445466548,147.23529411764704,synthetic,,,,,60,0,False,False
19.0,,target,999510202,DANCING TUG,1.358863793320239,-0.17625000000000002,-38.0529375,144.8787600012856,9.0,300.0,300.0,18,,safe,1.1148406818187293,270.59754115950545,synthetic,,,,,52,0,False,False
20.0,,own,999510000,DEMO OWN SHIP,0.0,0.06666666666666667,-38.04888888888889,144.85,12.0,0.0,0.0,1,,,,,synthetic,,,,,60,,False,False
20.0,,target,999510201,CROSSING EXPRESS,0.5722222222222222,0.55,-38.04083333333333,144.86211093556813,14.0,270.0,270.0,18,danger,danger,0.005423261445466433,146.23529411764704,synthetic,,,,,60,0,False,False
20.0,,target,999510202,DANCING TUG,1.356698729810778,-0.17500000000000002,-38.05291666666666,144.87871417827552,9.0,300.0,300.0,18,,safe,1.1148406818187293,269.5975411595054,synthetic,,,,,52,0,False,False
21.0,,own,999510000,DEMO OWN SHIP,0.0,0.07,-38.04883333333333,144.85,12.0,0.0,0.0,1,,,,,synthetic,,,,,60,,False,False
21.0,,target,999510201,CROSSING EXPRESS,0.5683333333333334,0.55,-38.04083333333333,144.86202862823902,14.0,270.0,270.0,18,danger,danger,0.005423261445466548,145.23529411764704,synthetic,,,,,60,0,False,False
21.0,,target,999510202,DANCING TUG,1.3545336663013168,-0.17375000000000002,-38.05289583333333,144.87866835526543,9.0,300.0,300.0,18,,safe,1.1148406818187293,268.5975411595054,synthetic,,,,,52,0,False,False
22.0,,own,999510000,DEMO OWN SHIP,0.0,0.07333333333333333,-38.04877777777777,144.85,12.0,0.0,0.0,1,,,,,synthetic,,,,,60,,False,False
22.0,,target,999510201,CROSSING EXPRESS,0.5644444444444445,0.55,-38.04083333333333,144.8619463209099,14.0,270.0,270.0,18,danger,danger,0.005423261445466548,144.23529411764704,synthetic,,,,,60,0,False,False
22.0,,target,999510202,DANCING TUG,1.3523686027918558,-0.17250000000000001,-38.052875,144.87862253225532,9.0,300.0,300.0,18,,safe,1.1148406818187293,267.5975411595054,synthetic,,,,,52,0,False,False
23.0,,own,999510000,DEMO OWN SHIP,0.0,0.07666666666666667,-38.04872222222222,144.85,12.0,0.0,0.0,1,,,,,synthetic,,,,,60,,False,False
23.0,,target,999510201,CROSSING EXPRESS,0.5605555555555556,0.55,-38.04083333333333,144.86186401358083,14.0,270.0,270.0,18,danger,danger,0.005423261445466505,143.23529411764704,synthetic,,,,,60,0,False,False
23.0,,target,999510202,DANCING TUG,1.3502035392823948,-0.17125,-38.05285416666666,144.87857670924524,9.0,300.0,300.0,18,,safe,1.1148406818187293,266.59754115950545,synthetic,,,,,52,0,False,False
24.0,,own,999510000,DEMO OWN SHIP,0.0,0.08,-38.04866666666666,144.85,12.0,0.0,0.0,1,,,,,synthetic,,,,,60,,False,False
24.0,,target,999510201,CROSSING EXPRESS,0.5566666666666666,0.55,-38.04083333333333,144.86178170625172,14.0,270.0,270.0,18,danger,danger,0.005423261445466476,142.23529411764704,synthetic,,,,,60,0,False,False
24.0,,target,999510202,DANCING TUG,1.3480384757729336,-0.17,-38.05283333333333,144.87853088623515,9.0,300.0,300.0,18,,safe,1.1148406818187293,265.59754115950545,synthetic,,,,,52,0,False,False
25.0,,own,999510000,DEMO OWN SHIP,0.0,0.08333333333333334,-38.04861111111111,144.85,12.0,0.0,0.0,1,,,,,synthetic,,,,,60,,False,False
25.0,,target,999510201,CROSSING EXPRESS,0.5527777777777778,0.55,-38.04083333333333,144.8616993989226,14.0,270.0,270.0,18,danger,danger,0.005423261445466548,141.23529411764704,synthetic,,,,,60,0,False,False
25.0,,target,999510202,DANCING TUG,1.3458734122634726,-0.16875,-38.052812499999995,144.87848506322504,9.0,300.0,300.0,18,,safe,1.1148406818187293,264.59754115950545,synthetic,,,,,52,0,False,False
26.0,,own,999510000,DEMO OWN SHIP,0.0,0.08666666666666667,-38.04855555555555,144.85,12.0,0.0,0.0,1,,,,,synthetic,,,,,60,,False,False
26.0,,target,999510201,CROSSING EXPRESS,0.5488888888888889,0.55,-38.04083333333333,144.8616170915935,14.0,270.0,270.0,18,danger,danger,0.005423261445466476,140.23529411764704,synthetic,,,,,60,0,False,False
26.0,,target,999510202,DANCING TUG,1.3437083487540114,-0.1675,-38.052791666666664,144.87843924021496,9.0,300.0,300.0,18,,safe,1.1148406818187293,263.59754115950545,synthetic,,,,,52,0,False,False
27.0,,own,999510000,DEMO OWN SHIP,0.0,0.09000000000000001,-38.0485,144.85,12.0,0.0,0.0,1,,,,,synthetic,,,,,60,,False,False
27.0,,target,999510201,CROSSING EXPRESS,0.545,0.55,-38.04083333333333,144.8615347842644,14.0,270.0,270.0,18,danger,danger,0.005423261445466548,139.23529411764704,synthetic,,,,,60,0,False,False
27.0,,target,999510202,DANCING TUG,1.3415432852445504,-0.16625,-38.052770833333334,144.87839341720488,9.0,300.0,300.0,18,,safe,1.1148406818187293,262.59754115950545,synthetic,,,,,52,0,False,False
28.0,,own,999510000,DEMO OWN SHIP,0.0,0.09333333333333334,-38.04844444444444,144.85,12.0,0.0,0.0,1,,,,,synthetic,,,,,60,,False,False
28.0,,target,999510201,CROSSING EXPRESS,0.5411111111111111,0.55,-38.04083333333333,144.86145247693528,14.0,270.0,270.0,18,danger,danger,0.005423261445466433,138.23529411764704,synthetic,,,,,60,0,False,False
28.0,,target,999510202,DANCING TUG,1.3393782217350891,-0.165,-38.052749999999996,144.87834759419476,9.0,300.0,300.0,18,,safe,1.1148406818187293,261.5975411595054,synthetic,,,,,52,0,False,False
29.0,,own,999510000,DEMO OWN SHIP,0.0,0.09666666666666668,-38.04838888888889,144.85,12.0,0.0,0.0,1,,,,,synthetic,,,,,60,,False,False
29.0,,target,999510201,CROSSING EXPRESS,0.5372222222222223,0.55,-38.04083333333333,144.8613701696062,14.0,270.0,270.0,18,danger,danger,0.005423261445466548,137.23529411764704,synthetic,,,,,60,0,False,False
29.0,,target,999510202,DANCING TUG,1.3372131582256281,-0.16375,-38.052729166666666,144.87830177118468,9.0,300.0,300.0,18,,safe,1.1148406818187293,260.5975411595055,synthetic,,,,,52,0,False,False
30.0,,own,999510000,DEMO OWN SHIP,0.0,0.1,-38.04833333333333,144.85,12.0,0.0,0.0,1,,,,,synthetic,,,,,60,,False,False
30.0,,target,999510201,CROSSING EXPRESS,0.5333333333333333,0.55,-38.04083333333333,144.8612878622771,14.0,270.0,270.0,18,danger,danger,0.005423261445466505,136.23529411764704,synthetic,,,,,60,0,False,False
30.0,,target,999510202,DANCING TUG,1.335048094716167,-0.1625,-38.05270833333333,144.8782559481746,9.0,300.0,300.0,18,,safe,1.1148406818187293,259.5975411595054,synthetic,,,,,52,0,False,False
31.0,,own,999510000,DEMO OWN SHIP,0.0,0.10333333333333335,-38.04827777777778,144.85,12.0,0.0,0.0,1,,,,,synthetic,,,,,60,,False,False
31.0,,target,999510201,CROSSING EXPRESS,0.5294444444444445,0.55,-38.04083333333333,144.861205554948,14.0,270.0,270.0,18,danger,danger,0.005423261445466505,135.23529411764704,synthetic,,,,,60,0,False,False
31.0,,target,999510202,DANCING TUG,1.332883031206706,-0.16125,-38.0526875,144.8782101251645,9.0,300.0,300.0,18,,safe,1.1148406818187293,258.59754115950545,synthetic,,,,,52,0,False,False
32.0,,own,999510000,DEMO OWN SHIP,0.0,0.10666666666666667,-38.04822222222222,144.85,12.0,0.0,0.0,1,,,,,synthetic,,,,,60,,False,False
32.0,,target,999510201,CROSSING EXPRESS,0.5255555555555556,0.55,-38.04083333333333,144.86112324761888,14.0,270.0,270.0,18,danger,danger,0.005423261445466548,134.23529411764704,synthetic,,,,,60,0,False,False
32.0,,target,999510202,DANCING TUG,1.330717967697245,-0.16,-38.05266666666667,144.8781643021544,9.0,300.0,300.0,18,,safe,1.1148406818187293,257.59754115950545,synthetic,,,,,52,0,False,False
33.0,,own,999510000,DEMO OWN SHIP,0.0,0.11,-38.04816666666667,144.85,12.0,0.0,0.0,1,,,,,synthetic,,,,,60,,False,False
33.0,,target,999510201,CROSSING EXPRESS,0.5216666666666667,0.55,-38.04083333333333,144.86104094028977,14.0,270.0,270.0,18,danger,danger,0.005423261445466505,133.23529411764704,synthetic,,,,,60,0,False,False
33.0,,target,999510202,DANCING TUG,1.3285529041877837,-0.15875,-38.05264583333333,144.87811847914432,9.0,300.0,300.0,18,,safe,1.1148406818187293,256.59754115950545,synthetic,,,,,52,0,False,False
34.0,,own,999510000,DEMO OWN SHIP,0.0,0.11333333333333334,-38.048111111111105,144.85,12.0,0.0,0.0,1,,,,,synthetic,,,,,60,,False,False
34.0,,target,999510201,CROSSING EXPRESS,0.5177777777777778,0.55,-38.04083333333333,144.86095863296066,14.0,270.0,270.0,18,danger,danger,0.005423261445466505,132.23529411764704,synthetic,,,,,60,0,False,False
34.0,,target,999510202,DANCING TUG,1.3263878406783227,-0.1575,-38.052625,144.87807265613424,9.0,300.0,300.0,18,,safe,1.1148406818187293,255.59754115950545,synthetic,,,,,52,0,False,False
35.0,,own,999510000,DEMO OWN SHIP,0.0,0.11666666666666667,-38.04805555555555,144.85,12.0,0.0,0.0,1,,,,,synthetic,,,,,60,,False,False
35.0,,target,999510201,CROSSING EXPRESS,0.513888888888889,0.55,-38.04083333333333,144.86087632563158,14.0,270.0,270.0,18,danger,danger,0.00542326144546656,131.23529411764707,synthetic,,,,,60,0,False,False
35.0,,target,999510202,DANCING TUG,1.3242227771688615,-0.15625,-38.05260416666666,144.87802683312412,9.0,300.0,300.0,18,,safe,1.1148406818187293,254.59754115950543,synthetic,,,,,52,0,False,False
36.0,,own,999510000,DEMO OWN SHIP,0.0,0.12000000000000001,-38.047999999999995,144.85,12.0,0.0,0.0,1,,,,,synthetic,,,,,60,,False,False
36.0,,target,999510201,CROSSING EXPRESS,0.51,0.55,-38.04083333333333,144.86079401830247,14.0,270.0,270.0,18,danger,danger,0.005423261445466505,130.23529411764704,synthetic,,,,,60,0,False,False
36.0,,target,999510202,DANCING TUG,1.3220577136594005,-0.155,-38.05258333333333,144.87798101011404,9.0,300.0,300.0,18,,safe,1.1148406818187293,253.59754115950545,synthetic,,,,,52,0,False,False
37.0,,own,999510000,DEMO OWN SHIP,0.0,0.12333333333333334,-38.04794444444444,144.85,12.0,0.0,0.0,1,,,,,synthetic,,,,,60,,False,False
37.0,,target,999510201,CROSSING EXPRESS,0.5061111111111112,0.55,-38.04083333333333,144.86071171097336,14.0,270.0,270.0,18,danger,danger,0.005423261445466548,129.23529411764704,synthetic,,,,,60,0,False,False
37.0,,target,999510202,DANCING TUG,1.3198926501499393,-0.15375,-38.0525625,144.87793518710396,9.0,300.0,300.0,18,,safe,1.1148406818187293,252.59754115950543,synthetic,,,,,52,0,False,False
38.0,,own,999510000,DEMO OWN SHIP,0.0,0.12666666666666668,-38.047888888888885,144.85,12.0,0.0,0.0,1,,,,,synthetic,,,,,60,,False,False
38.0,,target,999510201,CROSSING EXPRESS,0.5022222222222222,0.55,-38.04083333333333,144.86062940364425,14.0,270.0,270.0,18,danger,danger,0.005423261445466511,128.23529411764704,synthetic,,,,,60,0,False,False
38.0,,target,999510202,DANCING TUG,1.3177275866404783,-0.1525,-38.05254166666666,144.87788936409385,9.0,300.0,300.0,18,,safe,1.1148406818187293,251.59754115950543,synthetic,,,,,52,0,False,False
39.0,,own,999510000,DEMO OWN SHIP,0.0,0.13,-38.04783333333333,144.85,12.0,0.0,0.0,1,,,,,synthetic,,,,,60,,False,False
39.0,,target,999510201,CROSSING EXPRESS,0.49833333333333335,0.55,-38.04083333333333,144.86054709631514,14.0,270.0,270.0,18,danger,danger,0.00542326144546647,127.23529411764704,synthetic,,,,,60,0,False,False
39.0,,target,999510202,DANCING TUG,1.315562523131017,-0.15125,-38.05252083333333,144.87784354108376,9.0,300.0,300.0,18,,safe,1.1148406818187293,250.5975411595054,synthetic,,,,,52,0,False,False
40.0,,own,999510000,DEMO OWN SHIP,0.0,0.13333333333333333,-38.047777777777775,144.85,12.0,0.0,0.0,1,,,,,synthetic,,,,,60,,False,False
40.0,,target,999510201,CROSSING EXPRESS,0.49444444444444446,0.55,-38.04083333333333,144.86046478898604,14.0,270.0,270.0,18,danger,danger,0.00542326144546647,126.23529411764704,synthetic,,,,,60,0,False,False
40.0,,target,999510202,DANCING TUG,1.313397459621556,-0.15,-38.052499999999995,144.87779771807368,9.0,300.0,300.0,18,,safe,1.1148406818187293,249.59754115950543,synthetic,,,,,52,0,False,False
41.0,,own,999510000,DEMO OWN SHIP,0.0,0.1366666666666667,-38.04772222222222,144.85,12.0,0.0,0.0,1,,,,,synthetic,,,,,60,,False,False
41.0,,target,999510201,CROSSING EXPRESS,0.4905555555555556,0.55,-38.04083333333333,144.86038248165696,14.0,270.0,270.0,18,danger,danger,0.005423261445466542,125.23529411764703,synthetic,,,,,60,0,False,False
41.0,,target,999510202,DANCING TUG,1.3112323961120949,-0.14875,-38.052479166666664,144.87775189506357,9.0,300.0,300.0,18,,safe,1.1148406818187293,248.59754115950545,synthetic,,,,,52,0,False,False
42.0,,own,999510000,DEMO OWN SHIP,0.0,0.14,-38.047666666666665,144.85,12.0,0.0,0.0,1,,,,,synthetic,,,,,60,,False,False
42.0,,target,999510201,CROSSING EXPRESS,0.4866666666666667,0.55,-38.04083333333333,144.86030017432785,14.0,270.0,270.0,18,danger,danger,0.005423261445466505,124.23529411764704,synthetic,,,,,60,0,False,False
42.0,,target,999510202,DANCING TUG,1.3090673326026339,-0.1475,-38.052458333333334,144.87770607205348,9.0,300.0,300.0,18,,safe,1.1148406818187293,247.59754115950545,synthetic,,,,,52,0,False,False
43.0,,own,999510000,DEMO OWN SHIP,0.0,0.14333333333333334,-38.04761111111111,144.85,12.0,0.0,0.0,1,,,,,synthetic,,,,,60,,False,False
43.0,,target,999510201,CROSSING EXPRESS,0.4827777777777778,0.55,-38.04083333333333,144.86021786699874,14.0,270.0,270.0,18,danger,danger,0.005423261445466511,123.23529411764706,synthetic,,,,,60,0,False,False
43.0,,target,999510202,DANCING TUG,1.3069022690931726,-0.14625,-38.052437499999996,144.8776602490434,9.0,300.0,300.0,18,,safe,1.1148406818187293,246.59754115950543,synthetic,,,,,52,0,False,False
44.0,,own,999510000,DEMO OWN SHIP,0.0,0.14666666666666667,-38.047555555555554,144.85,12.0,0.0,0.0,1,,,,,synthetic,,,,,60,,False,False
44.0,,target,999510201,CROSSING EXPRESS,0.4788888888888889,0.55,-38.04083333333333,144.86013555966963,14.0,270.0,270.0,18,danger,danger,0.005423261445466511,122.23529411764706,synthetic,,,,,60,0,False,False
44.0,,target,999510202,DANCING TUG,1.3047372055837116,-0.14500000000000002,-38.052416666666666,144.8776144260333,9.0,300.0,300.0,18,,safe,1.1148406818187293,245.59754115950545,synthetic,,,,,52,0,False,False
45.0,,own,999510000,DEMO OWN SHIP,0.0,0.15000000000000002,-38.0475,144.85,12.0,0.0,0.0,1,,,,,synthetic,,,,,60,,False,False
45.0,,target,999510201,CROSSING EXPRESS,0.47500000000000003,0.55,-38.04083333333333,144.86005325234052,14.0,270.0,270.0,18,danger,danger,0.005423261445466548,121.23529411764704,synthetic,,,,,60,0,False,False
45.0,,target,999510202,DANCING TUG,1.3025721420742506,-0.14375,-38.05239583333333,144.8775686030232,9.0,300.0,300.0,18,,safe,1.1148406818187293,244.59754115950548,synthetic,,,,,52,0,False,False
46.0,,own,999510000,DEMO OWN SHIP,0.0,0.15333333333333335,-38.047444444444444,144.85,12.0,0.0,0.0,1,,,,,synthetic,,,,,60,,False,False
46.0,,target,999510201,CROSSING EXPRESS,0.47111111111111115,0.55,-38.04083333333333,144.85997094501144,14.0,270.0,270.0,18,danger,danger,0.005423261445466505,120.23529411764704,synthetic,,,,,60,0,False,False
46.0,,target,999510202,DANCING TUG,1.3004070785647894,-0.14250000000000002,-38.052375,144.87752278001312,9.0,300.0,300.0,18,,safe,1.1148406818187293,243.59754115950543,synthetic,,,,,52,0,False,False
47.0,,own,999510000,DEMO OWN SHIP,0.0,0.15666666666666668,-38.04738888888889,144.85,12.0,0.0,0.0,1,,,,,synthetic,,,,,60,,False,False
47.0,,target,999510201,CROSSING EXPRESS,0.46722222222222226,0.55,-38.04083333333333,144.85988863768233,14.0,270.0,270.0,18,danger,danger,0.005423261445466505,119.23529411764704,synthetic,,,,,60,0,False,False
47.0,,target,999510202,DANCING TUG,1.2982420150553284,-0.14125,-38.05235416666667,144.877476957003,9.0,300.0,300.0,18,,safe,1.1148406818187293,242.59754115950545,synthetic,,,,,52,0,False,False
48.0,,own,999510000,DEMO OWN SHIP,0.0,0.16,-38.04733333333333,144.85,12.0,0.0,0.0,1,,,,,synthetic,,,,,60,,False,False
48.0,,target,999510201,CROSSING EXPRESS,0.4633333333333334,0.55,-38.04083333333333,144.85980633035322,14.0,270.0,270.0,18,danger,danger,0.005423261445466542,118.23529411764703,synthetic,,,,,60,0,False,False
48.0,,target,999510202,DANCING TUG,1.2960769515458672,-0.14,-38.05233333333333,144.87743113399293,9.0,300.0,300.0,18,,safe,1.1148406818187293,241.59754115950543,synthetic,,,,,52,0,False,False
49.0,,own,999510000,DEMO OWN SHIP,0.0,0.16333333333333333,-38.04727777777777,144.85,12.0,0.0,0.0,1,,,,,synthetic,,,,,60,,False,False
49.0,,target,999510201,CROSSING EXPRESS,0.45944444444444443,0.55,-38.04083333333333,144.8597240230241,14.0,270.0,270.0,18,danger,danger,0.00542326144546647,117.23529411764704,synthetic,,,,,60,0,False,False
49.0,,target,999510202,DANCING TUG,1.2939118880364062,-0.13874999999999998,-38.0523125,144.87738531098285,9.0,300.0,300.0,18,,safe,1.1148406818187293,240.59754115950545,synthetic,,,,,52,0,False,False
50.0,,own,999510000,DEMO OWN SHIP,0.0,0.16666666666666669,-38.04722222222222,144.85,12.0,0.0,0.0,1,,,,,synthetic,,,,,60,,False,False
50.0,,target,999510201,CROSSING EXPRESS,0.4555555555555556,0.55,-38.04083333333333,144.859641715695,14.0,270.0,270.0,18,danger,danger,0.005423261445466511,116.23529411764706,synthetic,,,,,60,0,False,False
50.0,,target,999510202,DANCING TUG,1.291746824526945,-0.1375,-38.05229166666666,144.87733948797273,9.0,300.0,300.0,18,,safe,1.1148406818187293,239.5975411595054,synthetic,,,,,52,0,False,False
51.0,,own,999510000,DEMO OWN SHIP,0.0,0.17,-38.04716666666666,144.85,12.0,0.0,0.0,1,,,,,synthetic,,,,,60,,False,False
51.0,,target,999510201,CROSSING EXPRESS,0.45166666666666666,0.55,-38.04083333333333,144.8595594083659,14.0,270.0,270.0,18,danger,danger,0.005423261445466505,115.23529411764703,synthetic,,,,,60,0,False,False
51.0,,target,999510202,DANCING TUG,1.289581761017484,-0.13624999999999998,-38.05227083333333,144.87729366496265,9.0,300.0,300.0,18,,safe,1.1148406818187293,238.59754115950543,synthetic,,,,,52,0,False,False
52.0,,own,999510000,DEMO OWN SHIP,0.0,0.17333333333333334,-38.04711111111111,144.85,12.0,0.0,0.0,1,,,,,synthetic,,,,,60,,False,False
52.0,,target,999510201,CROSSING EXPRESS,0.44777777777777783,0.55,-38.04083333333333,144.85947710103682,14.0,270.0,270.0,18,danger,danger,0.005423261445466505,114.23529411764704,synthetic,,,,,60,0,False,False
52.0,,target,999510202,DANCING TUG,1.2874166975080228,-0.135,-38.052249999999994,144.87724784195257,9.0,300.0,300.0,18,,safe,1.1148406818187293,237.59754115950545,synthetic,,,,,52,0,False,False
53.0,,own,999510000,DEMO OWN SHIP,0.0,0.17666666666666667,-38.04705555555555,144.85,12.0,0.0,0.0,1,,,,,synthetic,,,,,60,,False,False
53.0,,target,999510201,CROSSING EXPRESS,0.4438888888888889,0.55,-38.04083333333333,144.8593947937077,14.0,270.0,270.0,18,danger,danger,0.005423261445466427,113.23529411764704,synthetic,,,,,60,0,False,False
53.0,,target,999510202,DANCING TUG,1.2852516339985618,-0.13374999999999998,-38.05222916666666,144.87720201894246,9.0,300.0,300.0,18,,safe,1.1148406818187293,236.59754115950543,synthetic,,,,,52,0,False,False
54.0,,own,999510000,DEMO OWN SHIP,0.0,0.18000000000000002,-38.047,144.85,12.0,0.0,0.0,1,,,,,synthetic,,,,,60,,False,False
54.0,,target,999510201,CROSSING EXPRESS,0.44000000000000006,0.55,-38.04083333333333,144.8593124863786,14.0,270.0,270.0,18,danger,danger,0.005423261445466548,112.23529411764704,synthetic,,,,,60,0,False,False
54.0,,target,999510202,DANCING TUG,1.2830865704891008,-0.1325,-38.05220833333333,144.87715619593237,9.0,300.0,300.0,18,,safe,1.1148406818187293,235.59754115950545,synthetic,,,,,52,0,False,False
55.0,,own,999510000,DEMO OWN SHIP,0.0,0.18333333333333335,-38.04694444444444,144.85,12.0,0.0,0.0,1,,,,,synthetic,,,,,60,,False,False
55.0,,target,999510201,CROSSING EXPRESS,0.4361111111111111,0.55,-38.04083333333333,144.8592301790495,14.0,270.0,270.0,18,danger,danger,0.005423261445466464,111.23529411764703,synthetic,,,,,60,0,False,False
55.0,,target,999510202,DANCING TUG,1.2809215069796396,-0.13124999999999998,-38.052187499999995,144.8771103729223,9.0,300.0,300.0,18,,safe,1.1148406818187293,234.5975411595054,synthetic,,,,,52,0,False,False
56.0,,own,999510000,DEMO OWN SHIP,0.0,0.18666666666666668,-38.04688888888889,144.85,12.0,0.0,0.0,1,,,,,synthetic,,,,,60,,False,False
56.0,,target,999510201,CROSSING EXPRESS,0.4322222222222223,0.55,-38.04083333333333,144.85914787172038,14.0,270.0,270.0,18,danger,danger,0.00542326144546647,110.23529411764706,synthetic,,,,,60,0,False,False
56.0,,target,999510202,DANCING TUG,1.2787564434701786,-0.13,-38.052166666666665,144.87706454991218,9.0,300.0,300.0,18,,safe,1.1148406818187293,233.59754115950548,synthetic,,,,,52,0,False,False
57.0,,own,999510000,DEMO OWN SHIP,0.0,0.19,-38.04683333333333,144.85,12.0,0.0,0.0,1,,,,,synthetic,,,,,60,,False,False
57.0,,target,999510201,CROSSING EXPRESS,0.42833333333333334,0.55,-38.04083333333333,144.85906556439127,14.0,270.0,270.0,18,danger,danger,0.00542326144546647,109.23529411764704,synthetic,,,,,60,0,False,False
57.0,,target,999510202,DANCING TUG,1.2765913799607174,-0.12875,-38.05214583333333,144.8770187269021,9.0,300.0,300.0,18,,safe,1.1148406818187293,232.59754115950545,synthetic,,,,,52,0,False,False
58.0,,own,999510000,DEMO OWN SHIP,0.0,0.19333333333333336,-38.04677777777778,144.85,12.0,0.0,0.0,1,,,,,synthetic,,,,,60,,False,False
58.0,,target,999510201,CROSSING EXPRESS,0.4244444444444445,0.55,-38.04083333333333,144.8589832570622,14.0,270.0,270.0,18,danger,danger,0.005423261445466511,108.23529411764706,synthetic,,,,,60,0,False,False
58.0,,target,999510202,DANCING TUG,1.2744263164512564,-0.1275,-38.052125,144.876972903892,9.0,300.0,300.0,18,,safe,1.1148406818187293,231.59754115950545,synthetic,,,,,52,0,False,False
59.0,,own,999510000,DEMO OWN SHIP,0.0,0.19666666666666668,-38.04672222222222,144.85,12.0,0.0,0.0,1,,,,,synthetic,,,,,60,,False,False
59.0,,target,999510201,CROSSING EXPRESS,0.42055555555555557,0.55,-38.04083333333333,144.85890094973308,14.0,270.0,270.0,18,danger,danger,0.00542326144546647,107.23529411764704,synthetic,,,,,60,0,False,False
59.0,,target,999510202,DANCING TUG,1.2722612529417952,-0.12625,-38.052104166666666,144.8769270808819,9.0,300.0,300.0,18,,safe,1.1148406818187293,230.59754115950543,synthetic,,,,,52,0,False,False
60.0,,own,999510000,DEMO OWN SHIP,0.0,0.2,-38.04666666666667,144.85,12.0,0.0,0.0,1,,,,,synthetic,,,,,60,,False,False
60.0,,target,999510201,CROSSING EXPRESS,0.4166666666666667,0.55,-38.04083333333333,144.85881864240397,14.0,270.0,270.0,18,danger,danger,0.00542326144546647,106.23529411764704,synthetic,,,,,60,0,False,False
60.0,,target,999510202,DANCING TUG,1.2700961894323342,-0.125,-38.05208333333333,144.87688125787182,9.0,300.0,300.0,18,,safe,1.1148406818187293,229.59754115950545,synthetic,,,,,52,0,False,False
61.0,,own,999510000,DEMO OWN SHIP,0.0,0.20333333333333334,-38.046611111111105,144.85,12.0,0.0,0.0,1,,,,,synthetic,,,,,60,,False,False
61.0,,target,999510201,CROSSING EXPRESS,0.4127777777777778,0.55,-38.04083333333333,144.85873633507487,14.0,270.0,270.0,18,danger,danger,0.00542326144546647,105.23529411764704,synthetic,,,,,60,0,False,False
61.0,,target,999510202,DANCING TUG,1.267931125922873,-0.12375,-38.0520625,144.87683543486173,9.0,300.0,300.0,18,,safe,1.1148406818187293,228.5975411595054,synthetic,,,,,52,0,False,False
62.0,,own,999510000,DEMO OWN SHIP,0.0,0.2066666666666667,-38.04655555555555,144.85,12.0,0.0,0.0,1,,,,,synthetic,,,,,60,,False,False
62.0,,target,999510201,CROSSING EXPRESS,0.4088888888888889,0.55,-38.04083333333333,144.85865402774576,14.0,270.0,270.0,18,danger,danger,0.005423261445466499,104.23529411764703,synthetic,,,,,60,0,False,False
62.0,,target,999510202,DANCING TUG,1.265766062413412,-0.1225,-38.05204166666666,144.87678961185162,9.0,300.0,300.0,18,,safe,1.1148406818187293,227.59754115950543,synthetic,,,,,52,0,False,False
63.0,,own,999510000,DEMO OWN SHIP,0.0,0.21000000000000002,-38.046499999999995,144.85,12.0,0.0,0.0,1,,,,,synthetic,,,,,60,,False,False
63.0,,target,999510201,CROSSING EXPRESS,0.405,0.55,-38.04083333333333,144.85857172041665,14.0,270.0,270.0,18,danger,danger,0.005423261445466505,103.23529411764704,synthetic,,,,,60,0,False,False
63.0,,target,999510202,DANCING TUG,1.263600998903951,-0.12125,-38.05202083333333,144.87674378884154,9.0,300.0,300.0,18,,safe,1.1148406818187293,226.59754115950545,synthetic,,,,,52,0,False,False
64.0,,own,999510000,DEMO OWN SHIP,0.0,0.21333333333333335,-38.04644444444444,144.85,12.0,0.0,0.0,1,,,,,synthetic,,,,,60,,False,False
64.0,,target,999510201,CROSSING EXPRESS,0.40111111111111114,0.55,-38.04083333333333,144.85848941308757,14.0,270.0,270.0,18,danger,danger,0.005423261445466505,102.23529411764704,synthetic,,,,,60,0,False,False
64.0,,target,999510202,DANCING TUG,1.2614359353944897,-0.12,-38.052,144.87669796583145,9.0,300.0,300.0,18,,safe,1.1148406818187293,225.59754115950543,synthetic,,,,,52,0,False,False
65.0,,own,999510000,DEMO OWN SHIP,0.0,0.21666666666666667,-38.046388888888885,144.85,12.0,0.0,0.0,1,,,,,synthetic,,,,,60,,False,False
65.0,,target,999510201,CROSSING EXPRESS,0.39722222222222225,0.55,-38.04083333333333,144.85840710575846,14.0,270.0,270.0,18,danger,danger,0.005423261445466511,101.23529411764706,synthetic,,,,,60,0,False,False
65.0,,target,999510202,DANCING TUG,1.2592708718850285,-0.11875,-38.05197916666666,144.87665214282137,9.0,300.0,300.0,18,,safe,1.1148406818187293,224.59754115950543,synthetic,,,,,52,0,False,False
66.0,,own,999510000,DEMO OWN SHIP,0.0,0.22,-38.04633333333333,144.85,12.0,0.0,0.0,1,,,,,synthetic,,,,,60,,False,False
66.0,,target,999510201,CROSSING EXPRESS,0.39333333333333337,0.55,-38.04083333333333,144.85832479842935,14.0,270.0,270.0,18,danger,danger,0.005423261445466464,100.23529411764704,synthetic,,,,,60,0,False,False
66.0,,target,999510202,DANCING TUG,1.2571058083755675,-0.1175,-38.05195833333333,144.87660631981126,9.0,300.0,300.0,18,,safe,1.1148406818187293,223.5975411595054,synthetic,,,,,52,0,False,False
67.0,,own,999510000,DEMO OWN SHIP,0.0,0.22333333333333336,-38.046277777777775,144.85,12.0,0.0,0.0,1,,,,,synthetic,,,,,60,,False,False
67.0,,target,999510201,CROSSING EXPRESS,0.3894444444444445,0.55,-38.04083333333333,144.85824249110024,14.0,270.0,270.0,18,danger,danger,0.005423261445466548,99.23529411764704,synthetic,,,,,60,0,False,False
67.0,,target,999510202,DANCING TUG,1.2549407448661065,-0.11624999999999999,-38.051937499999994,144.87656049680118,9.0,300.0,300.0,18,,safe,1.1148406818187293,222.59754115950548,synthetic,,,,,52,0,False,False
68.0,,own,999510000,DEMO OWN SHIP,0.0,0.22666666666666668,-38.04622222222222,144.85,12.0,0.0,0.0,1,,,,,synthetic,,,,,60,,False,False
68.0,,target,999510201,CROSSING EXPRESS,0.3855555555555556,0.55,-38.04083333333333,144.85816018377113,14.0,270.0,270.0,18,danger,danger,0.005423261445466505,98.23529411764704,synthetic,,,,,60,0,False,False
68.0,,target,999510202,DANCING TUG,1.2527756813566453,-0.11499999999999999,-38.05191666666666,144.8765146737911,9.0,300.0,300.0,18,,safe,1.1148406818187293,221.59754115950545,synthetic,,,,,52,0,False,False
69.0,,own,999510000,DEMO OWN SHIP,0.0,0.23,-38.046166666666664,144.85,12.0,0.0,0.0,1,,,,,synthetic,,,,,60,,False,False
69.0,,target,999510201,CROSSING EXPRESS,0.3816666666666667,0.55,-38.04083333333333,144.85807787644205,14.0,270.0,270.0,18,danger,danger,0.00542326144546647,97.23529411764706,synthetic,,,,,60,0,False,False
69.0,,target,999510202,DANCING TUG,1.2506106178471843,-0.11374999999999999,-38.05189583333333,144.87646885078098,9.0,300.0,300.0,18,,safe,1.1148406818187293,220.59754115950543,synthetic,,,,,52,0,False,False
70.0,,own,999510000,DEMO OWN SHIP,0.0,0.23333333333333334,-38.04611111111111,144.85,12.0,0.0,0.0,1,,,,,synthetic,,,,,60,,False,False
70.0,,target,999510201,CROSSING EXPRESS,0.3777777777777778,0.55,-38.04083333333333,144.85799556911294,14.0,270.0,270.0,18,danger,danger,0.005423261445466511,96.23529411764706,synthetic,,,,,60,0,False,False
70.0,,target,999510202,DANCING TUG,1.248445554337723,-0.11249999999999999,-38.051874999999995,144.8764230277709,9.0,300.0,300.0,18,,safe,1.1148406818187293,219.59754115950543,synthetic,,,,,52,0,False,False
71.0,,own,999510000,DEMO OWN SHIP,0.0,0.2366666666666667,-38.046055555555554,144.85,12.0,0.0,0.0,1,,,,,synthetic,,,,,60,,False,False
71.0,,target,999510201,CROSSING EXPRESS,0.37388888888888894,0.55,-38.04083333333333,144.85791326178384,14.0,270.0,270.0,18,danger,danger,0.005423261445466511,95.23529411764706,synthetic,,,,,60,0,False,False
71.0,,target,999510202,DANCING TUG,1.246280490828262,-0.11124999999999999,-38.051854166666665,144.87637720476081,9.0,300.0,300.0,18,,safe,1.1148406818187293,218.59754115950545,synthetic,,,,,52,0,False,False
72.0,,own,999510000,DEMO OWN SHIP,0.0,0.24000000000000002,-38.046,144.85,12.0,0.0,0.0,1,,,,,synthetic,,,,,60,,False,False
72.0,,target,999510201,CROSSING EXPRESS,0.37000000000000005,0.55,-38.04083333333333,144.85783095445473,14.0,270.0,270.0,18,danger,danger,0.00542326144546647,94.23529411764706,synthetic,,,,,60,0,False,False
72.0,,target,999510202,DANCING TUG,1.2441154273188009,-0.10999999999999999,-38.05183333333333,144.8763313817507,9.0,300.0,300.0,18,,safe,1.1148406818187293,217.59754115950543,synthetic,,,,,52,0,False,False
73.0,,own,999510000,DEMO OWN SHIP,0.0,0.24333333333333335,-38.045944444444444,144.85,12.0,0.0,0.0,1,,,,,synthetic,,,,,60,,False,False
73.0,,target,999510201,CROSSING EXPRESS,0.36611111111111116,0.55,-38.04083333333333,144.85774864712562,14.0,270.0,270.0,18,danger,danger,0.005423261445466505,93.23529411764704,synthetic,,,,,60,0,False,False
73.0,,target,999510202,DANCING TUG,1.2419503638093399,-0.10875,-38.0518125,144.87628555874062,9.0,300.0,300.0,18,,safe,1.1148406818187293,216.59754115950543,synthetic,,,,,52,0,False,False
74.0,,own,999510000,DEMO OWN SHIP,0.0,0.24666666666666667,-38.04588888888889,144.85,12.0,0.0,0.0,1,,,,,synthetic,,,,,60,,False,False
74.0,,target,999510201,CROSSING EXPRESS,0.3622222222222223,0.55,-38.04083333333333,144.8576663397965,14.0,270.0,270.0,18,danger,danger,0.005423261445466505,92.23529411764704,synthetic,,,,,60,0,False,False
74.0,,target,999510202,DANCING TUG,1.2397853002998787,-0.1075,-38.05179166666667,144.87623973573054,9.0,300.0,300.0,18,,safe,1.1148406818187293,215.5975411595054,synthetic,,,,,52,0,False,False
75.0,,own,999510000,DEMO OWN SHIP,0.0,0.25,-38.04583333333333,144.85,12.0,0.0,0.0,1,,,,,synthetic,,,,,60,,False,False
75.0,,target,999510201,CROSSING EXPRESS,0.35833333333333334,0.55,-38.04083333333333,144.85758403246743,14.0,270.0,270.0,18,danger,danger,0.00542326144546647,91.23529411764704,synthetic,,,,,60,0,False,False
75.0,,target,999510202,DANCING TUG,1.2376202367904177,-0.10625,-38.05177083333333,144.87619391272042,9.0,300.0,300.0,18,,safe,1.1148406818187293,214.59754115950545,synthetic,,,,,52,0,False,False
76.0,,own,999510000,DEMO OWN SHIP,0.0,0.25333333333333335,-38.04577777777777,144.85,12.0,0.0,0.0,1,,,,,synthetic,,,,,60,,False,False
76.0,,target,999510201,CROSSING EXPRESS,0.35444444444444445,0.55,-38.04083333333333,144.85750172513832,14.0,270.0,270.0,18,danger,danger,0.005423261445466464,90.23529411764703,synthetic,,,,,60,0,False,False
76.0,,target,999510202,DANCING TUG,1.2354551732809567,-0.105,-38.05175,144.87614808971034,9.0,300.0,300.0,18,,safe,1.1148406818187293,213.59754115950545,synthetic,,,,,52,0,False,False
77.0,,own,999510000,DEMO OWN SHIP,0.0,0.2566666666666667,-38.04572222222222,144.85,12.0,0.0,0.0,1,,,,,synthetic,,,,,60,,False,False
77.0,,target,999510201,CROSSING EXPRESS,0.35055555555555556,0.55,-38.04083333333333,144.8574194178092,14.0,270.0,270.0,18,danger,danger,0.00542326144546647,89.23529411764704,synthetic,,,,,60,0,False,False
77.0,,target,999510202,DANCING TUG,1.2332901097714954,-0.10375,-38.05172916666666,144.87610226670026,9.0,300.0,300.0,18,,safe,1.1148406818187293,212.59754115950543,synthetic,,,,,52,0,False,False
78.0,,own,999510000,DEMO OWN SHIP,0.0,0.26,-38.04566666666666,144.85,12.0,0.0,0.0,1,,,,,synthetic,,,,,60,,False,False
78.0,,target,999510201,CROSSING EXPRESS,0.3466666666666667,0.5499999999999999,-38.04083333333333,144.8573371104801,14.0,270.0,270.0,18,danger,danger,0.005423261445466554,88.23529411764704,synthetic,,,,,60,0,False,False
78.0,,target,999510202,DANCING TUG,1.2311250462620345,-0.1025,-38.05170833333333,144.87605644369015,9.0,300.0,300.0,18,,safe,1.1148406818187293,211.59754115950543,synthetic,,,,,52,0,False,False
79.0,,own,999510000,DEMO OWN SHIP,0.0,0.26333333333333336,-38.04561111111111,144.85,12.0,0.0,0.0,1,,,,,synthetic,,,,,60,,False,False
79.0,,target,999510201,CROSSING EXPRESS,0.3427777777777778,0.5499999999999999,-38.04083333333333,144.857254803151,14.0,270.0,270.0,18,danger,danger,0.005423261445466554,87.23529411764704,synthetic,,,,,60,0,False,False
79.0,,target,999510202,DANCING TUG,1.2289599827525732,-0.10124999999999999,-38.0516875,144.87601062068006,9.0,300.0,300.0,18,,safe,1.1148406818187293,210.59754115950543,synthetic,,,,,52,0,False,False
80.0,,own,999510000,DEMO OWN SHIP,0.0,0.26666666666666666,-38.04555555555555,144.85,12.0,0.0,0.0,1,,,,,synthetic,,,,,60,,False,False
80.0,,target,999510201,CROSSING EXPRESS,0.3388888888888889,0.5499999999999999,-38.04083333333333,144.85717249582189,14.0,270.0,270.0,18,danger,danger,0.005423261445466511,86.23529411764704,synthetic,,,,,60,0,False,False
80.0,,target,999510202,DANCING TUG,1.2267949192431122,-0.09999999999999999,-38.05166666666666,144.87596479766998,9.0,300.0,300.0,18,,safe,1.1148406818187293,209.59754115950545,synthetic,,,,,52,0,False,False
81.0,,own,999510000,DEMO OWN SHIP,0.0,0.27,-38.0455,144.85,12.0,0.0,0.0,1,,,,,synthetic,,,,,60,,False,False
81.0,,target,999510201,CROSSING EXPRESS,0.335,0.5499999999999999,-38.04083333333333,144.8570901884928,14.0,270.0,270.0,18,danger,danger,0.005423261445466554,85.23529411764704,synthetic,,,,,60,0,False,False
81.0,,target,999510202,DANCING TUG,1.224629855733651,-0.09874999999999999,-38.05164583333333,144.87591897465987,9.0,300.0,300.0,18,,safe,1.1148406818187293,208.59754115950543,synthetic,,,,,52,0,False,False
82.0,,own,999510000,DEMO OWN SHIP,0.0,0.2733333333333334,-38.04544444444444,144.85,12.0,0.0,0.0,1,,,,,synthetic,,,,,60,,False,False
82.0,,target,999510201,CROSSING EXPRESS,0.33111111111111113,0.5499999999999999,-38.04083333333333,144.8570078811637,14.0,270.0,270.0,18,danger,danger,0.005423261445466554,84.23529411764704,synthetic,,,,,60,0,False,False
82.0,,target,999510202,DANCING TUG,1.22246479222419,-0.09749999999999999,-38.051624999999994,144.87587315164978,9.0,300.0,300.0,18,,safe,1.1148406818187293,207.59754115950545,synthetic,,,,,52,0,False,False
83.0,,own,999510000,DEMO OWN SHIP,0.0,0.27666666666666667,-38.04538888888889,144.85,12.0,0.0,0.0,1,,,,,synthetic,,,,,60,,False,False
83.0,,target,999510201,CROSSING EXPRESS,0.32722222222222225,0.5499999999999999,-38.04083333333333,144.8569255738346,14.0,270.0,270.0,18,danger,danger,0.005423261445466584,83.23529411764703,synthetic,,,,,60,0,False,False
83.0,,target,999510202,DANCING TUG,1.2202997287147288,-0.09624999999999999,-38.051604166666664,144.8758273286397,9.0,300.0,300.0,18,,safe,1.1148406818187293,206.59754115950543,synthetic,,,,,52,0,False,False
84.0,,own,999510000,DEMO OWN SHIP,0.0,0.28,-38.04533333333333,144.85,12.0,0.0,0.0,1,,,,,synthetic,,,,,60,,False,False
84.0,,target,999510201,CROSSING EXPRESS,0.32333333333333336,0.5499999999999999,-38.04083333333333,144.85684326650548,14.0,270.0,270.0,18,danger,danger,0.005423261445466584,82.23529411764703,synthetic,,,,,60,0,False,False
84.0,,target,999510202,DANCING TUG,1.2181346652052678,-0.09499999999999999,-38.05158333333333,144.8757815056296,9.0,300.0,300.0,18,,safe,1.1148406818187293,205.59754115950543,synthetic,,,,,52,0,False,False
85.0,,own,999510000,DEMO OWN SHIP,0.0,0.2833333333333333,-38.04527777777778,144.85,12.0,0.0,0.0,1,,,,,synthetic,,,,,60,,False,False
85.0,,target,999510201,CROSSING EXPRESS,0.3194444444444445,0.5499999999999999,-38.04083333333333,144.85676095917637,14.0,270.0,270.0,18,danger,danger,0.005423261445466542,81.23529411764703,synthetic,,,,,60,0,False,False
85.0,,target,999510202,DANCING TUG,1.2159696016958068,-0.09374999999999999,-38.051562499999996,144.8757356826195,9.0,300.0,300.0,18,,safe,1.1148406818187293,204.59754115950543,synthetic,,,,,52,0,False,False
86.0,,own,999510000,DEMO OWN SHIP,0.0,0.2866666666666667,-38.04522222222222,144.85,12.0,0.0,0.0,1,,,,,synthetic,,,,,60,,False,False
86.0,,target,999510201,CROSSING EXPRESS,0.3155555555555556,0.5499999999999999,-38.04083333333333,144.85667865184726,14.0,270.0,270.0,18,danger,danger,0.005423261445466589,80.23529411764704,synthetic,,,,,60,0,False,False
86.0,,target,999510202,DANCING TUG,1.2138045381863456,-0.09249999999999999,-38.051541666666665,144.87568985960942,9.0,300.0,300.0,18,,safe,1.1148406818187293,203.59754115950545,synthetic,,,,,52,0,False,False
87.0,,own,999510000,DEMO OWN SHIP,0.0,0.29000000000000004,-38.04516666666667,144.85,12.0,0.0,0.0,1,,,,,synthetic,,,,,60,,False,False
87.0,,target,999510201,CROSSING EXPRESS,0.3116666666666667,0.5499999999999999,-38.04083333333333,144.85659634451818,14.0,270.0,270.0,18,danger,danger,0.005423261445466584,79.23529411764703,synthetic,,,,,60,0,False,False
87.0,,target,999510202,DANCING TUG,1.2116394746768846,-0.09124999999999998,-38.05152083333333,144.8756440365993,9.0,300.0,300.0,18,,safe,1.1148406818187293,202.59754115950545,synthetic,,,,,52,0,False,False
88.0,,own,999510000,DEMO OWN SHIP,0.0,0.29333333333333333,-38.04511111111111,144.85,12.0,0.0,0.0,1,,,,,synthetic,,,,,60,,False,False
88.0,,target,999510201,CROSSING EXPRESS,0.3077777777777778,0.5499999999999999,-38.04083333333333,144.85651403718907,14.0,270.0,270.0,18,danger,danger,0.005423261445466548,78.23529411764704,synthetic,,,,,60,0,False,False
88.0,,target,999510202,DANCING TUG,1.2094744111674234,-0.09,-38.0515,144.87559821358923,9.0,300.0,300.0,18,,safe,1.1148406818187293,201.59754115950543,synthetic,,,,,52,0,False,False
89.0,,own,999510000,DEMO OWN SHIP,0.0,0.2966666666666667,-38.04505555555555,144.85,12.0,0.0,0.0,1,,,,,synthetic,,,,,60,,False,False
89.0,,target,999510201,CROSSING EXPRESS,0.30388888888888893,0.5499999999999999,-38.04083333333333,144.85643172985996,14.0,270.0,270.0,18,danger,danger,0.005423261445466589,77.23529411764704,synthetic,,,,,60,0,False,False
89.0,,target,999510202,DANCING TUG,1.2073093476579624,-0.08875,-38.05147916666667,144.87555239057914,9.0,300.0,300.0,18,,safe,1.1148406818187293,200.59754115950543,synthetic,,,,,52,0,False,False
90.0,,own,999510000,DEMO OWN SHIP,0.0,0.30000000000000004,-38.044999999999995,144.85,12.0,0.0,0.0,1,,,,,synthetic,,,,,60,,False,False
90.0,,target,999510201,CROSSING EXPRESS,0.30000000000000004,0.5499999999999999,-38.04083333333333,144.85634942253085,14.0,270.0,270.0,18,danger,danger,0.005423261445466584,76.23529411764703,synthetic,,,,,60,0,False,False
90.0,,target,999510202,DANCING TUG,1.2051442841485012,-0.0875,-38.05145833333333,144.87550656756903,9.0,230.0,230.0,18,,safe,1.2637287007740294,14.020613573663645,synthetic,,,,,52,0,False,False
91.0,,own,999510000,DEMO OWN SHIP,0.0,0.30333333333333334,-38.04494444444444,144.85,12.0,0.0,0.0,1,,,,,synthetic,,,,,60,,False,False
91.0,,target,999510201,CROSSING EXPRESS,0.29611111111111116,0.5499999999999999,-38.04083333333333,144.85626711520175,14.0,270.0,270.0,18,danger,danger,0.005423261445466584,75.23529411764703,synthetic,,,,,60,0,False,False
91.0,,target,999510202,DANCING TUG,1.2032291730407036,-0.08910696902421635,-38.0514851161504,144.875466034737,9.0,230.0,230.0,18,,safe,1.2637287007740294,13.020613573663654,synthetic,,,,,52,0,False,False
92.0,,own,999510000,DEMO OWN SHIP,0.0,0.3066666666666667,-38.044888888888885,144.85,12.0,0.0,0.0,1,,,,,synthetic,,,,,60,,False,False
92.0,,target,999510201,CROSSING EXPRESS,0.29222222222222227,0.5499999999999999,-38.04083333333333,144.85618480787267,14.0,270.0,270.0,18,danger,danger,0.005423261445466589,74.23529411764704,synthetic,,,,,60,0,False,False
92.0,,target,999510202,DANCING TUG,1.2013140619329064,-0.0907139380484327,-38.05151189896747,144.87542550190494,9.0,230.0,230.0,18,,safe,1.2637287007740294,12.020613573663661,synthetic,,,,,52,0,False,False
93.0,,own,999510000,DEMO OWN SHIP,0.0,0.31,-38.04483333333333,144.85,12.0,0.0,0.0,1,,,,,synthetic,,,,,60,,False,False
93.0,,target,999510201,CROSSING EXPRESS,0.2883333333333334,0.5499999999999999,-38.04083333333333,144.85610250054356,14.0,270.0,270.0,18,danger,danger,0.005423261445466548,73.23529411764704,synthetic,,,,,60,0,False,False
93.0,,target,999510202,DANCING TUG,1.1993989508251088,-0.09232090707264903,-38.05153868178454,144.87538496907288,9.0,230.0,230.0,18,,safe,1.2637287007740294,11.02061357366367,synthetic,,,,,52,0,False,False
94.0,,own,999510000,DEMO OWN SHIP,0.0,0.31333333333333335,-38.044777777777774,144.85,12.0,0.0,0.0,1,,,,,synthetic,,,,,60,,False,False
94.0,,target,999510201,CROSSING EXPRESS,0.2844444444444445,0.5499999999999999,-38.04083333333333,144.85602019321445,14.0,270.0,270.0,18,danger,danger,0.0054232614454665685,72.23529411764704,synthetic,,,,,60,0,False,False
94.0,,target,999510202,DANCING TUG,1.1974838397173113,-0.09392787609686538,-38.05156546460161,144.87534443624082,9.0,230.0,230.0,18,,safe,1.2637287007740294,10.020613573663663,synthetic,,,,,52,0,False,False
95.0,,own,999510000,DEMO OWN SHIP,0.0,0.3166666666666667,-38.04472222222222,144.85,12.0,0.0,0.0,1,,,,,synthetic,,,,,60,,False,False
95.0,,target,999510201,CROSSING EXPRESS,0.2805555555555556,0.5499999999999999,-38.04083333333333,144.85593788588534,14.0,270.0,270.0,18,danger,danger,0.005423261445466589,71.23529411764704,synthetic,,,,,60,0,False,False
95.0,,target,999510202,DANCING TUG,1.195568728609514,-0.09553484512108174,-38.05159224741868,144.87530390340876,9.0,230.0,230.0,18,,safe,1.2637287007740294,9.020613573663672,synthetic,,,,,52,0,False,False
96.0,,own,999510000,DEMO OWN SHIP,0.0,0.32,-38.044666666666664,144.85,12.0,0.0,0.0,1,,,,,synthetic,,,,,60,,False,False
96.0,,target,999510201,CROSSING EXPRESS,0.2766666666666667,0.5499999999999999,-38.04083333333333,144.85585557855623,14.0,270.0,270.0,18,danger,danger,0.005423261445466548,70.23529411764704,synthetic,,,,,60,0,False,False
96.0,,target,999510202,DANCING TUG,1.1936536175017165,-0.09714181414529809,-38.05161903023575,144.8752633705767,9.0,230.0,230.0,18,,safe,1.2637287007740294,8.020613573663665,synthetic,,,,,52,0,False,False
97.0,,own,999510000,DEMO OWN SHIP,0.0,0.32333333333333336,-38.04461111111111,144.85,12.0,0.0,0.0,1,,,,,synthetic,,,,,60,,False,False
97.0,,target,999510201,CROSSING EXPRESS,0.2727777777777778,0.5499999999999999,-38.04083333333333,144.85577327122712,14.0,270.0,270.0,18,danger,danger,0.005423261445466548,69.23529411764703,synthetic,,,,,60,0,False,False
97.0,,target,999510202,DANCING TUG,1.191738506393919,-0.09874878316951444,-38.05164581305282,144.87522283774464,9.0,230.0,230.0,18,,safe,1.2637287007740294,7.020613573663642,synthetic,,,,,52,0,False,False
98.0,,own,999510000,DEMO OWN SHIP,0.0,0.32666666666666666,-38.044555555555554,144.85,12.0,0.0,0.0,1,,,,,synthetic,,,,,60,,False,False
98.0,,target,999510201,CROSSING EXPRESS,0.2688888888888889,0.5499999999999999,-38.04083333333333,144.85569096389804,14.0,270.0,270.0,18,danger,danger,0.005423261445466511,68.23529411764704,synthetic,,,,,60,0,False,False
98.0,,target,999510202,DANCING TUG,1.1898233952861217,-0.10035575219373079,-38.051672595869896,144.87518230491258,9.0,230.0,230.0,18,,safe,1.2637287007740294,6.020613573663666,synthetic,,,,,52,0,False,False
99.0,,own,999510000,DEMO OWN SHIP,0.0,0.33,-38.0445,144.85,12.0,0.0,0.0,1,,,,,synthetic,,,,,60,,False,False
99.0,,target,999510201,CROSSING EXPRESS,0.265,0.5499999999999999,-38.04083333333333,144.85560865656893,14.0,270.0,270.0,18,danger,danger,0.005423261445466532,67.23529411764704,synthetic,,,,,60,0,False,False
99.0,,target,999510202,DANCING TUG,1.1879082841783242,-0.10196272121794714,-38.05169937868696,144.87514177208053,9.0,230.0,230.0,18,,safe,1.2637287007740294,5.020613573663659,synthetic,,,,,52,0,False,False
100.0,,own,999510000,DEMO OWN SHIP,0.0,0.33333333333333337,-38.044444444444444,144.85,12.0,0.0,0.0,1,,,,,synthetic,,,,,60,,False,False
100.0,,target,999510201,CROSSING EXPRESS,0.2611111111111111,0.5499999999999999,-38.04083333333333,144.85552634923982,14.0,270.0,270.0,18,danger,danger,0.005423261445466532,66.23529411764704,synthetic,,,,,60,0,False,False
100.0,,target,999510202,DANCING TUG,1.1859931730705267,-0.10356969024216348,-38.051726161504035,144.8751012392485,9.0,230.0,230.0,18,,safe,1.2637287007740294,4.020613573663652,synthetic,,,,,52,0,False,False
101.0,,own,999510000,DEMO OWN SHIP,0.0,0.33666666666666667,-38.04438888888889,144.85,12.0,0.0,0.0,1,,,,,synthetic,,,,,60,,False,False
101.0,,target,999510201,CROSSING EXPRESS,0.25722222222222224,0.5499999999999999,-38.04083333333333,144.85544404191072,14.0,270.0,270.0,18,danger,danger,0.005423261445466511,65.23529411764704,synthetic,,,,,60,0,False,False
101.0,,target,999510202,DANCING TUG,1.1840780619627294,-0.10517665926637983,-38.0517529443211,144.87506070641643,9.0,230.0,230.0,18,,safe,1.2637287007740294,3.020613573663675,synthetic,,,,,52,0,False,False
102.0,,own,999510000,DEMO OWN SHIP,0.0,0.34,-38.04433333333333,144.85,12.0,0.0,0.0,1,,,,,synthetic,,,,,60,,False,False
102.0,,target,999510201,CROSSING EXPRESS,0.25333333333333335,0.5499999999999999,-38.04083333333333,144.8553617345816,14.0,270.0,270.0,18,danger,danger,0.00542326144546655,64.23529411764704,synthetic,,,,,60,0,False,False
102.0,,target,999510202,DANCING TUG,1.1821629508549318,-0.10678362829059618,-38.051779727138175,144.87502017358437,9.0,230.0,230.0,18,,safe,1.2637287007740294,2.020613573663653,synthetic,,,,,52,0,False,False
103.0,,own,999510000,DEMO OWN SHIP,0.0,0.3433333333333334,-38.04427777777777,144.85,12.0,0.0,0.0,1,,,,,synthetic,,,,,60,,False,False
103.0,,target,999510201,CROSSING EXPRESS,0.24944444444444447,0.5499999999999999,-38.04083333333333,144.8552794272525,14.0,270.0,270.0,18,danger,danger,0.0054232614454665685,63.23529411764704,synthetic,,,,,60,0,False,False
103.0,,target,999510202,DANCING TUG,1.1802478397471343,-0.10839059731481253,-38.05180650995524,144.87497964075231,9.0,230.0,230.0,18,,safe,1.2637287007740294,1.0206135736636457,synthetic,,,,,52,0,False,False
104.0,,own,999510000,DEMO OWN SHIP,0.0,0.3466666666666667,-38.04422222222222,144.85,12.0,0.0,0.0,1,,,,,synthetic,,,,,60,,False,False
104.0,,target,999510201,CROSSING EXPRESS,0.24555555555555558,0.5499999999999999,-38.04083333333333,144.85519711992342,14.0,270.0,270.0,18,danger,danger,0.005423261445466548,62.23529411764704,synthetic,,,,,60,0,False,False
104.0,,target,999510202,DANCING TUG,1.178332728639337,-0.10999756633902888,-38.051833292772315,144.87493910792026,9.0,230.0,230.0,18,,safe,1.2637287007740294,0.020613573663669473,synthetic,,,,,52,0,False,False
105.0,,own,999510000,DEMO OWN SHIP,0.0,0.35000000000000003,-38.04416666666666,144.85,12.0,0.0,0.0,1,,,,,synthetic,,,,,60,,False,False
105.0,,target,999510201,CROSSING EXPRESS,0.2416666666666667,0.5499999999999999,-38.04083333333333,144.8551148125943,14.0,270.0,270.0,18,danger,danger,0.005423261445466544,61.23529411764703,synthetic,,,,,60,0,False,False
105.0,,target,999510202,DANCING TUG,1.1764176175315395,-0.11160453536324523,-38.05186007558938,144.8748985750882,9.0,230.0,230.0,18,,safe,1.2637287007740294,-0.9793864263363377,synthetic,,,,,52,0,False,False
106.0,,own,999510000,DEMO OWN SHIP,0.0,0.35333333333333333,-38.04411111111111,144.85,12.0,0.0,0.0,1,,,,,synthetic,,,,,60,,False,False
106.0,,target,999510201,CROSSING EXPRESS,0.2377777777777778,0.5499999999999999,-38.04083333333333,144.8550325052652,14.0,270.0,270.0,18,danger,danger,0.0054232614454665295,60.235294117647044,synthetic,,,,,60,0,False,False
106.0,,target,999510202,DANCING TUG,1.174502506423742,-0.11321150438746158,-38.051886858406455,144.87485804225614,9.0,230.0,230.0,18,,safe,1.2637287007740294,-1.9793864263363448,synthetic,,,,,52,0,False,False
107.0,,own,999510000,DEMO OWN SHIP,0.0,0.3566666666666667,-38.04405555555555,144.85,12.0,0.0,0.0,1,,,,,synthetic,,,,,60,,False,False
107.0,,target,999510201,CROSSING EXPRESS,0.23388888888888892,0.5499999999999999,-38.04083333333333,144.8549501979361,14.0,270.0,270.0,18,danger,danger,0.005423261445466548,59.23529411764704,synthetic,,,,,60,0,False,False
107.0,,target,999510202,DANCING TUG,1.1725873953159447,-0.11481847341167792,-38.05191364122353,144.87481750942408,9.0,230.0,230.0,18,,safe,1.2637287007740294,-2.9793864263363363,synthetic,,,,,52,0,False,False
108.0,,own,999510000,DEMO OWN SHIP,0.0,0.36000000000000004,-38.044,144.85,12.0,0.0,0.0,1,,,,,synthetic,,,,,60,,False,False
108.0,,target,999510201,CROSSING EXPRESS,0.23000000000000004,0.5499999999999999,-38.04083333333333,144.85486789060698,14.0,270.0,270.0,18,danger,danger,0.005423261445466548,58.23529411764704,synthetic,,,,,60,0,False,False
108.0,,target,999510202,DANCING TUG,1.1706722842081472,-0.11642544243589427,-38.051940424040595,144.87477697659202,9.0,230.0,230.0,18,,safe,1.2637287007740294,-3.9793864263363434,synthetic,,,,,52,0,False,False
109.0,,own,999510000,DEMO OWN SHIP,0.0,0.36333333333333334,-38.04394444444444,144.85,12.0,0.0,0.0,1,,,,,synthetic,,,,,60,,False,False
109.0,,target,999510201,CROSSING EXPRESS,0.22611111111111115,0.5499999999999999,-38.04083333333333,144.85478558327787,14.0,270.0,270.0,18,danger,danger,0.0054232614454665295,57.235294117647044,synthetic,,,,,60,0,False,False
109.0,,target,999510202,DANCING TUG,1.1687571731003497,-0.11803241146011062,-38.05196720685767,144.87473644375999,9.0,230.0,230.0,18,,safe,1.2637287007740294,-4.979386426336351,synthetic,,,,,52,0,False,False
110.0,,own,999510000,DEMO OWN SHIP,0.0,0.3666666666666667,-38.04388888888889,144.85,12.0,0.0,0.0,1,,,,,synthetic,,,,,60,,False,False
110.0,,target,999510201,CROSSING EXPRESS,0.22222222222222227,0.5499999999999999,-38.04083333333333,144.8547032759488,14.0,270.0,270.0,18,danger,danger,0.0054232614454665685,56.235294117647044,synthetic,,,,,60,0,False,False
110.0,,target,999510202,DANCING TUG,1.1668420619925524,-0.11963938048432697,-38.051993989674735,144.87469591092793,9.0,230.0,230.0,18,,safe,1.2637287007740294,-5.979386426336342,synthetic,,,,,52,0,False,False
110.0,,target,999510203,FAST FERRY,0.18,-0.05,-38.05083333333333,144.8538096535185,24.0,0.0,0.0,18,danger,danger,0.18,124.99999999999999,synthetic,,,,,40,0,False,False
111.0,,own,999510000,DEMO OWN SHIP,0.0,0.37000000000000005,-38.04383333333333,144.85,12.0,0.0,0.0,1,,,,,synthetic,,,,,60,,False,False
111.0,,target,999510201,CROSSING EXPRESS,0.21833333333333338,0.5499999999999999,-38.04083333333333,144.85462096861968,14.0,270.0,270.0,18,danger,danger,0.005423261445466587,55.23529411764704,synthetic,,,,,60,0,False,False
111.0,,target,999510202,DANCING TUG,1.1649269508847548,-0.12124634950854332,-38.05202077249181,144.87465537809587,9.0,230.0,230.0,18,,safe,1.2637287007740294,-6.979386426336349,synthetic,,,,,52,0,False,False
111.0,,target,999510203,FAST FERRY,0.18,-0.043333333333333335,-38.05072222222222,144.8538096535185,24.0,0.0,0.0,18,danger,danger,0.18,124.0,synthetic,,,,,40,0,False,False
112.0,,own,999510000,DEMO OWN SHIP,0.0,0.37333333333333335,-38.04377777777778,144.85,12.0,0.0,0.0,1,,,,,synthetic,,,,,60,,False,False
112.0,,target,999510201,CROSSING EXPRESS,0.2144444444444445,0.5499999999999999,-38.04083333333333,144.85453866129058,14.0,270.0,270.0,18,danger,danger,0.00542326144546655,54.23529411764705,synthetic,,,,,60,0,False,False
112.0,,target,999510202,DANCING TUG,1.1630118397769573,-0.12285331853275966,-38.052047555308874,144.8746148452638,9.0,230.0,230.0,18,,safe,1.2637287007740294,-7.979386426336341,synthetic,,,,,52,0,False,False
112.0,,target,999510203,FAST FERRY,0.18,-0.03666666666666667,-38.05061111111111,144.8538096535185,24.0,0.0,0.0,18,danger,danger,0.18,122.99999999999999,synthetic,,,,,40,0,False,False
113.0,,own,999510000,DEMO OWN SHIP,0.0,0.3766666666666667,-38.04372222222222,144.85,12.0,0.0,0.0,1,,,,,synthetic,,,,,60,,False,False
113.0,,target,999510201,CROSSING EXPRESS,0.2105555555555556,0.5499999999999999,-38.04083333333333,144.85445635396147,14.0,270.0,270.0,18,danger,danger,0.0054232614454665685,53.235294117647044,synthetic,,,,,60,0,False,False
113.0,,target,999510202,DANCING TUG,1.16109672866916,-0.12446028755697602,-38.05207433812595,144.87457431243175,9.0,230.0,230.0,18,,safe,1.2637287007740294,-8.979386426336347,synthetic,,,,,52,0,False,False
113.0,,target,999510203,FAST FERRY,0.18,-0.030000000000000002,-38.0505,144.8538096535185,24.0,0.0,0.0,18,danger,danger,0.18,122.0,synthetic,,,,,40,0,False,False
114.0,,own,999510000,DEMO OWN SHIP,0.0,0.38,-38.04366666666667,144.85,12.0,0.0,0.0,1,,,,,synthetic,,,,,60,,False,False
114.0,,target,999510201,CROSSING EXPRESS,0.20666666666666672,0.5499999999999999,-38.04083333333333,144.85437404663236,14.0,270.0,270.0,18,danger,danger,0.00542326144546655,52.23529411764705,synthetic,,,,,60,0,False,False
114.0,,target,999510202,DANCING TUG,1.1591816175613625,-0.12606725658119236,-38.052101120943014,144.8745337795997,9.0,230.0,230.0,18,,safe,1.2637287007740294,-9.979386426336324,synthetic,,,,,52,0,False,False
114.0,,target,999510203,FAST FERRY,0.18,-0.023333333333333334,-38.05038888888889,144.8538096535185,24.0,0.0,0.0,18,danger,danger,0.18,120.99999999999999,synthetic,,,,,40,0,False,False
115.0,,own,999510000,DEMO OWN SHIP,0.0,0.38333333333333336,-38.04361111111111,144.85,12.0,0.0,0.0,1,,,,,synthetic,,,,,60,,False,False
115.0,,target,999510201,CROSSING EXPRESS,0.20277777777777783,0.5499999999999999,-38.04083333333333,144.85429173930328,14.0,270.0,270.0,18,danger,danger,0.00542326144546655,51.23529411764705,synthetic,,,,,60,0,False,False
115.0,,target,999510202,DANCING TUG,1.157266506453565,-0.1276742256054087,-38.05212790376009,144.87449324676763,9.0,230.0,230.0,18,,safe,1.2637287007740294,-10.979386426336347,synthetic,,,,,52,0,False,False
115.0,,target,999510203,FAST FERRY,0.18,-0.01666666666666667,-38.05027777777777,144.8538096535185,24.0,0.0,0.0,18,danger,danger,0.18,119.99999999999999,synthetic,,,,,40,0,False,False
116.0,,own,999510000,DEMO OWN SHIP,0.0,0.3866666666666667,-38.04355555555555,144.85,12.0,0.0,0.0,1,,,,,synthetic,,,,,60,,False,False
116.0,,target,999510201,CROSSING EXPRESS,0.19888888888888895,0.5499999999999999,-38.04083333333333,144.85420943197417,14.0,270.0,270.0,18,danger,danger,0.005423261445466572,50.23529411764705,synthetic,,,,,60,0,False,False
116.0,,target,999510202,DANCING TUG,1.1553513953457677,-0.12928119462962506,-38.052154686577154,144.87445271393557,9.0,230.0,230.0,18,,safe,1.2637287007740294,-11.979386426336339,synthetic,,,,,52,0,False,False
116.0,,target,999510203,FAST FERRY,0.18,-0.010000000000000002,-38.05016666666666,144.8538096535185,24.0,0.0,0.0,18,danger,danger,0.18,119.0,synthetic,,,,,40,0,False,False
117.0,,own,999510000,DEMO OWN SHIP,0.0,0.39,-38.043499999999995,144.85,12.0,0.0,0.0,1,,,,,synthetic,,,,,60,,False,False
117.0,,target,999510201,CROSSING EXPRESS,0.19500000000000006,0.5499999999999999,-38.04083333333333,144.85412712464506,14.0,270.0,270.0,18,danger,danger,0.005423261445466548,49.235294117647044,synthetic,,,,,60,0,False,False
117.0,,target,999510202,DANCING TUG,1.1534362842379702,-0.13088816365384143,-38.05218146939423,144.8744121811035,9.0,230.0,230.0,18,,safe,1.2637287007740294,-12.97938642633633,synthetic,,,,,52,0,False,False
117.0,,target,999510203,FAST FERRY,0.18,-0.003333333333333334,-38.05005555555555,144.8538096535185,24.0,0.0,0.0,18,danger,danger,0.18,118.0,synthetic,,,,,40,0,False,False
118.0,,own,999510000,DEMO OWN SHIP,0.0,0.39333333333333337,-38.04344444444444,144.85,12.0,0.0,0.0,1,,,,,synthetic,,,,,60,,False,False
118.0,,target,999510201,CROSSING EXPRESS,0.19111111111111112,0.5499999999999999,-38.04083333333333,144.85404481731595,14.0,270.0,270.0,18,danger,danger,0.0054232614454665295,48.23529411764704,synthetic,,,,,60,0,False,False
118.0,,target,999510202,DANCING TUG,1.1515211731301727,-0.13249513267805776,-38.0522082522113,144.87437164827148,9.0,230.0,230.0,18,,safe,1.2637287007740294,-13.979386426336337,synthetic,,,,,52,0,False,False
118.0,,target,999510203,FAST FERRY,0.18,0.003333333333333334,-38.04994444444444,144.8538096535185,24.0,0.0,0.0,18,danger,danger,0.18,116.99999999999999,synthetic,,,,,40,0,False,False
119.0,,own,999510000,DEMO OWN SHIP,0.0,0.39666666666666667,-38.043388888888884,144.85,12.0,0.0,0.0,1,,,,,synthetic,,,,,60,,False,False
119.0,,target,999510201,CROSSING EXPRESS,0.18722222222222223,0.5499999999999999,-38.04083333333333,144.85396250998684,14.0,270.0,270.0,18,danger,danger,0.0054232614454664905,47.235294117647044,synthetic,,,,,60,0,False,False
119.0,,target,999510202,DANCING TUG,1.1496060620223754,-0.1341021017022741,-38.05223503502837,144.87433111543942,9.0,230.0,230.0,18,,safe,1.2637287007740294,-14.97938642633633,synthetic,,,,,52,0,False,False
119.0,,target,999510203,FAST FERRY,0.18,0.010000000000000002,-38.04983333333333,144.8538096535185,24.0,0.0,0.0,18,danger,danger,0.18,115.99999999999997,synthetic,,,,,40,0,False,False
120.0,,own,999510000,DEMO OWN SHIP,0.0,0.4,-38.04333333333333,144.85,12.0,0.0,0.0,1,,,,,synthetic,,,,,60,,False,False
120.0,,target,999510201,CROSSING EXPRESS,0.18333333333333335,0.5499999999999999,-38.04083333333333,144.85388020265773,14.0,270.0,270.0,18,danger,danger,0.005423261445466511,46.235294117647044,synthetic,,,,,60,0,False,False
120.0,,target,999510202,DANCING TUG,1.1476909509145778,-0.13570907072649047,-38.05226181784544,144.87429058260736,9.0,230.0,230.0,18,,safe,1.2637287007740294,-15.979386426336337,synthetic,,,,,52,0,False,False
120.0,,target,999510203,FAST FERRY,0.18,0.016666666666666663,-38.04972222222222,144.8538096535185,24.0,0.0,0.0,18,danger,danger,0.18,114.99999999999999,synthetic,,,,,40,0,False,False
121.0,,own,999510000,DEMO OWN SHIP,0.0,0.4033333333333334,-38.043277777777774,144.85,12.0,0.0,0.0,1,,,,,synthetic,,,,,60,,False,False
121.0,,target,999510201,CROSSING EXPRESS,0.17944444444444446,0.5499999999999999,-38.04083333333333,144.85379789532865,14.0,270.0,270.0,18,danger,danger,0.00542326144546655,45.235294117647044,synthetic,,,,,60,0,False,False
121.0,,target,999510202,DANCING TUG,1.1457758398067803,-0.1373160397507068,-38.05228860066251,144.8742500497753,9.0,230.0,230.0,18,,safe,1.2637287007740294,-16.979386426336344,synthetic,,,,,52,0,False,False
121.0,,target,999510203,FAST FERRY,0.18,0.02333333333333333,-38.049611111111105,144.8538096535185,24.0,0.0,0.0,18,danger,danger,0.18,114.00000000000001,synthetic,,,,,40,0,False,False
122.0,,own,999510000,DEMO OWN SHIP,0.0,0.4066666666666667,-38.04322222222222,144.85,12.0,0.0,0.0,1,,,,,synthetic,,,,,60,,False,False
122.0,,target,999510201,CROSSING EXPRESS,0.17555555555555558,0.5499999999999999,-38.04083333333333,144.85371558799955,14.0,270.0,270.0,18,danger,danger,0.0054232614454665295,44.235294117647044,synthetic,,,,,60,0,False,False
122.0,,target,999510202,DANCING TUG,1.143860728698983,-0.13892300877492314,-38.05231538347958,144.87420951694324,9.0,230.0,230.0,18,,safe,1.2637287007740294,-17.97938642633635,synthetic,,,,,52,0,False,False
122.0,,target,999510203,FAST FERRY,0.18,0.03,-38.049499999999995,144.8538096535185,24.0,0.0,0.0,18,danger,danger,0.18,113.0,synthetic,,,,,40,0,False,False
123.0,,own,999510000,DEMO OWN SHIP,0.0,0.41000000000000003,-38.043166666666664,144.85,12.0,0.0,0.0,1,,,,,synthetic,,,,,60,,False,False
123.0,,target,999510201,CROSSING EXPRESS,0.1716666666666667,0.5499999999999999,-38.04083333333333,144.85363328067044,14.0,270.0,270.0,18,danger,danger,0.005423261445466527,43.23529411764704,synthetic,,,,,60,0,False,False
123.0,,target,999510202,DANCING TUG,1.1419456175911855,-0.1405299777991395,-38.05234216629665,144.87416898411118,9.0,230.0,230.0,18,,safe,1.2637287007740294,-18.979386426336344,synthetic,,,,,52,0,False,False
123.0,,target,999510203,FAST FERRY,0.18,0.03666666666666667,-38.049388888888885,144.8538096535185,24.0,0.0,0.0,18,danger,danger,0.18,111.99999999999999,synthetic,,,,,40,0,False,False
124.0,,own,999510000,DEMO OWN SHIP,0.0,0.4133333333333334,-38.04311111111111,144.85,12.0,0.0,0.0,1,,,,,synthetic,,,,,60,,False,False
124.0,,target,999510201,CROSSING EXPRESS,0.1677777777777778,0.5499999999999999,-38.04083333333333,144.85355097334133,14.0,270.0,270.0,18,danger,danger,0.00542326144546655,42.235294117647044,synthetic,,,,,60,0,False,False
124.0,,target,999510202,DANCING TUG,1.140030506483388,-0.14213694682335584,-38.05236894911372,144.87412845127912,9.0,230.0,230.0,18,,safe,1.2637287007740294,-19.97938642633635,synthetic,,,,,52,0,False,False
124.0,,target,999510203,FAST FERRY,0.18,0.043333333333333335,-38.049277777777775,144.8538096535185,24.0,0.0,0.0,18,danger,danger,0.18,111.00000000000001,synthetic,,,,,40,0,False,False
125.0,,own,999510000,DEMO OWN SHIP,0.0,0.4166666666666667,-38.043055555555554,144.85,12.0,0.0,0.0,1,,,,,synthetic,,,,,60,,False,False
125.0,,target,999510201,CROSSING EXPRESS,0.16388888888888892,0.5499999999999999,-38.04083333333333,144.85346866601222,14.0,270.0,270.0,18,danger,danger,0.0054232614454665295,41.235294117647044,synthetic,,,,,60,0,False,False
125.0,,target,999510202,DANCING TUG,1.1381153953755907,-0.1437439158475722,-38.05239573193079,144.87408791844706,9.0,230.0,230.0,18,,safe,1.2637287007740294,-20.97938642633634,synthetic,,,,,52,0,False,False
125.0,,target,999510203,FAST FERRY,0.18,0.05,-38.049166666666665,144.8538096535185,24.0,0.0,0.0,18,danger,danger,0.18,110.0,synthetic,,,,,40,0,False,False
126.0,,own,999510000,DEMO OWN SHIP,0.0,0.42000000000000004,-38.043,144.85,12.0,0.0,0.0,1,,,,,synthetic,,,,,60,,False,False
126.0,,target,999510201,CROSSING EXPRESS,0.16000000000000003,0.5499999999999999,-38.04083333333333,144.8533863586831,14.0,270.0,270.0,18,danger,danger,0.00542326144546655,40.235294117647044,synthetic,,,,,60,0,False,False
126.0,,target,999510202,DANCING TUG,1.1362002842677932,-0.14535088487178854,-38.05242251474786,144.874047385615,9.0,230.0,230.0,18,,safe,1.2637287007740294,-21.979386426336333,synthetic,,,,,52,0,False,False
126.0,,target,999510203,FAST FERRY,0.18,0.05666666666666667,-38.049055555555555,144.8538096535185,24.0,0.0,0.0,18,danger,danger,0.18,109.0,synthetic,,,,,40,0,False,False
127.0,,own,999510000,DEMO OWN SHIP,0.0,0.42333333333333334,-38.042944444444444,144.85,12.0,0.0,0.0,1,,,,,synthetic,,,,,60,,False,False
127.0,,target,999510201,CROSSING EXPRESS,0.15611111111111114,0.5499999999999999,-38.04083333333333,144.85330405135403,14.0,270.0,270.0,18,danger,danger,0.005423261445466509,39.235294117647044,synthetic,,,,,60,0,False,False
127.0,,target,999510202,DANCING TUG,1.1342851731599957,-0.1469578538960049,-38.052449297564934,144.87400685278294,9.0,230.0,230.0,18,,safe,1.2637287007740294,-22.97938642633634,synthetic,,,,,52,0,False,False
127.0,,target,999510203,FAST FERRY,0.18,0.06333333333333334,-38.048944444444444,144.8538096535185,24.0,0.0,0.0,18,danger,danger,0.18,107.99999999999999,synthetic,,,,,40,0,False,False
128.0,,own,999510000,DEMO OWN SHIP,0.0,0.4266666666666667,-38.04288888888889,144.85,12.0,0.0,0.0,1,,,,,synthetic,,,,,60,,False,False
128.0,,target,999510201,CROSSING EXPRESS,0.15222222222222226,0.5499999999999999,-38.04083333333333,144.85322174402492,14.0,270.0,270.0,18,danger,danger,0.005423261445466532,38.23529411764705,synthetic,,,,,60,0,False,False
128.0,,target,999510202,DANCING TUG,1.1323700620521984,-0.14856482292022125,-38.052476080382,144.8739663199509,9.0,230.0,230.0,18,,safe,1.2637287007740294,-23.979386426336333,synthetic,,,,,52,0,False,False
128.0,,target,999510203,FAST FERRY,0.18,0.07,-38.04883333333333,144.8538096535185,24.0,0.0,0.0,18,danger,danger,0.18,107.0,synthetic,,,,,40,0,False,False
129.0,,own,999510000,DEMO OWN SHIP,0.0,0.43000000000000005,-38.04283333333333,144.85,12.0,0.0,0.0,1,,,,,synthetic,,,,,60,,False,False
129.0,,target,999510201,CROSSING EXPRESS,0.14833333333333332,0.5499999999999999,-38.04083333333333,144.8531394366958,14.0,270.0,270.0,18,danger,danger,0.005423261445466511,37.23529411764704,synthetic,,,,,60,0,False,False
129.0,,target,999510202,DANCING TUG,1.1304549509444008,-0.15017179194443758,-38.052502863199074,144.87392578711885,9.0,230.0,230.0,18,,safe,1.2637287007740294,-24.979386426336323,synthetic,,,,,52,0,False,False
129.0,,target,999510203,FAST FERRY,0.18,0.07666666666666667,-38.04872222222222,144.8538096535185,24.0,0.0,0.0,18,danger,danger,0.18,106.0,synthetic,,,,,40,0,False,False
130.0,,own,999510000,DEMO OWN SHIP,0.0,0.43333333333333335,-38.04277777777777,144.85,12.0,0.0,0.0,1,,,,,synthetic,,,,,60,,False,False
130.0,,target,999510201,CROSSING EXPRESS,0.1444444444444445,0.5499999999999999,-38.04083333333333,144.8530571293667,14.0,270.0,270.0,18,danger,danger,0.005423261445466522,36.23529411764705,synthetic,,,,,60,0,False,False
130.0,,target,999510202,DANCING TUG,1.1285398398366033,-0.15177876096865395,-38.05252964601614,144.8738852542868,9.0,230.0,230.0,18,,safe,1.2637287007740294,-25.979386426336347,synthetic,,,,,52,0,False,False
130.0,,target,999510203,FAST FERRY,0.18,0.08333333333333333,-38.04861111111111,144.8538096535185,24.0,0.0,0.0,18,danger,danger,0.18,104.99999999999999,synthetic,,,,,40,0,False,False
131.0,,own,999510000,DEMO OWN SHIP,0.0,0.4366666666666667,-38.04272222222222,144.85,12.0,0.0,0.0,1,,,,,synthetic,,,,,60,,False,False
131.0,,target,999510201,CROSSING EXPRESS,0.14055555555555554,0.5499999999999999,-38.04083333333333,144.8529748220376,14.0,270.0,270.0,18,danger,danger,0.005423261445466519,35.23529411764704,synthetic,,,,,60,0,False,False
131.0,,target,999510202,DANCING TUG,1.126624728728806,-0.1533857299928703,-38.05255642883321,144.87384472145473,9.0,230.0,230.0,18,,safe,1.2637287007740294,-26.979386426336337,synthetic,,,,,52,0,False,False
131.0,,target,999510203,FAST FERRY,0.18,0.09000000000000001,-38.0485,144.8538096535185,24.0,0.0,0.0,18,danger,danger,0.18,104.0,synthetic,,,,,40,0,False,False
132.0,,own,999510000,DEMO OWN SHIP,0.0,0.44,-38.04266666666666,144.85,12.0,0.0,0.0,1,,,,,synthetic,,,,,60,,False,False
132.0,,target,999510201,CROSSING EXPRESS,0.13666666666666671,0.5499999999999999,-38.04083333333333,144.8528925147085,14.0,270.0,270.0,18,danger,danger,0.0054232614454665295,34.23529411764705,synthetic,,,,,60,0,False,False
132.0,,target,999510202,DANCING TUG,1.1247096176210085,-0.15499269901708662,-38.05258321165028,144.87380418862267,9.0,230.0,230.0,18,,safe,1.2637287007740294,-27.979386426336344,synthetic,,,,,52,0,False,False
132.0,,target,999510203,FAST FERRY,0.18,0.09666666666666666,-38.04838888888889,144.8538096535185,24.0,0.0,0.0,18,danger,danger,0.18,102.99999999999999,synthetic,,,,,40,0,False,False
133.0,,own,999510000,DEMO OWN SHIP,0.0,0.44333333333333336,-38.04261111111111,144.85,12.0,0.0,0.0,1,,,,,synthetic,,,,,60,,False,False
133.0,,target,999510201,CROSSING EXPRESS,0.13277777777777777,0.5499999999999999,-38.04083333333333,144.8528102073794,14.0,270.0,270.0,18,danger,danger,0.005423261445466509,33.23529411764704,synthetic,,,,,60,0,False,False
133.0,,target,999510202,DANCING TUG,1.122794506513211,-0.156599668041303,-38.05260999446735,144.8737636557906,9.0,230.0,230.0,18,,safe,1.2637287007740294,-28.97938642633635,synthetic,,,,,52,0,False,False
133.0,,target,999510203,FAST FERRY,0.18,0.10333333333333335,-38.04827777777778,144.8538096535185,24.0,0.0,0.0,18,danger,danger,0.18,101.99999999999999,synthetic,,,,,40,0,False,False
134.0,,own,999510000,DEMO OWN SHIP,0.0,0.4466666666666667,-38.04255555555555,144.85,12.0,0.0,0.0,1,,,,,synthetic,,,,,60,,False,False
134.0,,target,999510201,CROSSING EXPRESS,0.12888888888888894,0.5499999999999999,-38.04083333333333,144.8527279000503,14.0,270.0,270.0,18,danger,danger,0.005423261445466558,32.235294117647044,synthetic,,,,,60,0,False,False
134.0,,target,999510202,DANCING TUG,1.1208793954054137,-0.15820663706551935,-38.05263677728442,144.87372312295855,9.0,230.0,230.0,18,,safe,1.2637287007740294,-29.979386426336344,synthetic,,,,,52,0,False,False
134.0,,target,999510203,FAST FERRY,0.18,0.11,-38.04816666666667,144.8538096535185,24.0,0.0,0.0,18,danger,danger,0.18,101.00000000000001,synthetic,,,,,40,0,False,False
135.0,,own,999510000,DEMO OWN SHIP,0.0,0.45,-38.0425,144.85,12.0,0.0,0.0,1,,,,,synthetic,,,,,60,,False,False
135.0,,target,999510201,CROSSING EXPRESS,0.125,0.5499999999999999,-38.04083333333333,144.8526455927212,14.0,270.0,270.0,18,danger,danger,0.005423261445466489,31.23529411764704,synthetic,,,,,60,0,False,False
135.0,,target,999510202,DANCING TUG,1.1189642842976162,-0.1598136060897357,-38.05266356010149,144.8736825901265,9.0,230.0,230.0,18,,safe,1.2637287007740294,-30.979386426336333,synthetic,,,,,52,0,False,False
135.0,,target,999510203,FAST FERRY,0.18,0.11666666666666668,-38.04805555555555,144.8538096535185,24.0,0.0,0.0,18,danger,danger,0.18,99.99999999999999,synthetic,,,,,40,0,False,False
136.0,,own,999510000,DEMO OWN SHIP,0.0,0.45333333333333337,-38.04244444444444,144.85,12.0,0.0,0.0,1,,,,,synthetic,,,,,60,,False,False
136.0,,target,999510201,CROSSING EXPRESS,0.12111111111111117,0.5499999999999999,-38.04083333333333,144.85256328539208,14.0,270.0,270.0,18,danger,danger,0.00542326144546654,30.23529411764705,synthetic,,,,,60,0,False,False
136.0,,target,999510202,DANCING TUG,1.1170491731898187,-0.16142057511395203,-38.05269034291857,144.87364205729443,9.0,230.0,230.0,18,,safe,1.2637287007740294,-31.979386426336344,synthetic,,,,,52,0,False,False
136.0,,target,999510203,FAST FERRY,0.18,0.12333333333333334,-38.04794444444444,144.8538096535185,24.0,0.0,0.0,18,danger,danger,0.18,98.99999999999999,synthetic,,,,,40,0,False,False
137.0,,own,999510000,DEMO OWN SHIP,0.0,0.4566666666666667,-38.04238888888889,144.85,12.0,0.0,0.0,1,,,,,synthetic,,,,,60,,False,False
137.0,,target,999510201,CROSSING EXPRESS,0.11722222222222223,0.5499999999999999,-38.04083333333333,144.85248097806297,14.0,270.0,270.0,18,danger,danger,0.005423261445466521,29.23529411764704,synthetic,,,,,60,0,False,False
137.0,,target,999510202,DANCING TUG,1.1151340620820211,-0.1630275441381684,-38.05271712573563,144.8736015244624,9.0,230.0,230.0,18,,safe,1.2637287007740294,-32.97938642633635,synthetic,,,,,52,0,False,False
137.0,,target,999510203,FAST FERRY,0.18,0.13,-38.04783333333333,144.8538096535185,24.0,0.0,0.0,18,danger,danger,0.18,97.99999999999999,synthetic,,,,,40,0,False,False
138.0,,own,999510000,DEMO OWN SHIP,0.0,0.46,-38.04233333333333,144.85,12.0,0.0,0.0,1,,,,,synthetic,,,,,60,,False,False
138.0,,target,999510201,CROSSING EXPRESS,0.1133333333333334,0.5499999999999999,-38.04083333333333,144.8523986707339,14.0,270.0,270.0,18,danger,danger,0.0054232614454665295,28.23529411764705,synthetic,,,,,60,0,False,False
138.0,,target,999510202,DANCING TUG,1.1132189509742239,-0.16463451316238473,-38.052743908552706,144.87356099163034,9.0,230.0,230.0,18,,safe,1.2637287007740294,-33.979386426336326,synthetic,,,,,52,0,False,False
138.0,,target,999510203,FAST FERRY,0.18,0.13666666666666666,-38.04772222222222,144.8538096535185,24.0,0.0,0.0,18,danger,danger,0.18,97.0,synthetic,,,,,40,0,False,False
139.0,,own,999510000,DEMO OWN SHIP,0.0,0.4633333333333334,-38.04227777777778,144.85,12.0,0.0,0.0,1,,,,,synthetic,,,,,60,,False,False
139.0,,target,999510201,CROSSING EXPRESS,0.10944444444444446,0.5499999999999999,-38.04083333333333,144.85231636340478,14.0,270.0,270.0,18,danger,danger,0.005423261445466519,27.23529411764704,synthetic,,,,,60,0,False,False
139.0,,target,999510202,DANCING TUG,1.1113038398664263,-0.16624148218660106,-38.05277069136977,144.87352045879828,9.0,230.0,230.0,18,,safe,1.2637287007740294,-34.97938642633635,synthetic,,,,,52,0,False,False
139.0,,target,999510203,FAST FERRY,0.18,0.14333333333333337,-38.04761111111111,144.8538096535185,24.0,0.0,0.0,18,danger,danger,0.18,95.99999999999999,synthetic,,,,,40,0,False,False
140.0,,own,999510000,DEMO OWN SHIP,0.0,0.4666666666666667,-38.04222222222222,144.85,12.0,0.0,0.0,1,,,,,synthetic,,,,,60,,False,False
140.0,,target,999510201,CROSSING EXPRESS,0.10555555555555562,0.5499999999999999,-38.04083333333333,144.85223405607567,14.0,270.0,270.0,18,danger,danger,0.005423261445466528,26.23529411764705,synthetic,,,,,60,0,False,False
140.0,,target,999510202,DANCING TUG,1.109388728758629,-0.16784845121081743,-38.052797474186846,144.87347992596622,9.0,230.0,230.0,18,,safe,1.2637287007740294,-35.97938642633634,synthetic,,,,,52,0,False,False
140.0,,target,999510203,FAST FERRY,0.18,0.15000000000000002,-38.0475,144.8538096535185,24.0,0.0,0.0,18,danger,danger,0.18,94.99999999999999,synthetic,,,,,40,0,False,False
141.0,,own,999510000,DEMO OWN SHIP,0.0,0.47000000000000003,-38.04216666666667,144.85,12.0,0.0,0.0,1,,,,,synthetic,,,,,60,,False,False
141.0,,target,999510201,CROSSING EXPRESS,0.10166666666666668,0.5499999999999999,-38.04083333333333,144.85215174874656,14.0,270.0,270.0,18,danger,danger,0.00542326144546651,25.235294117647044,synthetic,,,,,60,0,False,False
141.0,,target,999510202,DANCING TUG,1.1074736176508315,-0.1694554202350338,-38.05282425700391,144.87343939313416,9.0,230.0,230.0,18,,safe,1.2637287007740294,-36.97938642633633,synthetic,,,,,52,0,False,False
141.0,,target,999510203,FAST FERRY,0.18,0.15666666666666668,-38.04738888888889,144.8538096535185,24.0,0.0,0.0,18,danger,danger,0.18,94.0,synthetic,,,,,40,0,False,False
142.0,,own,999510000,DEMO OWN SHIP,0.0,0.4733333333333334,-38.04211111111111,144.85,12.0,0.0,0.0,1,,,,,synthetic,,,,,60,,False,False
142.0,,target,999510201,CROSSING EXPRESS,0.09777777777777785,0.5499999999999999,-38.04083333333333,144.85206944141746,14.0,270.0,270.0,18,danger,danger,0.00542326144546656,24.23529411764705,synthetic,,,,,60,0,False,False
142.0,,target,999510202,DANCING TUG,1.105558506543034,-0.17106238925925013,-38.052851039820986,144.8733988603021,9.0,230.0,230.0,18,,safe,1.2637287007740294,-37.97938642633634,synthetic,,,,,52,0,False,False
142.0,,target,999510203,FAST FERRY,0.18,0.16333333333333333,-38.04727777777777,144.8538096535185,24.0,0.0,0.0,18,danger,danger,0.18,93.0,synthetic,,,,,40,0,False,False
143.0,,own,999510000,DEMO OWN SHIP,0.0,0.4766666666666667,-38.04205555555555,144.85,12.0,0.0,0.0,1,,,,,synthetic,,,,,60,,False,False
143.0,,target,999510201,CROSSING EXPRESS,0.09388888888888891,0.5499999999999999,-38.04083333333333,144.85198713408835,14.0,270.0,270.0,18,danger,danger,0.005423261445466501,23.235294117647047,synthetic,,,,,60,0,False,False
143.0,,target,999510202,DANCING TUG,1.1036433954352365,-0.17266935828346647,-38.05287782263805,144.87335832747004,9.0,230.0,230.0,18,,safe,1.2637287007740294,-38.97938642633635,synthetic,,,,,52,0,False,False
143.0,,target,999510203,FAST FERRY,0.18,0.16999999999999998,-38.04716666666666,144.8538096535185,24.0,0.0,0.0,18,danger,danger,0.18,91.99999999999999,synthetic,,,,,40,0,False,False
144.0,,own,999510000,DEMO OWN SHIP,0.0,0.48000000000000004,-38.041999999999994,144.85,12.0,0.0,0.0,1,,,,,synthetic,,,,,60,,False,False
144.0,,target,999510201,CROSSING EXPRESS,0.09000000000000008,0.5499999999999999,-38.04083333333333,144.85190482675927,14.0,270.0,270.0,18,danger,danger,0.00542326144546655,22.235294117647054,synthetic,,,,,60,0,False,False
144.0,,target,999510202,DANCING TUG,1.1017282843274392,-0.17427632730768283,-38.052904605455126,144.87331779463798,9.0,230.0,230.0,18,,safe,1.2637287007740294,-39.97938642633634,synthetic,,,,,52,0,False,False
144.0,,target,999510203,FAST FERRY,0.18,0.1766666666666667,-38.04705555555555,144.8538096535185,24.0,0.0,0.0,18,danger,danger,0.18,91.0,synthetic,,,,,40,0,False,False
145.0,,own,999510000,DEMO OWN SHIP,0.0,0.48333333333333334,-38.04194444444444,144.85,12.0,0.0,0.0,1,,,,,synthetic,,,,,60,,False,False
145.0,,target,999510201,CROSSING EXPRESS,0.08611111111111114,0.5499999999999999,-38.04083333333333,144.85182251943016,14.0,225.0,225.0,18,danger,danger,0.051005723487551086,14.412910182712038,synthetic,,,,,60,0,False,False
145.0,,target,999510202,DANCING TUG,1.0998131732196417,-0.17588329633189917,-38.05293138827219,144.87327726180592,9.0,230.0,230.0,18,,safe,1.2637287007740294,-40.97938642633635,synthetic,,,,,52,0,False,False
145.0,,target,999510203,FAST FERRY,0.18,0.18333333333333335,-38.04694444444444,144.8538096535185,24.0,0.0,0.0,18,danger,danger,0.18,89.99999999999999,synthetic,,,,,40,0,False,False
146.0,,own,999510000,DEMO OWN SHIP,0.0,0.4866666666666667,-38.041888888888884,144.85,12.0,0.0,0.0,1,,,,,synthetic,,,,,60,,False,False
146.0,,target,999510201,CROSSING EXPRESS,0.08336125140649679,0.5472501402953855,-38.04087916432841,144.8517643193596,14.0,225.0,225.0,18,danger,danger,0.05100572348755111,13.412910182712032,synthetic,,,,,60,0,False,False
146.0,,target,999510202,DANCING TUG,1.0978980621118444,-0.1774902653561155,-38.052958171089266,144.8732367289739,9.0,230.0,230.0,18,,safe,1.2637287007740297,-41.979386426336355,synthetic,,,,,52,0,False,False
146.0,,target,999510203,FAST FERRY,0.18,0.19,-38.04683333333333,144.8538096535185,24.0,0.0,0.0,18,danger,danger,0.18,88.99999999999999,synthetic,,,,,40,0,False,False
147.0,,own,999510000,DEMO OWN SHIP,0.0,0.49000000000000005,-38.04183333333333,144.85,12.0,0.0,0.0,1,,,,,synthetic,,,,,60,,False,False
147.0,,target,999510201,CROSSING EXPRESS,0.08061139170188243,0.5445002805907713,-38.040924995323486,144.85170611928905,14.0,225.0,225.0,18,danger,danger,0.051005723487551086,12.41291018271204,synthetic,,,,,60,0,False,False
147.0,,target,999510202,DANCING TUG,1.0959829510040469,-0.17909723438033187,-38.05298495390634,144.87319619614183,9.0,230.0,230.0,18,,safe,1.2637287007740294,-42.979386426336326,synthetic,,,,,52,0,False,False
147.0,,target,999510203,FAST FERRY,0.18,0.19666666666666666,-38.04672222222222,144.8538096535185,24.0,0.0,0.0,18,danger,danger,0.18,88.0,synthetic,,,,,40,0,False,False
148.0,,own,999510000,DEMO OWN SHIP,0.0,0.49333333333333335,-38.041777777777774,144.85,12.0,0.0,0.0,1,,,,,synthetic,,,,,60,,False,False
148.0,,target,999510201,CROSSING EXPRESS,0.07786153199726809,0.5417504208861569,-38.04097082631856,144.8516479192185,14.0,225.0,225.0,18,danger,danger,0.05100572348755109,11.41291018271204,synthetic,,,,,60,0,False,False
148.0,,target,999510202,DANCING TUG,1.0940678398962493,-0.18070420340454824,-38.053011736723406,144.87315566330977,9.0,230.0,230.0,18,,safe,1.2637287007740294,-43.97938642633635,synthetic,,,,,52,0,False,False
148.0,,target,999510203,FAST FERRY,0.18,0.20333333333333337,-38.046611111111105,144.8538096535185,24.0,0.0,0.0,18,danger,danger,0.18,86.99999999999999,synthetic,,,,,40,0,False,False
149.0,,own,999510000,DEMO OWN SHIP,0.0,0.4966666666666667,-38.04172222222222,144.85,12.0,0.0,0.0,1,,,,,synthetic,,,,,60,,False,False
149.0,,target,999510201,CROSSING EXPRESS,0.07511167229265374,0.5390005611815425,-38.04101665731364,144.85158971914794,14.0,225.0,225.0,18,danger,danger,0.05100572348755112,10.41291018271203,synthetic,,,,,60,0,False,False
149.0,,target,999510202,DANCING TUG,1.0921527287884518,-0.18231117242876457,-38.05303851954048,144.87311513047771,9.0,230.0,230.0,18,,safe,1.2637287007740294,-44.979386426336355,synthetic,,,,,52,0,False,False
149.0,,target,999510203,FAST FERRY,0.18,0.21000000000000002,-38.046499999999995,144.8538096535185,24.0,0.0,0.0,18,danger,danger,0.18,85.99999999999999,synthetic,,,,,40,0,False,False
150.0,,own,999510000,DEMO OWN SHIP,0.0,0.5,-38.041666666666664,144.85,12.0,0.0,0.0,1,,,,,synthetic,,,,,60,,False,False
150.0,,target,999510201,CROSSING EXPRESS,0.07236181258803938,0.5362507014769282,-38.04106248830872,144.85153151907738,14.0,225.0,225.0,18,danger,danger,0.051005723487551065,9.412910182712045,synthetic,,,,,60,0,False,False
150.0,,target,999510202,DANCING TUG,1.0902376176806545,-0.1839181414529809,-38.053065302357545,144.87307459764565,9.0,230.0,230.0,18,,safe,1.2637287007740294,-45.97938642633633,synthetic,,,,,52,0,False,False
150.0,,target,999510203,FAST FERRY,0.18,0.21666666666666667,-38.046388888888885,144.8538096535185,24.0,0.0,0.0,18,danger,danger,0.18,84.99999999999999,synthetic,,,,,40,0,False,False
151.0,,own,999510000,DEMO OWN SHIP,0.0,0.5033333333333334,-38.04161111111111,144.85,12.0,0.0,0.0,1,,,,,synthetic,,,,,60,,False,False
151.0,,target,999510201,CROSSING EXPRESS,0.06961195288342503,0.5335008417723138,-38.041108319303795,144.85147331900686,14.0,225.0,225.0,18,danger,danger,0.05100572348755111,8.41291018271203,synthetic,,,,,60,0,False,False
151.0,,target,999510202,DANCING TUG,1.088322506572857,-0.18552511047719727,-38.05309208517462,144.8730340648136,9.0,230.0,230.0,18,,safe,1.2637287007740294,-46.979386426336355,synthetic,,,,,52,0,False,False
151.0,,target,999510203,FAST FERRY,0.18,0.22333333333333338,-38.046277777777775,144.8538096535185,24.0,0.0,0.0,18,danger,danger,0.18,83.99999999999999,synthetic,,,,,40,0,False,False
152.0,,own,999510000,DEMO OWN SHIP,0.0,0.5066666666666667,-38.041555555555554,144.85,12.0,0.0,0.0,1,,,,,synthetic,,,,,60,,False,False
152.0,,target,999510201,CROSSING EXPRESS,0.06686209317881067,0.5307509820676994,-38.041154150298865,144.8514151189363,14.0,225.0,225.0,18,danger,danger,0.05100572348755111,7.41291018271203,synthetic,,,,,60,0,False,False
152.0,,target,999510202,DANCING TUG,1.0864073954650595,-0.1871320795014136,-38.053118867991685,144.87299353198154,9.0,230.0,230.0,18,,safe,1.2637287007740294,-47.97938642633635,synthetic,,,,,52,0,False,False
152.0,,target,999510203,FAST FERRY,0.18,0.23000000000000004,-38.046166666666664,144.8538096535185,24.0,0.0,0.0,18,danger,danger,0.18,82.99999999999999,synthetic,,,,,40,0,False,False
153.0,,own,999510000,DEMO OWN SHIP,0.0,0.51,-38.0415,144.85,12.0,0.0,0.0,1,,,,,synthetic,,,,,60,,False,False
153.0,,target,999510201,CROSSING EXPRESS,0.06411223347419633,0.5280011223630852,-38.04119998129394,144.85135691886575,14.0,225.0,225.0,18,danger,danger,0.05100572348755107,6.412910182712046,synthetic,,,,,60,0,False,False
153.0,,target,999510202,DANCING TUG,1.0844922843572622,-0.18873904852562995,-38.05314565080876,144.87295299914948,9.0,230.0,230.0,18,,safe,1.2637287007740294,-48.979386426336326,synthetic,,,,,52,0,False,False
153.0,,target,999510203,FAST FERRY,0.18,0.2366666666666667,-38.046055555555554,144.8538096535185,24.0,0.0,0.0,18,danger,danger,0.18,81.99999999999999,synthetic,,,,,40,0,False,False
154.0,,own,999510000,DEMO OWN SHIP,0.0,0.5133333333333334,-38.041444444444444,144.85,12.0,0.0,0.0,1,,,,,synthetic,,,,,60,,False,False
154.0,,target,999510201,CROSSING EXPRESS,0.06136237376958198,0.5252512626584708,-38.04124581228902,144.8512987187952,14.0,225.0,225.0,18,danger,danger,0.05100572348755112,5.41291018271203,synthetic,,,,,60,0,False,False
154.0,,target,999510202,DANCING TUG,1.0825771732494647,-0.1903460175498463,-38.053172433625825,144.87291246631742,9.0,230.0,230.0,18,,safe,1.2637287007740294,-49.97938642633636,synthetic,,,,,52,0,False,False
154.0,,target,999510203,FAST FERRY,0.18,0.24333333333333335,-38.045944444444444,144.8538096535185,24.0,0.0,0.0,18,danger,danger,0.18,81.00000000000001,synthetic,,,,,40,0,False,False
155.0,,own,999510000,DEMO OWN SHIP,0.0,0.5166666666666667,-38.04138888888889,144.85,12.0,0.0,0.0,1,,,,,synthetic,,,,,60,,False,False
155.0,,target,999510201,CROSSING EXPRESS,0.058612514064967626,0.5225014029538564,-38.0412916432841,144.85124051872464,14.0,225.0,225.0,18,danger,danger,0.05100572348755112,4.412910182712029,synthetic,,,,,60,0,False,False
155.0,,target,999510202,DANCING TUG,1.0806620621416672,-0.19195298657406268,-38.0531992164429,144.87287193348538,9.0,230.0,230.0,18,,safe,1.2637287007740294,-50.97938642633637,synthetic,,,,,52,0,False,False
155.0,,target,999510203,FAST FERRY,0.18,0.25000000000000006,-38.04583333333333,144.8538096535185,24.0,0.0,0.0,18,danger,danger,0.18,79.99999999999999,synthetic,,,,,40,0,False,False
156.0,,own,999510000,DEMO OWN SHIP,0.0,0.52,-38.04133333333333,144.85,12.0,0.0,0.0,1,,,,,synthetic,,,,,60,,False,False
156.0,,target,999510201,CROSSING EXPRESS,0.05586265436035327,0.5197515432492421,-38.041337474279175,144.85118231865408,14.0,225.0,225.0,18,danger,danger,0.05100572348755107,3.412910182712044,synthetic,,,,,60,0,False,False
156.0,,target,999510202,DANCING TUG,1.0787469510338699,-0.19355995559827902,-38.05322599925997,144.87283140065333,9.0,230.0,230.0,18,,safe,1.2637287007740294,-51.97938642633635,synthetic,,,,,52,0,False,False
156.0,,target,999510203,FAST FERRY,0.18,0.2566666666666667,-38.04572222222222,144.8538096535185,24.0,0.0,0.0,18,danger,danger,0.18,78.99999999999999,synthetic,,,,,40,0,False,False
157.0,,own,999510000,DEMO OWN SHIP,0.0,0.5233333333333333,-38.04127777777777,144.85,12.0,0.0,0.0,1,,,,,synthetic,,,,,60,,False,False
157.0,,target,999510201,CROSSING EXPRESS,0.053112794655738926,0.5170016835446277,-38.04138330527425,144.85112411858356,14.0,225.0,225.0,18,danger,danger,0.05100572348755107,2.412910182712044,synthetic,,,,,60,0,False,False
157.0,,target,999510202,DANCING TUG,1.0768318399260723,-0.19516692462249535,-38.05325278207704,144.87279086782127,9.0,230.0,230.0,18,,safe,1.2637287007740294,-52.97938642633634,synthetic,,,,,52,0,False,False
157.0,,target,999510203,FAST FERRY,0.18,0.26333333333333336,-38.04561111111111,144.8538096535185,24.0,0.0,0.0,18,danger,danger,0.18,77.99999999999997,synthetic,,,,,40,0,False,False
158.0,,own,999510000,DEMO OWN SHIP,0.0,0.5266666666666667,-38.04122222222222,144.85,12.0,0.0,0.0,1,,,,,synthetic,,,,,60,,False,False
158.0,,target,999510201,CROSSING EXPRESS,0.05036293495112457,0.5142518238400133,-38.04142913626933,144.851065918513,14.0,225.0,225.0,18,danger,danger,0.05100572348755112,1.4129101827120285,synthetic,,,,,60,0,False,False
158.0,,target,999510202,DANCING TUG,1.074916728818275,-0.19677389364671172,-38.05327956489411,144.8727503349892,9.0,230.0,230.0,18,,safe,1.2637287007740297,-53.97938642633635,synthetic,,,,,52,0,False,False
158.0,,target,999510203,FAST FERRY,0.18,0.27,-38.0455,144.8538096535185,24.0,0.0,0.0,18,danger,danger,0.18,77.0,synthetic,,,,,40,0,False,False
159.0,,own,999510000,DEMO OWN SHIP,0.0,0.53,-38.04116666666666,144.85,12.0,0.0,0.0,1,,,,,synthetic,,,,,60,,False,False
159.0,,target,999510201,CROSSING EXPRESS,0.04761307524651022,0.5115019641353991,-38.041474967264406,144.85100771844245,14.0,225.0,225.0,18,danger,danger,0.05100572348755107,0.41291018271204305,synthetic,,,,,60,0,False,False
159.0,,target,999510202,DANCING TUG,1.0730016177104775,-0.19838086267092805,-38.05330634771118,144.87270980215715,9.0,230.0,230.0,18,,safe,1.2637287007740294,-54.97938642633633,synthetic,,,,,52,0,False,False
159.0,,target,999510203,FAST FERRY,0.18,0.27666666666666667,-38.04538888888889,144.8538096535185,24.0,0.0,0.0,18,danger,danger,0.18,76.0,synthetic,,,,,40,0,False,False
160.0,,own,999510000,DEMO OWN SHIP,0.0,0.5333333333333333,-38.04111111111111,144.85,12.0,0.0,0.0,1,,,,,synthetic,,,,,60,,False,False
160.0,,target,999510201,CROSSING EXPRESS,0.04486321554189587,0.5087521044307847,-38.041520798259484,144.8509495183719,14.0,225.0,225.0,18,danger,safe,0.051005723487551086,-0.5870898172879568,synthetic,,,,,60,0,False,False
160.0,,target,999510202,DANCING TUG,1.07108650660268,-0.1999878316951444,-38.05333313052825,144.8726692693251,9.0,230.0,230.0,18,,safe,1.2637287007740294,-55.979386426336326,synthetic,,,,,52,0,False,False
160.0,,target,999510203,FAST FERRY,0.18,0.2833333333333334,-38.04527777777778,144.8538096535185,24.0,0.0,0.0,18,danger,danger,0.18,74.99999999999997,synthetic,,,,,40,0,False,False
161.0,,own,999510000,DEMO OWN SHIP,0.0,0.5366666666666667,-38.04105555555555,144.85,12.0,0.0,0.0,1,,,,,synthetic,,,,,60,,False,False
161.0,,target,999510201,CROSSING EXPRESS,0.04211335583728152,0.5060022447261703,-38.04156662925456,144.85089131830134,14.0,225.0,225.0,18,danger,safe,0.05100572348755112,-1.5870898172879724,synthetic,,,,,60,0,False,False
161.0,,target,999510202,DANCING TUG,1.0691713954948825,-0.20159480071936076,-38.05335991334532,144.87262873649303,9.0,230.0,230.0,18,,safe,1.2637287007740294,-56.97938642633635,synthetic,,,,,52,0,False,False
161.0,,target,999510203,FAST FERRY,0.18,0.29000000000000004,-38.04516666666667,144.8538096535185,24.0,0.0,0.0,18,danger,danger,0.18,74.0,synthetic,,,,,40,0,False,False
162.0,,own,999510000,DEMO OWN SHIP,0.0,0.54,-38.041,144.85,12.0,0.0,0.0,1,,,,,synthetic,,,,,60,,False,False
162.0,,target,999510201,CROSSING EXPRESS,0.03936349613266717,0.503252385021556,-38.04161246024964,144.85083311823078,14.0,225.0,225.0,18,danger,safe,0.05100572348755107,-2.5870898172879575,synthetic,,,,,60,0,False,False
162.0,,target,999510202,DANCING TUG,1.0672562843870852,-0.20320176974357712,-38.05338669616239,144.87258820366097,9.0,230.0,230.0,18,,safe,1.2637287007740294,-57.979386426336326,synthetic,,,,,52,0,False,False
162.0,,target,999510203,FAST FERRY,0.18,0.2966666666666667,-38.04505555555555,144.8538096535185,24.0,0.0,0.0,18,danger,danger,0.18,72.99999999999999,synthetic,,,,,40,0,False,False
163.0,,own,999510000,DEMO OWN SHIP,0.0,0.5433333333333333,-38.04094444444444,144.85,12.0,0.0,0.0,1,,,,,synthetic,,,,,60,,False,False
163.0,,target,999510201,CROSSING EXPRESS,0.03661363642805282,0.5005025253169416,-38.041658291244715,144.85077491816023,14.0,225.0,225.0,18,danger,safe,0.051005723487551086,-3.587089817287957,synthetic,,,,,60,0,False,False
163.0,,target,999510202,DANCING TUG,1.0653411732792877,-0.20480873876779346,-38.05341347897946,144.8725476708289,9.0,230.0,230.0,18,,safe,1.2637287007740294,-58.97938642633635,synthetic,,,,,52,0,False,False
163.0,,target,999510203,FAST FERRY,0.18,0.30333333333333334,-38.04494444444444,144.8538096535185,24.0,0.0,0.0,18,danger,danger,0.18,71.99999999999999,synthetic,,,,,40,0,False,False
164.0,,own,999510000,DEMO OWN SHIP,0.0,0.5466666666666667,-38.04088888888889,144.85,12.0,0.0,0.0,1,,,,,synthetic,,,,,60,,False,False
164.0,,target,999510201,CROSSING EXPRESS,0.03386377672343847,0.4977526656123272,-38.04170412223979,144.8507167180897,14.0,225.0,225.0,18,danger,safe,0.05100572348755113,-4.587089817287972,synthetic,,,,,60,0,False,False
164.0,,target,999510202,DANCING TUG,1.0634260621714902,-0.2064157077920098,-38.05344026179653,144.87250713799688,9.0,230.0,230.0,18,,safe,1.2637287007740294,-59.979386426336355,synthetic,,,,,52,0,False,False
164.0,,target,999510203,FAST FERRY,0.18,0.31000000000000005,-38.04483333333333,144.8538096535185,24.0,0.0,0.0,18,danger,danger,0.18,71.0,synthetic,,,,,40,0,False,False
165.0,,own,999510000,DEMO OWN SHIP,0.0,0.55,-38.04083333333333,144.85,12.0,0.0,0.0,1,,,,,synthetic,,,,,60,,False,False
165.0,,target,999510201,CROSSING EXPRESS,0.031113917018824114,0.4950028059077129,-38.04174995323487,144.85065851801915,14.0,225.0,225.0,18,danger,safe,0.051005723487551106,-5.587089817287966,synthetic,,,,,60,0,False,False
165.0,,target,999510202,DANCING TUG,1.0615109510636929,-0.20802267681622616,-38.0534670446136,144.87246660516482,9.0,230.0,230.0,18,,safe,1.2637287007740294,-60.97938642633633,synthetic,,,,,52,0,False,False
165.0,,target,999510203,FAST FERRY,0.18,0.3166666666666667,-38.04472222222222,144.8538096535185,24.0,0.0,0.0,18,danger,danger,0.18,69.99999999999999,synthetic,,,,,40,0,False,False
166.0,,own,999510000,DEMO OWN SHIP,0.0,0.5533333333333333,-38.04077777777778,144.85,12.0,0.0,0.0,1,,,,,synthetic,,,,,60,,False,False
166.0,,target,999510201,CROSSING EXPRESS,0.028364057314209767,0.49225294620309856,-38.04179578422995,144.8506003179486,14.0,225.0,225.0,18,danger,safe,0.051005723487551086,-6.587089817287958,synthetic,,,,,60,0,False,False
166.0,,target,999510202,DANCING TUG,1.0595958399558953,-0.2096296458404425,-38.05349382743067,144.87242607233276,9.0,230.0,230.0,18,,safe,1.2637287007740294,-61.97938642633634,synthetic,,,,,52,0,False,False
166.0,,target,999510203,FAST FERRY,0.18,0.32333333333333336,-38.04461111111111,144.8538096535185,24.0,0.0,0.0,18,danger,danger,0.18,68.99999999999999,synthetic,,,,,40,0,False,False
167.0,,own,999510000,DEMO OWN SHIP,0.0,0.5566666666666668,-38.04072222222222,144.85,12.0,0.0,0.0,1,,,,,synthetic,,,,,60,,False,False
167.0,,target,999510201,CROSSING EXPRESS,0.025614197609595414,0.4895030864984842,-38.041841615225024,144.85054211787804,14.0,225.0,225.0,18,danger,safe,0.05100572348755113,-7.587089817287973,synthetic,,,,,60,0,False,False
167.0,,target,999510202,DANCING TUG,1.0576807288480978,-0.21123661486465883,-38.053520610247745,144.8723855395007,9.0,230.0,230.0,18,,safe,1.2637287007740294,-62.97938642633636,synthetic,,,,,52,0,False,False
167.0,,target,999510203,FAST FERRY,0.18,0.33,-38.0445,144.8538096535185,24.0,0.0,0.0,18,danger,danger,0.18,68.00000000000001,synthetic,,,,,40,0,False,False
168.0,,own,999510000,DEMO OWN SHIP,0.0,0.56,-38.04066666666667,144.85,12.0,0.0,0.0,1,,,,,synthetic,,,,,60,,False,False
168.0,,target,999510201,CROSSING EXPRESS,0.02286433790498106,0.48675322679386984,-38.0418874462201,144.85048391780748,14.0,225.0,225.0,18,danger,safe,0.0510057234875511,-8.587089817287966,synthetic,,,,,60,0,False,False
168.0,,target,999510202,DANCING TUG,1.0557656177403005,-0.2128435838888752,-38.05354739306481,144.87234500666864,9.0,230.0,230.0,18,,safe,1.2637287007740294,-63.97938642633634,synthetic,,,,,52,0,False,False
168.0,,target,999510203,FAST FERRY,0.18,0.3366666666666667,-38.04438888888889,144.8538096535185,24.0,0.0,0.0,18,danger,danger,0.18,66.99999999999999,synthetic,,,,,40,0,False,False
169.0,,own,999510000,DEMO OWN SHIP,0.0,0.5633333333333334,-38.04061111111111,144.85,12.0,0.0,0.0,1,,,,,synthetic,,,,,60,,False,False
169.0,,target,999510201,CROSSING EXPRESS,0.020114478200366714,0.4840033670892555,-38.04193327721518,144.85042571773693,14.0,225.0,225.0,18,danger,safe,0.051005723487551086,-9.587089817287959,synthetic,,,,,60,0,False,False
169.0,,target,999510202,DANCING TUG,1.053850506632503,-0.21445055291309154,-38.053574175881884,144.87230447383658,9.0,230.0,230.0,18,,safe,1.2637287007740294,-64.97938642633635,synthetic,,,,,52,0,False,False
169.0,,target,999510203,FAST FERRY,0.18,0.3433333333333334,-38.04427777777777,144.8538096535185,24.0,0.0,0.0,18,danger,danger,0.18,65.99999999999999,synthetic,,,,,40,0,False,False
170.0,,own,999510000,DEMO OWN SHIP,0.0,0.5666666666666667,-38.04055555555555,144.85,12.0,0.0,0.0,1,,,,,synthetic,,,,,60,,False,False
170.0,,target,999510201,CROSSING EXPRESS,0.017364618495752354,0.4812535073846411,-38.041979108210256,144.85036751766637,14.0,225.0,225.0,18,danger,safe,0.05100572348755108,-10.58708981728796,synthetic,,,,,60,0,False,False
170.0,,target,999510202,DANCING TUG,1.0519353955247055,-0.2160575219373079,-38.05360095869895,144.87226394100452,9.0,230.0,230.0,18,,safe,1.2637287007740294,-65.97938642633633,synthetic,,,,,52,0,False,False
170.0,,target,999510203,FAST FERRY,0.18,0.35000000000000003,-38.04416666666666,144.8538096535185,24.0,0.0,0.0,18,danger,danger,0.18,64.99999999999997,synthetic,,,,,40,0,False,False
171.0,,own,999510000,DEMO OWN SHIP,0.0,0.5700000000000001,-38.040499999999994,144.85,12.0,0.0,0.0,1,,,,,synthetic,,,,,60,,False,False
171.0,,target,999510201,CROSSING EXPRESS,0.014614758791138008,0.4785036476800268,-38.042024939205334,144.85030931759584,14.0,225.0,225.0,18,danger,safe,0.051005723487551106,-11.587089817287966,synthetic,,,,,60,0,False,False
171.0,,target,999510202,DANCING TUG,1.0500202844169082,-0.21766449096152424,-38.053627741516024,144.87222340817246,9.0,230.0,230.0,18,,safe,1.2637287007740294,-66.97938642633633,synthetic,,,,,52,0,False,False
171.0,,target,999510203,FAST FERRY,0.18,0.3566666666666667,-38.04405555555555,144.8538096535185,24.0,0.0,0.0,18,danger,danger,0.18,64.0,synthetic,,,,,40,0,False,False
172.0,,own,999510000,DEMO OWN SHIP,0.0,0.5733333333333334,-38.04044444444444,144.85,12.0,0.0,0.0,1,,,,,synthetic,,,,,60,,False,False
172.0,,target,999510201,CROSSING EXPRESS,0.011864899086523661,0.47575378797541246,-38.042070770200404,144.8502511175253,14.0,225.0,225.0,18,danger,safe,0.051005723487551086,-12.58708981728796,synthetic,,,,,60,0,False,False
172.0,,target,999510202,DANCING TUG,1.0481051733091107,-0.2192714599857406,-38.05365452433309,144.8721828753404,9.0,230.0,230.0,18,,safe,1.2637287007740294,-67.97938642633635,synthetic,,,,,52,0,False,False
172.0,,target,999510203,FAST FERRY,0.18,0.3633333333333334,-38.04394444444444,144.8538096535185,24.0,0.0,0.0,18,danger,danger,0.18,62.99999999999998,synthetic,,,,,40,0,False,False
173.0,,own,999510000,DEMO OWN SHIP,0.0,0.5766666666666667,-38.040388888888884,144.85,12.0,0.0,0.0,1,,,,,synthetic,,,,,60,,False,False
173.0,,target,999510201,CROSSING EXPRESS,0.009115039381909301,0.47300392827079807,-38.04211660119548,144.85019291745473,14.0,225.0,225.0,18,danger,safe,0.051005723487551086,-13.58708981728796,synthetic,,,,,60,0,False,False
173.0,,target,999510202,DANCING TUG,1.0461900622013132,-0.22087842900995694,-38.053681307150164,144.87214234250837,9.0,230.0,230.0,18,,safe,1.2637287007740294,-68.97938642633635,synthetic,,,,,52,0,False,False
173.0,,target,999510203,FAST FERRY,0.18,0.37000000000000005,-38.04383333333333,144.8538096535185,24.0,0.0,0.0,18,danger,danger,0.18,61.99999999999997,synthetic,,,,,40,0,False,False
174.0,,own,999510000,DEMO OWN SHIP,0.0,0.5800000000000001,-38.04033333333333,144.85,12.0,0.0,0.0,1,,,,,synthetic,,,,,60,,False,False
174.0,,target,999510201,CROSSING EXPRESS,0.006365179677294955,0.47025406856618374,-38.04216243219056,144.85013471738418,14.0,225.0,225.0,18,danger,safe,0.05100572348755111,-14.587089817287968,synthetic,,,,,60,0,False,False
174.0,,target,999510202,DANCING TUG,1.0442749510935159,-0.22248539803417328,-38.05370808996723,144.8721018096763,9.0,230.0,230.0,18,,safe,1.2637287007740294,-69.97938642633632,synthetic,,,,,52,0,False,False
174.0,,target,999510203,FAST FERRY,0.18,0.3766666666666667,-38.04372222222222,144.8538096535185,24.0,0.0,0.0,18,danger,danger,0.18,61.0,synthetic,,,,,40,0,False,False
175.0,,own,999510000,DEMO OWN SHIP,0.0,0.5833333333333334,-38.040277777777774,144.85,12.0,0.0,0.0,1,,,,,synthetic,,,,,60,,False,False
175.0,,target,999510201,CROSSING EXPRESS,0.0036153199726806085,0.4675042088615694,-38.042208263185636,144.85007651731362,14.0,225.0,225.0,18,danger,safe,0.051005723487551086,-15.58708981728796,synthetic,,,,,60,0,False,False
175.0,,target,999510202,DANCING TUG,1.0423598399857184,-0.22409236705838964,-38.053734872784304,144.87206127684425,9.0,230.0,230.0,18,,safe,1.2637287007740294,-70.97938642633635,synthetic,,,,,52,0,False,False
175.0,,target,999510203,FAST FERRY,0.18,0.38333333333333336,-38.04361111111111,144.8538096535185,24.0,0.0,0.0,18,danger,danger,0.18,59.99999999999999,synthetic,,,,,40,0,False,False
176.0,,own,999510000,DEMO OWN SHIP,0.0,0.5866666666666667,-38.04022222222222,144.85,12.0,0.0,0.0,1,,,,,synthetic,,,,,60,,False,False
176.0,,target,999510201,CROSSING EXPRESS,0.0008654602680662482,0.464754349156955,-38.04225409418071,144.85001831724307,14.0,225.0,225.0,18,danger,safe,0.051005723487551086,-16.58708981728796,synthetic,,,,,60,0,False,False
176.0,,target,999510202,DANCING TUG,1.0404447288779208,-0.22569933608260598,-38.05376165560138,144.8720207440122,9.0,230.0,230.0,18,,safe,1.2637287007740294,-71.97938642633633,synthetic,,,,,52,0,False,False
176.0,,target,999510203,FAST FERRY,0.18,0.39,-38.043499999999995,144.8538096535185,24.0,0.0,0.0,18,danger,danger,0.18,58.99999999999999,synthetic,,,,,40,0,False,False
177.0,,own,999510000,DEMO OWN SHIP,0.0,0.5900000000000001,-38.040166666666664,144.85,12.0,0.0,0.0,1,,,,,synthetic,,,,,60,,False,False
177.0,,target,999510201,CROSSING EXPRESS,-0.0018843994365480982,0.4620044894523407,-38.04229992517579,144.84996011717254,14.0,225.0,225.0,18,danger,safe,0.05100572348755111,-17.587089817287968,synthetic,,,,,60,0,False,False
177.0,,target,999510202,DANCING TUG,1.0385296177701235,-0.22730630510682234,-38.053788438418444,144.87198021118013,9.0,230.0,230.0,18,,safe,1.2637287007740294,-72.97938642633635,synthetic,,,,,52,0,False,False
177.0,,target,999510203,FAST FERRY,0.18,0.3966666666666667,-38.043388888888884,144.8538096535185,24.0,0.0,0.0,18,danger,danger,0.18,58.0,synthetic,,,,,40,0,False,False
178.0,,own,999510000,DEMO OWN SHIP,0.0,0.5933333333333334,-38.04011111111111,144.85,12.0,0.0,0.0,1,,,,,synthetic,,,,,60,,False,False
178.0,,target,999510201,CROSSING EXPRESS,-0.0046342591411624445,0.45925462974772635,-38.04234575617087,144.849901917102,14.0,225.0,225.0,18,danger,safe,0.051005723487551086,-18.58708981728796,synthetic,,,,,60,0,False,False
178.0,,target,999510202,DANCING TUG,1.036614506662326,-0.22891327413103868,-38.05381522123552,144.87193967834807,9.0,230.0,230.0,18,,safe,1.2637287007740294,-73.97938642633635,synthetic,,,,,52,0,False,False
178.0,,target,999510203,FAST FERRY,0.18,0.4033333333333334,-38.043277777777774,144.8538096535185,24.0,0.0,0.0,18,danger,danger,0.18,56.99999999999999,synthetic,,,,,40,0,False,False
179.0,,own,999510000,DEMO OWN SHIP,0.0,0.5966666666666667,-38.040055555555554,144.85,12.0,0.0,0.0,1,,,,,synthetic,,,,,60,,False,False
179.0,,target,999510201,CROSSING EXPRESS,-0.007384118845776805,0.45650477004311196,-38.042391587165945,144.84984371703143,14.0,225.0,225.0,18,danger,safe,0.051005723487551086,-19.58708981728796,synthetic,,,,,60,0,False,False
179.0,,target,999510202,DANCING TUG,1.0346993955545285,-0.23052024315525504,-38.05384200405258,144.871899145516,9.0,230.0,230.0,18,,safe,1.2637287007740294,-74.97938642633638,synthetic,,,,,52,0,False,False
179.0,,target,999510203,FAST FERRY,0.18,0.41000000000000003,-38.043166666666664,144.8538096535185,24.0,0.0,0.0,18,danger,danger,0.18,55.99999999999999,synthetic,,,,,40,0,False,False
180.0,,own,999510000,DEMO OWN SHIP,0.0,0.6000000000000001,-38.04,144.85,12.0,0.0,0.0,1,,,,,synthetic,,,,,60,,False,False
180.0,,target,999510201,CROSSING EXPRESS,-0.010133978550391151,0.45375491033849763,-38.04243741816102,144.84978551696088,14.0,225.0,225.0,18,danger,safe,0.05100572348755111,-20.587089817287968,synthetic,,,,,60,0,False,False
180.0,,target,999510202,DANCING TUG,1.0327842844467312,-0.23212721217947138,-38.05386878686966,144.87185861268395,9.0,150.0,150.0,18,,safe,0.8226193854521076,-184.5060662360091,synthetic,,,,,52,0,False,False
180.0,,target,999510203,FAST FERRY,0.18,0.4166666666666667,-38.043055555555554,144.8538096535185,24.0,0.0,0.0,18,danger,danger,0.18,55.000000000000014,synthetic,,,,,40,0,False,False
181.0,,own,999510000,DEMO OWN SHIP,0.0,0.6033333333333334,-38.039944444444444,144.85,12.0,0.0,0.0,1,,,,,synthetic,,,,,60,,False,False
181.0,,target,999510201,CROSSING EXPRESS,-0.012883838255005498,0.45100505063388324,-38.0424832491561,144.84972731689032,14.0,225.0,225.0,18,danger,safe,0.05100572348755111,-21.587089817287968,synthetic,,,,,60,0,False,False
181.0,,target,999510202,DANCING TUG,1.0340342844467312,-0.2342922756889325,-38.05390487126148,144.87188506861116,9.0,150.0,150.0,18,,safe,0.8226193854521074,-185.50606623600913,synthetic,,,,,52,0,False,False
181.0,,target,999510203,FAST FERRY,0.18,0.4233333333333334,-38.042944444444444,144.8538096535185,24.0,0.0,0.0,18,danger,danger,0.18,53.99999999999999,synthetic,,,,,40,0,False,False
182.0,,own,999510000,DEMO OWN SHIP,0.0,0.6066666666666667,-38.03988888888889,144.85,12.0,0.0,0.0,1,,,,,synthetic,,,,,60,,False,False
182.0,,target,999510201,CROSSING EXPRESS,-0.015633697959619858,0.4482551909292689,-38.042529080151176,144.84966911681977,14.0,225.0,225.0,18,danger,safe,0.05100572348755109,-22.587089817287964,synthetic,,,,,60,0,False,False
182.0,,target,999510202,DANCING TUG,1.0352842844467312,-0.23645733919839357,-38.0539409556533,144.87191152453838,9.0,150.0,150.0,18,,safe,0.8226193854521076,-186.50606623600908,synthetic,,,,,52,0,False,False
182.0,,target,999510203,FAST FERRY,0.18,0.43000000000000005,-38.04283333333333,144.8538096535185,24.0,0.0,0.0,18,danger,danger,0.18,52.99999999999998,synthetic,,,,,40,0,False,False
183.0,,own,999510000,DEMO OWN SHIP,0.0,0.61,-38.03983333333333,144.85,12.0,0.0,0.0,1,,,,,synthetic,,,,,60,,False,False
183.0,,target,999510201,CROSSING EXPRESS,-0.018383557664234204,0.4455053312246546,-38.042574911146254,144.8496109167492,14.0,225.0,225.0,18,danger,safe,0.05100572348755108,-23.587089817287954,synthetic,,,,,60,0,False,False
183.0,,target,999510202,DANCING TUG,1.0365342844467311,-0.23862240270785467,-38.053977040045126,144.8719379804656,9.0,150.0,150.0,18,,safe,0.8226193854521074,-187.50606623600908,synthetic,,,,,52,0,False,False
183.0,,target,999510203,FAST FERRY,0.18,0.4366666666666667,-38.04272222222222,144.8538096535185,24.0,0.0,0.0,18,danger,danger,0.18,51.99999999999998,synthetic,,,,,40,0,False,False
184.0,,own,999510000,DEMO OWN SHIP,0.0,0.6133333333333334,-38.03977777777777,144.85,12.0,0.0,0.0,1,,,,,synthetic,,,,,60,,False,False
184.0,,target,999510201,CROSSING EXPRESS,-0.02113341736884855,0.4427554715200402,-38.04262074214133,144.8495527166787,14.0,225.0,225.0,18,danger,safe,0.05100572348755113,-24.58708981728797,synthetic,,,,,60,0,False,False
184.0,,target,999510202,DANCING TUG,1.037784284446731,-0.24078746621731578,-38.05401312443695,144.8719644363928,9.0,150.0,150.0,18,,safe,0.8226193854521074,-188.5060662360091,synthetic,,,,,52,0,False,False
184.0,,target,999510203,FAST FERRY,0.18,0.44333333333333336,-38.04261111111111,144.8538096535185,24.0,0.0,0.0,18,danger,danger,0.18,51.0,synthetic,,,,,40,0,False,False
185.0,,own,999510000,DEMO OWN SHIP,0.0,0.6166666666666667,-38.03972222222222,144.85,12.0,0.0,0.0,1,,,,,synthetic,,,,,60,,False,False
185.0,,target,999510201,CROSSING EXPRESS,-0.02388327707346291,0.44000561181542586,-38.04266657313641,144.84949451660813,14.0,225.0,225.0,18,danger,safe,0.051005723487551086,-25.58708981728796,synthetic,,,,,60,0,False,False
185.0,,target,999510202,DANCING TUG,1.0390342844467313,-0.24295252972677686,-38.05404920882878,144.87199089232,9.0,150.0,150.0,18,,safe,0.8226193854521076,-189.5060662360091,synthetic,,,,,52,0,False,False
185.0,,target,999510203,FAST FERRY,0.18,0.45,-38.0425,144.8538096535185,24.0,0.0,0.0,18,danger,danger,0.18,50.0,synthetic,,,,,40,0,False,False
186.0,,own,999510000,DEMO OWN SHIP,0.0,0.62,-38.03966666666666,144.85,12.0,0.0,0.0,1,,,,,synthetic,,,,,60,,False,False
186.0,,target,999510201,CROSSING EXPRESS,-0.026633136778077257,0.43725575211081147,-38.042712404131485,144.84943631653758,14.0,225.0,225.0,18,danger,safe,0.0510057234875511,-26.587089817287968,synthetic,,,,,60,0,False,False
186.0,,target,999510202,DANCING TUG,1.0402842844467313,-0.24511759323623797,-38.0540852932206,144.87201734824723,9.0,150.0,150.0,18,,safe,0.8226193854521076,-190.50606623600908,synthetic,,,,,52,0,False,False
186.0,,target,999510203,FAST FERRY,0.18,0.4566666666666667,-38.04238888888889,144.8538096535185,24.0,0.0,0.0,18,danger,danger,0.18,48.99999999999998,synthetic,,,,,40,0,False,False
187.0,,own,999510000,DEMO OWN SHIP,0.0,0.6233333333333334,-38.03961111111111,144.85,12.0,0.0,0.0,1,,,,,synthetic,,,,,60,,False,False
187.0,,target,999510201,CROSSING EXPRESS,-0.029382996482691603,0.43450589240619714,-38.04275823512656,144.84937811646702,14.0,225.0,225.0,18,danger,safe,0.05100572348755113,-27.587089817287968,synthetic,,,,,60,0,False,False
187.0,,target,999510202,DANCING TUG,1.0415342844467312,-0.24728265674569905,-38.054121377612425,144.87204380417444,9.0,150.0,150.0,18,,safe,0.8226193854521076,-191.5060662360091,synthetic,,,,,52,0,False,False
187.0,,target,999510203,FAST FERRY,0.18,0.46333333333333343,-38.04227777777778,144.8538096535185,24.0,0.0,0.0,18,danger,danger,0.18,47.999999999999986,synthetic,,,,,40,0,False,False
188.0,,own,999510000,DEMO OWN SHIP,0.0,0.6266666666666667,-38.03955555555555,144.85,12.0,0.0,0.0,1,,,,,synthetic,,,,,60,,False,False
188.0,,target,999510201,CROSSING EXPRESS,-0.032132856187305964,0.4317560327015828,-38.04280406612164,144.84931991639647,14.0,225.0,225.0,18,danger,safe,0.051005723487551086,-28.58708981728796,synthetic,,,,,60,0,False,False
188.0,,target,999510202,DANCING TUG,1.0427842844467312,-0.24944772025516015,-38.05415746200425,144.87207026010165,9.0,150.0,150.0,18,,safe,0.8226193854521076,-192.5060662360091,synthetic,,,,,52,0,False,False
188.0,,target,999510203,FAST FERRY,0.18,0.47000000000000003,-38.04216666666667,144.8538096535185,24.0,0.0,0.0,18,danger,danger,0.18,47.0,synthetic,,,,,40,0,False,False
189.0,,own,999510000,DEMO OWN SHIP,0.0,0.63,-38.0395,144.85,12.0,0.0,0.0,1,,,,,synthetic,,,,,60,,False,False
189.0,,target,999510201,CROSSING EXPRESS,-0.03488271589192031,0.4290061729969684,-38.04284989711672,144.8492617163259,14.0,225.0,225.0,18,danger,safe,0.0510057234875511,-29.587089817287964,synthetic,,,,,60,0,False,False
189.0,,target,999510202,DANCING TUG,1.0440342844467312,-0.25161278376462126,-38.05419354639607,144.87209671602886,9.0,150.0,150.0,18,,safe,0.8226193854521076,-193.50606623600908,synthetic,,,,,52,0,False,False
189.0,,target,999510203,FAST FERRY,0.18,0.47666666666666674,-38.04205555555555,144.8538096535185,24.0,0.0,0.0,18,danger,danger,0.18,45.99999999999998,synthetic,,,,,40,0,False,False
190.0,,own,999510000,DEMO OWN SHIP,0.0,0.6333333333333334,-38.03944444444444,144.85,12.0,0.0,0.0,1,,,,,synthetic,,,,,60,,False,False
190.0,,target,999510201,CROSSING EXPRESS,-0.037632575596534656,0.4262563132923541,-38.042895728111795,144.84920351625536,14.0,225.0,225.0,18,danger,safe,0.05100572348755113,-30.58708981728797,synthetic,,,,,60,0,False,False
190.0,,target,999510202,DANCING TUG,1.0452842844467312,-0.25377784727408237,-38.0542296307879,144.87212317195608,9.0,150.0,150.0,18,,safe,0.8226193854521074,-194.50606623600913,synthetic,,,,,52,0,False,False
190.0,,target,999510203,FAST FERRY,0.18,0.48333333333333334,-38.04194444444444,144.8538096535185,24.0,0.0,0.0,18,danger,danger,0.18,45.00000000000002,synthetic,,,,,40,0,False,False
191.0,,own,999510000,DEMO OWN SHIP,0.0,0.6366666666666667,-38.03938888888889,144.85,12.0,0.0,0.0,1,,,,,synthetic,,,,,60,,False,False
191.0,,target,999510201,CROSSING EXPRESS,-0.04038243530114902,0.42350645358773975,-38.042941559106865,144.84914531618483,14.0,225.0,225.0,18,danger,safe,0.0510057234875511,-31.587089817287968,synthetic,,,,,60,0,False,False
191.0,,target,999510202,DANCING TUG,1.0465342844467311,-0.2559429107835434,-38.054265715179724,144.8721496278833,9.0,150.0,150.0,18,,safe,0.8226193854521074,-195.5060662360091,synthetic,,,,,52,0,False,False
191.0,,target,999510203,FAST FERRY,0.18,0.49000000000000005,-38.04183333333333,144.8538096535185,24.0,0.0,0.0,18,danger,danger,0.18,44.0,synthetic,,,,,40,0,False,False
192.0,,own,999510000,DEMO OWN SHIP,0.0,0.64,-38.03933333333333,144.85,12.0,0.0,0.0,1,,,,,synthetic,,,,,60,,False,False
192.0,,target,999510201,CROSSING EXPRESS,-0.04313229500576338,0.42075659388312536,-38.04298739010194,144.84908711611428,14.0,225.0,225.0,18,danger,safe,0.0510057234875511,-32.58708981728796,synthetic,,,,,60,0,False,False
192.0,,target,999510202,DANCING TUG,1.047784284446731,-0.2581079742930045,-38.05430179957155,144.8721760838105,9.0,150.0,150.0,18,,safe,0.8226193854521074,-196.50606623600908,synthetic,,,,,52,0,False,False
192.0,,target,999510203,FAST FERRY,0.18,0.49666666666666676,-38.04172222222222,144.8538096535185,24.0,0.0,0.0,18,danger,danger,0.18,42.99999999999997,synthetic,,,,,40,0,False,False
193.0,,own,999510000,DEMO OWN SHIP,0.0,0.6433333333333334,-38.03927777777778,144.85,12.0,0.0,0.0,1,,,,,synthetic,,,,,60,,False,False
193.0,,target,999510201,CROSSING EXPRESS,-0.04588215471037771,0.41800673417851103,-38.04303322109702,144.84902891604372,14.0,225.0,225.0,18,danger,safe,0.05100572348755114,-33.587089817287975,synthetic,,,,,60,0,False,False
193.0,,target,999510202,DANCING TUG,1.0490342844467313,-0.26027303780246563,-38.05433788396337,144.8722025397377,9.0,150.0,150.0,18,,safe,0.8226193854521076,-197.50606623600913,synthetic,,,,,52,0,False,False
193.0,,target,999510203,FAST FERRY,0.18,0.5033333333333333,-38.04161111111111,144.8538096535185,24.0,0.0,0.0,18,danger,danger,0.18,42.00000000000003,synthetic,,,,,40,0,False,False
194.0,,own,999510000,DEMO OWN SHIP,0.0,0.6466666666666667,-38.03922222222222,144.85,12.0,0.0,0.0,1,,,,,synthetic,,,,,60,,False,False
194.0,,target,999510201,CROSSING EXPRESS,-0.04863201441499207,0.4152568744738967,-38.0430790520921,144.84897071597317,14.0,225.0,225.0,18,danger,safe,0.0510057234875511,-34.58708981728797,synthetic,,,,,60,0,False,False
194.0,,target,999510202,DANCING TUG,1.0502842844467313,-0.26243810131192674,-38.05437396835519,144.87222899566493,9.0,150.0,150.0,18,,safe,0.8226193854521076,-198.5060662360091,synthetic,,,,,52,0,False,False
194.0,,target,999510203,FAST FERRY,0.18,0.51,-38.0415,144.8538096535185,24.0,0.0,0.0,18,danger,danger,0.18,41.00000000000001,synthetic,,,,,40,0,False,False
195.0,,own,999510000,DEMO OWN SHIP,0.0,0.65,-38.03916666666667,144.85,12.0,0.0,0.0,1,,,,,synthetic,,,,,60,,False,False
195.0,,target,999510201,CROSSING EXPRESS,-0.05138187411960643,0.4125070147692823,-38.043124883087174,144.8489125159026,14.0,225.0,225.0,18,danger,safe,0.05100572348755109,-35.58708981728797,synthetic,,,,,60,0,False,False
195.0,,target,999510202,DANCING TUG,1.0515342844467312,-0.26460316482138785,-38.05441005274702,144.87225545159214,9.0,150.0,150.0,18,,safe,0.8226193854521076,-199.5060662360091,synthetic,,,,,52,0,False,False
195.0,,target,999510203,FAST FERRY,0.18,0.5166666666666666,-38.04138888888889,144.8538096535185,24.0,0.0,0.0,18,danger,danger,0.18,40.00000000000002,synthetic,,,,,40,0,False,False
196.0,,own,999510000,DEMO OWN SHIP,0.0,0.6533333333333333,-38.03911111111111,144.85,12.0,0.0,0.0,1,,,,,synthetic,,,,,60,,False,False
196.0,,target,999510201,CROSSING EXPRESS,-0.05413173382422076,0.409757155064668,-38.04317071408225,144.84885431583206,14.0,225.0,225.0,18,danger,safe,0.051005723487551086,-36.58708981728795,synthetic,,,,,60,0,False,False
196.0,,target,999510202,DANCING TUG,1.0527842844467312,-0.2667682283308489,-38.05444613713885,144.87228190751935,9.0,150.0,150.0,18,,safe,0.8226193854521076,-200.5060662360091,synthetic,,,,,52,0,False,False
196.0,,target,999510203,FAST FERRY,0.18,0.5233333333333333,-38.04127777777777,144.8538096535185,24.0,0.0,0.0,18,danger,danger,0.18,38.99999999999999,synthetic,,,,,40,0,False,False
197.0,,own,999510000,DEMO OWN SHIP,0.0,0.6566666666666667,-38.03905555555555,144.85,12.0,0.0,0.0,1,,,,,synthetic,,,,,60,,False,False
197.0,,target,999510201,CROSSING EXPRESS,-0.05688159352883512,0.40700729536005364,-38.04321654507733,144.8487961157615,14.0,225.0,225.0,18,danger,safe,0.0510057234875511,-37.58708981728797,synthetic,,,,,60,0,False,False
197.0,,target,999510202,DANCING TUG,1.0540342844467312,-0.26893329184031,-38.05448222153067,144.87230836344656,9.0,150.0,150.0,18,,safe,0.8226193854521076,-201.5060662360091,synthetic,,,,,52,0,False,False
197.0,,target,999510203,FAST FERRY,0.18,0.53,-38.04116666666666,144.8538096535185,24.0,0.0,0.0,18,danger,danger,0.18,38.00000000000001,synthetic,,,,,40,0,False,False
198.0,,own,999510000,DEMO OWN SHIP,0.0,0.66,-38.038999999999994,144.85,12.0,0.0,0.0,1,,,,,synthetic,,,,,60,,False,False
198.0,,target,999510201,CROSSING EXPRESS,-0.05963145323344948,0.40425743565543926,-38.043262376072406,144.84873791569098,14.0,225.0,225.0,18,danger,safe,0.05100572348755109,-38.58708981728797,synthetic,,,,,60,0,False,False
198.0,,target,999510202,DANCING TUG,1.0552842844467312,-0.2710983553497711,-38.05451830592249,144.87233481937378,9.0,150.0,150.0,18,,safe,0.8226193854521076,-202.50606623600908,synthetic,,,,,52,0,False,False
198.0,,target,999510203,FAST FERRY,0.18,0.5366666666666666,-38.04105555555555,144.8538096535185,24.0,0.0,0.0,18,danger,danger,0.18,37.000000000000014,synthetic,,,,,40,0,False,False
199.0,,own,999510000,DEMO OWN SHIP,0.0,0.6633333333333333,-38.03894444444444,144.85,12.0,0.0,0.0,1,,,,,synthetic,,,,,60,,False,False
199.0,,target,999510201,CROSSING EXPRESS,-0.062381312938063815,0.4015075759508249,-38.04330820706748,144.84867971562042,14.0,225.0,225.0,18,danger,safe,0.05100572348755109,-39.58708981728796,synthetic,,,,,60,0,False,False
199.0,,target,999510202,DANCING TUG,1.0565342844467311,-0.2732634188592322,-38.054554390314316,144.872361275301,9.0,150.0,150.0,18,,safe,0.8226193854521076,-203.50606623600908,synthetic,,,,,52,0,False,False
199.0,,target,999510203,FAST FERRY,0.18,0.5433333333333333,-38.04094444444444,144.8538096535185,24.0,0.0,0.0,18,danger,danger,0.18,35.99999999999999,synthetic,,,,,40,0,False,False
200.0,,own,999510000,DEMO OWN SHIP,0.0,0.6666666666666667,-38.038888888888884,144.85,12.0,0.0,0.0,1,,,,,synthetic,,,,,60,,False,False
200.0,,target,999510201,CROSSING EXPRESS,-0.06513117264267818,0.3987577162462106,-38.04335403806256,144.84862151554987,14.0,225.0,225.0,18,danger,safe,0.0510057234875511,-40.58708981728796,synthetic,,,,,60,0,False,False
200.0,,target,999510202,DANCING TUG,1.0577842844467311,-0.27542848236869333,-38.05459047470614,144.8723877312282,9.0,150.0,150.0,18,,safe,0.8226193854521074,-204.5060662360091,synthetic,,,,,52,0,False,False
200.0,,target,999510203,FAST FERRY,0.18,0.55,-38.04083333333333,144.8538096535185,24.0,0.0,0.0,18,danger,danger,0.18,35.00000000000001,synthetic,,,,,40,0,False,False
201.0,,own,999510000,DEMO OWN SHIP,0.0,0.67,-38.03883333333333,144.85,12.0,0.0,0.0,1,,,,,synthetic,,,,,60,,False,False
201.0,,target,999510201,CROSSING EXPRESS,-0.06788103234729254,0.3960078565415962,-38.04339986905764,144.8485633154793,14.0,225.0,225.0,18,danger,safe,0.0510057234875511,-41.58708981728797,synthetic,,,,,60,0,False,False
201.0,,target,999510202,DANCING TUG,1.059034284446731,-0.27759354587815444,-38.05462655909797,144.8724141871554,9.0,150.0,150.0,18,,safe,0.8226193854521074,-205.5060662360091,synthetic,,,,,52,0,False,False
201.0,,target,999510203,FAST FERRY,0.18,0.5566666666666666,-38.04072222222222,144.8538096535185,24.0,0.0,0.0,18,danger,danger,0.18,34.000000000000014,synthetic,,,,,40,0,False,False
202.0,,own,999510000,DEMO OWN SHIP,0.0,0.6733333333333333,-38.038777777777774,144.85,12.0,0.0,0.0,1,,,,,synthetic,,,,,60,,False,False
202.0,,target,999510201,CROSSING EXPRESS,-0.07063089205190687,0.39325799683698187,-38.043445700052715,144.84850511540876,14.0,225.0,225.0,18,danger,safe,0.0510057234875511,-42.58708981728796,synthetic,,,,,60,0,False,False
202.0,,target,999510202,DANCING TUG,1.0602842844467313,-0.2797586093876155,-38.05466264348979,144.87244064308263,9.0,150.0,150.0,18,,safe,0.8226193854521077,-206.50606623600908,synthetic,,,,,52,0,False,False
202.0,,target,999510203,FAST FERRY,0.18,0.5633333333333334,-38.04061111111111,144.8538096535185,24.0,0.0,0.0,18,danger,danger,0.18,32.99999999999999,synthetic,,,,,40,0,False,False
203.0,,own,999510000,DEMO OWN SHIP,0.0,0.6766666666666667,-38.03872222222222,144.85,12.0,0.0,0.0,1,,,,,synthetic,,,,,60,,False,False
203.0,,target,999510201,CROSSING EXPRESS,-0.07338075175652123,0.39050813713236754,-38.04349153104779,144.8484469153382,14.0,225.0,225.0,18,danger,safe,0.05100572348755111,-43.58708981728797,synthetic,,,,,60,0,False,False
203.0,,target,999510202,DANCING TUG,1.0615342844467313,-0.2819236728970766,-38.054698727881615,144.87246709900984,9.0,150.0,150.0,18,,safe,0.8226193854521076,-207.5060662360091,synthetic,,,,,52,0,False,False
203.0,,target,999510203,FAST FERRY,0.18,0.57,-38.040499999999994,144.8538096535185,24.0,0.0,0.0,18,danger,danger,0.18,32.000000000000036,synthetic,,,,,40,0,False,False
204.0,,own,999510000,DEMO OWN SHIP,0.0,0.68,-38.038666666666664,144.85,12.0,0.0,0.0,1,,,,,synthetic,,,,,60,,False,False
204.0,,target,999510201,CROSSING EXPRESS,-0.07613061146113559,0.38775827742775315,-38.04353736204287,144.84838871526767,14.0,225.0,225.0,18,danger,safe,0.0510057234875511,-44.58708981728797,synthetic,,,,,60,0,False,False
204.0,,target,999510202,DANCING TUG,1.0627842844467312,-0.2840887364065377,-38.05473481227344,144.87249355493705,9.0,150.0,150.0,18,,safe,0.8226193854521076,-208.50606623600908,synthetic,,,,,52,0,False,False
204.0,,target,999510203,FAST FERRY,0.18,0.5766666666666667,-38.040388888888884,144.8538096535185,24.0,0.0,0.0,18,danger,danger,0.18,31.00000000000001,synthetic,,,,,40,0,False,False
205.0,,own,999510000,DEMO OWN SHIP,0.0,0.6833333333333333,-38.03861111111111,144.85,12.0,0.0,0.0,1,,,,,synthetic,,,,,60,,False,False
205.0,,target,999510201,CROSSING EXPRESS,-0.07888047116574992,0.3850084177231388,-38.043583193037946,144.84833051519712,14.0,225.0,225.0,18,danger,safe,0.0510057234875511,-45.58708981728796,synthetic,,,,,60,0,False,False
205.0,,target,999510202,DANCING TUG,1.0640342844467312,-0.2862537999159988,-38.05477089666526,144.87252001086426,9.0,150.0,150.0,18,,safe,0.8226193854521077,-209.50606623600913,synthetic,,,,,52,0,False,False
205.0,,target,999510203,FAST FERRY,0.18,0.5833333333333334,-38.040277777777774,144.8538096535185,24.0,0.0,0.0,18,danger,danger,0.18,29.99999999999999,synthetic,,,,,40,0,False,False
206.0,,own,999510000,DEMO OWN SHIP,0.0,0.6866666666666668,-38.038555555555554,144.85,12.0,0.0,0.0,1,,,,,synthetic,,,,,60,,False,False
206.0,,target,999510201,CROSSING EXPRESS,-0.08163033087036428,0.3822585580185245,-38.043629024033024,144.84827231512656,14.0,225.0,225.0,18,danger,safe,0.0510057234875511,-46.58708981728797,synthetic,,,,,60,0,False,False
206.0,,target,999510202,DANCING TUG,1.0652842844467312,-0.2884188634254599,-38.05480698105709,144.87254646679148,9.0,150.0,150.0,18,,safe,0.8226193854521076,-210.5060662360091,synthetic,,,,,52,0,False,False
206.0,,target,999510203,FAST FERRY,0.18,0.59,-38.040166666666664,144.8538096535185,24.0,0.0,0.0,18,danger,danger,0.18,29.000000000000032,synthetic,,,,,40,0,False,False
207.0,,own,999510000,DEMO OWN SHIP,0.0,0.6900000000000001,-38.0385,144.85,12.0,0.0,0.0,1,,,,,synthetic,,,,,60,,False,False
207.0,,target,999510201,CROSSING EXPRESS,-0.08438019057497864,0.3795086983139101,-38.0436748550281,144.848214115056,14.0,225.0,225.0,18,danger,safe,0.0510057234875511,-47.58708981728797,synthetic,,,,,60,0,False,False
207.0,,target,999510202,DANCING TUG,1.0665342844467312,-0.29058392693492097,-38.054843065448914,144.8725729227187,9.0,150.0,150.0,18,,safe,0.8226193854521076,-211.50606623600908,synthetic,,,,,52,0,False,False
207.0,,target,999510203,FAST FERRY,0.18,0.5966666666666667,-38.040055555555554,144.8538096535185,24.0,0.0,0.0,18,danger,danger,0.18,28.00000000000001,synthetic,,,,,40,0,False,False
208.0,,own,999510000,DEMO OWN SHIP,0.0,0.6933333333333334,-38.038444444444444,144.85,12.0,0.0,0.0,1,,,,,synthetic,,,,,60,,False,False
208.0,,target,999510201,CROSSING EXPRESS,-0.08713005027959297,0.37675883860929577,-38.04372068602318,144.84815591498545,14.0,225.0,225.0,18,danger,safe,0.0510057234875511,-48.58708981728796,synthetic,,,,,60,0,False,False
208.0,,target,999510202,DANCING TUG,1.0677842844467311,-0.2927489904443821,-38.05487914984074,144.8725993786459,9.0,150.0,150.0,18,,safe,0.8226193854521074,-212.5060662360091,synthetic,,,,,52,0,False,False
208.0,,target,999510203,FAST FERRY,0.18,0.6033333333333333,-38.039944444444444,144.8538096535185,24.0,0.0,0.0,18,danger,danger,0.18,27.00000000000002,synthetic,,,,,40,0,False,False
209.0,,own,999510000,DEMO OWN SHIP,0.0,0.6966666666666667,-38.03838888888889,144.85,12.0,0.0,0.0,1,,,,,synthetic,,,,,60,,False,False
209.0,,target,999510201,CROSSING EXPRESS,-0.08987990998420733,0.37400897890468143,-38.043766517018256,144.8480977149149,14.0,225.0,225.0,18,danger,safe,0.05100572348755108,-49.58708981728796,synthetic,,,,,60,0,False,False
209.0,,target,999510202,DANCING TUG,1.069034284446731,-0.2949140539538432,-38.05491523423256,144.8726258345731,9.0,150.0,150.0,18,,safe,0.8226193854521074,-213.50606623600908,synthetic,,,,,52,0,False,False
209.0,,target,999510203,FAST FERRY,0.18,0.61,-38.03983333333333,144.8538096535185,24.0,0.0,0.0,18,danger,danger,0.18,26.0,synthetic,,,,,40,0,False,False
210.0,,own,999510000,DEMO OWN SHIP,0.0,0.7000000000000001,-38.038333333333334,144.85,12.0,0.0,0.0,1,,,,,synthetic,,,,,60,,False,False
210.0,,target,999510201,CROSSING EXPRESS,-0.0926297696888217,0.37125911920006704,-38.04381234801333,144.84803951484434,14.0,225.0,225.0,18,danger,safe,0.051005723487551106,-50.587089817287975,synthetic,,,,,60,0,False,False
210.0,,target,999510202,DANCING TUG,1.0702842844467313,-0.2970791174633043,-38.05495131862438,144.87265229050033,9.0,150.0,150.0,18,,safe,0.8226193854521076,-214.5060662360091,synthetic,,,,,52,0,False,False
210.0,,target,999510203,FAST FERRY,0.18,0.6166666666666667,-38.03972222222222,144.8538096535185,24.0,0.0,0.0,18,danger,danger,0.18,25.00000000000001,synthetic,,,,,40,0,False,False
211.0,,own,999510000,DEMO OWN SHIP,0.0,0.7033333333333334,-38.03827777777777,144.85,12.0,0.0,0.0,1,,,,,synthetic,,,,,60,,False,False
211.0,,target,999510201,CROSSING EXPRESS,-0.09537962939343603,0.3685092594954527,-38.0438581790084,144.84798131477382,14.0,225.0,225.0,18,danger,safe,0.0510057234875511,-51.58708981728796,synthetic,,,,,60,0,False,False
211.0,,target,999510202,DANCING TUG,1.0715342844467313,-0.2992441809727654,-38.05498740301621,144.87267874642754,9.0,150.0,150.0,18,,safe,0.8226193854521077,-215.5060662360091,synthetic,,,,,52,0,False,False
211.0,,target,999510203,FAST FERRY,0.18,0.6233333333333333,-38.03961111111111,144.8538096535185,24.0,0.0,0.0,18,danger,danger,0.18,24.000000000000014,synthetic,,,,,40,0,False,False
212.0,,own,999510000,DEMO OWN SHIP,0.0,0.7066666666666667,-38.03822222222222,144.85,12.0,0.0,0.0,1,,,,,synthetic,,,,,60,,False,False
212.0,,target,999510201,CROSSING EXPRESS,-0.09812948909805039,0.3657593997908384,-38.04390401000348,144.84792311470326,14.0,225.0,225.0,18,danger,safe,0.05100572348755108,-52.58708981728795,synthetic,,,,,60,0,False,False
212.0,,target,999510202,DANCING TUG,1.0727842844467312,-0.3014092444822265,-38.055023487408036,144.87270520235475,9.0,150.0,150.0,18,,safe,0.8226193854521076,-216.50606623600908,synthetic,,,,,52,0,False,False
212.0,,target,999510203,FAST FERRY,0.18,0.63,-38.0395,144.8538096535185,24.0,0.0,0.0,18,danger,danger,0.18,22.999999999999993,synthetic,,,,,40,0,False,False
213.0,,own,999510000,DEMO OWN SHIP,0.0,0.7100000000000001,-38.03816666666666,144.85,12.0,0.0,0.0,1,,,,,synthetic,,,,,60,,False,False
213.0,,target,999510201,CROSSING EXPRESS,-0.10087934880266475,0.363009540086224,-38.04394984099856,144.8478649146327,14.0,225.0,225.0,18,danger,safe,0.051005723487551106,-53.587089817287975,synthetic,,,,,60,0,False,False
213.0,,target,999510202,DANCING TUG,1.0740342844467312,-0.30357430799168755,-38.05505957179986,144.87273165828196,9.0,150.0,150.0,18,,safe,0.8226193854521076,-217.5060662360091,synthetic,,,,,52,0,False,False
213.0,,target,999510203,FAST FERRY,0.18,0.6366666666666667,-38.03938888888889,144.8538096535185,24.0,0.0,0.0,18,danger,danger,0.18,22.000000000000004,synthetic,,,,,40,0,False,False
214.0,,own,999510000,DEMO OWN SHIP,0.0,0.7133333333333334,-38.03811111111111,144.85,12.0,0.0,0.0,1,,,,,synthetic,,,,,60,,False,False
214.0,,target,999510201,CROSSING EXPRESS,-0.10362920850727908,0.3602596803816096,-38.043995671993635,144.84780671456215,14.0,225.0,225.0,18,danger,safe,0.05100572348755113,-54.58708981728797,synthetic,,,,,60,0,False,False
214.0,,target,999510202,DANCING TUG,1.0752842844467312,-0.30573937150114866,-38.05509565619168,144.87275811420918,9.0,150.0,150.0,18,,safe,0.8226193854521077,-218.50606623600913,synthetic,,,,,52,0,False,False
214.0,,target,999510203,FAST FERRY,0.18,0.6433333333333333,-38.03927777777778,144.8538096535185,24.0,0.0,0.0,18,danger,danger,0.18,21.000000000000014,synthetic,,,,,40,0,False,False
215.0,,own,999510000,DEMO OWN SHIP,0.0,0.7166666666666667,-38.03805555555555,144.85,12.0,0.0,0.0,1,,,,,synthetic,,,,,60,,False,False
215.0,,target,999510201,CROSSING EXPRESS,-0.10637906821189344,0.3575098206769953,-38.04404150298871,144.8477485144916,14.0,225.0,225.0,18,danger,safe,0.05100572348755108,-55.58708981728795,synthetic,,,,,60,0,False,False
215.0,,target,999510202,DANCING TUG,1.0765342844467312,-0.30790443501060977,-38.055131740583505,144.8727845701364,9.0,150.0,150.0,18,,safe,0.8226193854521076,-219.5060662360091,synthetic,,,,,52,0,False,False
215.0,,target,999510203,FAST FERRY,0.18,0.65,-38.03916666666667,144.8538096535185,24.0,0.0,0.0,18,danger,danger,0.18,19.999999999999993,synthetic,,,,,40,0,False,False
216.0,,own,999510000,DEMO OWN SHIP,0.0,0.7200000000000001,-38.038,144.85,12.0,0.0,0.0,1,,,,,synthetic,,,,,60,,False,False
216.0,,target,999510201,CROSSING EXPRESS,-0.1091289279165078,0.35475996097238094,-38.04408733398379,144.84769031442104,14.0,225.0,225.0,18,danger,safe,0.05100572348755113,-56.587089817287975,synthetic,,,,,60,0,False,False
216.0,,target,999510202,DANCING TUG,1.0777842844467311,-0.3100694985200709,-38.055167824975335,144.8728110260636,9.0,150.0,150.0,18,,safe,0.8226193854521074,-220.5060662360091,synthetic,,,,,52,0,False,False
216.0,,target,999510203,FAST FERRY,0.18,0.6566666666666666,-38.03905555555555,144.8538096535185,24.0,0.0,0.0,18,danger,danger,0.18,19.00000000000004,synthetic,,,,,40,0,False,False
217.0,,own,999510000,DEMO OWN SHIP,0.0,0.7233333333333334,-38.03794444444444,144.85,12.0,0.0,0.0,1,,,,,synthetic,,,,,60,,False,False
217.0,,target,999510201,CROSSING EXPRESS,-0.11187878762112213,0.35201010126776655,-38.04413316497887,144.8476321143505,14.0,225.0,225.0,18,danger,safe,0.05100572348755113,-57.587089817287975,synthetic,,,,,60,0,False,False
217.0,,target,999510202,DANCING TUG,1.079034284446731,-0.3122345620295319,-38.05520390936716,144.8728374819908,9.0,150.0,150.0,18,,safe,0.8226193854521074,-221.5060662360091,synthetic,,,,,52,0,False,False
217.0,,target,999510203,FAST FERRY,0.18,0.6633333333333333,-38.03894444444444,144.8538096535185,24.0,0.0,0.0,18,danger,danger,0.18,18.000000000000014,synthetic,,,,,40,0,False,False
218.0,,own,999510000,DEMO OWN SHIP,0.0,0.7266666666666667,-38.03788888888889,144.85,12.0,0.0,0.0,1,,,,,synthetic,,,,,60,,False,False
218.0,,target,999510201,CROSSING EXPRESS,-0.1146286473257365,0.3492602415631523,-38.044178995973944,144.84757391427996,14.0,225.0,225.0,18,danger,safe,0.05100572348755108,-58.58708981728795,synthetic,,,,,60,0,False,False
218.0,,target,999510202,DANCING TUG,1.0802842844467313,-0.31439962553899303,-38.05523999375898,144.87286393791803,9.0,150.0,150.0,18,,safe,0.8226193854521076,-222.5060662360091,synthetic,,,,,52,0,False,False
218.0,,target,999510203,FAST FERRY,0.18,0.67,-38.03883333333333,144.8538096535185,24.0,0.0,0.0,18,danger,danger,0.18,16.999999999999993,synthetic,,,,,40,0,False,False
219.0,,own,999510000,DEMO OWN SHIP,0.0,0.7300000000000001,-38.03783333333333,144.85,12.0,0.0,0.0,1,,,,,synthetic,,,,,60,,False,False
219.0,,target,999510201,CROSSING EXPRESS,-0.11737850703035085,0.3465103818585379,-38.04422482696902,144.8475157142094,14.0,225.0,225.0,18,danger,safe,0.0510057234875511,-59.58708981728797,synthetic,,,,,60,0,False,False
219.0,,target,999510202,DANCING TUG,1.0815342844467313,-0.31656468904845414,-38.055276078150804,144.8728903938452,9.0,150.0,150.0,18,,safe,0.8226193854521076,-223.50606623600913,synthetic,,,,,52,0,False,False
219.0,,target,999510203,FAST FERRY,0.18,0.6766666666666666,-38.03872222222222,144.8538096535185,24.0,0.0,0.0,18,danger,danger,0.18,16.000000000000036,synthetic,,,,,40,0,False,False
220.0,,own,999510000,DEMO OWN SHIP,0.0,0.7333333333333334,-38.03777777777778,144.85,12.0,0.0,0.0,1,,,,,synthetic,,,,,60,,False,False
220.0,,target,999510201,CROSSING EXPRESS,-0.12012836673496519,0.3437605221539235,-38.0442706579641,144.84745751413885,14.0,225.0,225.0,18,danger,safe,0.05100572348755113,-60.58708981728797,synthetic,,,,,60,0,False,False
220.0,,target,999510202,DANCING TUG,1.0827842844467312,-0.31872975255791525,-38.05531216254263,144.87291684977242,9.0,150.0,150.0,18,,safe,0.8226193854521076,-224.50606623600913,synthetic,,,,,52,0,False,False
220.0,,target,999510203,FAST FERRY,0.18,0.6833333333333333,-38.03861111111111,144.8538096535185,24.0,0.0,0.0,18,danger,danger,0.18,15.00000000000001,synthetic,,,,,40,0,False,False
220.0,,target,999510204,HEAD ON TRADER,-0.04,2.15,-38.01416666666666,144.84915341032922,14.0,180.0,180.0,1,danger,danger,0.03999999999999991,196.15384615384616,synthetic,,,,,70,0,False,False
221.0,,own,999510000,DEMO OWN SHIP,0.0,0.7366666666666667,-38.03772222222222,144.85,12.0,0.0,0.0,1,,,,,synthetic,,,,,60,,False,False
221.0,,target,999510201,CROSSING EXPRESS,-0.12287822643957955,0.3410106624493092,-38.044316488959176,144.8473993140683,14.0,225.0,225.0,18,danger,safe,0.05100572348755108,-61.58708981728796,synthetic,,,,,60,0,False,False
221.0,,target,999510202,DANCING TUG,1.0840342844467312,-0.32089481606737635,-38.05534824693445,144.87294330569964,9.0,150.0,150.0,18,,safe,0.8226193854521076,-225.50606623600913,synthetic,,,,,52,0,False,False
221.0,,target,999510203,FAST FERRY,0.18,0.6900000000000001,-38.0385,144.8538096535185,24.0,0.0,0.0,18,danger,danger,0.18,13.999999999999988,synthetic,,,,,40,0,False,False
221.0,,target,999510204,HEAD ON TRADER,-0.04,2.146111111111111,-38.01423148148148,144.84915341032922,14.0,180.0,180.0,1,danger,danger,0.03999999999999991,195.15384615384613,synthetic,,,,,70,0,False,False
222.0,,own,999510000,DEMO OWN SHIP,0.0,0.7400000000000001,-38.03766666666667,144.85,12.0,0.0,0.0,1,,,,,synthetic,,,,,60,,False,False
222.0,,target,999510201,CROSSING EXPRESS,-0.1256280861441939,0.33826080274469483,-38.04436231995425,144.84734111399774,14.0,225.0,225.0,18,danger,safe,0.05100572348755113,-62.587089817287975,synthetic,,,,,60,0,False,False
222.0,,target,999510202,DANCING TUG,1.0852842844467312,-0.32305987957683746,-38.05538433132628,144.87296976162685,9.0,150.0,150.0,18,,safe,0.8226193854521076,-226.5060662360091,synthetic,,,,,52,0,False,False
222.0,,target,999510203,FAST FERRY,0.18,0.6966666666666667,-38.03838888888889,144.8538096535185,24.0,0.0,0.0,18,danger,danger,0.18,13.00000000000003,synthetic,,,,,40,0,False,False
222.0,,target,999510204,HEAD ON TRADER,-0.04,2.1422222222222222,-38.014296296296294,144.84915341032922,14.0,180.0,180.0,1,danger,danger,0.03999999999999991,194.15384615384616,synthetic,,,,,70,0,False,False
223.0,,own,999510000,DEMO OWN SHIP,0.0,0.7433333333333334,-38.03761111111111,144.85,12.0,0.0,0.0,1,,,,,synthetic,,,,,60,,False,False
223.0,,target,999510201,CROSSING EXPRESS,-0.12837794584880824,0.33551094304008044,-38.04440815094933,144.8472829139272,14.0,225.0,225.0,18,danger,safe,0.05100572348755113,-63.58708981728797,synthetic,,,,,60,0,False,False
223.0,,target,999510202,DANCING TUG,1.0865342844467312,-0.32522494308629857,-38.0554204157181,144.87299621755406,9.0,150.0,150.0,18,,safe,0.8226193854521076,-227.5060662360091,synthetic,,,,,52,0,False,False
223.0,,target,999510203,FAST FERRY,0.18,0.7033333333333334,-38.03827777777777,144.8538096535185,24.0,0.0,0.0,18,danger,danger,0.18,12.000000000000007,synthetic,,,,,40,0,False,False
223.0,,target,999510204,HEAD ON TRADER,-0.04,2.138333333333333,-38.01436111111111,144.84915341032922,14.0,180.0,180.0,1,danger,danger,0.03999999999999991,193.15384615384616,synthetic,,,,,70,0,False,False
224.0,,own,999510000,DEMO OWN SHIP,0.0,0.7466666666666667,-38.03755555555555,144.85,12.0,0.0,0.0,1,,,,,synthetic,,,,,60,,False,False
224.0,,target,999510201,CROSSING EXPRESS,-0.1311278055534226,0.3327610833354661,-38.04445398194441,144.84722471385666,14.0,225.0,225.0,18,danger,safe,0.0510057234875511,-64.58708981728796,synthetic,,,,,60,0,False,False
224.0,,target,999510202,DANCING TUG,1.0877842844467311,-0.3273900065957596,-38.055456500109926,144.87302267348127,9.0,150.0,150.0,18,,safe,0.8226193854521074,-228.5060662360091,synthetic,,,,,52,0,False,False
224.0,,target,999510203,FAST FERRY,0.18,0.71,-38.03816666666666,144.8538096535185,24.0,0.0,0.0,18,danger,danger,0.18,11.00000000000002,synthetic,,,,,40,0,False,False
224.0,,target,999510204,HEAD ON TRADER,-0.04,2.134444444444444,-38.01442592592592,144.84915341032922,14.0,180.0,180.0,1,danger,danger,0.03999999999999991,192.15384615384613,synthetic,,,,,70,0,False,False
225.0,,own,999510000,DEMO OWN SHIP,0.0,0.75,-38.037499999999994,144.85,12.0,0.0,0.0,1,,,,,synthetic,,,,,60,,False,False
225.0,,target,999510201,CROSSING EXPRESS,-0.13387766525803696,0.3300112236308518,-38.044499812939485,144.8471665137861,14.0,225.0,225.0,18,danger,safe,0.05100572348755105,-65.58708981728796,synthetic,,,,,60,0,False,False
225.0,,target,999510202,DANCING TUG,1.0890342844467311,-0.3295550701052207,-38.05549258450175,144.87304912940849,9.0,150.0,150.0,18,,safe,0.8226193854521076,-229.50606623600908,synthetic,,,,,52,0,False,False
225.0,,target,999510203,FAST FERRY,0.18,0.7166666666666667,-38.03805555555555,144.8538096535185,24.0,0.0,0.0,18,danger,danger,0.18,9.999999999999996,synthetic,,,,,40,0,False,False
225.0,,target,999510204,HEAD ON TRADER,-0.04,2.1305555555555555,-38.01449074074074,144.84915341032922,14.0,180.0,180.0,1,danger,danger,0.03999999999999991,191.15384615384616,synthetic,,,,,70,0,False,False
226.0,,own,999510000,DEMO OWN SHIP,0.0,0.7533333333333334,-38.03744444444444,144.85,12.0,0.0,0.0,1,,,,,synthetic,,,,,60,,False,False
226.0,,target,999510201,CROSSING EXPRESS,-0.1366275249626513,0.3272613639262374,-38.04454564393456,144.84710831371555,14.0,225.0,225.0,18,danger,safe,0.05100572348755115,-66.58708981728797,synthetic,,,,,60,0,False,False
226.0,,target,999510202,DANCING TUG,1.090284284446731,-0.33172013361468183,-38.05552866889357,144.8730755853357,9.0,150.0,150.0,18,,safe,0.8226193854521073,-230.5060662360091,synthetic,,,,,52,0,False,False
226.0,,target,999510203,FAST FERRY,0.18,0.7233333333333334,-38.03794444444444,144.8538096535185,24.0,0.0,0.0,18,danger,danger,0.18,9.000000000000007,synthetic,,,,,40,0,False,False
226.0,,target,999510204,HEAD ON TRADER,-0.04,2.1266666666666665,-38.01455555555555,144.84915341032922,14.0,180.0,180.0,1,danger,danger,0.03999999999999991,190.15384615384613,synthetic,,,,,70,0,False,False
227.0,,own,999510000,DEMO OWN SHIP,0.0,0.7566666666666667,-38.037388888888884,144.85,12.0,0.0,0.0,1,,,,,synthetic,,,,,60,,False,False
227.0,,target,999510201,CROSSING EXPRESS,-0.13937738466726565,0.32451150422162306,-38.04459147492964,144.847050113645,14.0,225.0,225.0,18,danger,safe,0.0510057234875511,-67.58708981728796,synthetic,,,,,60,0,False,False
227.0,,target,999510202,DANCING TUG,1.0915342844467313,-0.33388519712414294,-38.0555647532854,144.8731020412629,9.0,150.0,150.0,18,,safe,0.8226193854521077,-231.50606623600908,synthetic,,,,,52,0,False,False
227.0,,target,999510203,FAST FERRY,0.18,0.73,-38.03783333333333,144.8538096535185,24.0,0.0,0.0,18,danger,danger,0.18,8.000000000000018,synthetic,,,,,40,0,False,False
227.0,,target,999510204,HEAD ON TRADER,-0.04,2.122777777777778,-38.014620370370366,144.84915341032922,14.0,180.0,180.0,1,danger,danger,0.03999999999999991,189.15384615384616,synthetic,,,,,70,0,False,False
228.0,,own,999510000,DEMO OWN SHIP,0.0,0.76,-38.03733333333333,144.85,12.0,0.0,0.0,1,,,,,synthetic,,,,,60,,False,False
228.0,,target,999510201,CROSSING EXPRESS,-0.14212724437188,0.3217616445170087,-38.04463730592472,144.84699191357444,14.0,225.0,225.0,18,danger,safe,0.05100572348755105,-68.58708981728796,synthetic,,,,,60,0,False,False
228.0,,target,999510202,DANCING TUG,1.0927842844467313,-0.336050260633604,-38.055600837677225,144.87312849719012,9.0,150.0,150.0,18,,safe,0.8226193854521076,-232.50606623600908,synthetic,,,,,52,0,False,False
228.0,,target,999510203,FAST FERRY,0.18,0.7366666666666667,-38.03772222222222,144.8538096535185,24.0,0.0,0.0,18,danger,danger,0.18,6.999999999999994,synthetic,,,,,40,0,False,False
228.0,,target,999510204,HEAD ON TRADER,-0.039999999999999994,2.118888888888889,-38.01468518518518,144.84915341032922,14.0,180.0,180.0,1,danger,danger,0.039999999999999904,188.15384615384616,synthetic,,,,,70,0,False,False
229.0,,own,999510000,DEMO OWN SHIP,0.0,0.7633333333333334,-38.037277777777774,144.85,12.0,0.0,0.0,1,,,,,synthetic,,,,,60,,False,False
229.0,,target,999510201,CROSSING EXPRESS,-0.14487710407649435,0.31901178481239434,-38.044683136919794,144.8469337135039,14.0,225.0,225.0,18,danger,safe,0.05100572348755115,-69.58708981728797,synthetic,,,,,60,0,False,False
229.0,,target,999510202,DANCING TUG,1.0940342844467312,-0.3382153241430651,-38.05563692206905,144.87315495311734,9.0,150.0,150.0,18,,safe,0.8226193854521076,-233.50606623600908,synthetic,,,,,52,0,False,False
229.0,,target,999510203,FAST FERRY,0.18,0.7433333333333333,-38.03761111111111,144.8538096535185,24.0,0.0,0.0,18,danger,danger,0.18,6.000000000000038,synthetic,,,,,40,0,False,False
229.0,,target,999510204,HEAD ON TRADER,-0.039999999999999994,2.1149999999999998,-38.01475,144.84915341032922,14.0,180.0,180.0,1,danger,danger,0.039999999999999904,187.15384615384613,synthetic,,,,,70,0,False,False
230.0,,own,999510000,DEMO OWN SHIP,0.0,0.7666666666666667,-38.03722222222222,144.85,12.0,0.0,0.0,1,,,,,synthetic,,,,,60,,False,False
230.0,,target,999510201,CROSSING EXPRESS,-0.1476269637811087,0.31626192510778,-38.04472896791487,144.84687551343333,14.0,225.0,225.0,18,danger,safe,0.051005723487551106,-70.58708981728797,synthetic,,,,,60,0,False,False
230.0,,target,999510202,DANCING TUG,1.0952842844467312,-0.3403803876525262,-38.05567300646087,144.87318140904455,9.0,150.0,150.0,18,,safe,0.8226193854521076,-234.50606623600908,synthetic,,,,,52,0,False,False
230.0,,target,999510203,FAST FERRY,0.18,0.75,-38.037499999999994,144.8538096535185,24.0,0.0,0.0,18,danger,danger,0.18,5.000000000000015,synthetic,,,,,40,0,False,False
230.0,,target,999510204,HEAD ON TRADER,-0.039999999999999994,2.111111111111111,-38.01481481481481,144.84915341032922,14.0,180.0,180.0,1,danger,danger,0.039999999999999904,186.1538461538462,synthetic,,,,,70,0,False,False
231.0,,own,999510000,DEMO OWN SHIP,0.0,0.77,-38.037166666666664,144.85,12.0,0.0,0.0,1,,,,,synthetic,,,,,60,,False,False
231.0,,target,999510202,DANCING TUG,1.0965342844467312,-0.3425454511619873,-38.055709090852694,144.87320786497176,9.0,150.0,150.0,18,,safe,0.8226193854521076,-235.50606623600908,synthetic,,,,,52,0,False,False
231.0,,target,999510203,FAST FERRY,0.18,0.7566666666666667,-38.037388888888884,144.8538096535185,24.0,0.0,0.0,18,danger,danger,0.18,3.999999999999992,synthetic,,,,,40,0,False,False
231.0,,target,999510204,HEAD ON TRADER,-0.039999999999999994,2.107222222222222,-38.014879629629625,144.84915341032922,14.0,180.0,180.0,1,danger,danger,0.039999999999999904,185.15384615384616,synthetic,,,,,70,0,False,False
232.0,,own,999510000,DEMO OWN SHIP,0.0,0.7733333333333334,-38.03711111111111,144.85,12.0,0.0,0.0,1,,,,,synthetic,,,,,60,,False,False
232.0,,target,999510202,DANCING TUG,1.0977842844467312,-0.3447105146714484,-38.055745175244525,144.87323432089897,9.0,150.0,150.0,18,,safe,0.8226193854521076,-236.5060662360091,synthetic,,,,,52,0,False,False
232.0,,target,999510203,FAST FERRY,0.18,0.7633333333333333,-38.037277777777774,144.8538096535185,24.0,0.0,0.0,18,danger,danger,0.18,3.0000000000000355,synthetic,,,,,40,0,False,False
232.0,,target,999510204,HEAD ON TRADER,-0.039999999999999994,2.103333333333333,-38.01494444444444,144.84915341032922,14.0,180.0,180.0,1,danger,danger,0.039999999999999904,184.15384615384613,synthetic,,,,,70,0,False,False
233.0,,own,999510000,DEMO OWN SHIP,0.0,0.7766666666666667,-38.037055555555554,144.85,12.0,0.0,0.0,1,,,,,synthetic,,,,,60,,False,False
233.0,,target,999510202,DANCING TUG,1.0990342844467311,-0.3468755781809095,-38.05578125963635,144.87326077682619,9.0,150.0,150.0,18,,safe,0.8226193854521074,-237.5060662360091,synthetic,,,,,52,0,False,False
233.0,,target,999510203,FAST FERRY,0.18,0.77,-38.037166666666664,144.8538096535185,24.0,0.0,0.0,18,danger,danger,0.18,2.0000000000000124,synthetic,,,,,40,0,False,False
233.0,,target,999510204,HEAD ON TRADER,-0.039999999999999994,2.0994444444444444,-38.01500925925926,144.84915341032922,14.0,180.0,180.0,1,danger,danger,0.039999999999999904,183.15384615384616,synthetic,,,,,70,0,False,False
234.0,,own,999510000,DEMO OWN SHIP,0.0,0.78,-38.037,144.85,12.0,0.0,0.0,1,,,,,synthetic,,,,,60,,False,False
234.0,,target,999510202,DANCING TUG,1.100284284446731,-0.34904064169037063,-38.05581734402817,144.8732872327534,9.0,150.0,150.0,18,,safe,0.8226193854521074,-238.50606623600908,synthetic,,,,,52,0,False,False
234.0,,target,999510203,FAST FERRY,0.18,0.7766666666666667,-38.037055555555554,144.8538096535185,24.0,0.0,0.0,18,danger,danger,0.18,0.9999999999999897,synthetic,,,,,40,0,False,False
234.0,,target,999510204,HEAD ON TRADER,-0.039999999999999994,2.0955555555555554,-38.01507407407407,144.84915341032922,14.0,180.0,180.0,1,danger,danger,0.039999999999999904,182.15384615384613,synthetic,,,,,70,0,False,False
235.0,,own,999510000,DEMO OWN SHIP,0.0,0.7833333333333334,-38.036944444444444,144.85,12.0,0.0,0.0,1,,,,,synthetic,,,,,60,,False,False
235.0,,target,999510202,DANCING TUG,1.1015342844467313,-0.3512057051998317,-38.055853428419994,144.8733136886806,9.0,150.0,150.0,18,,safe,0.8226193854521076,-239.5060662360091,synthetic,,,,,52,0,False,False
235.0,,target,999510203,FAST FERRY,0.18,0.7833333333333333,-38.036944444444444,144.8538096535185,24.0,0.0,0.0,18,danger,danger,0.18,3.330669073875469e-14,synthetic,,,,,40,0,False,False
235.0,,target,999510204,HEAD ON TRADER,-0.039999999999999994,2.091666666666667,-38.015138888888885,144.84915341032922,14.0,180.0,180.0,1,danger,danger,0.03999999999999991,181.15384615384616,synthetic,,,,,70,0,False,False
236.0,,own,999510000,DEMO OWN SHIP,0.0,0.7866666666666667,-38.03688888888889,144.85,12.0,0.0,0.0,1,,,,,synthetic,,,,,60,,False,False
236.0,,target,999510202,DANCING TUG,1.1027842844467313,-0.3533707687092928,-38.05588951281182,144.87334014460782,9.0,150.0,150.0,18,,safe,0.8226193854521076,-240.5060662360091,synthetic,,,,,52,0,False,False
236.0,,target,999510203,FAST FERRY,0.18,0.79,-38.036833333333334,144.8538096535185,24.0,0.0,0.0,18,danger,safe,0.18,-0.9999999999999897,synthetic,,,,,40,0,False,False
236.0,,target,999510204,HEAD ON TRADER,-0.039999999999999994,2.0877777777777777,-38.0152037037037,144.84915341032922,14.0,180.0,180.0,1,danger,danger,0.03999999999999991,180.15384615384616,synthetic,,,,,70,0,False,False
237.0,,own,999510000,DEMO OWN SHIP,0.0,0.79,-38.036833333333334,144.85,12.0,0.0,0.0,1,,,,,synthetic,,,,,60,,False,False
237.0,,target,999510202,DANCING TUG,1.1040342844467312,-0.3555358322187539,-38.05592559720364,144.87336660053504,9.0,150.0,150.0,18,,safe,0.8226193854521076,-241.50606623600908,synthetic,,,,,52,0,False,False
237.0,,target,999510203,FAST FERRY,0.18,0.7966666666666666,-38.03672222222222,144.8538096535185,24.0,0.0,0.0,18,danger,safe,0.18,-1.9999999999999793,synthetic,,,,,40,0,False,False
237.0,,target,999510204,HEAD ON TRADER,-0.039999999999999994,2.0838888888888887,-38.01526851851852,144.84915341032922,14.0,180.0,180.0,1,danger,danger,0.03999999999999991,179.15384615384613,synthetic,,,,,70,0,False,False
238.0,,own,999510000,DEMO OWN SHIP,0.0,0.7933333333333333,-38.03677777777777,144.85,12.0,0.0,0.0,1,,,,,synthetic,,,,,60,,False,False
238.0,,target,999510202,DANCING TUG,1.1052842844467312,-0.35770089572821495,-38.05596168159547,144.87339305646225,9.0,150.0,150.0,18,,safe,0.8226193854521076,-242.50606623600908,synthetic,,,,,52,0,False,False
238.0,,target,999510203,FAST FERRY,0.18,0.8033333333333333,-38.03661111111111,144.8538096535185,24.0,0.0,0.0,18,danger,safe,0.18,-3.0000000000000018,synthetic,,,,,40,0,False,False
238.0,,target,999510204,HEAD ON TRADER,-0.039999999999999994,2.08,-38.01533333333333,144.84915341032922,14.0,180.0,180.0,1,danger,danger,0.03999999999999991,178.15384615384616,synthetic,,,,,70,0,False,False
239.0,,own,999510000,DEMO OWN SHIP,0.0,0.7966666666666667,-38.03672222222222,144.85,12.0,0.0,0.0,1,,,,,synthetic,,,,,60,,False,False
239.0,,target,999510202,DANCING TUG,1.1065342844467312,-0.35986595923767606,-38.05599776598729,144.87341951238946,9.0,150.0,150.0,18,,safe,0.8226193854521076,-243.5060662360091,synthetic,,,,,52,0,False,False
239.0,,target,999510203,FAST FERRY,0.18,0.81,-38.0365,144.8538096535185,24.0,0.0,0.0,18,danger,safe,0.18,-3.999999999999992,synthetic,,,,,40,0,False,False
239.0,,target,999510204,HEAD ON TRADER,-0.039999999999999994,2.076111111111111,-38.015398148148144,144.84915341032922,14.0,180.0,180.0,1,danger,danger,0.03999999999999991,177.15384615384613,synthetic,,,,,70,0,False,False
240.0,,own,999510000,DEMO OWN SHIP,0.0,0.8,-38.03666666666666,144.85,8.0,0.0,0.0,1,,,,,synthetic,,,,,60,,False,False
240.0,,target,999510202,DANCING TUG,1.1077842844467312,-0.36203102274713717,-38.056033850379116,144.87344596831667,9.0,150.0,150.0,18,,safe,0.7469782632343183,-311.516132456942,synthetic,,,,,52,0,False,False
240.0,,target,999510203,FAST FERRY,0.18,0.8166666666666667,-38.03638888888889,144.8538096535185,24.0,0.0,0.0,18,danger,safe,0.18,-3.7499999999999862,synthetic,,,,,40,0,False,False
240.0,,target,999510204,HEAD ON TRADER,-0.039999999999999994,2.072222222222222,-38.01546296296296,144.84915341032922,14.0,180.0,180.0,1,danger,danger,0.0399999999999999,208.18181818181816,synthetic,,,,,70,0,False,False
241.0,,own,999510000,DEMO OWN SHIP,0.0,0.8022222222222223,-38.03662962962963,144.85,8.0,0.0,0.0,1,,,,,synthetic,,,,,60,,False,False
241.0,,target,999510202,DANCING TUG,1.1090342844467311,-0.3641960862565983,-38.05606993477094,144.8734724242439,9.0,150.0,150.0,18,,safe,0.7469782632343182,-312.51613245694193,synthetic,,,,,52,0,False,False
241.0,,target,999510203,FAST FERRY,0.18,0.8233333333333334,-38.03627777777778,144.8538096535185,24.0,0.0,0.0,18,danger,safe,0.18,-4.749999999999993,synthetic,,,,,40,0,False,False
241.0,,target,999510204,HEAD ON TRADER,-0.039999999999999994,2.0683333333333334,-38.01552777777778,144.84915341032922,14.0,180.0,180.0,1,danger,danger,0.0399999999999999,207.18181818181816,synthetic,,,,,70,0,False,False
242.0,,own,999510000,DEMO OWN SHIP,0.0,0.8044444444444445,-38.03659259259259,144.85,8.0,0.0,0.0,1,,,,,synthetic,,,,,60,,False,False
242.0,,target,999510202,DANCING TUG,1.110284284446731,-0.3663611497660594,-38.05610601916276,144.8734988801711,9.0,150.0,150.0,18,,safe,0.746978263234318,-313.516132456942,synthetic,,,,,52,0,False,False
242.0,,target,999510203,FAST FERRY,0.18,0.83,-38.03616666666667,144.8538096535185,24.0,0.0,0.0,18,danger,safe,0.18,-5.749999999999974,synthetic,,,,,40,0,False,False
242.0,,target,999510204,HEAD ON TRADER,-0.03999999999999999,2.0644444444444443,-38.01559259259259,144.84915341032922,14.0,180.0,180.0,1,danger,danger,0.03999999999999989,206.18181818181813,synthetic,,,,,70,0,False,False
243.0,,own,999510000,DEMO OWN SHIP,0.0,0.8066666666666668,-38.03655555555555,144.85,8.0,0.0,0.0,1,,,,,synthetic,,,,,60,,False,False
243.0,,target,999510202,DANCING TUG,1.1115342844467313,-0.3685262132755205,-38.05614210355459,144.8735253360983,9.0,150.0,150.0,18,,safe,0.7469782632343184,-314.51613245694193,synthetic,,,,,52,0,False,False
243.0,,target,999510203,FAST FERRY,0.18,0.8366666666666667,-38.03605555555555,144.8538096535185,24.0,0.0,0.0,18,danger,safe,0.18,-6.7499999999999805,synthetic,,,,,40,0,False,False
243.0,,target,999510204,HEAD ON TRADER,-0.03999999999999999,2.0605555555555553,-38.0156574074074,144.84915341032922,14.0,180.0,180.0,1,danger,danger,0.03999999999999989,205.18181818181813,synthetic,,,,,70,0,False,False
244.0,,own,999510000,DEMO OWN SHIP,0.0,0.8088888888888889,-38.03651851851851,144.85,8.0,0.0,0.0,1,,,,,synthetic,,,,,60,,False,False
244.0,,target,999510202,DANCING TUG,1.1127842844467313,-0.3706912767849816,-38.056178187946415,144.87355179202552,9.0,150.0,150.0,18,,safe,0.7469782632343183,-315.516132456942,synthetic,,,,,52,0,False,False
244.0,,target,999510203,FAST FERRY,0.18,0.8433333333333334,-38.03594444444444,144.8538096535185,24.0,0.0,0.0,18,danger,safe,0.18,-7.7500000000000115,synthetic,,,,,40,0,False,False
244.0,,target,999510204,HEAD ON TRADER,-0.03999999999999999,2.0566666666666666,-38.015722222222216,144.84915341032922,14.0,180.0,180.0,1,danger,danger,0.03999999999999989,204.18181818181822,synthetic,,,,,70,0,False,False
245.0,,own,999510000,DEMO OWN SHIP,0.0,0.8111111111111111,-38.03648148148148,144.85,8.0,0.0,0.0,1,,,,,synthetic,,,,,60,,False,False
245.0,,target,999510202,DANCING TUG,1.1140342844467312,-0.3728563402944427,-38.05621427233824,144.87357824795274,9.0,150.0,150.0,18,,safe,0.7469782632343183,-316.516132456942,synthetic,,,,,52,0,False,False
245.0,,target,999510203,FAST FERRY,0.18,0.85,-38.03583333333333,144.8538096535185,24.0,0.0,0.0,18,danger,safe,0.18,-8.749999999999993,synthetic,,,,,40,0,False,False
245.0,,target,999510204,HEAD ON TRADER,-0.03999999999999999,2.0527777777777776,-38.015787037037036,144.84915341032922,14.0,180.0,180.0,1,danger,danger,0.03999999999999989,203.18181818181816,synthetic,,,,,70,0,False,False
246.0,,own,999510000,DEMO OWN SHIP,0.0,0.8133333333333334,-38.03644444444444,144.85,8.0,0.0,0.0,1,,,,,synthetic,,,,,60,,False,False
246.0,,target,999510202,DANCING TUG,1.1152842844467312,-0.37502140380390375,-38.05625035673006,144.87360470387995,9.0,150.0,150.0,18,,safe,0.7469782632343183,-317.516132456942,synthetic,,,,,52,0,False,False
246.0,,target,999510203,FAST FERRY,0.18,0.8566666666666667,-38.03572222222222,144.8538096535185,24.0,0.0,0.0,18,danger,safe,0.18,-9.75,synthetic,,,,,40,0,False,False
246.0,,target,999510204,HEAD ON TRADER,-0.03999999999999999,2.048888888888889,-38.01585185185185,144.84915341032922,14.0,180.0,180.0,1,danger,danger,0.03999999999999989,202.1818181818182,synthetic,,,,,70,0,False,False
247.0,,own,999510000,DEMO OWN SHIP,0.0,0.8155555555555556,-38.0364074074074,144.85,8.0,0.0,0.0,1,,,,,synthetic,,,,,60,,False,False
247.0,,target,999510202,DANCING TUG,1.1165342844467312,-0.37718646731336486,-38.056286441121884,144.87363115980716,9.0,150.0,150.0,18,,safe,0.7469782632343183,-318.516132456942,synthetic,,,,,52,0,False,False
247.0,,target,999510203,FAST FERRY,0.18,0.8633333333333334,-38.03561111111111,144.8538096535185,24.0,0.0,0.0,18,danger,safe,0.18,-10.750000000000005,synthetic,,,,,40,0,False,False
247.0,,target,999510204,HEAD ON TRADER,-0.03999999999999999,2.045,-38.01591666666666,144.84915341032922,14.0,180.0,180.0,1,danger,danger,0.03999999999999989,201.1818181818182,synthetic,,,,,70,0,False,False
248.0,,own,999510000,DEMO OWN SHIP,0.0,0.8177777777777778,-38.03637037037037,144.85,8.0,0.0,0.0,1,,,,,synthetic,,,,,60,,False,False
248.0,,target,999510202,DANCING TUG,1.1177842844467312,-0.3793515308228259,-38.056322525513714,144.87365761573437,9.0,150.0,150.0,18,,safe,0.7469782632343183,-319.51613245694193,synthetic,,,,,52,0,False,False
248.0,,target,999510203,FAST FERRY,0.18,0.87,-38.0355,144.8538096535185,24.0,0.0,0.0,18,danger,safe,0.18,-11.749999999999988,synthetic,,,,,40,0,False,False
248.0,,target,999510204,HEAD ON TRADER,-0.03999999999999999,2.041111111111111,-38.015981481481475,144.84915341032922,14.0,180.0,180.0,1,danger,danger,0.03999999999999989,200.18181818181816,synthetic,,,,,70,0,False,False
249.0,,own,999510000,DEMO OWN SHIP,0.0,0.8200000000000001,-38.03633333333333,144.85,8.0,0.0,0.0,1,,,,,synthetic,,,,,60,,False,False
249.0,,target,999510202,DANCING TUG,1.1190342844467311,-0.381516594332287,-38.05635860990554,144.8736840716616,9.0,150.0,150.0,18,,safe,0.7469782632343183,-320.516132456942,synthetic,,,,,52,0,False,False
249.0,,target,999510203,FAST FERRY,0.18,0.8766666666666667,-38.03538888888889,144.8538096535185,24.0,0.0,0.0,18,danger,safe,0.18,-12.749999999999993,synthetic,,,,,40,0,False,False
249.0,,target,999510204,HEAD ON TRADER,-0.03999999999999999,2.0372222222222223,-38.016046296296295,144.84915341032922,14.0,180.0,180.0,1,danger,danger,0.03999999999999989,199.1818181818182,synthetic,,,,,70,0,False,False
250.0,,own,999510000,DEMO OWN SHIP,0.0,0.8222222222222223,-38.03629629629629,144.85,8.0,0.0,0.0,1,,,,,synthetic,,,,,60,,False,False
250.0,,target,999510202,DANCING TUG,1.1202842844467311,-0.3836816578417481,-38.05639469429736,144.8737105275888,9.0,150.0,150.0,18,,safe,0.7469782632343182,-321.5161324569419,synthetic,,,,,52,0,False,False
250.0,,target,999510203,FAST FERRY,0.18,0.8833333333333333,-38.03527777777777,144.8538096535185,24.0,0.0,0.0,18,danger,safe,0.18,-13.749999999999973,synthetic,,,,,40,0,False,False
250.0,,target,999510204,HEAD ON TRADER,-0.03999999999999999,2.033333333333333,-38.01611111111111,144.84915341032922,14.0,180.0,180.0,1,danger,danger,0.03999999999999989,198.18181818181813,synthetic,,,,,70,0,False,False
251.0,,own,999510000,DEMO OWN SHIP,0.0,0.8244444444444445,-38.03625925925925,144.85,8.0,0.0,0.0,1,,,,,synthetic,,,,,60,,False,False
251.0,,target,999510202,DANCING TUG,1.121534284446731,-0.38584672135120923,-38.05643077868918,144.873736983516,9.0,150.0,150.0,18,,safe,0.746978263234318,-322.516132456942,synthetic,,,,,52,0,False,False
251.0,,target,999510203,FAST FERRY,0.18,0.89,-38.03516666666666,144.8538096535185,24.0,0.0,0.0,18,danger,safe,0.18,-14.749999999999982,synthetic,,,,,40,0,False,False
251.0,,target,999510204,HEAD ON TRADER,-0.03999999999999999,2.029444444444444,-38.01617592592592,144.84915341032922,14.0,180.0,180.0,1,danger,danger,0.03999999999999989,197.18181818181813,synthetic,,,,,70,0,False,False
252.0,,own,999510000,DEMO OWN SHIP,0.0,0.8266666666666667,-38.03622222222222,144.85,8.0,0.0,0.0,1,,,,,synthetic,,,,,60,,False,False
252.0,,target,999510202,DANCING TUG,1.1227842844467313,-0.38801178486067034,-38.056466863081006,144.87376343944322,9.0,150.0,150.0,18,,safe,0.7469782632343184,-323.51613245694193,synthetic,,,,,52,0,False,False
252.0,,target,999510203,FAST FERRY,0.18,0.8966666666666667,-38.03505555555555,144.8538096535185,24.0,0.0,0.0,18,danger,safe,0.18,-15.750000000000012,synthetic,,,,,40,0,False,False
252.0,,target,999510204,HEAD ON TRADER,-0.03999999999999999,2.0255555555555556,-38.01624074074074,144.84915341032922,14.0,180.0,180.0,1,danger,danger,0.0399999999999999,196.1818181818182,synthetic,,,,,70,0,False,False
253.0,,own,999510000,DEMO OWN SHIP,0.0,0.8288888888888889,-38.03618518518518,144.85,8.0,0.0,0.0,1,,,,,synthetic,,,,,60,,False,False
253.0,,target,999510202,DANCING TUG,1.1240342844467313,-0.39017684837013145,-38.05650294747283,144.87378989537044,9.0,150.0,150.0,18,,safe,0.7469782632343183,-324.51613245694193,synthetic,,,,,52,0,False,False
253.0,,target,999510203,FAST FERRY,0.18,0.9033333333333333,-38.03494444444444,144.8538096535185,24.0,0.0,0.0,18,danger,safe,0.18,-16.749999999999993,synthetic,,,,,40,0,False,False
253.0,,target,999510204,HEAD ON TRADER,-0.03999999999999999,2.0216666666666665,-38.016305555555554,144.84915341032922,14.0,180.0,180.0,1,danger,danger,0.0399999999999999,195.18181818181816,synthetic,,,,,70,0,False,False
254.0,,own,999510000,DEMO OWN SHIP,0.0,0.8311111111111111,-38.03614814814814,144.85,8.0,0.0,0.0,1,,,,,synthetic,,,,,60,,False,False
254.0,,target,999510202,DANCING TUG,1.1252842844467312,-0.39234191187959255,-38.05653903186466,144.87381635129765,9.0,150.0,150.0,18,,safe,0.7469782632343183,-325.516132456942,synthetic,,,,,52,0,False,False
254.0,,target,999510203,FAST FERRY,0.18,0.91,-38.03483333333333,144.8538096535185,24.0,0.0,0.0,18,danger,safe,0.18,-17.749999999999996,synthetic,,,,,40,0,False,False
254.0,,target,999510204,HEAD ON TRADER,-0.03999999999999999,2.017777777777778,-38.01637037037037,144.84915341032922,14.0,180.0,180.0,1,danger,danger,0.0399999999999999,194.1818181818182,synthetic,,,,,70,0,False,False
255.0,,own,999510000,DEMO OWN SHIP,0.0,0.8333333333333334,-38.03611111111111,144.85,8.0,0.0,0.0,1,,,,,synthetic,,,,,60,,False,False
255.0,,target,999510202,DANCING TUG,1.1265342844467312,-0.39450697538905366,-38.05657511625648,144.87384280722486,9.0,150.0,150.0,18,,safe,0.7469782632343183,-326.516132456942,synthetic,,,,,52,0,False,False
255.0,,target,999510203,FAST FERRY,0.18,0.9166666666666666,-38.03472222222222,144.8538096535185,24.0,0.0,0.0,18,danger,safe,0.18,-18.749999999999982,synthetic,,,,,40,0,False,False
255.0,,target,999510204,HEAD ON TRADER,-0.03999999999999999,2.013888888888889,-38.01643518518518,144.84915341032922,14.0,180.0,180.0,1,danger,danger,0.0399999999999999,193.18181818181816,synthetic,,,,,70,0,False,False
256.0,,own,999510000,DEMO OWN SHIP,0.0,0.8355555555555556,-38.03607407407407,144.85,8.0,0.0,0.0,1,,,,,synthetic,,,,,60,,False,False
256.0,,target,999510202,DANCING TUG,1.1277842844467312,-0.39667203889851477,-38.056611200648305,144.87386926315207,9.0,150.0,150.0,18,,safe,0.7469782632343183,-327.516132456942,synthetic,,,,,52,0,False,False
256.0,,target,999510203,FAST FERRY,0.18,0.9233333333333333,-38.03461111111111,144.8538096535185,24.0,0.0,0.0,18,danger,safe,0.18,-19.749999999999986,synthetic,,,,,40,0,False,False
256.0,,target,999510204,HEAD ON TRADER,-0.03999999999999999,2.01,-38.0165,144.84915341032922,14.0,180.0,180.0,1,danger,danger,0.0399999999999999,192.18181818181813,synthetic,,,,,70,0,False,False
257.0,,own,999510000,DEMO OWN SHIP,0.0,0.8377777777777778,-38.03603703703703,144.85,8.0,0.0,0.0,1,,,,,synthetic,,,,,60,,False,False
257.0,,target,999510202,DANCING TUG,1.1290342844467312,-0.3988371024079758,-38.05664728504013,144.8738957190793,9.0,150.0,150.0,18,,safe,0.7469782632343183,-328.516132456942,synthetic,,,,,52,0,False,False
257.0,,target,999510203,FAST FERRY,0.18,0.93,-38.034499999999994,144.8538096535185,24.0,0.0,0.0,18,danger,safe,0.18,-20.749999999999993,synthetic,,,,,40,0,False,False
257.0,,target,999510204,HEAD ON TRADER,-0.03999999999999998,2.006111111111111,-38.016564814814814,144.84915341032922,14.0,180.0,180.0,1,danger,danger,0.03999999999999989,191.18181818181822,synthetic,,,,,70,0,False,False
258.0,,own,999510000,DEMO OWN SHIP,0.0,0.8400000000000001,-38.035999999999994,144.85,8.0,0.0,0.0,1,,,,,synthetic,,,,,60,,False,False
258.0,,target,999510202,DANCING TUG,1.1302842844467311,-0.4010021659174369,-38.05668336943195,144.8739221750065,9.0,150.0,150.0,18,,safe,0.7469782632343182,-329.516132456942,synthetic,,,,,52,0,False,False
258.0,,target,999510203,FAST FERRY,0.18,0.9366666666666666,-38.034388888888884,144.8538096535185,24.0,0.0,0.0,18,danger,safe,0.18,-21.74999999999997,synthetic,,,,,40,0,False,False
258.0,,target,999510204,HEAD ON TRADER,-0.03999999999999998,2.002222222222222,-38.01662962962963,144.84915341032922,14.0,180.0,180.0,1,danger,danger,0.03999999999999989,190.18181818181816,synthetic,,,,,70,0,False,False
259.0,,own,999510000,DEMO OWN SHIP,0.0,0.8422222222222223,-38.03596296296296,144.85,8.0,0.0,0.0,1,,,,,synthetic,,,,,60,,False,False
259.0,,target,999510202,DANCING TUG,1.131534284446731,-0.403167229426898,-38.05671945382378,144.8739486309337,9.0,150.0,150.0,18,,safe,0.7469782632343182,-330.51613245694193,synthetic,,,,,52,0,False,False
259.0,,target,999510203,FAST FERRY,0.18,0.9433333333333334,-38.034277777777774,144.8538096535185,24.0,0.0,0.0,18,danger,safe,0.18,-22.749999999999982,synthetic,,,,,40,0,False,False
259.0,,target,999510204,HEAD ON TRADER,-0.03999999999999998,1.9983333333333333,-38.01669444444444,144.84915341032922,14.0,180.0,180.0,1,danger,danger,0.03999999999999989,189.1818181818182,synthetic,,,,,70,0,False,False
260.0,,own,999510000,DEMO OWN SHIP,0.0,0.8444444444444444,-38.03592592592592,144.85,8.0,0.0,0.0,1,,,,,synthetic,,,,,60,,False,False
260.0,,target,999510202,DANCING TUG,1.132784284446731,-0.4053322929363591,-38.056755538215604,144.87397508686092,9.0,150.0,150.0,18,,safe,0.746978263234318,-331.516132456942,synthetic,,,,,52,0,False,False
260.0,,target,999510203,FAST FERRY,0.18,0.95,-38.034166666666664,144.8538096535185,24.0,0.0,0.0,18,danger,safe,0.18,-23.749999999999986,synthetic,,,,,40,0,False,False
260.0,,target,999510204,HEAD ON TRADER,-0.03999999999999998,1.9944444444444445,-38.01675925925926,144.84915341032922,14.0,180.0,180.0,1,danger,danger,0.03999999999999989,188.1818181818182,synthetic,,,,,70,0,False,False
261.0,,own,999510000,DEMO OWN SHIP,0.0,0.8466666666666667,-38.035888888888884,144.85,8.0,0.0,0.0,1,,,,,synthetic,,,,,60,,False,False
261.0,,target,999510202,DANCING TUG,1.1340342844467313,-0.4074973564458202,-38.05679162260743,144.87400154278814,9.0,150.0,150.0,18,,safe,0.7469782632343183,-332.516132456942,synthetic,,,,,52,0,False,False
261.0,,target,999510203,FAST FERRY,0.18,0.9566666666666668,-38.034055555555554,144.8538096535185,24.0,0.0,0.0,18,danger,safe,0.18,-24.750000000000018,synthetic,,,,,40,0,False,False
261.0,,target,999510204,HEAD ON TRADER,-0.03999999999999998,1.9905555555555554,-38.01682407407407,144.84915341032922,14.0,180.0,180.0,1,danger,danger,0.03999999999999989,187.18181818181816,synthetic,,,,,70,0,False,False
262.0,,own,999510000,DEMO OWN SHIP,0.0,0.8488888888888889,-38.03585185185185,144.85,8.0,0.0,0.0,1,,,,,synthetic,,,,,60,,False,False
262.0,,target,999510202,DANCING TUG,1.1352842844467312,-0.4096624199552813,-38.05682770699925,144.87402799871535,9.0,150.0,150.0,18,,safe,0.7469782632343183,-333.51613245694193,synthetic,,,,,52,0,False,False
262.0,,target,999510203,FAST FERRY,0.18,0.9633333333333334,-38.033944444444444,144.8538096535185,24.0,0.0,0.0,18,danger,safe,0.18,-25.749999999999996,synthetic,,,,,40,0,False,False
262.0,,target,999510204,HEAD ON TRADER,-0.03999999999999998,1.9866666666666666,-38.016888888888886,144.84915341032922,14.0,180.0,180.0,1,danger,danger,0.03999999999999989,186.18181818181816,synthetic,,,,,70,0,False,False
263.0,,own,999510000,DEMO OWN SHIP,0.0,0.8511111111111112,-38.03581481481481,144.85,8.0,0.0,0.0,1,,,,,synthetic,,,,,60,,False,False
263.0,,target,999510202,DANCING TUG,1.1365342844467312,-0.4118274834647424,-38.05686379139107,144.87405445464256,9.0,150.0,150.0,18,,safe,0.7469782632343182,-334.51613245694193,synthetic,,,,,52,0,False,False
263.0,,target,999510203,FAST FERRY,0.18,0.97,-38.033833333333334,144.8538096535185,24.0,0.0,0.0,18,danger,safe,0.18,-26.74999999999998,synthetic,,,,,40,0,False,False
263.0,,target,999510204,HEAD ON TRADER,-0.03999999999999998,1.9827777777777778,-38.0169537037037,144.84915341032922,14.0,180.0,180.0,1,danger,danger,0.03999999999999989,185.1818181818182,synthetic,,,,,70,0,False,False
264.0,,own,999510000,DEMO OWN SHIP,0.0,0.8533333333333334,-38.035777777777774,144.85,8.0,0.0,0.0,1,,,,,synthetic,,,,,60,,False,False
264.0,,target,999510202,DANCING TUG,1.1377842844467312,-0.4139925469742035,-38.056899875782904,144.87408091056977,9.0,150.0,150.0,18,,safe,0.7469782632343182,-335.51613245694193,synthetic,,,,,52,0,False,False
264.0,,target,999510203,FAST FERRY,0.18,0.9766666666666668,-38.03372222222222,144.8538096535185,24.0,0.0,0.0,18,danger,safe,0.18,-27.750000000000014,synthetic,,,,,40,0,False,False
264.0,,target,999510204,HEAD ON TRADER,-0.03999999999999998,1.9788888888888887,-38.01701851851852,144.84915341032922,14.0,180.0,180.0,1,danger,danger,0.03999999999999989,184.18181818181813,synthetic,,,,,70,0,False,False
265.0,,own,999510000,DEMO OWN SHIP,0.0,0.8555555555555556,-38.035740740740735,144.85,8.0,0.0,0.0,1,,,,,synthetic,,,,,60,,False,False
265.0,,target,999510202,DANCING TUG,1.1390342844467312,-0.4161576104836646,-38.05693596017473,144.874107366497,9.0,150.0,150.0,18,,safe,0.7469782632343182,-336.51613245694193,synthetic,,,,,52,0,False,False
265.0,,target,999510203,FAST FERRY,0.18,0.9833333333333334,-38.03361111111111,144.8538096535185,24.0,0.0,0.0,18,danger,safe,0.18,-28.749999999999996,synthetic,,,,,40,0,False,False
265.0,,target,999510204,HEAD ON TRADER,-0.03999999999999998,1.9749999999999999,-38.01708333333333,144.84915341032922,14.0,180.0,180.0,1,danger,danger,0.03999999999999989,183.18181818181816,synthetic,,,,,70,0,False,False
266.0,,own,999510000,DEMO OWN SHIP,0.0,0.8577777777777779,-38.0357037037037,144.85,8.0,0.0,0.0,1,,,,,synthetic,,,,,60,,False,False
266.0,,target,999510202,DANCING TUG,1.1402842844467311,-0.4183226739931257,-38.05697204456655,144.8741338224242,9.0,150.0,150.0,18,,safe,0.7469782632343183,-337.516132456942,synthetic,,,,,52,0,False,False
266.0,,target,999510203,FAST FERRY,0.18,0.99,-38.0335,144.8538096535185,24.0,0.0,0.0,18,danger,safe,0.18,-29.749999999999975,synthetic,,,,,40,0,False,False
266.0,,target,999510204,HEAD ON TRADER,-0.03999999999999998,1.971111111111111,-38.017148148148145,144.84915341032922,14.0,180.0,180.0,1,danger,danger,0.03999999999999989,182.18181818181816,synthetic,,,,,70,0,False,False
267.0,,own,999510000,DEMO OWN SHIP,0.0,0.8600000000000001,-38.035666666666664,144.85,8.0,0.0,0.0,1,,,,,synthetic,,,,,60,,False,False
267.0,,target,999510202,DANCING TUG,1.141534284446731,-0.4204877375025868,-38.05700812895837,144.8741602783514,9.0,150.0,150.0,18,,safe,0.7469782632343182,-338.51613245694193,synthetic,,,,,52,0,False,False
267.0,,target,999510203,FAST FERRY,0.18,0.9966666666666666,-38.03338888888889,144.8538096535185,24.0,0.0,0.0,18,danger,safe,0.18,-30.749999999999957,synthetic,,,,,40,0,False,False
267.0,,target,999510204,HEAD ON TRADER,-0.03999999999999998,1.9672222222222222,-38.01721296296296,144.84915341032922,14.0,180.0,180.0,1,danger,danger,0.0399999999999999,181.18181818181816,synthetic,,,,,70,0,False,False
268.0,,own,999510000,DEMO OWN SHIP,0.0,0.8622222222222222,-38.035629629629625,144.85,8.0,0.0,0.0,1,,,,,synthetic,,,,,60,,False,False
268.0,,target,999510202,DANCING TUG,1.1427842844467313,-0.4226528010120479,-38.057044213350196,144.87418673427862,9.0,150.0,150.0,18,,safe,0.7469782632343184,-339.51613245694193,synthetic,,,,,52,0,False,False
268.0,,target,999510203,FAST FERRY,0.18,1.0033333333333334,-38.033277777777776,144.8538096535185,24.0,0.0,0.0,18,danger,safe,0.18,-31.750000000000014,synthetic,,,,,40,0,False,False
268.0,,target,999510204,HEAD ON TRADER,-0.03999999999999998,1.9633333333333334,-38.01727777777778,144.84915341032922,14.0,180.0,180.0,1,danger,danger,0.0399999999999999,180.1818181818182,synthetic,,,,,70,0,False,False
269.0,,own,999510000,DEMO OWN SHIP,0.0,0.8644444444444445,-38.03559259259259,144.85,8.0,0.0,0.0,1,,,,,synthetic,,,,,60,,False,False
269.0,,target,999510202,DANCING TUG,1.1440342844467313,-0.424817864521509,-38.057080297742026,144.8742131902058,9.0,150.0,150.0,18,,safe,0.7469782632343183,-340.51613245694193,synthetic,,,,,52,0,False,False
269.0,,target,999510203,FAST FERRY,0.18,1.01,-38.033166666666666,144.8538096535185,24.0,0.0,0.0,18,danger,safe,0.18,-32.74999999999999,synthetic,,,,,40,0,False,False
269.0,,target,999510204,HEAD ON TRADER,-0.03999999999999998,1.9594444444444443,-38.01734259259259,144.84915341032922,14.0,180.0,180.0,1,danger,danger,0.0399999999999999,179.18181818181813,synthetic,,,,,70,0,False,False
270.0,,own,999510000,DEMO OWN SHIP,0.0,0.8666666666666667,-38.035555555555554,144.85,8.0,0.0,0.0,1,,,,,synthetic,,,,,60,,False,False
270.0,,target,999510202,DANCING TUG,1.1452842844467312,-0.42698292803097004,-38.05711638213385,144.87423964613302,9.0,60.0,60.0,18,,safe,0.7109671178688199,-663.5037277191107,synthetic,,,,,52,0,False,False
270.0,,target,999510203,FAST FERRY,0.18,1.0166666666666666,-38.03305555555555,144.8538096535185,24.0,0.0,0.0,18,danger,safe,0.18,-33.74999999999998,synthetic,,,,,40,0,False,False
270.0,,target,999510204,HEAD ON TRADER,-0.03999999999999998,1.9555555555555555,-38.017407407407404,144.84915341032922,14.0,180.0,180.0,1,danger,danger,0.0399999999999999,178.18181818181816,synthetic,,,,,70,0,False,False
271.0,,own,999510000,DEMO OWN SHIP,0.0,0.8688888888888889,-38.035518518518515,144.85,8.0,0.0,0.0,1,,,,,synthetic,,,,,60,,False,False
271.0,,target,999510202,DANCING TUG,1.1474493479561922,-0.42573292803097007,-38.05709554880051,144.87428546914313,9.0,60.0,60.0,18,,safe,0.7109671178688202,-664.5037277191105,synthetic,,,,,52,0,False,False
271.0,,target,999510203,FAST FERRY,0.18,1.0233333333333334,-38.03294444444444,144.8538096535185,24.0,0.0,0.0,18,danger,safe,0.18,-34.75000000000001,synthetic,,,,,40,0,False,False
271.0,,target,999510204,HEAD ON TRADER,-0.03999999999999997,1.9516666666666667,-38.01747222222222,144.84915341032922,14.0,180.0,180.0,1,danger,danger,0.03999999999999989,177.18181818181822,synthetic,,,,,70,0,False,False
272.0,,own,999510000,DEMO OWN SHIP,0.0,0.8711111111111112,-38.035481481481476,144.85,8.0,0.0,0.0,1,,,,,synthetic,,,,,60,,False,False
272.0,,target,999510202,DANCING TUG,1.1496144114656535,-0.42448292803097004,-38.05707471546718,144.87433129215322,9.0,60.0,60.0,18,,safe,0.7109671178688199,-665.5037277191107,synthetic,,,,,52,0,False,False
272.0,,target,999510203,FAST FERRY,0.18,1.03,-38.03283333333333,144.8538096535185,24.0,0.0,0.0,18,danger,safe,0.18,-35.749999999999986,synthetic,,,,,40,0,False,False
272.0,,target,999510204,HEAD ON TRADER,-0.03999999999999997,1.9477777777777776,-38.01753703703704,144.84915341032922,14.0,180.0,180.0,1,danger,danger,0.03999999999999989,176.18181818181816,synthetic,,,,,70,0,False,False
273.0,,own,999510000,DEMO OWN SHIP,0.0,0.8733333333333334,-38.035444444444444,144.85,8.0,0.0,0.0,1,,,,,synthetic,,,,,60,,False,False
273.0,,target,999510202,DANCING TUG,1.1517794749751145,-0.42323292803097007,-38.05705388213385,144.8743771151633,9.0,60.0,60.0,18,,safe,0.71096711786882,-666.5037277191105,synthetic,,,,,52,0,False,False
273.0,,target,999510203,FAST FERRY,0.18,1.0366666666666666,-38.03272222222222,144.8538096535185,24.0,0.0,0.0,18,danger,safe,0.18,-36.749999999999964,synthetic,,,,,40,0,False,False
273.0,,target,999510204,HEAD ON TRADER,-0.03999999999999997,1.9438888888888888,-38.01760185185185,144.84915341032922,14.0,180.0,180.0,1,danger,danger,0.03999999999999989,175.1818181818182,synthetic,,,,,70,0,False,False
274.0,,own,999510000,DEMO OWN SHIP,0.0,0.8755555555555556,-38.035407407407405,144.85,8.0,0.0,0.0,1,,,,,synthetic,,,,,60,,False,False
274.0,,target,999510202,DANCING TUG,1.1539445384845757,-0.42198292803097004,-38.05703304880051,144.8744229381734,9.0,60.0,60.0,18,,safe,0.71096711786882,-667.5037277191107,synthetic,,,,,52,0,False,False
274.0,,target,999510203,FAST FERRY,0.18,1.0433333333333334,-38.03261111111111,144.8538096535185,24.0,0.0,0.0,18,danger,safe,0.18,-37.75,synthetic,,,,,40,0,False,False
274.0,,target,999510204,HEAD ON TRADER,-0.03999999999999997,1.94,-38.01766666666666,144.84915341032922,14.0,180.0,180.0,1,danger,danger,0.03999999999999989,174.18181818181816,synthetic,,,,,70,0,False,False
275.0,,own,999510000,DEMO OWN SHIP,0.0,0.8777777777777778,-38.035370370370366,144.85,8.0,0.0,0.0,1,,,,,synthetic,,,,,60,,False,False
275.0,,target,999510202,DANCING TUG,1.1561096019940367,-0.42073292803097007,-38.05701221546718,144.8744687611835,9.0,60.0,60.0,18,,safe,0.7109671178688197,-668.5037277191105,synthetic,,,,,52,0,False,False
275.0,,target,999510203,FAST FERRY,0.18,1.05,-38.0325,144.8538096535185,24.0,0.0,0.0,18,danger,safe,0.18,-38.75000000000001,synthetic,,,,,40,0,False,False
275.0,,target,999510204,HEAD ON TRADER,-0.03999999999999997,1.9361111111111111,-38.017731481481476,144.84915341032922,14.0,180.0,180.0,1,danger,danger,0.03999999999999989,173.1818181818182,synthetic,,,,,70,0,False,False
276.0,,own,999510000,DEMO OWN SHIP,0.0,0.88,-38.035333333333334,144.85,8.0,0.0,0.0,1,,,,,synthetic,,,,,60,,False,False
276.0,,target,999510202,DANCING TUG,1.158274665503498,-0.41948292803097004,-38.056991382133845,144.87451458419358,9.0,60.0,60.0,18,,safe,0.7109671178688199,-669.5037277191107,synthetic,,,,,52,0,False,False
276.0,,target,999510203,FAST FERRY,0.18,1.0566666666666666,-38.03238888888889,144.8538096535185,24.0,0.0,0.0,18,danger,safe,0.18,-39.749999999999986,synthetic,,,,,40,0,False,False
276.0,,target,999510204,HEAD ON TRADER,-0.03999999999999997,1.932222222222222,-38.0177962962963,144.84915341032922,14.0,180.0,180.0,1,danger,danger,0.03999999999999989,172.18181818181816,synthetic,,,,,70,0,False,False
277.0,,own,999510000,DEMO OWN SHIP,0.0,0.8822222222222222,-38.035296296296295,144.85,8.0,0.0,0.0,1,,,,,synthetic,,,,,60,,False,False
277.0,,target,999510202,DANCING TUG,1.1604397290129589,-0.41823292803097006,-38.056970548800514,144.8745604072037,9.0,60.0,60.0,18,,safe,0.7109671178688198,-670.5037277191105,synthetic,,,,,52,0,False,False
277.0,,target,999510203,FAST FERRY,0.18,1.0633333333333335,-38.03227777777777,144.8538096535185,24.0,0.0,0.0,18,danger,safe,0.18,-40.750000000000014,synthetic,,,,,40,0,False,False
277.0,,target,999510204,HEAD ON TRADER,-0.03999999999999997,1.9283333333333332,-38.01786111111111,144.84915341032922,14.0,180.0,180.0,1,danger,danger,0.03999999999999989,171.1818181818182,synthetic,,,,,70,0,False,False
278.0,,own,999510000,DEMO OWN SHIP,0.0,0.8844444444444445,-38.035259259259256,144.85,8.0,0.0,0.0,1,,,,,synthetic,,,,,60,,False,False
278.0,,target,999510202,DANCING TUG,1.16260479252242,-0.41698292803097003,-38.05694971546718,144.87460623021377,9.0,60.0,60.0,18,,safe,0.7109671178688198,-671.5037277191107,synthetic,,,,,52,0,False,False
278.0,,target,999510203,FAST FERRY,0.18,1.07,-38.03216666666666,144.8538096535185,24.0,0.0,0.0,18,danger,safe,0.18,-41.75,synthetic,,,,,40,0,False,False
278.0,,target,999510204,HEAD ON TRADER,-0.03999999999999997,1.9244444444444444,-38.01792592592592,144.84915341032922,14.0,180.0,180.0,1,danger,danger,0.03999999999999989,170.1818181818182,synthetic,,,,,70,0,False,False
279.0,,own,999510000,DEMO OWN SHIP,0.0,0.8866666666666667,-38.03522222222222,144.85,8.0,0.0,0.0,1,,,,,synthetic,,,,,60,,False,False
279.0,,target,999510202,DANCING TUG,1.164769856031881,-0.41573292803097006,-38.056928882133846,144.87465205322385,9.0,60.0,60.0,18,,safe,0.7109671178688199,-672.5037277191107,synthetic,,,,,52,0,False,False
279.0,,target,999510203,FAST FERRY,0.18,1.0766666666666667,-38.03205555555555,144.8538096535185,24.0,0.0,0.0,18,danger,safe,0.18,-42.74999999999998,synthetic,,,,,40,0,False,False
279.0,,target,999510204,HEAD ON TRADER,-0.03999999999999997,1.9205555555555556,-38.017990740740736,144.84915341032922,14.0,180.0,180.0,1,danger,danger,0.03999999999999989,169.1818181818182,synthetic,,,,,70,0,False,False
280.0,,own,999510000,DEMO OWN SHIP,0.0,0.888888888888889,-38.035185185185185,144.85,8.0,0.0,0.0,1,,,,,synthetic,,,,,60,,False,False
280.0,,target,999510202,DANCING TUG,1.1669349195413423,-0.41448292803097003,-38.056908048800516,144.87469787623397,9.0,60.0,60.0,18,,safe,0.7109671178688198,-673.5037277191107,synthetic,,,,,52,0,False,False
280.0,,target,999510203,FAST FERRY,0.18,1.0833333333333333,-38.03194444444444,144.8538096535185,24.0,0.0,0.0,18,danger,safe,0.18,-43.749999999999964,synthetic,,,,,40,0,False,False
280.0,,target,999510204,HEAD ON TRADER,-0.03999999999999997,1.9166666666666665,-38.018055555555556,144.84915341032922,14.0,180.0,180.0,1,danger,danger,0.03999999999999989,168.18181818181816,synthetic,,,,,70,0,False,False
281.0,,own,999510000,DEMO OWN SHIP,0.0,0.8911111111111112,-38.035148148148146,144.85,8.0,0.0,0.0,1,,,,,synthetic,,,,,60,,False,False
281.0,,target,999510202,DANCING TUG,1.1690999830508033,-0.41323292803097006,-38.05688721546718,144.87474369924405,9.0,60.0,60.0,18,,safe,0.71096711786882,-674.5037277191107,synthetic,,,,,52,0,False,False
281.0,,target,999510203,FAST FERRY,0.18,1.09,-38.03183333333333,144.8538096535185,24.0,0.0,0.0,18,danger,safe,0.18,-44.74999999999999,synthetic,,,,,40,0,False,False
281.0,,target,999510204,HEAD ON TRADER,-0.03999999999999997,1.9127777777777777,-38.01812037037037,144.84915341032922,14.0,180.0,180.0,1,danger,danger,0.0399999999999999,167.18181818181816,synthetic,,,,,70,0,False,False
282.0,,own,999510000,DEMO OWN SHIP,0.0,0.8933333333333334,-38.03511111111111,144.85,8.0,0.0,0.0,1,,,,,synthetic,,,,,60,,False,False
282.0,,target,999510202,DANCING TUG,1.1712650465602643,-0.41198292803097003,-38.05686638213385,144.87478952225413,9.0,60.0,60.0,18,,safe,0.71096711786882,-675.5037277191105,synthetic,,,,,52,0,False,False
282.0,,target,999510203,FAST FERRY,0.18,1.0966666666666667,-38.03172222222222,144.8538096535185,24.0,0.0,0.0,18,danger,safe,0.18,-45.74999999999998,synthetic,,,,,40,0,False,False
282.0,,target,999510204,HEAD ON TRADER,-0.03999999999999997,1.9088888888888889,-38.01818518518518,144.84915341032922,14.0,180.0,180.0,1,danger,danger,0.0399999999999999,166.18181818181813,synthetic,,,,,70,0,False,False
283.0,,own,999510000,DEMO OWN SHIP,0.0,0.8955555555555557,-38.035074074074075,144.85,8.0,0.0,0.0,1,,,,,synthetic,,,,,60,,False,False
283.0,,target,999510202,DANCING TUG,1.1734301100697255,-0.41073292803097006,-38.05684554880051,144.87483534526424,9.0,60.0,60.0,18,,safe,0.71096711786882,-676.5037277191107,synthetic,,,,,52,0,False,False
283.0,,target,999510203,FAST FERRY,0.18,1.1033333333333333,-38.03161111111111,144.8538096535185,24.0,0.0,0.0,18,danger,safe,0.18,-46.74999999999996,synthetic,,,,,40,0,False,False
283.0,,target,999510204,HEAD ON TRADER,-0.03999999999999997,1.9049999999999998,-38.018249999999995,144.84915341032922,14.0,180.0,180.0,1,danger,danger,0.0399999999999999,165.18181818181813,synthetic,,,,,70,0,False,False
284.0,,own,999510000,DEMO OWN SHIP,0.0,0.8977777777777778,-38.035037037037036,144.85,8.0,0.0,0.0,1,,,,,synthetic,,,,,60,,False,False
284.0,,target,999510202,DANCING TUG,1.1755951735791865,-0.40948292803097003,-38.05682471546718,144.87488116827433,9.0,60.0,60.0,18,,safe,0.7109671178688199,-677.5037277191105,synthetic,,,,,52,0,False,False
284.0,,target,999510203,FAST FERRY,0.18,1.11,-38.031499999999994,144.8538096535185,24.0,0.0,0.0,18,danger,safe,0.18,-47.750000000000014,synthetic,,,,,40,0,False,False
284.0,,target,999510204,HEAD ON TRADER,-0.03999999999999997,1.901111111111111,-38.018314814814815,144.84915341032922,14.0,180.0,180.0,1,danger,danger,0.0399999999999999,164.18181818181816,synthetic,,,,,70,0,False,False
285.0,,own,999510000,DEMO OWN SHIP,0.0,0.9,-38.035,144.85,8.0,0.0,0.0,1,,,,,synthetic,,,,,60,,False,False
285.0,,target,999510202,DANCING TUG,1.1777602370886477,-0.40823292803097005,-38.05680388213385,144.8749269912844,9.0,60.0,60.0,18,,safe,0.7109671178688199,-678.5037277191107,synthetic,,,,,52,0,False,False
285.0,,target,999510203,FAST FERRY,0.18,1.1166666666666667,-38.031388888888884,144.8538096535185,24.0,25.0,25.0,18,danger,safe,0.01624795804734522,-59.246423531550256,synthetic,,,,,40,0,False,False
285.0,,target,999510204,HEAD ON TRADER,-0.03999999999999997,1.8972222222222221,-38.01837962962963,144.84915341032922,14.0,180.0,180.0,1,danger,danger,0.0399999999999999,163.1818181818182,synthetic,,,,,70,0,False,False
286.0,,own,999510000,DEMO OWN SHIP,0.0,0.9022222222222223,-38.03496296296296,144.85,8.0,0.0,0.0,1,,,,,synthetic,,,,,60,,False,False
286.0,,target,999510202,DANCING TUG,1.1799253005981087,-0.40698292803097,-38.05678304880051,144.87497281429452,9.0,60.0,60.0,18,,safe,0.7109671178688199,-679.5037277191105,synthetic,,,,,52,0,False,False
286.0,,target,999510203,FAST FERRY,0.18281745507827132,1.1227087185802445,-38.03128818802366,144.8538692842277,24.0,25.0,25.0,18,danger,safe,0.016247958047345166,-60.24642353155026,synthetic,,,,,40,0,False,False
286.0,,target,999510204,HEAD ON TRADER,-0.039999999999999966,1.8933333333333333,-38.01844444444444,144.84915341032922,14.0,180.0,180.0,1,danger,danger,0.03999999999999989,162.1818181818182,synthetic,,,,,70,0,False,False
287.0,,own,999510000,DEMO OWN SHIP,0.0,0.9044444444444445,-38.034925925925926,144.85,8.0,0.0,0.0,1,,,,,synthetic,,,,,60,,False,False
287.0,,target,999510202,DANCING TUG,1.18209036410757,-0.40573292803097005,-38.05676221546718,144.8750186373046,9.0,60.0,60.0,18,,safe,0.7109671178688198,-680.5037277191105,synthetic,,,,,52,0,False,False
287.0,,target,999510203,FAST FERRY,0.18563491015654265,1.128750770493822,-38.031187487158434,144.85392891493686,24.0,25.0,25.0,18,danger,safe,0.01624795804734526,-61.24642353155025,synthetic,,,,,40,0,False,False
287.0,,target,999510204,HEAD ON TRADER,-0.039999999999999966,1.8894444444444445,-38.018509259259254,144.84915341032922,14.0,180.0,180.0,1,danger,danger,0.03999999999999989,161.1818181818182,synthetic,,,,,70,0,False,False
288.0,,own,999510000,DEMO OWN SHIP,0.0,0.9066666666666667,-38.03488888888889,144.85,8.0,0.0,0.0,1,,,,,synthetic,,,,,60,,False,False
288.0,,target,999510202,DANCING TUG,1.184255427617031,-0.40448292803097,-38.05674138213384,144.8750644603147,9.0,60.0,60.0,18,,safe,0.7109671178688199,-681.5037277191105,synthetic,,,,,52,0,False,False
288.0,,target,999510203,FAST FERRY,0.18845236523481398,1.1347928224073998,-38.03108678629321,144.85398854564605,24.0,25.0,25.0,18,danger,safe,0.016247958047345194,-62.24642353155027,synthetic,,,,,40,0,False,False
288.0,,target,999510204,HEAD ON TRADER,-0.039999999999999966,1.8855555555555554,-38.018574074074074,144.84915341032922,14.0,180.0,180.0,1,danger,danger,0.03999999999999989,160.18181818181816,synthetic,,,,,70,0,False,False
289.0,,own,999510000,DEMO OWN SHIP,0.0,0.908888888888889,-38.03485185185185,144.85,8.0,0.0,0.0,1,,,,,synthetic,,,,,60,,False,False
289.0,,target,999510202,DANCING TUG,1.1864204911264922,-0.40323292803097005,-38.05672054880051,144.8751102833248,9.0,60.0,60.0,18,,safe,0.7109671178688199,-682.5037277191107,synthetic,,,,,52,0,False,False
289.0,,target,999510203,FAST FERRY,0.19126982031308531,1.1408348743209773,-38.03098608542798,144.85404817635524,24.0,25.0,25.0,18,danger,safe,0.016247958047345277,-63.24642353155024,synthetic,,,,,40,0,False,False
289.0,,target,999510204,HEAD ON TRADER,-0.039999999999999966,1.8816666666666666,-38.01863888888889,144.84915341032922,14.0,180.0,180.0,1,danger,danger,0.03999999999999989,159.18181818181816,synthetic,,,,,70,0,False,False
290.0,,own,999510000,DEMO OWN SHIP,0.0,0.9111111111111112,-38.034814814814816,144.85,8.0,0.0,0.0,1,,,,,synthetic,,,,,60,,False,False
290.0,,target,999510202,DANCING TUG,1.1885855546359532,-0.40198292803097,-38.05669971546718,144.87515610633488,9.0,60.0,60.0,18,,safe,0.7109671178688198,-683.5037277191107,synthetic,,,,,52,0,False,False
290.0,,target,999510203,FAST FERRY,0.19408727539135665,1.146876926234555,-38.03088538456275,144.8541078070644,24.0,25.0,25.0,18,danger,safe,0.016247958047345246,-64.24642353155025,synthetic,,,,,40,0,False,False
290.0,,target,999510204,HEAD ON TRADER,-0.039999999999999966,1.8777777777777778,-38.0187037037037,144.84915341032922,14.0,180.0,180.0,1,danger,danger,0.03999999999999989,158.1818181818182,synthetic,,,,,70,0,False,False
291.0,,own,999510000,DEMO OWN SHIP,0.0,0.9133333333333333,-38.03477777777778,144.85,8.0,0.0,0.0,1,,,,,synthetic,,,,,60,,False,False
291.0,,target,999510202,DANCING TUG,1.1907506181454144,-0.40073292803097005,-38.056678882133845,144.87520192934497,9.0,60.0,60.0,18,,safe,0.7109671178688199,-684.5037277191107,synthetic,,,,,52,0,False,False
291.0,,target,999510203,FAST FERRY,0.19690473046962798,1.1529189781481326,-38.030784683697526,144.85416743777358,24.0,25.0,25.0,18,danger,safe,0.01624795804734526,-65.24642353155025,synthetic,,,,,40,0,False,False
291.0,,target,999510204,HEAD ON TRADER,-0.039999999999999966,1.8738888888888887,-38.01876851851851,144.84915341032922,14.0,180.0,180.0,1,danger,danger,0.03999999999999989,157.18181818181816,synthetic,,,,,70,0,False,False
292.0,,own,999510000,DEMO OWN SHIP,0.0,0.9155555555555556,-38.03474074074074,144.85,8.0,0.0,0.0,1,,,,,synthetic,,,,,60,,False,False
292.0,,target,999510202,DANCING TUG,1.1929156816548754,-0.39948292803097,-38.056658048800514,144.87524775235508,9.0,60.0,60.0,18,,safe,0.7109671178688199,-685.5037277191107,synthetic,,,,,52,0,False,False
292.0,,target,999510203,FAST FERRY,0.1997221855478993,1.1589610300617104,-38.0306839828323,144.85422706848277,24.0,25.0,25.0,18,danger,safe,0.0162479580473452,-66.24642353155026,synthetic,,,,,40,0,False,False
292.0,,target,999510204,HEAD ON TRADER,-0.039999999999999966,1.8699999999999999,-38.01883333333333,144.84915341032922,14.0,180.0,180.0,1,danger,danger,0.03999999999999989,156.18181818181816,synthetic,,,,,70,0,False,False
293.0,,own,999510000,DEMO OWN SHIP,0.0,0.9177777777777778,-38.0347037037037,144.85,8.0,0.0,0.0,1,,,,,synthetic,,,,,60,,False,False
293.0,,target,999510202,DANCING TUG,1.1950807451643364,-0.39823292803097005,-38.05663721546718,144.87529357536516,9.0,60.0,60.0,18,,safe,0.7109671178688199,-686.5037277191105,synthetic,,,,,52,0,False,False
293.0,,target,999510203,FAST FERRY,0.20253964062617064,1.1650030819752881,-38.030583281967075,144.85428669919193,24.0,25.0,25.0,18,danger,safe,0.016247958047345166,-67.24642353155026,synthetic,,,,,40,0,False,False
293.0,,target,999510204,HEAD ON TRADER,-0.039999999999999966,1.866111111111111,-38.018898148148146,144.84915341032922,14.0,180.0,180.0,1,danger,danger,0.03999999999999989,155.18181818181816,synthetic,,,,,70,0,False,False
294.0,,own,999510000,DEMO OWN SHIP,0.0,0.92,-38.034666666666666,144.85,8.0,0.0,0.0,1,,,,,synthetic,,,,,60,,False,False
294.0,,target,999510202,DANCING TUG,1.1972458086737976,-0.39698292803097,-38.056616382133846,144.87533939837525,9.0,60.0,60.0,18,,safe,0.71096711786882,-687.5037277191107,synthetic,,,,,52,0,False,False
294.0,,target,999510203,FAST FERRY,0.20535709570444197,1.1710451338888657,-38.03048258110185,144.85434632990112,24.0,25.0,25.0,18,danger,safe,0.016247958047345246,-68.24642353155025,synthetic,,,,,40,0,False,False
294.0,,target,999510204,HEAD ON TRADER,-0.039999999999999966,1.8622222222222222,-38.01896296296296,144.84915341032922,14.0,180.0,180.0,1,danger,danger,0.03999999999999989,154.1818181818182,synthetic,,,,,70,0,False,False
295.0,,own,999510000,DEMO OWN SHIP,0.0,0.9222222222222223,-38.03462962962963,144.85,8.0,0.0,0.0,1,,,,,synthetic,,,,,60,,False,False
295.0,,target,999510202,DANCING TUG,1.1994108721832586,-0.39573292803097004,-38.056595548800516,144.87538522138536,9.0,60.0,60.0,18,,safe,0.71096711786882,-688.5037277191105,synthetic,,,,,52,0,False,False
295.0,,target,999510203,FAST FERRY,0.2081745507827133,1.1770871858024434,-38.030381880236625,144.8544059606103,24.0,25.0,25.0,18,danger,safe,0.0162479580473452,-69.24642353155026,synthetic,,,,,40,0,False,False
295.0,,target,999510204,HEAD ON TRADER,-0.039999999999999966,1.8583333333333332,-38.01902777777777,144.84915341032922,14.0,180.0,180.0,1,danger,danger,0.03999999999999989,153.18181818181813,synthetic,,,,,70,0,False,False
296.0,,own,999510000,DEMO OWN SHIP,0.0,0.9244444444444445,-38.03459259259259,144.85,8.0,0.0,0.0,1,,,,,synthetic,,,,,60,,False,False
296.0,,target,999510202,DANCING TUG,1.2015759356927198,-0.39448292803097,-38.05657471546718,144.87543104439544,9.0,60.0,60.0,18,,safe,0.7109671178688198,-689.5037277191107,synthetic,,,,,52,0,False,False
296.0,,target,999510203,FAST FERRY,0.21099200586098463,1.183129237716021,-38.0302811793714,144.85446559131947,24.0,25.0,25.0,18,danger,safe,0.016247958047345277,-70.24642353155025,synthetic,,,,,40,0,False,False
296.0,,target,999510204,HEAD ON TRADER,-0.039999999999999966,1.8544444444444443,-38.01909259259259,144.84915341032922,14.0,180.0,180.0,1,danger,danger,0.0399999999999999,152.18181818181816,synthetic,,,,,70,0,False,False
297.0,,own,999510000,DEMO OWN SHIP,0.0,0.9266666666666667,-38.03455555555555,144.85,8.0,0.0,0.0,1,,,,,synthetic,,,,,60,,False,False
297.0,,target,999510202,DANCING TUG,1.2037409992021808,-0.39323292803097004,-38.05655388213385,144.87547686740552,9.0,60.0,60.0,18,,safe,0.71096711786882,-690.5037277191105,synthetic,,,,,52,0,False,False
297.0,,target,999510203,FAST FERRY,0.21380946093925596,1.1891712896295987,-38.03018047850617,144.85452522202866,24.0,25.0,25.0,18,danger,safe,0.016247958047345246,-71.24642353155025,synthetic,,,,,40,0,False,False
297.0,,target,999510204,HEAD ON TRADER,-0.039999999999999966,1.8505555555555555,-38.019157407407405,144.84915341032922,14.0,180.0,180.0,1,danger,danger,0.0399999999999999,151.18181818181816,synthetic,,,,,70,0,False,False
298.0,,own,999510000,DEMO OWN SHIP,0.0,0.9288888888888889,-38.03451851851852,144.85,8.0,0.0,0.0,1,,,,,synthetic,,,,,60,,False,False
298.0,,target,999510202,DANCING TUG,1.205906062711642,-0.39198292803097,-38.05653304880051,144.8755226904156,9.0,60.0,60.0,18,,safe,0.7109671178688197,-691.5037277191105,synthetic,,,,,52,0,False,False
298.0,,target,999510203,FAST FERRY,0.2166269160175273,1.1952133415431763,-38.03007977764094,144.85458485273784,24.0,25.0,25.0,18,danger,safe,0.016247958047345246,-72.24642353155025,synthetic,,,,,40,0,False,False
298.0,,target,999510204,HEAD ON TRADER,-0.039999999999999966,1.8466666666666667,-38.01922222222222,144.84915341032922,14.0,180.0,180.0,1,danger,danger,0.0399999999999999,150.1818181818182,synthetic,,,,,70,0,False,False
299.0,,own,999510000,DEMO OWN SHIP,0.0,0.9311111111111112,-38.03448148148148,144.85,8.0,0.0,0.0,1,,,,,synthetic,,,,,60,,False,False
299.0,,target,999510202,DANCING TUG,1.208071126221103,-0.39073292803097004,-38.05651221546718,144.87556851342572,9.0,60.0,60.0,18,,safe,0.7109671178688198,-692.5037277191105,synthetic,,,,,52,0,False,False
299.0,,target,999510203,FAST FERRY,0.21944437109579862,1.201255393456754,-38.02997907677572,144.85464448344703,24.0,25.0,25.0,18,danger,safe,0.016247958047345266,-73.24642353155023,synthetic,,,,,40,0,False,False
299.0,,target,999510204,HEAD ON TRADER,-0.039999999999999966,1.8427777777777776,-38.01928703703703,144.84915341032922,14.0,180.0,180.0,1,danger,danger,0.0399999999999999,149.18181818181813,synthetic,,,,,70,0,False,False
300.0,,own,999510000,DEMO OWN SHIP,0.0,0.9333333333333333,-38.03444444444444,144.85,12.0,0.0,0.0,1,,,,,synthetic,,,,,60,,False,False
300.0,,target,999510202,DANCING TUG,1.2102361897305642,-0.38948292803097007,-38.05649138213385,144.8756143364358,9.0,60.0,60.0,18,,safe,0.11404275099723889,-595.5070622832569,synthetic,,,,,52,0,False,False
300.0,,target,999510203,FAST FERRY,0.22226182617406995,1.2072974453703318,-38.02987837591049,144.8547041141562,24.0,25.0,25.0,18,danger,safe,0.04345485596862342,-89.57680053989142,synthetic,,,,,40,0,False,False
300.0,,target,999510204,HEAD ON TRADER,-0.039999999999999966,1.8388888888888888,-38.01935185185185,144.84915341032922,14.0,180.0,180.0,1,danger,danger,0.039999999999999904,125.38461538461537,synthetic,,,,,70,0,False,False
300.0,,target,995039901,DEMO VIRTUAL WRECK,0.38,1.55,-38.024166666666666,144.85804260187243,0.0,0.0,0.0,21,,caution,0.38,184.99999999999997,synthetic,,,,,60,17,True,False
301.0,,own,999510000,DEMO OWN SHIP,0.0,0.9366666666666666,-38.034388888888884,144.85,12.0,0.0,0.0,1,,,,,synthetic,,,,,60,,False,False
301.0,,target,999510202,DANCING TUG,1.2124012532400252,-0.38823292803097004,-38.05647054880051,144.87566015944589,9.0,60.0,60.0,18,,safe,0.11404275099723905,-596.5070622832568,synthetic,,,,,52,0,False,False
301.0,,target,999510203,FAST FERRY,0.22507928125234128,1.2133394972839093,-38.02977767504527,144.85476374486538,24.0,25.0,25.0,18,danger,safe,0.043454855968623335,-90.57680053989142,synthetic,,,,,40,0,False,False
301.0,,target,999510204,HEAD ON TRADER,-0.03999999999999996,1.835,-38.019416666666665,144.84915341032922,14.0,180.0,180.0,1,danger,danger,0.0399999999999999,124.3846153846154,synthetic,,,,,70,0,False,False
301.0,,target,995039901,DEMO VIRTUAL WRECK,0.38,1.55,-38.024166666666666,144.85804260187243,0.0,0.0,0.0,21,,caution,0.38,183.99999999999997,synthetic,,,,,60,17,True,False
302.0,,own,999510000,DEMO OWN SHIP,0.0,0.9400000000000001,-38.03433333333333,144.85,12.0,0.0,0.0,1,,,,,synthetic,,,,,60,,False,False
302.0,,target,999510202,DANCING TUG,1.2145663167494862,-0.38698292803097,-38.05644971546718,144.875705982456,9.0,60.0,60.0,18,,safe,0.11404275099723889,-597.5070622832568,synthetic,,,,,52,0,False,False
302.0,,target,999510203,FAST FERRY,0.2278967363306126,1.219381549197487,-38.02967697418004,144.85482337557457,24.0,25.0,25.0,18,danger,safe,0.043454855968623356,-91.57680053989141,synthetic,,,,,40,0,False,False
302.0,,target,999510204,HEAD ON TRADER,-0.03999999999999996,1.831111111111111,-38.01948148148148,144.84915341032922,14.0,180.0,180.0,1,danger,danger,0.039999999999999904,123.38461538461536,synthetic,,,,,70,0,False,False
302.0,,target,995039901,DEMO VIRTUAL WRECK,0.38,1.55,-38.024166666666666,144.85804260187243,0.0,0.0,0.0,21,,caution,0.38,183.0,synthetic,,,,,60,17,True,False
303.0,,own,999510000,DEMO OWN SHIP,0.0,0.9433333333333334,-38.034277777777774,144.85,12.0,0.0,0.0,1,,,,,synthetic,,,,,60,,False,False
303.0,,target,999510202,DANCING TUG,1.2167313802589474,-0.38573292803097003,-38.056428882133844,144.87575180546608,9.0,60.0,60.0,18,,safe,0.11404275099723889,-598.5070622832569,synthetic,,,,,52,0,False,False
303.0,,target,999510203,FAST FERRY,0.23071419140888394,1.2254236011110646,-38.02957627331481,144.85488300628373,24.0,25.0,25.0,18,danger,safe,0.0434548559686233,-92.5768005398914,synthetic,,,,,40,0,False,False
303.0,,target,999510204,HEAD ON TRADER,-0.03999999999999996,1.827222222222222,-38.01954629629629,144.84915341032922,14.0,180.0,180.0,1,danger,danger,0.039999999999999904,122.38461538461536,synthetic,,,,,70,0,False,False
303.0,,target,995039901,DEMO VIRTUAL WRECK,0.38,1.55,-38.024166666666666,144.85804260187243,0.0,0.0,0.0,21,,caution,0.38,182.0,synthetic,,,,,60,17,True,False
304.0,,own,999510000,DEMO OWN SHIP,0.0,0.9466666666666667,-38.03422222222222,144.85,12.0,0.0,0.0,1,,,,,synthetic,,,,,60,,False,False
304.0,,target,999510202,DANCING TUG,1.2188964437684084,-0.38448292803097006,-38.05640804880051,144.87579762847616,9.0,60.0,60.0,18,,safe,0.11404275099723904,-599.5070622832569,synthetic,,,,,52,0,False,False
304.0,,target,999510203,FAST FERRY,0.23353164648715527,1.2314656530246424,-38.029475572449584,144.85494263699292,24.0,25.0,25.0,18,danger,safe,0.0434548559686234,-93.57680053989141,synthetic,,,,,40,0,False,False
304.0,,target,999510204,HEAD ON TRADER,-0.03999999999999996,1.8233333333333333,-38.01961111111111,144.84915341032922,14.0,180.0,180.0,1,danger,danger,0.039999999999999904,121.38461538461537,synthetic,,,,,70,0,False,False
304.0,,target,995039901,DEMO VIRTUAL WRECK,0.38,1.55,-38.024166666666666,144.85804260187243,0.0,0.0,0.0,21,,caution,0.38,181.0,synthetic,,,,,60,17,True,False
305.0,,own,999510000,DEMO OWN SHIP,0.0,0.9500000000000001,-38.034166666666664,144.85,12.0,0.0,0.0,1,,,,,synthetic,,,,,60,,False,False
305.0,,target,999510202,DANCING TUG,1.2210615072778697,-0.38323292803097003,-38.05638721546718,144.87584345148628,9.0,60.0,60.0,18,,safe,0.11404275099723873,-600.5070622832568,synthetic,,,,,52,0,False,False
305.0,,target,999510203,FAST FERRY,0.2363491015654266,1.23750770493822,-38.02937487158436,144.8550022677021,24.0,25.0,25.0,18,danger,safe,0.04345485596862322,-94.57680053989138,synthetic,,,,,40,0,False,False
305.0,,target,999510204,HEAD ON TRADER,-0.03999999999999996,1.8194444444444444,-38.019675925925924,144.84915341032922,14.0,180.0,180.0,1,danger,danger,0.039999999999999904,120.38461538461539,synthetic,,,,,70,0,False,False
305.0,,target,995039901,DEMO VIRTUAL WRECK,0.38,1.55,-38.024166666666666,144.85804260187243,0.0,0.0,0.0,21,,caution,0.38,179.99999999999997,synthetic,,,,,60,17,True,False
306.0,,own,999510000,DEMO OWN SHIP,0.0,0.9533333333333334,-38.03411111111111,144.85,12.0,0.0,0.0,1,,,,,synthetic,,,,,60,,False,False
306.0,,target,999510202,DANCING TUG,1.2232265707873307,-0.38198292803097,-38.056366382133845,144.87588927449636,9.0,60.0,60.0,18,,safe,0.1140427509972389,-601.5070622832567,synthetic,,,,,52,0,False,False
306.0,,target,999510203,FAST FERRY,0.23916655664369793,1.2435497568517977,-38.029274170719134,144.85506189841126,24.0,25.0,25.0,18,danger,safe,0.043454855968623314,-95.57680053989141,synthetic,,,,,40,0,False,False
306.0,,target,999510204,HEAD ON TRADER,-0.03999999999999996,1.8155555555555556,-38.01974074074074,144.84915341032922,14.0,180.0,180.0,1,danger,danger,0.039999999999999904,119.3846153846154,synthetic,,,,,70,0,False,False
306.0,,target,995039901,DEMO VIRTUAL WRECK,0.38,1.55,-38.024166666666666,144.85804260187243,0.0,0.0,0.0,21,,caution,0.38,178.99999999999997,synthetic,,,,,60,17,True,False
307.0,,own,999510000,DEMO OWN SHIP,0.0,0.9566666666666667,-38.034055555555554,144.85,12.0,0.0,0.0,1,,,,,synthetic,,,,,60,,False,False
307.0,,target,999510202,DANCING TUG,1.2253916342967919,-0.38073292803097003,-38.056345548800515,144.87593509750644,9.0,60.0,60.0,18,,safe,0.11404275099723873,-602.5070622832568,synthetic,,,,,52,0,False,False
307.0,,target,999510203,FAST FERRY,0.24198401172196926,1.2495918087653752,-38.02917346985391,144.85512152912045,24.0,25.0,25.0,18,danger,safe,0.04345485596862326,-96.5768005398914,synthetic,,,,,40,0,False,False
307.0,,target,999510204,HEAD ON TRADER,-0.03999999999999996,1.8116666666666665,-38.01980555555555,144.84915341032922,14.0,180.0,180.0,1,danger,danger,0.039999999999999904,118.38461538461539,synthetic,,,,,70,0,False,False
307.0,,target,995039901,DEMO VIRTUAL WRECK,0.38,1.55,-38.024166666666666,144.85804260187243,0.0,0.0,0.0,21,,caution,0.38,177.99999999999997,synthetic,,,,,60,17,True,False
308.0,,own,999510000,DEMO OWN SHIP,0.0,0.96,-38.034,144.85,12.0,0.0,0.0,1,,,,,synthetic,,,,,60,,False,False
308.0,,target,999510202,DANCING TUG,1.2275566978062529,-0.37948292803097006,-38.05632471546718,144.87598092051655,9.0,60.0,60.0,18,,safe,0.11404275099723904,-603.5070622832569,synthetic,,,,,52,0,False,False
308.0,,target,999510203,FAST FERRY,0.24480146680024056,1.255633860678953,-38.029072768988684,144.85518115982964,24.0,25.0,25.0,18,danger,safe,0.043454855968623377,-97.57680053989142,synthetic,,,,,40,0,False,False
308.0,,target,999510204,HEAD ON TRADER,-0.03999999999999996,1.8077777777777777,-38.01987037037037,144.84915341032922,14.0,180.0,180.0,1,danger,danger,0.039999999999999904,117.38461538461539,synthetic,,,,,70,0,False,False
308.0,,target,995039901,DEMO VIRTUAL WRECK,0.38,1.55,-38.024166666666666,144.85804260187243,0.0,0.0,0.0,21,,caution,0.38,177.0,synthetic,,,,,60,17,True,False
309.0,,own,999510000,DEMO OWN SHIP,0.0,0.9633333333333334,-38.033944444444444,144.85,12.0,0.0,0.0,1,,,,,synthetic,,,,,60,,False,False
309.0,,target,999510202,DANCING TUG,1.229721761315714,-0.37823292803097003,-38.05630388213385,144.87602674352664,9.0,60.0,60.0,18,,safe,0.11404275099723873,-604.5070622832568,synthetic,,,,,52,0,False,False
309.0,,target,999510203,FAST FERRY,0.24761892187851192,1.2616759125925308,-38.02897206812346,144.8552407905388,24.0,25.0,25.0,18,danger,safe,0.043454855968623335,-98.57680053989141,synthetic,,,,,40,0,False,False
309.0,,target,999510204,HEAD ON TRADER,-0.03999999999999996,1.8038888888888889,-38.01993518518518,144.84915341032922,14.0,180.0,180.0,1,danger,danger,0.039999999999999904,116.38461538461539,synthetic,,,,,70,0,False,False
309.0,,target,995039901,DEMO VIRTUAL WRECK,0.38,1.55,-38.024166666666666,144.85804260187243,0.0,0.0,0.0,21,,caution,0.38,176.0,synthetic,,,,,60,17,True,False
310.0,,own,999510000,DEMO OWN SHIP,0.0,0.9666666666666667,-38.03388888888889,144.85,12.0,0.0,0.0,1,,,,,synthetic,,,,,60,,False,False
310.0,,target,999510202,DANCING TUG,1.231886824825175,-0.37698292803097005,-38.056283048800516,144.87607256653672,9.0,60.0,60.0,18,,safe,0.11404275099723905,-605.5070622832568,synthetic,,,,,52,0,False,False
310.0,,target,999510203,FAST FERRY,0.2504363769567832,1.2677179645061083,-38.028871367258226,144.855300421248,24.0,25.0,25.0,18,danger,safe,0.0434548559686233,-99.5768005398914,synthetic,,,,,40,0,False,False
310.0,,target,999510204,HEAD ON TRADER,-0.03999999999999996,1.7999999999999998,-38.019999999999996,144.84915341032922,14.0,180.0,180.0,1,danger,danger,0.039999999999999904,115.38461538461536,synthetic,,,,,70,0,False,False
310.0,,target,995039901,DEMO VIRTUAL WRECK,0.38,1.55,-38.024166666666666,144.85804260187243,0.0,0.0,0.0,21,,caution,0.38,174.99999999999997,synthetic,,,,,60,17,True,False
311.0,,own,999510000,DEMO OWN SHIP,0.0,0.97,-38.033833333333334,144.85,12.0,0.0,0.0,1,,,,,synthetic,,,,,60,,False,False
311.0,,target,999510202,DANCING TUG,1.2340518883346363,-0.37573292803097,-38.05626221546718,144.87611838954683,9.0,60.0,60.0,18,,safe,0.11404275099723873,-606.5070622832568,synthetic,,,,,52,0,False,False
311.0,,target,999510203,FAST FERRY,0.2532538320350546,1.273760016419686,-38.028770666393,144.85536005195718,24.0,25.0,25.0,18,danger,safe,0.043454855968623377,-100.57680053989142,synthetic,,,,,40,0,False,False
311.0,,target,999510204,HEAD ON TRADER,-0.03999999999999996,1.796111111111111,-38.02006481481481,144.84915341032922,14.0,180.0,180.0,1,danger,danger,0.039999999999999904,114.38461538461539,synthetic,,,,,70,0,False,False
311.0,,target,995039901,DEMO VIRTUAL WRECK,0.38,1.55,-38.024166666666666,144.85804260187243,0.0,0.0,0.0,21,,caution,0.38,174.0,synthetic,,,,,60,17,True,False
312.0,,own,999510000,DEMO OWN SHIP,0.0,0.9733333333333334,-38.03377777777777,144.85,12.0,0.0,0.0,1,,,,,synthetic,,,,,60,,False,False
312.0,,target,999510202,DANCING TUG,1.2362169518440973,-0.37448292803097005,-38.05624138213385,144.87616421255692,9.0,60.0,60.0,18,,safe,0.11404275099723905,-607.5070622832568,synthetic,,,,,52,0,False,False
312.0,,target,999510203,FAST FERRY,0.2560712871133259,1.2798020683332636,-38.028669965527776,144.85541968266634,24.0,25.0,25.0,18,danger,safe,0.04345485596862326,-101.57680053989138,synthetic,,,,,40,0,False,False
312.0,,target,999510204,HEAD ON TRADER,-0.03999999999999996,1.7922222222222222,-38.02012962962963,144.84915341032922,14.0,180.0,180.0,1,danger,danger,0.039999999999999904,113.38461538461539,synthetic,,,,,70,0,False,False
312.0,,target,995039901,DEMO VIRTUAL WRECK,0.38,1.55,-38.024166666666666,144.85804260187243,0.0,0.0,0.0,21,,caution,0.38,172.99999999999997,synthetic,,,,,60,17,True,False
313.0,,own,999510000,DEMO OWN SHIP,0.0,0.9766666666666667,-38.03372222222222,144.85,12.0,0.0,0.0,1,,,,,synthetic,,,,,60,,False,False
313.0,,target,999510202,DANCING TUG,1.2383820153535585,-0.37323292803097,-38.05622054880051,144.876210035567,9.0,60.0,60.0,18,,safe,0.11404275099723873,-608.5070622832569,synthetic,,,,,52,0,False,False
313.0,,target,999510203,FAST FERRY,0.25888874219159724,1.2858441202468414,-38.02856926466255,144.85547931337553,24.0,25.0,25.0,18,danger,safe,0.043454855968623335,-102.57680053989142,synthetic,,,,,40,0,False,False
313.0,,target,999510204,HEAD ON TRADER,-0.03999999999999996,1.7883333333333333,-38.02019444444444,144.84915341032922,14.0,180.0,180.0,1,danger,danger,0.039999999999999904,112.38461538461539,synthetic,,,,,70,0,False,False
313.0,,target,995039901,DEMO VIRTUAL WRECK,0.38,1.55,-38.024166666666666,144.85804260187243,0.0,0.0,0.0,21,,caution,0.38,171.99999999999997,synthetic,,,,,60,17,True,False
314.0,,own,999510000,DEMO OWN SHIP,0.0,0.98,-38.03366666666666,144.85,12.0,0.0,0.0,1,,,,,synthetic,,,,,60,,False,False
314.0,,target,999510202,DANCING TUG,1.2405470788630195,-0.37198292803097005,-38.05619971546718,144.8762558585771,9.0,60.0,60.0,18,,safe,0.11404275099723904,-609.5070622832569,synthetic,,,,,52,0,False,False
314.0,,target,999510203,FAST FERRY,0.26170619726986855,1.2918861721604191,-38.028468563797325,144.8555389440847,24.0,25.0,25.0,18,danger,safe,0.04345485596862345,-103.57680053989144,synthetic,,,,,40,0,False,False
314.0,,target,999510204,HEAD ON TRADER,-0.03999999999999996,1.7844444444444445,-38.020259259259255,144.84915341032922,14.0,180.0,180.0,1,danger,danger,0.039999999999999904,111.3846153846154,synthetic,,,,,70,0,False,False
314.0,,target,995039901,DEMO VIRTUAL WRECK,0.38,1.55,-38.024166666666666,144.85804260187243,0.0,0.0,0.0,21,,caution,0.38,171.0,synthetic,,,,,60,17,True,False
315.0,,own,999510000,DEMO OWN SHIP,0.0,0.9833333333333334,-38.03361111111111,144.85,12.0,0.0,0.0,1,,,,,synthetic,,,,,60,,False,False
315.0,,target,999510202,DANCING TUG,1.2427121423724805,-0.37073292803097,-38.05617888213385,144.8763016815872,9.0,60.0,60.0,18,,safe,0.11404275099723904,-610.5070622832569,synthetic,,,,,52,0,False,False
315.0,,target,999510203,FAST FERRY,0.2645236523481399,1.2979282240739967,-38.0283678629321,144.85559857479387,24.0,25.0,25.0,18,danger,safe,0.04345485596862326,-104.57680053989141,synthetic,,,,,40,0,False,False
315.0,,target,999510204,HEAD ON TRADER,-0.03999999999999995,1.7805555555555554,-38.02032407407407,144.84915341032922,14.0,180.0,180.0,1,danger,danger,0.0399999999999999,110.38461538461537,synthetic,,,,,70,0,False,False
315.0,,target,995039901,DEMO VIRTUAL WRECK,0.38,1.55,-38.024166666666666,144.85804260187243,0.0,0.0,0.0,21,,caution,0.38,169.99999999999997,synthetic,,,,,60,17,True,False
316.0,,own,999510000,DEMO OWN SHIP,0.0,0.9866666666666667,-38.03355555555555,144.85,12.0,0.0,0.0,1,,,,,synthetic,,,,,60,,False,False
316.0,,target,999510202,DANCING TUG,1.2448772058819417,-0.36948292803097005,-38.05615804880051,144.87634750459728,9.0,60.0,60.0,18,,safe,0.11404275099723873,-611.5070622832569,synthetic,,,,,52,0,False,False
316.0,,target,999510203,FAST FERRY,0.2673411074264112,1.3039702759875744,-38.02826716206687,144.85565820550306,24.0,25.0,25.0,18,danger,safe,0.04345485596862341,-105.57680053989142,synthetic,,,,,40,0,False,False
316.0,,target,999510204,HEAD ON TRADER,-0.03999999999999995,1.7766666666666666,-38.02038888888889,144.84915341032922,14.0,180.0,180.0,1,danger,danger,0.0399999999999999,109.38461538461539,synthetic,,,,,70,0,False,False
316.0,,target,995039901,DEMO VIRTUAL WRECK,0.38,1.55,-38.024166666666666,144.85804260187243,0.0,0.0,0.0,21,,caution,0.38,168.99999999999997,synthetic,,,,,60,17,True,False
317.0,,own,999510000,DEMO OWN SHIP,0.0,0.99,-38.0335,144.85,12.0,0.0,0.0,1,,,,,synthetic,,,,,60,,False,False
317.0,,target,999510202,DANCING TUG,1.2470422693914027,-0.36823292803097,-38.05613721546718,144.8763933276074,9.0,60.0,60.0,18,,safe,0.1140427509972389,-612.5070622832567,synthetic,,,,,52,0,False,False
317.0,,target,999510203,FAST FERRY,0.27015856250468256,1.310012327901152,-38.02816646120164,144.85571783621225,24.0,25.0,25.0,18,danger,safe,0.0434548559686233,-106.57680053989141,synthetic,,,,,40,0,False,False
317.0,,target,999510204,HEAD ON TRADER,-0.03999999999999995,1.7727777777777778,-38.0204537037037,144.84915341032922,14.0,180.0,180.0,1,danger,danger,0.039999999999999904,108.3846153846154,synthetic,,,,,70,0,False,False
317.0,,target,995039901,DEMO VIRTUAL WRECK,0.38,1.55,-38.024166666666666,144.85804260187243,0.0,0.0,0.0,21,,caution,0.38,167.99999999999997,synthetic,,,,,60,17,True,False
318.0,,own,999510000,DEMO OWN SHIP,0.0,0.9933333333333334,-38.03344444444444,144.85,12.0,0.0,0.0,1,,,,,synthetic,,,,,60,,False,False
318.0,,target,999510202,DANCING TUG,1.249207332900864,-0.36698292803097005,-38.056116382133844,144.87643915061747,9.0,60.0,60.0,18,,safe,0.11404275099723873,-613.5070622832568,synthetic,,,,,52,0,False,False
318.0,,target,999510203,FAST FERRY,0.27297601758295387,1.3160543798147297,-38.02806576033642,144.8557774669214,24.0,25.0,25.0,18,danger,safe,0.043454855968623335,-107.57680053989141,synthetic,,,,,40,0,False,False
318.0,,target,999510204,HEAD ON TRADER,-0.03999999999999995,1.7688888888888887,-38.020518518518514,144.84915341032922,14.0,180.0,180.0,1,danger,danger,0.039999999999999904,107.38461538461537,synthetic,,,,,70,0,False,False
318.0,,target,995039901,DEMO VIRTUAL WRECK,0.38,1.55,-38.024166666666666,144.85804260187243,0.0,0.0,0.0,21,,caution,0.38,166.99999999999997,synthetic,,,,,60,17,True,False
319.0,,own,999510000,DEMO OWN SHIP,0.0,0.9966666666666667,-38.03338888888889,144.85,12.0,0.0,0.0,1,,,,,synthetic,,,,,60,,False,False
319.0,,target,999510202,DANCING TUG,1.251372396410325,-0.36573292803097,-38.05609554880051,144.87648497362756,9.0,60.0,60.0,18,,safe,0.11404275099723904,-614.5070622832569,synthetic,,,,,52,0,False,False
319.0,,target,999510203,FAST FERRY,0.2757934726612252,1.3220964317283073,-38.02796505947119,144.8558370976306,24.0,25.0,25.0,18,danger,safe,0.04345485596862326,-108.5768005398914,synthetic,,,,,40,0,False,False
319.0,,target,999510204,HEAD ON TRADER,-0.03999999999999995,1.765,-38.02058333333333,144.84915341032922,14.0,180.0,180.0,1,danger,danger,0.039999999999999904,106.38461538461537,synthetic,,,,,70,0,False,False
319.0,,target,995039901,DEMO VIRTUAL WRECK,0.38,1.55,-38.024166666666666,144.85804260187243,0.0,0.0,0.0,21,,caution,0.38,165.99999999999997,synthetic,,,,,60,17,True,False
320.0,,own,999510000,DEMO OWN SHIP,0.0,1.0,-38.03333333333333,144.85,12.0,0.0,0.0,1,,,,,synthetic,,,,,60,,False,False
320.0,,target,999510202,DANCING TUG,1.2535374599197862,-0.36448292803097004,-38.05607471546718,144.87653079663767,9.0,60.0,60.0,18,,safe,0.11404275099723873,-615.5070622832569,synthetic,,,,,52,0,False,False
320.0,,target,999510203,FAST FERRY,0.27861092773949653,1.328138483641885,-38.02786435860597,144.8558967283398,24.0,25.0,25.0,18,danger,safe,0.043454855968623377,-109.57680053989142,synthetic,,,,,40,0,False,False
320.0,,target,999510204,HEAD ON TRADER,-0.03999999999999995,1.761111111111111,-38.02064814814815,144.84915341032922,14.0,180.0,180.0,1,danger,danger,0.039999999999999904,105.38461538461539,synthetic,,,,,70,0,False,False
320.0,,target,995039901,DEMO VIRTUAL WRECK,0.38,1.55,-38.024166666666666,144.85804260187243,0.0,0.0,0.0,21,,caution,0.38,164.99999999999997,synthetic,,,,,60,17,True,False
321.0,,own,999510000,DEMO OWN SHIP,0.0,1.0033333333333334,-38.033277777777776,144.85,12.0,0.0,0.0,1,,,,,synthetic,,,,,60,,False,False
321.0,,target,999510202,DANCING TUG,1.2557025234292472,-0.36323292803097,-38.056053882133845,144.87657661964775,9.0,60.0,60.0,18,,safe,0.11404275099723905,-616.5070622832568,synthetic,,,,,52,0,False,False
321.0,,target,999510203,FAST FERRY,0.2814283828177679,1.3341805355554626,-38.02776365774074,144.85595635904895,24.0,25.0,25.0,18,danger,safe,0.04345485596862322,-110.57680053989138,synthetic,,,,,40,0,False,False
321.0,,target,999510204,HEAD ON TRADER,-0.03999999999999995,1.757222222222222,-38.02071296296296,144.84915341032922,14.0,180.0,180.0,1,danger,danger,0.039999999999999904,104.38461538461536,synthetic,,,,,70,0,False,False
321.0,,target,995039901,DEMO VIRTUAL WRECK,0.38,1.55,-38.024166666666666,144.85804260187243,0.0,0.0,0.0,21,,caution,0.38,163.99999999999997,synthetic,,,,,60,17,True,False
322.0,,own,999510000,DEMO OWN SHIP,0.0,1.0066666666666666,-38.03322222222222,144.85,12.0,0.0,0.0,1,,,,,synthetic,,,,,60,,False,False
322.0,,target,999510202,DANCING TUG,1.2578675869387084,-0.36198292803097004,-38.056033048800515,144.87662244265783,9.0,60.0,60.0,18,,safe,0.11404275099723873,-617.5070622832568,synthetic,,,,,52,0,False,False
322.0,,target,999510203,FAST FERRY,0.2842458378960392,1.3402225874690403,-38.02766295687551,144.85601598975813,24.0,25.0,25.0,18,danger,safe,0.04345485596862341,-111.57680053989142,synthetic,,,,,40,0,False,False
322.0,,target,999510204,HEAD ON TRADER,-0.03999999999999995,1.7533333333333332,-38.020777777777774,144.84915341032922,14.0,180.0,180.0,1,danger,danger,0.039999999999999904,103.38461538461539,synthetic,,,,,70,0,False,False
322.0,,target,995039901,DEMO VIRTUAL WRECK,0.38,1.55,-38.024166666666666,144.85804260187243,0.0,0.0,0.0,21,,caution,0.38,163.00000000000003,synthetic,,,,,60,17,True,False
323.0,,own,999510000,DEMO OWN SHIP,0.0,1.01,-38.033166666666666,144.85,12.0,0.0,0.0,1,,,,,synthetic,,,,,60,,False,False
323.0,,target,999510202,DANCING TUG,1.2600326504481694,-0.36073292803097,-38.05601221546718,144.87666826566794,9.0,60.0,60.0,18,,safe,0.11404275099723905,-618.5070622832568,synthetic,,,,,52,0,False,False
323.0,,target,999510203,FAST FERRY,0.28706329297431055,1.346264639382618,-38.027562256010285,144.85607562046732,24.0,25.0,25.0,18,danger,safe,0.043454855968623377,-112.57680053989142,synthetic,,,,,40,0,False,False
323.0,,target,999510204,HEAD ON TRADER,-0.03999999999999995,1.7494444444444444,-38.02084259259259,144.84915341032922,14.0,180.0,180.0,1,danger,danger,0.039999999999999904,102.38461538461539,synthetic,,,,,70,0,False,False
323.0,,target,995039901,DEMO VIRTUAL WRECK,0.38,1.55,-38.024166666666666,144.85804260187243,0.0,0.0,0.0,21,,caution,0.38,161.99999999999997,synthetic,,,,,60,17,True,False
324.0,,own,999510000,DEMO OWN SHIP,0.0,1.0133333333333334,-38.03311111111111,144.85,12.0,0.0,0.0,1,,,,,synthetic,,,,,60,,False,False
324.0,,target,999510202,DANCING TUG,1.2621977139576304,-0.35948292803097004,-38.05599138213385,144.87671408867803,9.0,60.0,60.0,18,,safe,0.11404275099723889,-619.5070622832568,synthetic,,,,,52,0,False,False
324.0,,target,999510203,FAST FERRY,0.28988074805258185,1.3523066912961956,-38.02746155514506,144.85613525117648,24.0,25.0,25.0,18,danger,safe,0.04345485596862326,-113.57680053989138,synthetic,,,,,40,0,False,False
324.0,,target,999510204,HEAD ON TRADER,-0.03999999999999995,1.7455555555555555,-38.02090740740741,144.84915341032922,14.0,180.0,180.0,1,danger,danger,0.039999999999999904,101.38461538461537,synthetic,,,,,70,0,False,False
324.0,,target,995039901,DEMO VIRTUAL WRECK,0.38,1.55,-38.024166666666666,144.85804260187243,0.0,0.0,0.0,21,,caution,0.38,160.99999999999997,synthetic,,,,,60,17,True,False
325.0,,own,999510000,DEMO OWN SHIP,0.0,1.0166666666666666,-38.03305555555555,144.85,12.0,0.0,0.0,1,,,,,synthetic,,,,,60,,False,False
325.0,,target,999510202,DANCING TUG,1.2643627774670916,-0.35823292803097,-38.055970548800516,144.8767599116881,9.0,60.0,60.0,18,,safe,0.11404275099723873,-620.5070622832568,synthetic,,,,,52,0,False,False
325.0,,target,999510203,FAST FERRY,0.2926982031308532,1.3583487432097734,-38.027360854279834,144.85619488188567,24.0,25.0,25.0,18,danger,safe,0.04345485596862341,-114.57680053989144,synthetic,,,,,40,0,False,False
325.0,,target,999510204,HEAD ON TRADER,-0.03999999999999995,1.7416666666666667,-38.02097222222222,144.84915341032922,14.0,180.0,180.0,1,danger,danger,0.039999999999999904,100.3846153846154,synthetic,,,,,70,0,False,False
325.0,,target,995039901,DEMO VIRTUAL WRECK,0.38,1.55,-38.024166666666666,144.85804260187243,0.0,0.0,0.0,21,,caution,0.38,160.00000000000003,synthetic,,,,,60,17,True,False
326.0,,own,999510000,DEMO OWN SHIP,0.0,1.02,-38.032999999999994,144.85,12.0,0.0,0.0,1,,,,,synthetic,,,,,60,,False,False
326.0,,target,999510202,DANCING TUG,1.2665278409765526,-0.35698292803097004,-38.05594971546718,144.8768057346982,9.0,60.0,60.0,18,,safe,0.11404275099723889,-621.5070622832568,synthetic,,,,,52,0,False,False
326.0,,target,999510203,FAST FERRY,0.2955156582091245,1.364390795123351,-38.02726015341461,144.85625451259486,24.0,25.0,25.0,18,danger,safe,0.0434548559686233,-115.5768005398914,synthetic,,,,,40,0,False,False
326.0,,target,999510204,HEAD ON TRADER,-0.03999999999999995,1.7377777777777776,-38.02103703703703,144.84915341032922,14.0,180.0,180.0,1,danger,danger,0.039999999999999904,99.38461538461537,synthetic,,,,,70,0,False,False
326.0,,target,995039901,DEMO VIRTUAL WRECK,0.38,1.55,-38.024166666666666,144.85804260187243,0.0,0.0,0.0,21,,caution,0.38,158.99999999999997,synthetic,,,,,60,17,True,False
327.0,,own,999510000,DEMO OWN SHIP,0.0,1.0233333333333334,-38.03294444444444,144.85,12.0,0.0,0.0,1,,,,,synthetic,,,,,60,,False,False
327.0,,target,999510202,DANCING TUG,1.2686929044860138,-0.35573292803097,-38.05592888213385,144.8768515577083,9.0,60.0,60.0,18,,safe,0.11404275099723889,-622.5070622832569,synthetic,,,,,52,0,False,False
327.0,,target,999510203,FAST FERRY,0.29833311328739587,1.3704328470369287,-38.027159452549384,144.85631414330402,24.0,25.0,25.0,18,danger,safe,0.04345485596862326,-116.57680053989141,synthetic,,,,,40,0,False,False
327.0,,target,999510204,HEAD ON TRADER,-0.03999999999999995,1.7338888888888888,-38.021101851851846,144.84915341032922,14.0,180.0,180.0,1,danger,danger,0.039999999999999904,98.38461538461537,synthetic,,,,,70,0,False,False
327.0,,target,995039901,DEMO VIRTUAL WRECK,0.38,1.55,-38.024166666666666,144.85804260187243,0.0,0.0,0.0,21,,caution,0.38,157.99999999999997,synthetic,,,,,60,17,True,False
328.0,,own,999510000,DEMO OWN SHIP,0.0,1.0266666666666666,-38.032888888888884,144.85,12.0,0.0,0.0,1,,,,,synthetic,,,,,60,,False,False
328.0,,target,999510202,DANCING TUG,1.2708579679954748,-0.35448292803097003,-38.05590804880051,144.8768973807184,9.0,60.0,60.0,18,,safe,0.11404275099723889,-623.5070622832568,synthetic,,,,,52,0,False,False
328.0,,target,999510203,FAST FERRY,0.30115056836566717,1.3764748989505065,-38.02705875168416,144.8563737740132,24.0,25.0,25.0,18,danger,safe,0.04345485596862345,-117.57680053989144,synthetic,,,,,40,0,False,False
328.0,,target,999510204,HEAD ON TRADER,-0.03999999999999995,1.73,-38.021166666666666,144.84915341032922,14.0,180.0,180.0,1,danger,danger,0.039999999999999904,97.38461538461539,synthetic,,,,,70,0,False,False
328.0,,target,995039901,DEMO VIRTUAL WRECK,0.38,1.55,-38.024166666666666,144.85804260187243,0.0,0.0,0.0,21,,caution,0.38,157.0,synthetic,,,,,60,17,True,False
329.0,,own,999510000,DEMO OWN SHIP,0.0,1.03,-38.03283333333333,144.85,12.0,0.0,0.0,1,,,,,synthetic,,,,,60,,False,False
329.0,,target,999510202,DANCING TUG,1.273023031504936,-0.35323292803097006,-38.05588721546718,144.87694320372847,9.0,60.0,60.0,18,,safe,0.11404275099723889,-624.5070622832569,synthetic,,,,,52,0,False,False
329.0,,target,999510203,FAST FERRY,0.30396802344393853,1.382516950864084,-38.026958050818926,144.8564334047224,24.0,25.0,25.0,18,danger,safe,0.0434548559686233,-118.57680053989141,synthetic,,,,,40,0,False,False
329.0,,target,999510204,HEAD ON TRADER,-0.03999999999999995,1.726111111111111,-38.02123148148148,144.84915341032922,14.0,180.0,180.0,1,danger,danger,0.039999999999999904,96.38461538461536,synthetic,,,,,70,0,False,False
329.0,,target,995039901,DEMO VIRTUAL WRECK,0.38,1.55,-38.024166666666666,144.85804260187243,0.0,0.0,0.0,21,,caution,0.38,155.99999999999997,synthetic,,,,,60,17,True,False
330.0,,own,999510000,DEMO OWN SHIP,0.0,1.0333333333333334,-38.032777777777774,144.85,12.0,0.0,0.0,1,,,,,synthetic,,,,,60,,False,False
330.0,,target,999510202,DANCING TUG,1.275188095014397,-0.35198292803097003,-38.05586638213385,144.87698902673858,9.0,60.0,60.0,18,,safe,0.11404275099723904,-625.5070622832569,synthetic,,,,,52,0,False,False
330.0,,target,999510203,FAST FERRY,0.30678547852220983,1.3885590027776618,-38.0268573499537,144.85649303543155,24.0,25.0,25.0,18,danger,safe,0.043454855968623335,-119.57680053989141,synthetic,,,,,40,0,False,False
330.0,,target,999510204,HEAD ON TRADER,-0.039999999999999945,1.722222222222222,-38.02129629629629,144.84915341032922,14.0,180.0,180.0,1,danger,danger,0.0399999999999999,95.38461538461536,synthetic,,,,,70,0,False,False
330.0,,target,995039901,DEMO VIRTUAL WRECK,0.38,1.55,-38.024166666666666,144.85804260187243,0.0,0.0,0.0,21,,caution,0.38,154.99999999999997,synthetic,,,,,60,17,True,False
331.0,,own,999510000,DEMO OWN SHIP,0.0,1.0366666666666666,-38.03272222222222,144.85,12.0,0.0,0.0,1,,,,,synthetic,,,,,60,,False,False
331.0,,target,999510202,DANCING TUG,1.2773531585238582,-0.35073292803097,-38.05584554880051,144.87703484974867,9.0,60.0,60.0,18,,safe,0.11404275099723873,-626.5070622832569,synthetic,,,,,52,0,False,False
331.0,,target,999510203,FAST FERRY,0.3096029336004812,1.3946010546912393,-38.026756649088476,144.85655266614074,24.0,25.0,25.0,18,danger,safe,0.043454855968623335,-120.57680053989142,synthetic,,,,,40,0,False,False
331.0,,target,999510204,HEAD ON TRADER,-0.039999999999999945,1.7183333333333333,-38.021361111111105,144.84915341032922,14.0,180.0,180.0,1,danger,danger,0.039999999999999904,94.38461538461539,synthetic,,,,,70,0,False,False
331.0,,target,995039901,DEMO VIRTUAL WRECK,0.38,1.55,-38.024166666666666,144.85804260187243,0.0,0.0,0.0,21,,caution,0.38,154.0,synthetic,,,,,60,17,True,False
332.0,,own,999510000,DEMO OWN SHIP,0.0,1.04,-38.032666666666664,144.85,12.0,0.0,0.0,1,,,,,synthetic,,,,,60,,False,False
332.0,,target,999510202,DANCING TUG,1.2795182220333192,-0.34948292803097003,-38.05582471546718,144.87708067275875,9.0,60.0,60.0,18,,safe,0.11404275099723889,-627.5070622832568,synthetic,,,,,52,0,False,False
332.0,,target,999510203,FAST FERRY,0.3124203886787525,1.400643106604817,-38.02665594822325,144.85661229684993,24.0,25.0,25.0,18,danger,safe,0.043454855968623335,-121.57680053989142,synthetic,,,,,40,0,False,False
332.0,,target,999510204,HEAD ON TRADER,-0.039999999999999945,1.7144444444444444,-38.021425925925925,144.84915341032922,14.0,180.0,180.0,1,danger,danger,0.039999999999999904,93.38461538461539,synthetic,,,,,70,0,False,False
332.0,,target,995039901,DEMO VIRTUAL WRECK,0.38,1.55,-38.024166666666666,144.85804260187243,0.0,0.0,0.0,21,,caution,0.38,152.99999999999997,synthetic,,,,,60,17,True,False
333.0,,own,999510000,DEMO OWN SHIP,0.0,1.0433333333333334,-38.03261111111111,144.85,12.0,0.0,0.0,1,,,,,synthetic,,,,,60,,False,False
333.0,,target,999510202,DANCING TUG,1.2816832855427802,-0.34823292803097006,-38.055803882133844,144.87712649576886,9.0,60.0,60.0,18,,safe,0.11404275099723905,-628.5070622832568,synthetic,,,,,52,0,False,False
333.0,,target,999510203,FAST FERRY,0.3152378437570238,1.4066851585183948,-38.026555247358026,144.8566719275591,24.0,25.0,25.0,18,danger,safe,0.043454855968623377,-122.57680053989141,synthetic,,,,,40,0,False,False
333.0,,target,999510204,HEAD ON TRADER,-0.039999999999999945,1.7105555555555556,-38.02149074074074,144.84915341032922,14.0,180.0,180.0,1,danger,danger,0.039999999999999904,92.38461538461539,synthetic,,,,,70,0,False,False
333.0,,target,995039901,DEMO VIRTUAL WRECK,0.38,1.55,-38.024166666666666,144.85804260187243,0.0,0.0,0.0,21,,caution,0.38,151.99999999999997,synthetic,,,,,60,17,True,False
334.0,,own,999510000,DEMO OWN SHIP,0.0,1.0466666666666666,-38.032555555555554,144.85,12.0,0.0,0.0,1,,,,,synthetic,,,,,60,,False,False
334.0,,target,999510202,DANCING TUG,1.2838483490522414,-0.34698292803097003,-38.055783048800514,144.87717231877895,9.0,60.0,60.0,18,,safe,0.11404275099723889,-629.5070622832568,synthetic,,,,,52,0,False,False
334.0,,target,999510203,FAST FERRY,0.31805529883529515,1.4127272104319724,-38.0264545464928,144.85673155826828,24.0,25.0,25.0,18,danger,safe,0.043454855968623377,-123.57680053989144,synthetic,,,,,40,0,False,False
334.0,,target,999510204,HEAD ON TRADER,-0.039999999999999945,1.7066666666666666,-38.02155555555555,144.84915341032922,14.0,180.0,180.0,1,danger,danger,0.039999999999999904,91.38461538461537,synthetic,,,,,70,0,False,False
334.0,,target,995039901,DEMO VIRTUAL WRECK,0.38,1.55,-38.024166666666666,144.85804260187243,0.0,0.0,0.0,21,,caution,0.38,151.0,synthetic,,,,,60,17,True,False
335.0,,own,999510000,DEMO OWN SHIP,0.0,1.05,-38.0325,144.85,12.0,0.0,0.0,1,,,,,synthetic,,,,,60,,False,False
335.0,,target,999510202,DANCING TUG,1.2860134125617027,-0.34573292803097,-38.05576221546718,144.87721814178903,9.0,60.0,60.0,18,,safe,0.11404275099723873,-630.5070622832569,synthetic,,,,,52,0,False,False
335.0,,target,999510203,FAST FERRY,0.3208727539135665,1.41876926234555,-38.02635384562757,144.85679118897747,24.0,25.0,25.0,18,danger,safe,0.04345485596862322,-124.57680053989138,synthetic,,,,,40,0,False,False
335.0,,target,999510204,HEAD ON TRADER,-0.039999999999999945,1.7027777777777777,-38.021620370370364,144.84915341032922,14.0,180.0,180.0,1,danger,danger,0.039999999999999904,90.38461538461537,synthetic,,,,,70,0,False,False
335.0,,target,995039901,DEMO VIRTUAL WRECK,0.38,1.55,-38.024166666666666,144.85804260187243,0.0,0.0,0.0,21,,caution,0.38,149.99999999999997,synthetic,,,,,60,17,True,False
336.0,,own,999510000,DEMO OWN SHIP,0.0,1.0533333333333335,-38.032444444444444,144.85,12.0,0.0,0.0,1,,,,,synthetic,,,,,60,,False,False
336.0,,target,999510202,DANCING TUG,1.2881784760711636,-0.34448292803097,-38.055741382133846,144.87726396479914,9.0,60.0,60.0,18,,safe,0.11404275099723904,-631.5070622832569,synthetic,,,,,52,0,False,False
336.0,,target,999510203,FAST FERRY,0.3236902089918378,1.4248113142591277,-38.02625314476234,144.85685081968663,24.0,25.0,25.0,18,danger,safe,0.04345485596862326,-125.5768005398914,synthetic,,,,,40,0,False,False
336.0,,target,999510204,HEAD ON TRADER,-0.039999999999999945,1.698888888888889,-38.021685185185184,144.84915341032922,14.0,180.0,180.0,1,danger,danger,0.039999999999999904,89.38461538461537,synthetic,,,,,70,0,False,False
336.0,,target,995039901,DEMO VIRTUAL WRECK,0.38,1.55,-38.024166666666666,144.85804260187243,0.0,0.0,0.0,21,,caution,0.38,148.99999999999997,synthetic,,,,,60,17,True,False
337.0,,own,999510000,DEMO OWN SHIP,0.0,1.0566666666666666,-38.03238888888889,144.85,12.0,0.0,0.0,1,,,,,synthetic,,,,,60,,False,False
337.0,,target,999510202,DANCING TUG,1.2903435395806246,-0.34323292803097005,-38.055720548800515,144.87730978780922,9.0,60.0,60.0,18,,safe,0.11404275099723889,-632.5070622832568,synthetic,,,,,52,0,False,False
337.0,,target,999510203,FAST FERRY,0.3265076640701091,1.4308533661727054,-38.02615244389712,144.85691045039582,24.0,25.0,25.0,18,danger,safe,0.04345485596862345,-126.57680053989142,synthetic,,,,,40,0,False,False
337.0,,target,999510204,HEAD ON TRADER,-0.039999999999999945,1.6949999999999998,-38.02175,144.84915341032922,14.0,180.0,180.0,1,danger,danger,0.039999999999999904,88.38461538461537,synthetic,,,,,70,0,False,False
337.0,,target,995039901,DEMO VIRTUAL WRECK,0.38,1.55,-38.024166666666666,144.85804260187243,0.0,0.0,0.0,21,,caution,0.38,148.0,synthetic,,,,,60,17,True,False
338.0,,own,999510000,DEMO OWN SHIP,0.0,1.06,-38.032333333333334,144.85,12.0,0.0,0.0,1,,,,,synthetic,,,,,60,,False,False
338.0,,target,999510202,DANCING TUG,1.2925086030900859,-0.34198292803097,-38.05569971546718,144.8773556108193,9.0,60.0,60.0,18,,safe,0.11404275099723889,-633.5070622832569,synthetic,,,,,52,0,False,False
338.0,,target,999510203,FAST FERRY,0.3293251191483805,1.436895418086283,-38.02605174303189,144.856970081105,24.0,25.0,25.0,18,danger,safe,0.04345485596862329,-127.57680053989141,synthetic,,,,,40,0,False,False
338.0,,target,999510204,HEAD ON TRADER,-0.039999999999999945,1.691111111111111,-38.02181481481481,144.84915341032922,14.0,180.0,180.0,1,danger,danger,0.039999999999999904,87.38461538461537,synthetic,,,,,70,0,False,False
338.0,,target,995039901,DEMO VIRTUAL WRECK,0.38,1.55,-38.024166666666666,144.85804260187243,0.0,0.0,0.0,21,,caution,0.38,146.99999999999997,synthetic,,,,,60,17,True,False
339.0,,own,999510000,DEMO OWN SHIP,0.0,1.0633333333333335,-38.03227777777777,144.85,12.0,0.0,0.0,1,,,,,synthetic,,,,,60,,False,False
339.0,,target,999510202,DANCING TUG,1.2946736665995469,-0.34073292803097,-38.05567888213385,144.87740143382942,9.0,60.0,60.0,18,,safe,0.11404275099723889,-634.5070622832568,synthetic,,,,,52,0,False,False
339.0,,target,999510203,FAST FERRY,0.33214257422665183,1.4429374699998607,-38.02595104216667,144.85702971181416,24.0,25.0,25.0,18,danger,safe,0.04345485596862326,-128.5768005398914,synthetic,,,,,40,0,False,False
339.0,,target,999510204,HEAD ON TRADER,-0.039999999999999945,1.6872222222222222,-38.02187962962962,144.84915341032922,14.0,180.0,180.0,1,danger,danger,0.039999999999999904,86.38461538461536,synthetic,,,,,70,0,False,False
339.0,,target,995039901,DEMO VIRTUAL WRECK,0.38,1.55,-38.024166666666666,144.85804260187243,0.0,0.0,0.0,21,,caution,0.38,145.99999999999994,synthetic,,,,,60,17,True,False
340.0,,own,999510000,DEMO OWN SHIP,0.0,1.0666666666666667,-38.03222222222222,144.85,12.0,0.0,0.0,1,,,,,synthetic,,,,,60,,False,False
340.0,,target,999510202,DANCING TUG,1.296838730109008,-0.33948292803097,-38.05565804880052,144.8774472568395,9.0,60.0,60.0,18,,safe,0.11404275099723873,-635.5070622832568,synthetic,,,,,52,0,False,False
340.0,,target,999510203,FAST FERRY,0.33496002930492313,1.4489795219134383,-38.02585034130144,144.85708934252335,24.0,25.0,25.0,18,danger,safe,0.0434548559686233,-129.5768005398914,synthetic,,,,,40,0,False,False
340.0,,target,999510204,HEAD ON TRADER,-0.039999999999999945,1.6833333333333331,-38.02194444444444,144.84915341032922,14.0,180.0,180.0,1,danger,danger,0.039999999999999904,85.38461538461536,synthetic,,,,,70,0,False,False
340.0,,target,995039901,DEMO VIRTUAL WRECK,0.38,1.55,-38.024166666666666,144.85804260187243,0.0,0.0,0.0,21,,caution,0.38,145.0,synthetic,,,,,60,17,True,False
341.0,,own,999510000,DEMO OWN SHIP,0.0,1.07,-38.03216666666666,144.85,12.0,0.0,0.0,1,,,,,synthetic,,,,,60,,False,False
341.0,,target,999510202,DANCING TUG,1.299003793618469,-0.33823292803097005,-38.05563721546718,144.8774930798496,9.0,60.0,60.0,18,,safe,0.11404275099723904,-636.5070622832569,synthetic,,,,,52,0,False,False
341.0,,target,999510203,FAST FERRY,0.33777748438319444,1.455021573827016,-38.02574964043621,144.85714897323254,24.0,25.0,25.0,18,danger,safe,0.043454855968623335,-130.5768005398914,synthetic,,,,,40,0,False,False
341.0,,target,999510204,HEAD ON TRADER,-0.039999999999999945,1.6794444444444443,-38.02200925925926,144.84915341032922,14.0,180.0,180.0,1,danger,danger,0.039999999999999904,84.38461538461536,synthetic,,,,,70,0,False,False
341.0,,target,995039901,DEMO VIRTUAL WRECK,0.38,1.55,-38.024166666666666,144.85804260187243,0.0,0.0,0.0,21,,caution,0.38,143.99999999999997,synthetic,,,,,60,17,True,False
342.0,,own,999510000,DEMO OWN SHIP,0.0,1.0733333333333333,-38.03211111111111,144.85,12.0,0.0,0.0,1,,,,,synthetic,,,,,60,,False,False
342.0,,target,999510202,DANCING TUG,1.3011688571279303,-0.33698292803097,-38.05561638213385,144.8775389028597,9.0,60.0,60.0,18,,safe,0.11404275099723873,-637.5070622832568,synthetic,,,,,52,0,False,False
342.0,,target,999510203,FAST FERRY,0.3405949394614658,1.4610636257405938,-38.025648939570985,144.8572086039417,24.0,25.0,25.0,18,danger,safe,0.043454855968623494,-131.57680053989145,synthetic,,,,,40,0,False,False
342.0,,target,999510204,HEAD ON TRADER,-0.039999999999999945,1.6755555555555555,-38.02207407407407,144.84915341032922,14.0,180.0,180.0,1,danger,danger,0.039999999999999904,83.3846153846154,synthetic,,,,,70,0,False,False
342.0,,target,995039901,DEMO VIRTUAL WRECK,0.38,1.55,-38.024166666666666,144.85804260187243,0.0,0.0,0.0,21,,caution,0.38,143.00000000000003,synthetic,,,,,60,17,True,False
343.0,,own,999510000,DEMO OWN SHIP,0.0,1.0766666666666667,-38.03205555555555,144.85,12.0,0.0,0.0,1,,,,,synthetic,,,,,60,,False,False
343.0,,target,999510202,DANCING TUG,1.3033339206373913,-0.33573292803097005,-38.05559554880051,144.87758472586978,9.0,60.0,60.0,18,,safe,0.11404275099723889,-638.5070622832568,synthetic,,,,,52,0,False,False
343.0,,target,999510203,FAST FERRY,0.34341239453973715,1.4671056776541713,-38.02554823870576,144.8572682346509,24.0,25.0,25.0,18,danger,safe,0.043454855968623335,-132.57680053989142,synthetic,,,,,40,0,False,False
343.0,,target,999510204,HEAD ON TRADER,-0.039999999999999945,1.6716666666666666,-38.02213888888889,144.84915341032922,14.0,180.0,180.0,1,danger,danger,0.039999999999999904,82.3846153846154,synthetic,,,,,70,0,False,False
343.0,,target,995039901,DEMO VIRTUAL WRECK,0.38,1.55,-38.024166666666666,144.85804260187243,0.0,0.0,0.0,21,,caution,0.38,142.0,synthetic,,,,,60,17,True,False
344.0,,own,999510000,DEMO OWN SHIP,0.0,1.08,-38.032,144.85,12.0,0.0,0.0,1,,,,,synthetic,,,,,60,,False,False
344.0,,target,999510202,DANCING TUG,1.3054989841468525,-0.33448292803097,-38.05557471546718,144.87763054887986,9.0,60.0,60.0,18,,safe,0.1140427509972389,-639.5070622832568,synthetic,,,,,52,0,False,False
344.0,,target,999510203,FAST FERRY,0.34622984961800846,1.473147729567749,-38.025447537840535,144.85732786536008,24.0,25.0,25.0,18,danger,safe,0.043454855968623377,-133.5768005398914,synthetic,,,,,40,0,False,False
344.0,,target,999510204,HEAD ON TRADER,-0.03999999999999994,1.6677777777777778,-38.0222037037037,144.84915341032922,14.0,180.0,180.0,1,danger,danger,0.0399999999999999,81.38461538461537,synthetic,,,,,70,0,False,False
344.0,,target,995039901,DEMO VIRTUAL WRECK,0.38,1.55,-38.024166666666666,144.85804260187243,0.0,0.0,0.0,21,,caution,0.38,140.99999999999997,synthetic,,,,,60,17,True,False
345.0,,own,999510000,DEMO OWN SHIP,0.0,1.0833333333333335,-38.03194444444444,144.85,12.0,0.0,0.0,1,,,,,synthetic,,,,,60,,False,False
345.0,,target,999510202,DANCING TUG,1.3076640476563135,-0.33323292803097004,-38.05555388213385,144.87767637188998,9.0,60.0,60.0,18,,safe,0.11404275099723904,-640.5070622832569,synthetic,,,,,52,0,False,False
345.0,,target,999510203,FAST FERRY,0.34904730469627976,1.4791897814813266,-38.02534683697531,144.85738749606924,24.0,25.0,25.0,18,danger,safe,0.04345485596862322,-134.57680053989137,synthetic,,,,,40,0,False,False
345.0,,target,999510204,HEAD ON TRADER,-0.03999999999999994,1.6638888888888888,-38.022268518518516,144.84915341032922,14.0,180.0,180.0,1,danger,danger,0.0399999999999999,80.38461538461534,synthetic,,,,,70,0,False,False
345.0,,target,995039901,DEMO VIRTUAL WRECK,0.38,1.55,-38.024166666666666,144.85804260187243,0.0,0.0,0.0,21,,caution,0.38,139.99999999999994,synthetic,,,,,60,17,True,False
346.0,,own,999510000,DEMO OWN SHIP,0.0,1.0866666666666667,-38.031888888888886,144.85,12.0,0.0,0.0,1,,,,,synthetic,,,,,60,,False,False
346.0,,target,999510202,DANCING TUG,1.3098291111657745,-0.33198292803097,-38.05553304880051,144.87772219490006,9.0,60.0,60.0,18,,safe,0.11404275099723889,-641.5070622832569,synthetic,,,,,52,0,False,False
346.0,,target,999510203,FAST FERRY,0.3518647597745511,1.4852318333949044,-38.025246136110084,144.85744712677842,24.0,25.0,25.0,18,danger,safe,0.043454855968623377,-135.57680053989142,synthetic,,,,,40,0,False,False
346.0,,target,999510204,HEAD ON TRADER,-0.03999999999999994,1.66,-38.02233333333333,144.84915341032922,14.0,180.0,180.0,1,danger,danger,0.039999999999999904,79.38461538461537,synthetic,,,,,70,0,False,False
346.0,,target,995039901,DEMO VIRTUAL WRECK,0.38,1.55,-38.024166666666666,144.85804260187243,0.0,0.0,0.0,21,,caution,0.38,139.0,synthetic,,,,,60,17,True,False
347.0,,own,999510000,DEMO OWN SHIP,0.0,1.09,-38.03183333333333,144.85,12.0,0.0,0.0,1,,,,,synthetic,,,,,60,,False,False
347.0,,target,999510202,DANCING TUG,1.3119941746752357,-0.33073292803097004,-38.05551221546718,144.87776801791014,9.0,60.0,60.0,18,,safe,0.11404275099723904,-642.5070622832569,synthetic,,,,,52,0,False,False
347.0,,target,999510203,FAST FERRY,0.3546822148528225,1.491273885308482,-38.02514543524486,144.8575067574876,24.0,25.0,25.0,18,danger,safe,0.04345485596862322,-136.57680053989142,synthetic,,,,,40,0,False,False
347.0,,target,999510204,HEAD ON TRADER,-0.03999999999999994,1.656111111111111,-38.02239814814815,144.84915341032922,14.0,180.0,180.0,1,danger,danger,0.039999999999999904,78.38461538461537,synthetic,,,,,70,0,False,False
347.0,,target,995039901,DEMO VIRTUAL WRECK,0.38,1.55,-38.024166666666666,144.85804260187243,0.0,0.0,0.0,21,,caution,0.38,137.99999999999997,synthetic,,,,,60,17,True,False
348.0,,own,999510000,DEMO OWN SHIP,0.0,1.0933333333333333,-38.031777777777776,144.85,12.0,0.0,0.0,1,,,,,synthetic,,,,,60,,False,False
348.0,,target,999510202,DANCING TUG,1.3141592381846967,-0.32948292803097,-38.055491382133845,144.87781384092025,9.0,60.0,60.0,18,,safe,0.1140427509972389,-643.5070622832567,synthetic,,,,,52,0,False,False
348.0,,target,999510203,FAST FERRY,0.3574996699310938,1.4973159372220597,-38.02504473437963,144.85756638819677,24.0,25.0,25.0,18,danger,safe,0.04345485596862342,-137.5768005398914,synthetic,,,,,40,0,False,False
348.0,,target,999510204,HEAD ON TRADER,-0.03999999999999994,1.652222222222222,-38.02246296296296,144.84915341032922,14.0,180.0,180.0,1,danger,danger,0.039999999999999904,77.38461538461539,synthetic,,,,,70,0,False,False
348.0,,target,995039901,DEMO VIRTUAL WRECK,0.38,1.55,-38.024166666666666,144.85804260187243,0.0,0.0,0.0,21,,caution,0.38,137.00000000000003,synthetic,,,,,60,17,True,False
349.0,,own,999510000,DEMO OWN SHIP,0.0,1.0966666666666667,-38.03172222222222,144.85,12.0,0.0,0.0,1,,,,,synthetic,,,,,60,,False,False
349.0,,target,999510202,DANCING TUG,1.316324301694158,-0.32823292803097004,-38.055470548800514,144.87785966393034,9.0,60.0,60.0,18,,safe,0.11404275099723889,-644.5070622832569,synthetic,,,,,52,0,False,False
349.0,,target,999510203,FAST FERRY,0.3603171250093651,1.5033579891356372,-38.0249440335144,144.85762601890596,24.0,25.0,25.0,18,danger,safe,0.04345485596862326,-138.5768005398914,synthetic,,,,,40,0,False,False
349.0,,target,999510204,HEAD ON TRADER,-0.03999999999999994,1.6483333333333332,-38.022527777777775,144.84915341032922,14.0,180.0,180.0,1,danger,danger,0.039999999999999904,76.38461538461536,synthetic,,,,,70,0,False,False
349.0,,target,995039901,DEMO VIRTUAL WRECK,0.38,1.55,-38.024166666666666,144.85804260187243,0.0,0.0,0.0,21,,caution,0.38,136.0,synthetic,,,,,60,17,True,False
350.0,,own,999510000,DEMO OWN SHIP,0.0,1.1,-38.031666666666666,144.85,12.0,0.0,0.0,1,,,,,synthetic,,,,,60,,False,False
350.0,,target,999510202,DANCING TUG,1.318489365203619,-0.32698292803097,-38.05544971546718,144.87790548694042,9.0,60.0,60.0,18,,safe,0.11404275099723889,-645.5070622832568,synthetic,,,,,52,0,False,False
350.0,,target,999510203,FAST FERRY,0.36313458008763644,1.509400041049215,-38.024843332649176,144.85768564961515,24.0,25.0,25.0,18,danger,safe,0.0434548559686233,-139.5768005398914,synthetic,,,,,40,0,False,False
350.0,,target,999510204,HEAD ON TRADER,-0.03999999999999994,1.6444444444444444,-38.02259259259259,144.84915341032922,14.0,180.0,180.0,1,danger,danger,0.039999999999999904,75.38461538461536,synthetic,,,,,70,0,False,False
350.0,,target,995039901,DEMO VIRTUAL WRECK,0.38,1.55,-38.024166666666666,144.85804260187243,0.0,0.0,0.0,21,,caution,0.38,134.99999999999997,synthetic,,,,,60,17,True,False
351.0,,own,999510000,DEMO OWN SHIP,0.0,1.1033333333333333,-38.03161111111111,144.85,12.0,0.0,0.0,1,,,,,synthetic,,,,,60,,False,False
351.0,,target,999510202,DANCING TUG,1.3206544287130801,-0.32573292803097004,-38.055428882133846,144.87795130995053,9.0,60.0,60.0,18,,safe,0.11404275099723873,-646.5070622832568,synthetic,,,,,52,0,False,False
351.0,,target,999510203,FAST FERRY,0.3659520351659078,1.5154420929627928,-38.02474263178395,144.8577452803243,24.0,25.0,25.0,18,danger,safe,0.04345485596862341,-140.57680053989145,synthetic,,,,,40,0,False,False
351.0,,target,999510204,HEAD ON TRADER,-0.03999999999999994,1.6405555555555553,-38.02265740740741,144.84915341032922,14.0,180.0,180.0,1,danger,danger,0.039999999999999904,74.38461538461536,synthetic,,,,,70,0,False,False
351.0,,target,995039901,DEMO VIRTUAL WRECK,0.38,1.55,-38.024166666666666,144.85804260187243,0.0,0.0,0.0,21,,caution,0.38,134.00000000000003,synthetic,,,,,60,17,True,False
352.0,,own,999510000,DEMO OWN SHIP,0.0,1.1066666666666667,-38.031555555555556,144.85,12.0,0.0,0.0,1,,,,,synthetic,,,,,60,,False,False
352.0,,target,999510202,DANCING TUG,1.3228194922225411,-0.32448292803097,-38.055408048800516,144.87799713296062,9.0,60.0,60.0,18,,safe,0.11404275099723889,-647.5070622832568,synthetic,,,,,52,0,False,False
352.0,,target,999510203,FAST FERRY,0.3687694902441791,1.5214841448763703,-38.024641930918726,144.8578049110335,24.0,25.0,25.0,18,danger,safe,0.0434548559686233,-141.5768005398914,synthetic,,,,,40,0,False,False
352.0,,target,999510204,HEAD ON TRADER,-0.03999999999999994,1.6366666666666667,-38.02272222222222,144.84915341032922,14.0,180.0,180.0,1,danger,danger,0.039999999999999904,73.38461538461539,synthetic,,,,,70,0,False,False
352.0,,target,995039901,DEMO VIRTUAL WRECK,0.38,1.55,-38.024166666666666,144.85804260187243,0.0,0.0,0.0,21,,caution,0.38,133.0,synthetic,,,,,60,17,True,False
353.0,,own,999510000,DEMO OWN SHIP,0.0,1.11,-38.031499999999994,144.85,12.0,0.0,0.0,1,,,,,synthetic,,,,,60,,False,False
353.0,,target,999510202,DANCING TUG,1.3249845557320024,-0.32323292803097003,-38.05538721546718,144.8780429559707,9.0,60.0,60.0,18,,safe,0.1140427509972389,-648.5070622832568,synthetic,,,,,52,0,False,False
353.0,,target,999510203,FAST FERRY,0.3715869453224504,1.527526196789948,-38.0245412300535,144.85786454174269,24.0,25.0,25.0,18,danger,safe,0.043454855968623335,-142.5768005398914,synthetic,,,,,40,0,False,False
353.0,,target,999510204,HEAD ON TRADER,-0.03999999999999994,1.6327777777777777,-38.022787037037034,144.84915341032922,14.0,180.0,180.0,1,danger,danger,0.039999999999999904,72.38461538461536,synthetic,,,,,70,0,False,False
353.0,,target,995039901,DEMO VIRTUAL WRECK,0.38,1.55,-38.024166666666666,144.85804260187243,0.0,0.0,0.0,21,,caution,0.38,131.99999999999997,synthetic,,,,,60,17,True,False
354.0,,own,999510000,DEMO OWN SHIP,0.0,1.1133333333333333,-38.03144444444444,144.85,12.0,0.0,0.0,1,,,,,synthetic,,,,,60,,False,False
354.0,,target,999510202,DANCING TUG,1.3271496192414634,-0.32198292803097,-38.05536638213385,144.8780887789808,9.0,60.0,60.0,18,,safe,0.11404275099723889,-649.5070622832568,synthetic,,,,,52,0,False,False
354.0,,target,999510203,FAST FERRY,0.37440440040072176,1.5335682487035256,-38.02444052918827,144.85792417245185,24.0,25.0,25.0,18,danger,safe,0.043454855968623335,-143.57680053989142,synthetic,,,,,40,0,False,False
354.0,,target,999510204,HEAD ON TRADER,-0.03999999999999994,1.6288888888888888,-38.02285185185185,144.84915341032922,14.0,180.0,180.0,1,danger,danger,0.039999999999999904,71.38461538461539,synthetic,,,,,70,0,False,False
354.0,,target,995039901,DEMO VIRTUAL WRECK,0.38,1.55,-38.024166666666666,144.85804260187243,0.0,0.0,0.0,21,,caution,0.38,131.0,synthetic,,,,,60,17,True,False
355.0,,own,999510000,DEMO OWN SHIP,0.0,1.1166666666666667,-38.031388888888884,144.85,12.0,0.0,0.0,1,,,,,synthetic,,,,,60,,False,False
355.0,,target,999510202,DANCING TUG,1.3293146827509243,-0.32073292803097003,-38.05534554880051,144.8781346019909,9.0,60.0,60.0,18,,safe,0.11404275099723905,-650.5070622832568,synthetic,,,,,52,0,False,False
355.0,,target,999510203,FAST FERRY,0.3772218554789931,1.5396103006171034,-38.02433982832304,144.85798380316103,24.0,25.0,25.0,18,danger,safe,0.043454855968623335,-144.57680053989142,synthetic,,,,,40,0,False,False
355.0,,target,999510204,HEAD ON TRADER,-0.03999999999999994,1.625,-38.02291666666667,144.84915341032922,14.0,180.0,180.0,1,danger,danger,0.039999999999999904,70.38461538461539,synthetic,,,,,70,0,False,False
355.0,,target,995039901,DEMO VIRTUAL WRECK,0.38,1.55,-38.024166666666666,144.85804260187243,0.0,0.0,0.0,21,,caution,0.38,130.0,synthetic,,,,,60,17,True,False
356.0,,own,999510000,DEMO OWN SHIP,0.0,1.12,-38.03133333333333,144.85,12.0,0.0,0.0,1,,,,,synthetic,,,,,60,,False,False
356.0,,target,999510202,DANCING TUG,1.3314797462603856,-0.31948292803097,-38.05532471546718,144.87818042500098,9.0,60.0,60.0,18,,safe,0.11404275099723904,-651.5070622832569,synthetic,,,,,52,0,False,False
356.0,,target,999510203,FAST FERRY,0.3800393105572644,1.5456523525306811,-38.02423912745782,144.85804343387022,24.0,25.0,25.0,18,danger,safe,0.043454855968623335,-145.57680053989142,synthetic,,,,,40,0,False,False
356.0,,target,999510204,HEAD ON TRADER,-0.03999999999999994,1.621111111111111,-38.02298148148148,144.84915341032922,14.0,180.0,180.0,1,danger,danger,0.039999999999999904,69.38461538461534,synthetic,,,,,70,0,False,False
356.0,,target,995039901,DEMO VIRTUAL WRECK,0.38,1.55,-38.024166666666666,144.85804260187243,0.0,0.0,0.0,21,,caution,0.38,128.99999999999994,synthetic,,,,,60,17,True,False
357.0,,own,999510000,DEMO OWN SHIP,0.0,1.1233333333333333,-38.031277777777774,144.85,12.0,0.0,0.0,1,,,,,synthetic,,,,,60,,False,False
357.0,,target,999510202,DANCING TUG,1.3336448097698466,-0.31823292803097003,-38.05530388213385,144.87822624801106,9.0,60.0,60.0,18,,safe,0.11404275099723904,-652.5070622832569,synthetic,,,,,52,0,False,False
357.0,,target,999510203,FAST FERRY,0.3828567656355357,1.5516944044442587,-38.02413842659259,144.85810306457938,24.0,25.0,25.0,18,danger,safe,0.04345485596862341,-146.57680053989142,synthetic,,,,,40,0,False,False
357.0,,target,999510204,HEAD ON TRADER,-0.03999999999999994,1.6172222222222221,-38.02304629629629,144.84915341032922,14.0,180.0,180.0,1,danger,danger,0.039999999999999904,68.38461538461539,synthetic,,,,,70,0,False,False
357.0,,target,995039901,DEMO VIRTUAL WRECK,0.38,1.55,-38.024166666666666,144.85804260187243,0.0,0.0,0.0,21,,caution,0.38,128.0,synthetic,,,,,60,17,True,False
358.0,,own,999510000,DEMO OWN SHIP,0.0,1.1266666666666667,-38.03122222222222,144.85,12.0,0.0,0.0,1,,,,,synthetic,,,,,60,,False,False
358.0,,target,999510202,DANCING TUG,1.3358098732793078,-0.31698292803097006,-38.05528304880051,144.87827207102117,9.0,60.0,60.0,18,,safe,0.11404275099723873,-653.5070622832569,synthetic,,,,,52,0,False,False
358.0,,target,999510203,FAST FERRY,0.3856742207138071,1.5577364563578364,-38.02403772572737,144.85816269528857,24.0,25.0,25.0,18,danger,safe,0.043454855968623377,-147.5768005398914,synthetic,,,,,40,0,False,False
358.0,,target,999510204,HEAD ON TRADER,-0.03999999999999994,1.6133333333333333,-38.023111111111106,144.84915341032922,14.0,180.0,180.0,1,danger,danger,0.039999999999999904,67.38461538461537,synthetic,,,,,70,0,False,False
358.0,,target,995039901,DEMO VIRTUAL WRECK,0.38,1.55,-38.024166666666666,144.85804260187243,0.0,0.0,0.0,21,,caution,0.38,126.99999999999999,synthetic,,,,,60,17,True,False
359.0,,own,999510000,DEMO OWN SHIP,0.0,1.1300000000000001,-38.031166666666664,144.85,12.0,0.0,0.0,1,,,,,synthetic,,,,,60,,False,False
359.0,,target,999510202,DANCING TUG,1.3379749367887688,-0.31573292803097003,-38.05526221546718,144.87831789403126,9.0,60.0,60.0,18,,safe,0.11404275099723905,-654.5070622832568,synthetic,,,,,52,0,False,False
359.0,,target,999510203,FAST FERRY,0.38849167579207844,1.563778508271414,-38.02393702486214,144.85822232599776,24.0,25.0,25.0,18,danger,safe,0.04345485596862322,-148.5768005398914,synthetic,,,,,40,0,False,False
359.0,,target,999510204,HEAD ON TRADER,-0.03999999999999993,1.6094444444444442,-38.023175925925926,144.84915341032922,14.0,180.0,180.0,1,danger,danger,0.0399999999999999,66.38461538461534,synthetic,,,,,70,0,False,False
359.0,,target,995039901,DEMO VIRTUAL WRECK,0.38,1.55,-38.024166666666666,144.85804260187243,0.0,0.0,0.0,21,,caution,0.38,125.99999999999996,synthetic,,,,,60,17,True,False
360.0,,own,999510000,DEMO OWN SHIP,0.0,1.1333333333333333,-38.03111111111111,144.85,12.0,0.0,0.0,1,,,,,synthetic,,,,,60,,False,False
360.0,,target,999510202,DANCING TUG,1.34014000029823,-0.31448292803097,-38.05524138213384,144.87836371704134,9.0,60.0,60.0,18,,safe,0.11404275099723873,-655.5070622832568,synthetic,,,,,52,0,False,False
360.0,,target,999510203,FAST FERRY,0.39130913087034974,1.5698205601849917,-38.02383632399692,144.85828195670695,24.0,25.0,25.0,18,danger,safe,0.04345485596862341,-149.57680053989145,synthetic,,,,,40,0,False,False
360.0,,target,999510204,HEAD ON TRADER,-0.03999999999999993,1.6055555555555556,-38.02324074074074,144.84915341032922,14.0,180.0,180.0,1,danger,danger,0.039999999999999904,65.3846153846154,synthetic,,,,,70,0,False,False
360.0,,target,995039901,DEMO VIRTUAL WRECK,0.38,1.55,-38.024166666666666,144.85804260187243,0.0,0.0,0.0,21,,caution,0.38,125.0,synthetic,,,,,60,17,True,False
361.0,,own,999510000,DEMO OWN SHIP,0.0,1.1366666666666667,-38.031055555555554,144.85,12.0,0.0,0.0,1,,,,,synthetic,,,,,60,,False,False
361.0,,target,999510202,DANCING TUG,1.342305063807691,-0.31323292803097,-38.05522054880051,144.87840954005145,9.0,60.0,60.0,18,,safe,0.11404275099723889,-656.5070622832569,synthetic,,,,,52,0,False,False
361.0,,target,999510203,FAST FERRY,0.39412658594862104,1.5758626120985693,-38.023735623131685,144.8583415874161,24.0,25.0,25.0,18,danger,safe,0.04345485596862326,-150.5768005398914,synthetic,,,,,40,0,False,False
361.0,,target,999510204,HEAD ON TRADER,-0.03999999999999993,1.6016666666666666,-38.02330555555555,144.84915341032922,14.0,180.0,180.0,1,danger,danger,0.039999999999999904,64.38461538461537,synthetic,,,,,70,0,False,False
361.0,,target,995039901,DEMO VIRTUAL WRECK,0.38,1.55,-38.024166666666666,144.85804260187243,0.0,0.0,0.0,21,,caution,0.38,123.99999999999999,synthetic,,,,,60,17,True,False
362.0,,own,999510000,DEMO OWN SHIP,0.0,1.1400000000000001,-38.031,144.85,12.0,0.0,0.0,1,,,,,synthetic,,,,,60,,False,False
362.0,,target,999510202,DANCING TUG,1.3444701273171522,-0.31198292803097005,-38.05519971546718,144.87845536306153,9.0,60.0,60.0,18,,safe,0.11404275099723889,-657.507062283257,synthetic,,,,,52,0,False,False
362.0,,target,999510203,FAST FERRY,0.3969440410268924,1.581904664012147,-38.02363492226646,144.8584012181253,24.0,25.0,25.0,18,danger,safe,0.04345485596862326,-151.57680053989137,synthetic,,,,,40,0,False,False
362.0,,target,999510204,HEAD ON TRADER,-0.03999999999999993,1.5977777777777777,-38.023370370370365,144.84915341032922,14.0,180.0,180.0,1,danger,danger,0.039999999999999904,63.384615384615365,synthetic,,,,,70,0,False,False
362.0,,target,995039901,DEMO VIRTUAL WRECK,0.38,1.55,-38.024166666666666,144.85804260187243,0.0,0.0,0.0,21,,caution,0.38,122.99999999999996,synthetic,,,,,60,17,True,False
363.0,,own,999510000,DEMO OWN SHIP,0.0,1.1433333333333333,-38.030944444444444,144.85,12.0,0.0,0.0,1,,,,,synthetic,,,,,60,,False,False
363.0,,target,999510202,DANCING TUG,1.3466351908266132,-0.31073292803097,-38.055178882133845,144.87850118607162,9.0,60.0,60.0,18,,safe,0.11404275099723889,-658.5070622832568,synthetic,,,,,52,0,False,False
363.0,,target,999510203,FAST FERRY,0.39976149610516376,1.5879467159257246,-38.023534221401235,144.85846084883448,24.0,25.0,25.0,18,danger,safe,0.04345485596862329,-152.57680053989142,synthetic,,,,,40,0,False,False
363.0,,target,999510204,HEAD ON TRADER,-0.03999999999999993,1.593888888888889,-38.023435185185186,144.84915341032922,14.0,180.0,180.0,1,danger,danger,0.039999999999999904,62.384615384615394,synthetic,,,,,70,0,False,False
363.0,,target,995039901,DEMO VIRTUAL WRECK,0.38,1.55,-38.024166666666666,144.85804260187243,0.0,0.0,0.0,21,,caution,0.38,122.0,synthetic,,,,,60,17,True,False
364.0,,own,999510000,DEMO OWN SHIP,0.0,1.1466666666666667,-38.03088888888889,144.85,12.0,0.0,0.0,1,,,,,synthetic,,,,,60,,False,False
364.0,,target,999510202,DANCING TUG,1.3488002543360744,-0.30948292803097,-38.055158048800514,144.87854700908173,9.0,60.0,60.0,18,,safe,0.1140427509972389,-659.5070622832568,synthetic,,,,,52,0,False,False
364.0,,target,999510203,FAST FERRY,0.40257895118343506,1.5939887678393023,-38.02343352053601,144.85852047954364,24.0,25.0,25.0,18,danger,safe,0.04345485596862329,-153.57680053989142,synthetic,,,,,40,0,False,False
364.0,,target,999510204,HEAD ON TRADER,-0.03999999999999993,1.5899999999999999,-38.0235,144.84915341032922,14.0,180.0,180.0,1,danger,danger,0.039999999999999904,61.38461538461536,synthetic,,,,,70,0,False,False
364.0,,target,995039901,DEMO VIRTUAL WRECK,0.38,1.55,-38.024166666666666,144.85804260187243,0.0,0.0,0.0,21,,caution,0.38,120.99999999999999,synthetic,,,,,60,17,True,False
365.0,,own,999510000,DEMO OWN SHIP,0.0,1.15,-38.030833333333334,144.85,12.0,0.0,0.0,1,,,,,synthetic,,,,,60,,False,False
365.0,,target,999510202,DANCING TUG,1.3509653178455354,-0.30823292803097,-38.05513721546718,144.8785928320918,9.0,60.0,60.0,18,,safe,0.11404275099723889,-660.5070622832568,synthetic,,,,,52,0,False,False
365.0,,target,999510203,FAST FERRY,0.40539640626170637,1.60003081975288,-38.023332819670784,144.85858011025283,24.0,25.0,25.0,18,danger,safe,0.043454855968623494,-154.57680053989145,synthetic,,,,,40,0,False,False
365.0,,target,999510204,HEAD ON TRADER,-0.03999999999999993,1.586111111111111,-38.02356481481481,144.84915341032922,14.0,180.0,180.0,1,danger,danger,0.039999999999999904,60.38461538461539,synthetic,,,,,70,0,False,False
365.0,,target,995039901,DEMO VIRTUAL WRECK,0.38,1.55,-38.024166666666666,144.85804260187243,0.0,0.0,0.0,21,,caution,0.38,120.00000000000003,synthetic,,,,,60,17,True,False
366.0,,own,999510000,DEMO OWN SHIP,0.0,1.1533333333333333,-38.03077777777777,144.85,12.0,0.0,0.0,1,,,,,synthetic,,,,,60,,False,False
366.0,,target,999510202,DANCING TUG,1.3531303813549966,-0.30698292803097005,-38.055116382133846,144.8786386551019,9.0,60.0,60.0,18,,safe,0.11404275099723873,-661.5070622832568,synthetic,,,,,52,0,False,False
366.0,,target,999510203,FAST FERRY,0.4082138613399777,1.6060728716664576,-38.02323211880556,144.85863974096202,24.0,25.0,25.0,18,danger,safe,0.043454855968623335,-155.57680053989142,synthetic,,,,,40,0,False,False
366.0,,target,999510204,HEAD ON TRADER,-0.03999999999999993,1.5822222222222222,-38.023629629629625,144.84915341032922,14.0,180.0,180.0,1,danger,danger,0.039999999999999904,59.38461538461539,synthetic,,,,,70,0,False,False
366.0,,target,995039901,DEMO VIRTUAL WRECK,0.38,1.55,-38.024166666666666,144.85804260187243,0.0,0.0,0.0,21,,caution,0.38,119.0,synthetic,,,,,60,17,True,False
367.0,,own,999510000,DEMO OWN SHIP,0.0,1.1566666666666667,-38.03072222222222,144.85,12.0,0.0,0.0,1,,,,,synthetic,,,,,60,,False,False
367.0,,target,999510202,DANCING TUG,1.3552954448644576,-0.30573292803097,-38.055095548800516,144.878684478112,9.0,60.0,60.0,18,,safe,0.11404275099723889,-662.5070622832569,synthetic,,,,,52,0,False,False
367.0,,target,999510203,FAST FERRY,0.4110313164182491,1.6121149235800354,-38.02313141794033,144.85869937167118,24.0,25.0,25.0,18,danger,safe,0.043454855968623335,-156.57680053989142,synthetic,,,,,40,0,False,False
367.0,,target,999510204,HEAD ON TRADER,-0.03999999999999993,1.5783333333333331,-38.023694444444445,144.84915341032922,14.0,180.0,180.0,1,danger,danger,0.039999999999999904,58.38461538461535,synthetic,,,,,70,0,False,False
367.0,,target,995039901,DEMO VIRTUAL WRECK,0.38,1.55,-38.024166666666666,144.85804260187243,0.0,0.0,0.0,21,,caution,0.38,117.99999999999999,synthetic,,,,,60,17,True,False
368.0,,own,999510000,DEMO OWN SHIP,0.0,1.1600000000000001,-38.03066666666666,144.85,12.0,0.0,0.0,1,,,,,synthetic,,,,,60,,False,False
368.0,,target,999510202,DANCING TUG,1.3574605083739186,-0.30448292803097,-38.05507471546718,144.8787303011221,9.0,60.0,60.0,18,,safe,0.11404275099723904,-663.5070622832569,synthetic,,,,,52,0,False,False
368.0,,target,999510203,FAST FERRY,0.4138487714965204,1.618156975493613,-38.0230307170751,144.85875900238037,24.0,25.0,25.0,18,danger,safe,0.04345485596862322,-157.5768005398914,synthetic,,,,,40,0,False,False
368.0,,target,999510204,HEAD ON TRADER,-0.03999999999999993,1.5744444444444445,-38.02375925925926,144.84915341032922,14.0,180.0,180.0,1,danger,danger,0.039999999999999904,57.38461538461538,synthetic,,,,,70,0,False,False
368.0,,target,995039901,DEMO VIRTUAL WRECK,0.38,1.55,-38.024166666666666,144.85804260187243,0.0,0.0,0.0,21,,caution,0.38,116.99999999999996,synthetic,,,,,60,17,True,False
369.0,,own,999510000,DEMO OWN SHIP,0.0,1.1633333333333333,-38.03061111111111,144.85,12.0,0.0,0.0,1,,,,,synthetic,,,,,60,,False,False
369.0,,target,999510202,DANCING TUG,1.3596255718833798,-0.30323292803097,-38.05505388213385,144.87877612413217,9.0,60.0,60.0,18,,safe,0.11404275099723873,-664.5070622832569,synthetic,,,,,52,0,False,False
369.0,,target,999510203,FAST FERRY,0.4166662265747917,1.6241990274071907,-38.02293001620988,144.85881863308956,24.0,25.0,25.0,18,danger,safe,0.04345485596862341,-158.57680053989142,synthetic,,,,,40,0,False,False
369.0,,target,999510204,HEAD ON TRADER,-0.03999999999999993,1.5705555555555555,-38.02382407407407,144.84915341032922,14.0,180.0,180.0,1,danger,danger,0.039999999999999904,56.38461538461538,synthetic,,,,,70,0,False,False
369.0,,target,995039901,DEMO VIRTUAL WRECK,0.38,1.55,-38.024166666666666,144.85804260187243,0.0,0.0,0.0,21,,caution,0.38,116.0,synthetic,,,,,60,17,True,False
370.0,,own,999510000,DEMO OWN SHIP,0.0,1.1666666666666667,-38.03055555555555,144.85,12.0,0.0,0.0,1,,,,,synthetic,,,,,60,,False,False
370.0,,target,999510202,DANCING TUG,1.3617906353928408,-0.30198292803097004,-38.05503304880051,144.87882194714228,9.0,60.0,60.0,18,,safe,0.11404275099723905,-665.5070622832568,synthetic,,,,,52,0,False,False
370.0,,target,999510203,FAST FERRY,0.41948368165306305,1.6302410793207684,-38.02282931534465,144.85887826379872,24.0,25.0,25.0,18,danger,safe,0.04345485596862341,-159.57680053989145,synthetic,,,,,40,0,False,False
370.0,,target,999510204,HEAD ON TRADER,-0.03999999999999993,1.5666666666666664,-38.023888888888884,144.84915341032922,14.0,180.0,180.0,1,danger,danger,0.039999999999999904,55.384615384615344,synthetic,,,,,70,0,False,False
370.0,,target,995039901,DEMO VIRTUAL WRECK,0.38,1.55,-38.024166666666666,144.85804260187243,0.0,0.0,0.0,21,,caution,0.38,114.99999999999999,synthetic,,,,,60,17,True,False
371.0,,own,999510000,DEMO OWN SHIP,0.0,1.17,-38.030499999999996,144.85,12.0,0.0,0.0,1,,,,,synthetic,,,,,60,,False,False
371.0,,target,999510202,DANCING TUG,1.363955698902302,-0.30073292803097,-38.05501221546718,144.87886777015237,9.0,60.0,60.0,18,,safe,0.11404275099723873,-666.5070622832568,synthetic,,,,,52,0,False,False
371.0,,target,999510203,FAST FERRY,0.4223011367313344,1.636283131234346,-38.022728614479426,144.8589378945079,24.0,25.0,25.0,18,danger,safe,0.043454855968623377,-160.57680053989145,synthetic,,,,,40,0,False,False
371.0,,target,999510204,HEAD ON TRADER,-0.03999999999999993,1.5627777777777778,-38.023953703703704,144.84915341032922,14.0,180.0,180.0,1,danger,danger,0.039999999999999904,54.38461538461541,synthetic,,,,,70,0,False,False
371.0,,target,995039901,DEMO VIRTUAL WRECK,0.38,1.55,-38.024166666666666,144.85804260187243,0.0,0.0,0.0,21,,caution,0.38,114.00000000000001,synthetic,,,,,60,17,True,False
372.0,,own,999510000,DEMO OWN SHIP,0.0,1.1733333333333333,-38.03044444444444,144.85,12.0,0.0,0.0,1,,,,,synthetic,,,,,60,,False,False
372.0,,target,999510202,DANCING TUG,1.366120762411763,-0.29948292803097,-38.05499138213385,144.87891359316245,9.0,60.0,60.0,18,,safe,0.11404275099723904,-667.5070622832569,synthetic,,,,,52,0,False,False
372.0,,target,999510203,FAST FERRY,0.4251185918096057,1.6423251831479235,-38.0226279136142,144.8589975252171,24.0,25.0,25.0,18,danger,safe,0.04345485596862326,-161.57680053989137,synthetic,,,,,40,0,False,False
372.0,,target,999510204,HEAD ON TRADER,-0.03999999999999993,1.5588888888888888,-38.02401851851852,144.84915341032922,14.0,180.0,180.0,1,danger,danger,0.039999999999999904,53.38461538461537,synthetic,,,,,70,0,False,False
372.0,,target,995039901,DEMO VIRTUAL WRECK,0.38,1.55,-38.024166666666666,144.85804260187243,0.0,0.0,0.0,21,,caution,0.38,113.0,synthetic,,,,,60,17,True,False
373.0,,own,999510000,DEMO OWN SHIP,0.0,1.1766666666666667,-38.030388888888886,144.85,12.0,0.0,0.0,1,,,,,synthetic,,,,,60,,False,False
373.0,,target,999510202,DANCING TUG,1.3682858259212243,-0.29823292803097,-38.05497054880051,144.87895941617256,9.0,60.0,60.0,18,,safe,0.11404275099723873,-668.5070622832568,synthetic,,,,,52,0,False,False
373.0,,target,999510203,FAST FERRY,0.427936046887877,1.6483672350615013,-38.02252721274897,144.85905715592625,24.0,25.0,25.0,18,danger,safe,0.0434548559686233,-162.5768005398914,synthetic,,,,,40,0,False,False
373.0,,target,999510204,HEAD ON TRADER,-0.039999999999999925,1.555,-38.02408333333333,144.84915341032922,14.0,180.0,180.0,1,danger,danger,0.0399999999999999,52.384615384615365,synthetic,,,,,70,0,False,False
373.0,,target,995039901,DEMO VIRTUAL WRECK,0.38,1.55,-38.024166666666666,144.85804260187243,0.0,0.0,0.0,21,,caution,0.38,111.99999999999999,synthetic,,,,,60,17,True,False
374.0,,own,999510000,DEMO OWN SHIP,0.0,1.18,-38.03033333333333,144.85,12.0,0.0,0.0,1,,,,,synthetic,,,,,60,,False,False
374.0,,target,999510202,DANCING TUG,1.3704508894306853,-0.29698292803097004,-38.05494971546718,144.87900523918265,9.0,60.0,60.0,18,,safe,0.11404275099723889,-669.5070622832568,synthetic,,,,,52,0,False,False
374.0,,target,999510203,FAST FERRY,0.43075350196614837,1.654409286975079,-38.022426511883744,144.85911678663544,24.0,25.0,25.0,18,danger,safe,0.04345485596862345,-163.57680053989145,synthetic,,,,,40,0,False,False
374.0,,target,999510204,HEAD ON TRADER,-0.039999999999999925,1.551111111111111,-38.02414814814814,144.84915341032922,14.0,180.0,180.0,1,danger,danger,0.0399999999999999,51.3846153846154,synthetic,,,,,70,0,False,False
374.0,,target,995039901,DEMO VIRTUAL WRECK,0.38,1.55,-38.024166666666666,144.85804260187243,0.0,0.0,0.0,21,,caution,0.38,111.00000000000001,synthetic,,,,,60,17,True,False
375.0,,own,999510000,DEMO OWN SHIP,0.0,1.1833333333333333,-38.030277777777776,144.85,12.0,0.0,0.0,1,,,,,synthetic,,,,,60,,False,False
375.0,,target,999510202,DANCING TUG,1.3726159529401465,-0.29573292803097,-38.054928882133844,144.87905106219273,9.0,60.0,60.0,18,,safe,0.11404275099723873,-670.5070622832568,synthetic,,,,,52,0,False,False
375.0,,target,999510203,FAST FERRY,0.43357095704441967,1.6604513388886568,-38.02232581101852,144.85917641734463,24.0,25.0,25.0,18,danger,safe,0.04345485596862345,-164.57680053989145,synthetic,,,,,40,0,False,False
375.0,,target,999510204,HEAD ON TRADER,-0.039999999999999925,1.547222222222222,-38.02421296296296,144.84915341032922,14.0,180.0,180.0,1,danger,danger,0.039999999999999904,50.384615384615365,synthetic,,,,,70,0,False,False
375.0,,target,995039901,DEMO VIRTUAL WRECK,0.38,1.55,-38.024166666666666,144.85804260187243,0.0,0.0,0.0,21,,caution,0.38,110.0,synthetic,,,,,60,17,True,False
376.0,,own,999510000,DEMO OWN SHIP,0.0,1.1866666666666668,-38.03022222222222,144.85,12.0,0.0,0.0,1,,,,,synthetic,,,,,60,,False,False
376.0,,target,999510202,DANCING TUG,1.3747810164496075,-0.29448292803097,-38.05490804880051,144.87909688520284,9.0,60.0,60.0,18,,safe,0.11404275099723905,-671.5070622832568,synthetic,,,,,52,0,False,False
376.0,,target,999510203,FAST FERRY,0.436388412122691,1.6664933908022344,-38.02222511015329,144.8592360480538,24.0,25.0,25.0,18,danger,safe,0.04345485596862329,-165.57680053989142,synthetic,,,,,40,0,False,False
376.0,,target,999510204,HEAD ON TRADER,-0.039999999999999925,1.5433333333333332,-38.024277777777776,144.84915341032922,14.0,180.0,180.0,1,danger,danger,0.039999999999999904,49.38461538461536,synthetic,,,,,70,0,False,False
376.0,,target,995039901,DEMO VIRTUAL WRECK,0.38,1.55,-38.024166666666666,144.85804260187243,0.0,0.0,0.0,21,,caution,0.38,108.99999999999996,synthetic,,,,,60,17,True,False
377.0,,own,999510000,DEMO OWN SHIP,0.0,1.19,-38.030166666666666,144.85,12.0,0.0,0.0,1,,,,,synthetic,,,,,60,,False,False
377.0,,target,999510202,DANCING TUG,1.3769460799590685,-0.29323292803097,-38.05488721546718,144.87914270821292,9.0,60.0,60.0,18,,safe,0.11404275099723889,-672.5070622832569,synthetic,,,,,52,0,False,False
377.0,,target,999510203,FAST FERRY,0.43920586720096233,1.672535442715812,-38.02212440928807,144.85929567876298,24.0,25.0,25.0,18,danger,safe,0.043454855968623335,-166.5768005398914,synthetic,,,,,40,0,False,False
377.0,,target,999510204,HEAD ON TRADER,-0.039999999999999925,1.5394444444444444,-38.02434259259259,144.84915341032922,14.0,180.0,180.0,1,danger,danger,0.039999999999999904,48.384615384615394,synthetic,,,,,70,0,False,False
377.0,,target,995039901,DEMO VIRTUAL WRECK,0.38,1.55,-38.024166666666666,144.85804260187243,0.0,0.0,0.0,21,,caution,0.38,108.00000000000001,synthetic,,,,,60,17,True,False
378.0,,own,999510000,DEMO OWN SHIP,0.0,1.1933333333333334,-38.03011111111111,144.85,12.0,0.0,0.0,1,,,,,synthetic,,,,,60,,False,False
378.0,,target,999510202,DANCING TUG,1.3791111434685297,-0.29198292803097003,-38.054866382133845,144.879188531223,9.0,60.0,60.0,18,,safe,0.11404275099723889,-673.5070622832569,synthetic,,,,,52,0,False,False
378.0,,target,999510203,FAST FERRY,0.4420233222792337,1.6785774946293897,-38.02202370842284,144.85935530947216,24.0,25.0,25.0,18,danger,safe,0.043454855968623335,-167.57680053989142,synthetic,,,,,40,0,False,False
378.0,,target,999510204,HEAD ON TRADER,-0.039999999999999925,1.5355555555555553,-38.0244074074074,144.84915341032922,14.0,180.0,180.0,1,danger,danger,0.039999999999999904,47.38461538461536,synthetic,,,,,70,0,False,False
378.0,,target,995039901,DEMO VIRTUAL WRECK,0.38,1.55,-38.024166666666666,144.85804260187243,0.0,0.0,0.0,21,,caution,0.38,107.0,synthetic,,,,,60,17,True,False
379.0,,own,999510000,DEMO OWN SHIP,0.0,1.1966666666666668,-38.030055555555556,144.85,12.0,0.0,0.0,1,,,,,synthetic,,,,,60,,False,False
379.0,,target,999510202,DANCING TUG,1.3812762069779907,-0.29073292803097,-38.054845548800515,144.87923435423312,9.0,60.0,60.0,18,,safe,0.11404275099723904,-674.5070622832569,synthetic,,,,,52,0,False,False
379.0,,target,999510203,FAST FERRY,0.444840777357505,1.6846195465429674,-38.02192300755762,144.85941494018132,24.0,25.0,25.0,18,danger,safe,0.043454855968623377,-168.5768005398914,synthetic,,,,,40,0,False,False
379.0,,target,999510204,HEAD ON TRADER,-0.039999999999999925,1.5316666666666667,-38.02447222222222,144.84915341032922,14.0,180.0,180.0,1,danger,danger,0.039999999999999904,46.38461538461539,synthetic,,,,,70,0,False,False
379.0,,target,995039901,DEMO VIRTUAL WRECK,0.38,1.55,-38.024166666666666,144.85804260187243,0.0,0.0,0.0,21,,caution,0.38,105.99999999999996,synthetic,,,,,60,17,True,False
380.0,,own,999510000,DEMO OWN SHIP,0.0,1.2,-38.029999999999994,144.85,12.0,0.0,0.0,1,,,,,synthetic,,,,,60,,False,False
380.0,,target,999510202,DANCING TUG,1.383441270487452,-0.28948292803097,-38.05482471546718,144.8792801772432,3.0,60.0,60.0,18,,safe,0.9851792752748803,-591.8109722764013,synthetic,,,,,52,0,False,False
380.0,,target,999510203,FAST FERRY,0.44765823243577635,1.690661598456545,-38.021822306692385,144.8594745708905,24.0,25.0,25.0,18,danger,safe,0.04345485596862337,-169.57680053989145,synthetic,,,,,40,0,False,False
380.0,,target,999510204,HEAD ON TRADER,-0.039999999999999925,1.5277777777777777,-38.024537037037035,144.84915341032922,14.0,180.0,180.0,1,danger,danger,0.039999999999999904,45.38461538461539,synthetic,,,,,70,0,False,False
380.0,,target,995039901,DEMO VIRTUAL WRECK,0.38,1.55,-38.024166666666666,144.85804260187243,0.0,0.0,0.0,21,,caution,0.38,105.00000000000001,synthetic,,,,,60,17,True,False
381.0,,own,999510000,DEMO OWN SHIP,0.0,1.2033333333333334,-38.02994444444444,144.85,12.0,0.0,0.0,1,,,,,synthetic,,,,,60,,False,False
381.0,,target,999510202,DANCING TUG,1.384162958323939,-0.2890662613643033,-38.05481777102273,144.8792954515799,3.0,60.0,60.0,18,,safe,0.9851792752748803,-592.8109722764012,synthetic,,,,,52,0,False,False
381.0,,target,999510204,HEAD ON TRADER,-0.039999999999999925,1.5238888888888888,-38.02460185185185,144.84915341032922,14.0,180.0,180.0,1,danger,danger,0.039999999999999904,44.38461538461538,synthetic,,,,,70,0,False,False
381.0,,target,995039901,DEMO VIRTUAL WRECK,0.38,1.55,-38.024166666666666,144.85804260187243,0.0,0.0,0.0,21,,caution,0.38,104.0,synthetic,,,,,60,17,True,False
382.0,,own,999510000,DEMO OWN SHIP,0.0,1.2066666666666668,-38.029888888888884,144.85,12.0,0.0,0.0,1,,,,,synthetic,,,,,60,,False,False
382.0,,target,999510202,DANCING TUG,1.384884646160426,-0.2886495946976366,-38.05481082657829,144.87931072591658,3.0,60.0,60.0,18,,safe,0.9851792752748804,-593.8109722764012,synthetic,,,,,52,0,False,False
382.0,,target,999510204,HEAD ON TRADER,-0.039999999999999925,1.52,-38.02466666666666,144.84915341032922,14.0,180.0,180.0,1,danger,danger,0.039999999999999904,43.38461538461538,synthetic,,,,,70,0,False,False
382.0,,target,995039901,DEMO VIRTUAL WRECK,0.38,1.55,-38.024166666666666,144.85804260187243,0.0,0.0,0.0,21,,caution,0.38,102.99999999999996,synthetic,,,,,60,17,True,False
383.0,,own,999510000,DEMO OWN SHIP,0.0,1.21,-38.02983333333333,144.85,12.0,0.0,0.0,1,,,,,synthetic,,,,,60,,False,False
383.0,,target,999510202,DANCING TUG,1.385606333996913,-0.28823292803097,-38.05480388213385,144.8793260002533,3.0,60.0,60.0,18,,safe,0.9851792752748801,-594.8109722764012,synthetic,,,,,52,0,False,False
383.0,,target,999510204,HEAD ON TRADER,-0.039999999999999925,1.516111111111111,-38.02473148148148,144.84915341032922,14.0,180.0,180.0,1,danger,danger,0.039999999999999904,42.384615384615365,synthetic,,,,,70,0,False,False
383.0,,target,995039901,DEMO VIRTUAL WRECK,0.38,1.55,-38.024166666666666,144.85804260187243,0.0,0.0,0.0,21,,caution,0.38,102.0,synthetic,,,,,60,17,True,False
384.0,,own,999510000,DEMO OWN SHIP,0.0,1.2133333333333334,-38.029777777777774,144.85,12.0,0.0,0.0,1,,,,,synthetic,,,,,60,,False,False
384.0,,target,999510202,DANCING TUG,1.3863280218334,-0.2878162613643033,-38.0547969376894,144.87934127459,3.0,60.0,60.0,18,,safe,0.9851792752748803,-595.8109722764013,synthetic,,,,,52,0,False,False
384.0,,target,999510204,HEAD ON TRADER,-0.039999999999999925,1.5122222222222221,-38.024796296296294,144.84915341032922,14.0,180.0,180.0,1,danger,danger,0.039999999999999904,41.38461538461537,synthetic,,,,,70,0,False,False
384.0,,target,995039901,DEMO VIRTUAL WRECK,0.38,1.55,-38.024166666666666,144.85804260187243,0.0,0.0,0.0,21,,caution,0.38,101.0,synthetic,,,,,60,17,True,False
385.0,,own,999510000,DEMO OWN SHIP,0.0,1.2166666666666668,-38.02972222222222,144.85,12.0,0.0,0.0,1,,,,,synthetic,,,,,60,,False,False
385.0,,target,999510202,DANCING TUG,1.387049709669887,-0.28739959469763665,-38.05478999324496,144.8793565489267,3.0,60.0,60.0,18,,safe,0.9851792752748803,-596.8109722764013,synthetic,,,,,52,0,False,False
385.0,,target,999510204,HEAD ON TRADER,-0.039999999999999925,1.5083333333333333,-38.02486111111111,144.84915341032922,14.0,180.0,180.0,1,danger,danger,0.039999999999999904,40.38461538461537,synthetic,,,,,70,0,False,False
385.0,,target,995039901,DEMO VIRTUAL WRECK,0.38,1.55,-38.024166666666666,144.85804260187243,0.0,0.0,0.0,21,,caution,0.38,99.99999999999996,synthetic,,,,,60,17,True,False
386.0,,own,999510000,DEMO OWN SHIP,0.0,1.22,-38.029666666666664,144.85,12.0,0.0,0.0,1,,,,,synthetic,,,,,60,,False,False
386.0,,target,999510202,DANCING TUG,1.3877713975063741,-0.28698292803097,-38.054783048800516,144.8793718232634,3.0,60.0,60.0,18,,safe,0.9851792752748803,-597.8109722764012,synthetic,,,,,52,0,False,False
386.0,,target,999510204,HEAD ON TRADER,-0.039999999999999925,1.5044444444444443,-38.02492592592592,144.84915341032922,14.0,180.0,180.0,1,danger,danger,0.039999999999999904,39.38461538461536,synthetic,,,,,70,0,False,False
386.0,,target,995039901,DEMO VIRTUAL WRECK,0.38,1.55,-38.024166666666666,144.85804260187243,0.0,0.0,0.0,21,,caution,0.38,99.0,synthetic,,,,,60,17,True,False
387.0,,own,999510000,DEMO OWN SHIP,0.0,1.2233333333333334,-38.02961111111111,144.85,12.0,0.0,0.0,1,,,,,synthetic,,,,,60,,False,False
387.0,,target,999510202,DANCING TUG,1.3884930853428612,-0.2865662613643033,-38.054776104356066,144.87938709760007,3.0,60.0,60.0,18,,safe,0.9851792752748803,-598.8109722764012,synthetic,,,,,52,0,False,False
387.0,,target,999510204,HEAD ON TRADER,-0.039999999999999925,1.5005555555555556,-38.02499074074074,144.84915341032922,14.0,180.0,180.0,1,danger,danger,0.039999999999999904,38.384615384615394,synthetic,,,,,70,0,False,False
387.0,,target,995039901,DEMO VIRTUAL WRECK,0.38,1.55,-38.024166666666666,144.85804260187243,0.0,0.0,0.0,21,,caution,0.38,97.99999999999999,synthetic,,,,,60,17,True,False
388.0,,own,999510000,DEMO OWN SHIP,0.0,1.2266666666666666,-38.029555555555554,144.85,12.0,0.0,0.0,1,,,,,synthetic,,,,,60,,False,False
388.0,,target,999510202,DANCING TUG,1.3892147731793483,-0.2861495946976366,-38.05476915991162,144.87940237193678,3.0,60.0,60.0,18,,safe,0.9851792752748804,-599.8109722764012,synthetic,,,,,52,0,False,False
388.0,,target,999510204,HEAD ON TRADER,-0.03999999999999992,1.4966666666666666,-38.025055555555554,144.84915341032922,14.0,180.0,180.0,1,danger,danger,0.0399999999999999,37.384615384615394,synthetic,,,,,70,0,False,False
388.0,,target,995039901,DEMO VIRTUAL WRECK,0.38,1.55,-38.024166666666666,144.85804260187243,0.0,0.0,0.0,21,,caution,0.38,97.00000000000004,synthetic,,,,,60,17,True,False
389.0,,own,999510000,DEMO OWN SHIP,0.0,1.23,-38.0295,144.85,12.0,0.0,0.0,1,,,,,synthetic,,,,,60,,False,False
389.0,,target,999510202,DANCING TUG,1.3899364610158351,-0.28573292803097,-38.05476221546718,144.87941764627348,3.0,60.0,60.0,18,,safe,0.9851792752748801,-600.8109722764012,synthetic,,,,,52,0,False,False
389.0,,target,999510204,HEAD ON TRADER,-0.03999999999999992,1.4927777777777778,-38.02512037037037,144.84915341032922,14.0,180.0,180.0,1,danger,danger,0.039999999999999904,36.38461538461539,synthetic,,,,,70,0,False,False
389.0,,target,995039901,DEMO VIRTUAL WRECK,0.38,1.55,-38.024166666666666,144.85804260187243,0.0,0.0,0.0,21,,caution,0.38,96.0,synthetic,,,,,60,17,True,False
390.0,,own,999510000,DEMO OWN SHIP,0.0,1.2333333333333334,-38.029444444444444,144.85,12.0,0.0,0.0,1,,,,,synthetic,,,,,60,,False,False
390.0,,target,999510202,DANCING TUG,1.3906581488523222,-0.2853162613643033,-38.054755271022735,144.87943292061018,3.0,60.0,60.0,18,,safe,0.9851792752748801,-601.8109722764012,synthetic,,,,,52,0,False,False
390.0,,target,999510204,HEAD ON TRADER,-0.03999999999999992,1.488888888888889,-38.02518518518518,144.84915341032922,14.0,180.0,180.0,1,danger,danger,0.039999999999999904,35.38461538461539,synthetic,,,,,70,0,False,False
390.0,,target,995039901,DEMO VIRTUAL WRECK,0.38,1.55,-38.024166666666666,144.85804260187243,0.0,0.0,0.0,21,,caution,0.38,94.99999999999999,synthetic,,,,,60,17,True,False
390.0,,target,999510207,LATE PORT CROSSER,-1.0,1.88,-38.01866666666666,144.82883525823044,18.0,90.0,90.0,18,danger,danger,0.016641005886756887,198.15384615384613,synthetic,,,,,80,0,False,False
391.0,,own,999510000,DEMO OWN SHIP,0.0,1.2366666666666668,-38.02938888888889,144.85,12.0,0.0,0.0,1,,,,,synthetic,,,,,60,,False,False
391.0,,target,999510202,DANCING TUG,1.3913798366888093,-0.28489959469763665,-38.05474832657829,144.87944819494686,3.0,60.0,60.0,18,,safe,0.9851792752748801,-602.8109722764013,synthetic,,,,,52,0,False,False
391.0,,target,999510204,HEAD ON TRADER,-0.03999999999999992,1.4849999999999999,-38.02525,144.84915341032922,14.0,180.0,180.0,1,danger,danger,0.039999999999999904,34.38461538461535,synthetic,,,,,70,0,False,False
391.0,,target,995039901,DEMO VIRTUAL WRECK,0.38,1.55,-38.024166666666666,144.85804260187243,0.0,0.0,0.0,21,,caution,0.38,93.99999999999996,synthetic,,,,,60,17,True,False
391.0,,target,999510207,LATE PORT CROSSER,-0.995,1.88,-38.01866666666666,144.8289410819393,18.0,90.0,90.0,18,danger,danger,0.016641005886757012,197.15384615384616,synthetic,,,,,80,0,False,False
392.0,,own,999510000,DEMO OWN SHIP,0.0,1.24,-38.029333333333334,144.85,12.0,0.0,0.0,1,,,,,synthetic,,,,,60,,False,False
392.0,,target,999510202,DANCING TUG,1.3921015245252963,-0.28448292803097,-38.05474138213385,144.87946346928356,3.0,60.0,60.0,18,,safe,0.9851792752748803,-603.8109722764011,synthetic,,,,,52,0,False,False
392.0,,target,999510204,HEAD ON TRADER,-0.03999999999999992,1.481111111111111,-38.02531481481481,144.84915341032922,14.0,180.0,180.0,1,danger,danger,0.039999999999999904,33.38461538461538,synthetic,,,,,70,0,False,False
392.0,,target,995039901,DEMO VIRTUAL WRECK,0.38,1.55,-38.024166666666666,144.85804260187243,0.0,0.0,0.0,21,,caution,0.38,93.0,synthetic,,,,,60,17,True,False
392.0,,target,999510207,LATE PORT CROSSER,-0.99,1.88,-38.01866666666666,144.82904690564814,18.0,90.0,90.0,18,danger,danger,0.01664100588675695,196.1538461538462,synthetic,,,,,80,0,False,False
393.0,,own,999510000,DEMO OWN SHIP,0.0,1.2433333333333334,-38.02927777777777,144.85,12.0,0.0,0.0,1,,,,,synthetic,,,,,60,,False,False
393.0,,target,999510202,DANCING TUG,1.3928232123617834,-0.2840662613643033,-38.054734437689405,144.87947874362027,3.0,60.0,60.0,18,,safe,0.9851792752748803,-604.8109722764011,synthetic,,,,,52,0,False,False
393.0,,target,999510204,HEAD ON TRADER,-0.03999999999999992,1.4772222222222222,-38.025379629629626,144.84915341032922,14.0,180.0,180.0,1,danger,danger,0.039999999999999904,32.38461538461538,synthetic,,,,,70,0,False,False
393.0,,target,995039901,DEMO VIRTUAL WRECK,0.38,1.55,-38.024166666666666,144.85804260187243,0.0,0.0,0.0,21,,caution,0.38,91.99999999999997,synthetic,,,,,60,17,True,False
393.0,,target,999510207,LATE PORT CROSSER,-0.985,1.88,-38.01866666666666,144.829152729357,18.0,90.0,90.0,18,danger,danger,0.01664100588675698,195.15384615384613,synthetic,,,,,80,0,False,False
394.0,,own,999510000,DEMO OWN SHIP,0.0,1.2466666666666666,-38.02922222222222,144.85,12.0,0.0,0.0,1,,,,,synthetic,,,,,60,,False,False
394.0,,target,999510202,DANCING TUG,1.3935449001982703,-0.2836495946976366,-38.05472749324496,144.87949401795697,3.0,60.0,60.0,18,,safe,0.9851792752748803,-605.8109722764012,synthetic,,,,,52,0,False,False
394.0,,target,999510204,HEAD ON TRADER,-0.03999999999999992,1.4733333333333332,-38.02544444444444,144.84915341032922,14.0,180.0,180.0,1,danger,danger,0.039999999999999904,31.384615384615373,synthetic,,,,,70,0,False,False
394.0,,target,995039901,DEMO VIRTUAL WRECK,0.38,1.55,-38.024166666666666,144.85804260187243,0.0,0.0,0.0,21,,caution,0.38,91.00000000000001,synthetic,,,,,60,17,True,False
394.0,,target,999510207,LATE PORT CROSSER,-0.98,1.88,-38.01866666666666,144.82925855306584,18.0,90.0,90.0,18,danger,danger,0.016641005886756797,194.15384615384613,synthetic,,,,,80,0,False,False
395.0,,own,999510000,DEMO OWN SHIP,0.0,1.25,-38.02916666666666,144.85,12.0,0.0,0.0,1,,,,,synthetic,,,,,60,,False,False
395.0,,target,999510202,DANCING TUG,1.3942665880347573,-0.28323292803097,-38.05472054880051,144.87950929229365,3.0,60.0,60.0,18,,safe,0.9851792752748803,-606.8109722764013,synthetic,,,,,52,0,False,False
395.0,,target,999510204,HEAD ON TRADER,-0.03999999999999992,1.4694444444444443,-38.02550925925926,144.84915341032922,14.0,235.0,235.0,1,danger,danger,0.14374826886270725,26.60365689493863,synthetic,,,,,70,0,False,False
395.0,,target,995039901,DEMO VIRTUAL WRECK,0.38,1.55,-38.024166666666666,144.85804260187243,0.0,0.0,0.0,21,,caution,0.38,90.0,synthetic,,,,,60,17,True,False
395.0,,target,999510207,LATE PORT CROSSER,-0.975,1.88,-38.01866666666666,144.8293643767747,18.0,90.0,90.0,18,danger,danger,0.01664100588675692,193.15384615384616,synthetic,,,,,80,0,False,False
396.0,,own,999510000,DEMO OWN SHIP,0.0,1.2533333333333334,-38.029111111111106,144.85,12.0,0.0,0.0,1,,,,,synthetic,,,,,60,,False,False
396.0,,target,999510202,DANCING TUG,1.3949882758712444,-0.2828162613643033,-38.05471360435607,144.87952456663035,3.0,60.0,60.0,18,,safe,0.9851792752748801,-607.8109722764012,synthetic,,,,,52,0,False,False
396.0,,target,999510204,HEAD ON TRADER,-0.043185591283345995,1.4672138694141903,-38.02554643550976,144.8490859881123,14.0,235.0,235.0,1,danger,danger,0.14374826886270722,25.603656894938627,synthetic,,,,,70,0,False,False
396.0,,target,995039901,DEMO VIRTUAL WRECK,0.38,1.55,-38.024166666666666,144.85804260187243,0.0,0.0,0.0,21,,caution,0.38,88.99999999999997,synthetic,,,,,60,17,True,False
396.0,,target,999510207,LATE PORT CROSSER,-0.97,1.88,-38.01866666666666,144.82947020048354,18.0,90.0,90.0,18,danger,danger,0.016641005886757012,192.15384615384616,synthetic,,,,,80,0,False,False
397.0,,own,999510000,DEMO OWN SHIP,0.0,1.2566666666666668,-38.02905555555555,144.85,12.0,0.0,0.0,1,,,,,synthetic,,,,,60,,False,False
397.0,,target,999510202,DANCING TUG,1.3957099637077315,-0.28239959469763665,-38.05470665991162,144.87953984096706,3.0,60.0,60.0,18,,safe,0.9851792752748801,-608.8109722764013,synthetic,,,,,52,0,False,False
397.0,,target,999510204,HEAD ON TRADER,-0.04637118256669207,1.4649832943839363,-38.02558361176027,144.84901856589542,14.0,235.0,235.0,1,danger,danger,0.1437482688627072,24.603656894938624,synthetic,,,,,70,0,False,False
397.0,,target,995039901,DEMO VIRTUAL WRECK,0.38,1.55,-38.024166666666666,144.85804260187243,0.0,0.0,0.0,21,,caution,0.38,87.99999999999996,synthetic,,,,,60,17,True,False
397.0,,target,999510207,LATE PORT CROSSER,-0.965,1.88,-38.01866666666666,144.8295760241924,18.0,90.0,90.0,18,danger,danger,0.01664100588675698,191.15384615384613,synthetic,,,,,80,0,False,False
398.0,,own,999510000,DEMO OWN SHIP,0.0,1.26,-38.028999999999996,144.85,12.0,0.0,0.0,1,,,,,synthetic,,,,,60,,False,False
398.0,,target,999510202,DANCING TUG,1.3964316515442186,-0.28198292803096997,-38.05469971546718,144.87955511530376,3.0,60.0,60.0,18,,safe,0.9851792752748803,-609.8109722764012,synthetic,,,,,52,0,False,False
398.0,,target,999510204,HEAD ON TRADER,-0.04955677385003815,1.4627527193536822,-38.02562078801077,144.84895114367853,14.0,235.0,235.0,1,danger,danger,0.1437482688627073,23.603656894938645,synthetic,,,,,70,0,False,False
398.0,,target,995039901,DEMO VIRTUAL WRECK,0.38,1.55,-38.024166666666666,144.85804260187243,0.0,0.0,0.0,21,,caution,0.38,87.0,synthetic,,,,,60,17,True,False
398.0,,target,999510207,LATE PORT CROSSER,-0.96,1.88,-38.01866666666666,144.8296818479012,18.0,90.0,90.0,18,danger,danger,0.016641005886756887,190.15384615384613,synthetic,,,,,80,0,False,False
399.0,,own,999510000,DEMO OWN SHIP,0.0,1.2633333333333334,-38.02894444444444,144.85,12.0,0.0,0.0,1,,,,,synthetic,,,,,60,,False,False
399.0,,target,999510202,DANCING TUG,1.3971533393807056,-0.2815662613643033,-38.05469277102274,144.87957038964046,3.0,60.0,60.0,18,,safe,0.9851792752748804,-610.8109722764012,synthetic,,,,,52,0,False,False
399.0,,target,999510204,HEAD ON TRADER,-0.052742365133384234,1.460522144323428,-38.02565796426127,144.84888372146162,14.0,235.0,235.0,1,danger,danger,0.1437482688627072,22.603656894938606,synthetic,,,,,70,0,False,False
399.0,,target,995039901,DEMO VIRTUAL WRECK,0.38,1.55,-38.024166666666666,144.85804260187243,0.0,0.0,0.0,21,,caution,0.38,85.99999999999999,synthetic,,,,,60,17,True,False
399.0,,target,999510207,LATE PORT CROSSER,-0.955,1.88,-38.01866666666666,144.82978767161006,18.0,90.0,90.0,18,danger,danger,0.016641005886757012,189.15384615384616,synthetic,,,,,80,0,False,False
400.0,,own,999510000,DEMO OWN SHIP,0.0,1.2666666666666666,-38.028888888888886,144.85,12.0,0.0,0.0,1,,,,,synthetic,,,,,60,,False,False
400.0,,target,999510202,DANCING TUG,1.3978750272171925,-0.2811495946976366,-38.05468582657829,144.87958566397714,3.0,60.0,60.0,18,,safe,0.9851792752748801,-611.8109722764012,synthetic,,,,,52,0,False,False
400.0,,target,999510204,HEAD ON TRADER,-0.055927956416730304,1.458291569293174,-38.02569514051178,144.84881629924473,14.0,235.0,235.0,1,danger,danger,0.14374826886270725,21.60365689493863,synthetic,,,,,70,0,False,False
400.0,,target,995039901,DEMO VIRTUAL WRECK,0.38,1.55,-38.024166666666666,144.85804260187243,0.0,0.0,0.0,21,,caution,0.38,85.00000000000001,synthetic,,,,,60,17,True,False
400.0,,target,999510207,LATE PORT CROSSER,-0.95,1.88,-38.01866666666666,144.8298934953189,18.0,90.0,90.0,18,danger,danger,0.016641005886756828,188.15384615384616,synthetic,,,,,80,0,False,False
401.0,,own,999510000,DEMO OWN SHIP,0.0,1.27,-38.02883333333333,144.85,12.0,0.0,0.0,1,,,,,synthetic,,,,,60,,False,False
401.0,,target,999510202,DANCING TUG,1.3985967150536796,-0.28073292803097,-38.05467888213385,144.87960093831384,3.0,60.0,60.0,18,,safe,0.9851792752748801,-612.8109722764012,synthetic,,,,,52,0,False,False
401.0,,target,999510204,HEAD ON TRADER,-0.05911354770007639,1.45606099426292,-38.02573231676228,144.84874887702784,14.0,235.0,235.0,1,danger,danger,0.14374826886270725,20.603656894938627,synthetic,,,,,70,0,False,False
401.0,,target,995039901,DEMO VIRTUAL WRECK,0.38,1.55,-38.024166666666666,144.85804260187243,0.0,0.0,0.0,21,,caution,0.38,83.99999999999999,synthetic,,,,,60,17,True,False
401.0,,target,999510207,LATE PORT CROSSER,-0.945,1.88,-38.01866666666666,144.82999931902776,18.0,90.0,90.0,18,danger,danger,0.01664100588675692,187.15384615384616,synthetic,,,,,80,0,False,False
402.0,,own,999510000,DEMO OWN SHIP,0.0,1.2733333333333334,-38.028777777777776,144.85,12.0,0.0,0.0,1,,,,,synthetic,,,,,60,,False,False
402.0,,target,999510202,DANCING TUG,1.3993184028901666,-0.2803162613643033,-38.0546719376894,144.87961621265055,3.0,60.0,60.0,18,,safe,0.9851792752748801,-613.8109722764012,synthetic,,,,,52,0,False,False
402.0,,target,999510204,HEAD ON TRADER,-0.062299138983422465,1.4538304192326659,-38.02576949301279,144.84868145481096,14.0,235.0,235.0,1,danger,danger,0.14374826886270722,19.60365689493862,synthetic,,,,,70,0,False,False
402.0,,target,995039901,DEMO VIRTUAL WRECK,0.38,1.55,-38.024166666666666,144.85804260187243,0.0,0.0,0.0,21,,caution,0.38,82.99999999999997,synthetic,,,,,60,17,True,False
402.0,,target,999510207,LATE PORT CROSSER,-0.94,1.88,-38.01866666666666,144.8301051427366,18.0,90.0,90.0,18,danger,danger,0.01664100588675698,186.15384615384613,synthetic,,,,,80,0,False,False
403.0,,own,999510000,DEMO OWN SHIP,0.0,1.2766666666666668,-38.02872222222222,144.85,12.0,0.0,0.0,1,,,,,synthetic,,,,,60,,False,False
403.0,,target,999510202,DANCING TUG,1.4000400907266537,-0.27989959469763664,-38.054664993244955,144.87963148698725,3.0,60.0,60.0,18,,safe,0.9851792752748803,-614.8109722764012,synthetic,,,,,52,0,False,False
403.0,,target,999510204,HEAD ON TRADER,-0.06548473026676854,1.4515998442024118,-38.02580666926329,144.84861403259404,14.0,235.0,235.0,1,danger,danger,0.1437482688627072,18.603656894938613,synthetic,,,,,70,0,False,False
403.0,,target,995039901,DEMO VIRTUAL WRECK,0.38,1.55,-38.024166666666666,144.85804260187243,0.0,0.0,0.0,21,,caution,0.38,81.99999999999994,synthetic,,,,,60,17,True,False
403.0,,target,999510207,LATE PORT CROSSER,-0.935,1.88,-38.01866666666666,144.83021096644546,18.0,90.0,90.0,18,danger,danger,0.016641005886757074,185.15384615384616,synthetic,,,,,80,0,False,False
404.0,,own,999510000,DEMO OWN SHIP,0.0,1.28,-38.028666666666666,144.85,12.0,0.0,0.0,1,,,,,synthetic,,,,,60,,False,False
404.0,,target,999510202,DANCING TUG,1.4007617785631408,-0.27948292803096997,-38.05465804880051,144.87964676132393,3.0,60.0,60.0,18,,safe,0.9851792752748804,-615.8109722764011,synthetic,,,,,52,0,False,False
404.0,,target,999510204,HEAD ON TRADER,-0.06867032155011463,1.4493692691721578,-38.0258438455138,144.84854661037716,14.0,235.0,235.0,1,danger,danger,0.1437482688627073,17.60365689493864,synthetic,,,,,70,0,False,False
404.0,,target,995039901,DEMO VIRTUAL WRECK,0.38,1.55,-38.024166666666666,144.85804260187243,0.0,0.0,0.0,21,,caution,0.38,80.99999999999999,synthetic,,,,,60,17,True,False
404.0,,target,999510207,LATE PORT CROSSER,-0.9299999999999999,1.88,-38.01866666666666,144.8303167901543,18.0,90.0,90.0,18,danger,danger,0.01664100588675692,184.15384615384616,synthetic,,,,,80,0,False,False
405.0,,own,999510000,DEMO OWN SHIP,0.0,1.2833333333333334,-38.02861111111111,144.85,12.0,0.0,0.0,1,,,,,synthetic,,,,,60,,False,False
405.0,,target,999510202,DANCING TUG,1.4014834663996276,-0.2790662613643033,-38.05465110435607,144.87966203566063,3.0,60.0,60.0,18,,safe,0.9851792752748801,-616.8109722764012,synthetic,,,,,52,0,False,False
405.0,,target,999510204,HEAD ON TRADER,-0.0718559128334607,1.4471386941419035,-38.0258810217643,144.84847918816027,14.0,235.0,235.0,1,danger,danger,0.14374826886270717,16.603656894938606,synthetic,,,,,70,0,False,False
405.0,,target,995039901,DEMO VIRTUAL WRECK,0.38,1.55,-38.024166666666666,144.85804260187243,0.0,0.0,0.0,21,,caution,0.38,79.99999999999997,synthetic,,,,,60,17,True,False
405.0,,target,999510207,LATE PORT CROSSER,-0.925,1.88,-38.01866666666666,144.83042261386316,18.0,90.0,90.0,18,danger,danger,0.016641005886757074,183.15384615384616,synthetic,,,,,80,0,False,False
406.0,,own,999510000,DEMO OWN SHIP,0.0,1.2866666666666666,-38.028555555555556,144.85,12.0,0.0,0.0,1,,,,,synthetic,,,,,60,,False,False
406.0,,target,999510202,DANCING TUG,1.4022051542361147,-0.2786495946976366,-38.054644159911625,144.87967730999733,3.0,60.0,60.0,18,,safe,0.9851792752748801,-617.8109722764012,synthetic,,,,,52,0,False,False
406.0,,target,999510204,HEAD ON TRADER,-0.07504150411680677,1.4449081191116495,-38.0259181980148,144.84841176594335,14.0,235.0,235.0,1,danger,danger,0.14374826886270722,15.603656894938627,synthetic,,,,,70,0,False,False
406.0,,target,995039901,DEMO VIRTUAL WRECK,0.38,1.55,-38.024166666666666,144.85804260187243,0.0,0.0,0.0,21,,caution,0.38,79.00000000000001,synthetic,,,,,60,17,True,False
406.0,,target,999510207,LATE PORT CROSSER,-0.92,1.88,-38.01866666666666,144.830528437572,18.0,90.0,90.0,18,danger,danger,0.016641005886756887,182.15384615384616,synthetic,,,,,80,0,False,False
407.0,,own,999510000,DEMO OWN SHIP,0.0,1.29,-38.028499999999994,144.85,12.0,0.0,0.0,1,,,,,synthetic,,,,,60,,False,False
407.0,,target,999510202,DANCING TUG,1.4029268420726018,-0.27823292803097,-38.05463721546718,144.87969258433404,3.0,60.0,60.0,18,,safe,0.9851792752748801,-618.8109722764012,synthetic,,,,,52,0,False,False
407.0,,target,999510204,HEAD ON TRADER,-0.07822709540015285,1.4426775440813955,-38.02595537426531,144.84834434372647,14.0,235.0,235.0,1,danger,danger,0.14374826886270722,14.603656894938624,synthetic,,,,,70,0,False,False
407.0,,target,995039901,DEMO VIRTUAL WRECK,0.38,1.55,-38.024166666666666,144.85804260187243,0.0,0.0,0.0,21,,caution,0.38,77.99999999999999,synthetic,,,,,60,17,True,False
407.0,,target,999510207,LATE PORT CROSSER,-0.915,1.88,-38.01866666666666,144.83063426128086,18.0,90.0,90.0,18,danger,danger,0.01664100588675698,181.15384615384616,synthetic,,,,,80,0,False,False
408.0,,own,999510000,DEMO OWN SHIP,0.0,1.2933333333333334,-38.02844444444444,144.85,12.0,0.0,0.0,1,,,,,synthetic,,,,,60,,False,False
408.0,,target,999510202,DANCING TUG,1.4036485299090888,-0.2778162613643033,-38.05463027102274,144.87970785867074,3.0,60.0,60.0,18,,safe,0.9851792752748803,-619.8109722764012,synthetic,,,,,52,0,False,False
408.0,,target,999510204,HEAD ON TRADER,-0.08141268668349894,1.4404469690511414,-38.02599255051581,144.84827692150958,14.0,235.0,235.0,1,danger,danger,0.14374826886270722,13.603656894938618,synthetic,,,,,70,0,False,False
408.0,,target,995039901,DEMO VIRTUAL WRECK,0.38,1.55,-38.024166666666666,144.85804260187243,0.0,0.0,0.0,21,,caution,0.38,76.99999999999997,synthetic,,,,,60,17,True,False
408.0,,target,999510207,LATE PORT CROSSER,-0.91,1.88,-38.01866666666666,144.8307400849897,18.0,90.0,90.0,18,danger,danger,0.016641005886757043,180.15384615384613,synthetic,,,,,80,0,False,False
409.0,,own,999510000,DEMO OWN SHIP,0.0,1.2966666666666666,-38.028388888888884,144.85,12.0,0.0,0.0,1,,,,,synthetic,,,,,60,,False,False
409.0,,target,999510202,DANCING TUG,1.404370217745576,-0.27739959469763664,-38.054623326578294,144.87972313300742,3.0,60.0,60.0,18,,safe,0.9851792752748803,-620.8109722764012,synthetic,,,,,52,0,False,False
409.0,,target,999510204,HEAD ON TRADER,-0.08459827796684502,1.4382163940208874,-38.02602972676632,144.84820949929266,14.0,235.0,235.0,1,danger,danger,0.1437482688627073,12.60365689493864,synthetic,,,,,70,0,False,False
409.0,,target,995039901,DEMO VIRTUAL WRECK,0.38,1.55,-38.024166666666666,144.85804260187243,0.0,0.0,0.0,21,,caution,0.38,76.00000000000001,synthetic,,,,,60,17,True,False
409.0,,target,999510207,LATE PORT CROSSER,-0.905,1.88,-38.01866666666666,144.83084590869856,18.0,90.0,90.0,18,danger,danger,0.01664100588675692,179.15384615384616,synthetic,,,,,80,0,False,False
410.0,,own,999510000,DEMO OWN SHIP,0.0,1.3,-38.02833333333333,144.85,12.0,0.0,0.0,1,,,,,synthetic,,,,,60,,False,False
410.0,,target,999510202,DANCING TUG,1.405091905582063,-0.27698292803096997,-38.054616382133844,144.87973840734412,3.0,60.0,60.0,18,,safe,0.9851792752748804,-621.8109722764012,synthetic,,,,,52,0,False,False
410.0,,target,999510204,HEAD ON TRADER,-0.08778386925019109,1.4359858189906334,-38.02606690301682,144.84814207707578,14.0,235.0,235.0,1,danger,danger,0.14374826886270728,11.603656894938636,synthetic,,,,,70,0,False,False
410.0,,target,995039901,DEMO VIRTUAL WRECK,0.38,1.55,-38.024166666666666,144.85804260187243,0.0,0.0,0.0,21,,caution,0.38,74.99999999999999,synthetic,,,,,60,17,True,False
410.0,,target,999510207,LATE PORT CROSSER,-0.9,1.88,-38.01866666666666,144.83095173240739,18.0,90.0,90.0,18,danger,danger,0.01664100588675692,178.15384615384616,synthetic,,,,,80,0,False,False
411.0,,own,999510000,DEMO OWN SHIP,0.0,1.3033333333333335,-38.028277777777774,144.85,12.0,0.0,0.0,1,,,,,synthetic,,,,,60,,False,False
411.0,,target,999510202,DANCING TUG,1.4058135934185498,-0.2765662613643033,-38.0546094376894,144.87975368168082,3.0,60.0,60.0,18,,safe,0.9851792752748801,-622.8109722764012,synthetic,,,,,52,0,False,False
411.0,,target,999510204,HEAD ON TRADER,-0.09096946053353716,1.4337552439603791,-38.02610407926733,144.8480746548589,14.0,235.0,235.0,1,danger,danger,0.14374826886270714,10.603656894938602,synthetic,,,,,70,0,False,False
411.0,,target,995039901,DEMO VIRTUAL WRECK,0.38,1.55,-38.024166666666666,144.85804260187243,0.0,0.0,0.0,21,,caution,0.38,73.99999999999997,synthetic,,,,,60,17,True,False
411.0,,target,999510207,LATE PORT CROSSER,-0.895,1.88,-38.01866666666666,144.83105755611624,18.0,90.0,90.0,18,danger,danger,0.016641005886757043,177.15384615384613,synthetic,,,,,80,0,False,False
412.0,,own,999510000,DEMO OWN SHIP,0.0,1.3066666666666666,-38.02822222222222,144.85,12.0,0.0,0.0,1,,,,,synthetic,,,,,60,,False,False
412.0,,target,999510202,DANCING TUG,1.406535281255037,-0.2761495946976366,-38.05460249324496,144.87976895601753,3.0,60.0,60.0,18,,safe,0.9851792752748801,-623.8109722764012,synthetic,,,,,52,0,False,False
412.0,,target,999510204,HEAD ON TRADER,-0.09415505181688325,1.431524668930125,-38.02614125551783,144.848007232642,14.0,235.0,235.0,1,danger,danger,0.14374826886270722,9.603656894938625,synthetic,,,,,70,0,False,False
412.0,,target,995039901,DEMO VIRTUAL WRECK,0.38,1.55,-38.024166666666666,144.85804260187243,0.0,0.0,0.0,21,,caution,0.38,73.00000000000001,synthetic,,,,,60,17,True,False
412.0,,target,999510207,LATE PORT CROSSER,-0.89,1.88,-38.01866666666666,144.83116337982509,18.0,90.0,90.0,18,danger,danger,0.01664100588675692,176.15384615384616,synthetic,,,,,80,0,False,False
413.0,,own,999510000,DEMO OWN SHIP,0.0,1.31,-38.028166666666664,144.85,12.0,0.0,0.0,1,,,,,synthetic,,,,,60,,False,False
413.0,,target,999510202,DANCING TUG,1.407256969091524,-0.27573292803097,-38.05459554880051,144.8797842303542,3.0,60.0,60.0,18,,safe,0.9851792752748801,-624.8109722764012,synthetic,,,,,52,0,False,False
413.0,,target,999510204,HEAD ON TRADER,-0.09734064310022933,1.429294093899871,-38.02617843176833,144.8479398104251,14.0,235.0,235.0,1,danger,danger,0.14374826886270722,8.60365689493862,synthetic,,,,,70,0,False,False
413.0,,target,995039901,DEMO VIRTUAL WRECK,0.38,1.55,-38.024166666666666,144.85804260187243,0.0,0.0,0.0,21,,caution,0.38,71.99999999999999,synthetic,,,,,60,17,True,False
413.0,,target,999510207,LATE PORT CROSSER,-0.885,1.88,-38.01866666666666,144.83126920353394,18.0,90.0,90.0,18,danger,danger,0.01664100588675695,175.15384615384613,synthetic,,,,,80,0,False,False
414.0,,own,999510000,DEMO OWN SHIP,0.0,1.3133333333333335,-38.02811111111111,144.85,12.0,0.0,0.0,1,,,,,synthetic,,,,,60,,False,False
414.0,,target,999510202,DANCING TUG,1.407978656928011,-0.2753162613643033,-38.05458860435607,144.8797995046909,3.0,60.0,60.0,18,,safe,0.9851792752748803,-625.8109722764012,synthetic,,,,,52,0,False,False
414.0,,target,999510204,HEAD ON TRADER,-0.1005262343835754,1.427063518869617,-38.02621560801884,144.8478723882082,14.0,235.0,235.0,1,danger,danger,0.1437482688627072,7.603656894938613,synthetic,,,,,70,0,False,False
414.0,,target,995039901,DEMO VIRTUAL WRECK,0.38,1.55,-38.024166666666666,144.85804260187243,0.0,0.0,0.0,21,,caution,0.38,70.99999999999997,synthetic,,,,,60,17,True,False
414.0,,target,999510207,LATE PORT CROSSER,-0.88,1.88,-38.01866666666666,144.83137502724279,18.0,90.0,90.0,18,danger,danger,0.016641005886757043,174.15384615384613,synthetic,,,,,80,0,False,False
415.0,,own,999510000,DEMO OWN SHIP,0.0,1.3166666666666667,-38.028055555555554,144.85,12.0,0.0,0.0,1,,,,,synthetic,,,,,60,,False,False
415.0,,target,999510202,DANCING TUG,1.4087003447644981,-0.27489959469763664,-38.054581659911626,144.8798147790276,3.0,60.0,60.0,18,,safe,0.9851792752748804,-626.8109722764012,synthetic,,,,,52,0,False,False
415.0,,target,999510204,HEAD ON TRADER,-0.10371182566692147,1.424832943839363,-38.02625278426934,144.84780496599132,14.0,235.0,235.0,1,danger,danger,0.14374826886270728,6.60365689493864,synthetic,,,,,70,0,False,False
415.0,,target,995039901,DEMO VIRTUAL WRECK,0.38,1.55,-38.024166666666666,144.85804260187243,0.0,0.0,0.0,21,,caution,0.38,70.00000000000001,synthetic,,,,,60,17,True,False
415.0,,target,970990001,AIS SART TEST,-0.28,1.42,-38.02633333333333,144.84407387230453,1.5,135.0,135.0,1,,caution,0.27071703096330857,34.5224768984549,synthetic,,,,,0,0,False,False
415.0,,target,999510207,LATE PORT CROSSER,-0.875,1.88,-38.01866666666666,144.83148085095164,18.0,90.0,90.0,18,danger,danger,0.01664100588675692,173.15384615384616,synthetic,,,,,80,0,False,False
416.0,,own,999510000,DEMO OWN SHIP,0.0,1.32,-38.028,144.85,12.0,0.0,0.0,1,,,,,synthetic,,,,,60,,False,False
416.0,,target,999510202,DANCING TUG,1.409422032600985,-0.27448292803096996,-38.05457471546718,144.87983005336432,3.0,60.0,60.0,18,,safe,0.9851792752748801,-627.8109722764012,synthetic,,,,,52,0,False,False
416.0,,target,999510204,HEAD ON TRADER,-0.10689741695026755,1.422602368809109,-38.02628996051985,144.8477375437744,14.0,235.0,235.0,1,danger,danger,0.14374826886270725,5.603656894938635,synthetic,,,,,70,0,False,False
416.0,,target,995039901,DEMO VIRTUAL WRECK,0.38,1.55,-38.024166666666666,144.85804260187243,0.0,0.0,0.0,21,,caution,0.38,68.99999999999999,synthetic,,,,,60,17,True,False
416.0,,target,970990001,AIS SART TEST,-0.27970537217450564,1.4197053721745054,-38.02633824379709,144.84408010802636,1.5,135.0,135.0,1,,caution,0.27071703096330857,33.522476898454855,synthetic,,,,,0,0,False,False
416.0,,target,999510207,LATE PORT CROSSER,-0.87,1.88,-38.01866666666666,144.83158667466049,18.0,90.0,90.0,18,danger,danger,0.01664100588675698,172.15384615384613,synthetic,,,,,80,0,False,False
417.0,,own,999510000,DEMO OWN SHIP,0.0,1.3233333333333333,-38.027944444444444,144.85,12.0,0.0,0.0,1,,,,,synthetic,,,,,60,,False,False
417.0,,target,999510202,DANCING TUG,1.410143720437472,-0.2740662613643033,-38.05456777102273,144.87984532770102,3.0,60.0,60.0,18,,safe,0.9851792752748803,-628.8109722764011,synthetic,,,,,52,0,False,False
417.0,,target,999510204,HEAD ON TRADER,-0.11008300823361364,1.420371793778855,-38.02632713677035,144.8476701215575,14.0,235.0,235.0,1,danger,danger,0.14374826886270736,4.603656894938657,synthetic,,,,,70,0,False,False
417.0,,target,995039901,DEMO VIRTUAL WRECK,0.38,1.55,-38.024166666666666,144.85804260187243,0.0,0.0,0.0,21,,caution,0.38,68.00000000000003,synthetic,,,,,60,17,True,False
417.0,,target,970990001,AIS SART TEST,-0.27941074434901125,1.4194107443490112,-38.02634315426085,144.84408634374822,1.5,135.0,135.0,1,,caution,0.27071703096330857,32.522476898454926,synthetic,,,,,0,0,False,False
417.0,,target,999510207,LATE PORT CROSSER,-0.865,1.88,-38.01866666666666,144.83169249836934,18.0,90.0,90.0,18,danger,danger,0.016641005886756828,171.15384615384616,synthetic,,,,,80,0,False,False
418.0,,own,999510000,DEMO OWN SHIP,0.0,1.3266666666666667,-38.02788888888889,144.85,12.0,0.0,0.0,1,,,,,synthetic,,,,,60,,False,False
418.0,,target,999510202,DANCING TUG,1.4108654082739591,-0.2736495946976366,-38.05456082657829,144.8798606020377,3.0,60.0,60.0,18,,safe,0.9851792752748801,-629.8109722764012,synthetic,,,,,52,0,False,False
418.0,,target,999510204,HEAD ON TRADER,-0.11326859951695972,1.4181412187486007,-38.026364313020856,144.84760269934063,14.0,235.0,235.0,1,danger,danger,0.14374826886270722,3.6036568949386196,synthetic,,,,,70,0,False,False
418.0,,target,995039901,DEMO VIRTUAL WRECK,0.38,1.55,-38.024166666666666,144.85804260187243,0.0,0.0,0.0,21,,caution,0.38,67.00000000000001,synthetic,,,,,60,17,True,False
418.0,,target,970990001,AIS SART TEST,-0.27911611652351687,1.4191161165235167,-38.02634806472461,144.84409257947004,1.5,135.0,135.0,1,,caution,0.27071703096330857,31.522476898454872,synthetic,,,,,0,0,False,False
418.0,,target,999510207,LATE PORT CROSSER,-0.86,1.88,-38.01866666666666,144.83179832207819,18.0,90.0,90.0,18,danger,danger,0.016641005886756887,170.15384615384613,synthetic,,,,,80,0,False,False
419.0,,own,999510000,DEMO OWN SHIP,0.0,1.33,-38.027833333333334,144.85,12.0,0.0,0.0,1,,,,,synthetic,,,,,60,,False,False
419.0,,target,999510202,DANCING TUG,1.4115870961104462,-0.27323292803097,-38.054553882133845,144.8798758763744,3.0,60.0,60.0,18,,safe,0.9851792752748803,-630.8109722764012,synthetic,,,,,52,0,False,False
419.0,,target,999510204,HEAD ON TRADER,-0.1164541908003058,1.4159106437183466,-38.02640148927136,144.8475352771237,14.0,235.0,235.0,1,danger,danger,0.14374826886270722,2.6036568949386147,synthetic,,,,,70,0,False,False
419.0,,target,995039901,DEMO VIRTUAL WRECK,0.38,1.55,-38.024166666666666,144.85804260187243,0.0,0.0,0.0,21,,caution,0.38,65.99999999999999,synthetic,,,,,60,17,True,False
419.0,,target,970990001,AIS SART TEST,-0.2788214886980224,1.4188214886980224,-38.02635297518837,144.8440988151919,1.5,135.0,135.0,1,,caution,0.2707170309633085,30.522476898454883,synthetic,,,,,0,0,False,False
419.0,,target,999510207,LATE PORT CROSSER,-0.855,1.88,-38.01866666666666,144.83190414578704,18.0,90.0,90.0,18,danger,danger,0.016641005886757012,169.15384615384616,synthetic,,,,,80,0,False,False
420.0,,own,999510000,DEMO OWN SHIP,0.0,1.3333333333333335,-38.02777777777777,144.85,12.0,0.0,0.0,1,,,,,synthetic,,,,,60,,False,False
420.0,,target,999510202,DANCING TUG,1.4123087839469333,-0.2728162613643033,-38.0545469376894,144.8798911507111,3.0,60.0,60.0,18,,safe,0.9851792752748803,-631.8109722764012,synthetic,,,,,52,0,False,False
420.0,,target,999510204,HEAD ON TRADER,-0.11963978208365186,1.4136800686880926,-38.026438665521866,144.84746785490682,14.0,235.0,235.0,1,danger,danger,0.14374826886270717,1.603656894938611,synthetic,,,,,70,0,False,False
420.0,,target,995039901,DEMO VIRTUAL WRECK,0.38,1.55,-38.024166666666666,144.85804260187243,0.0,0.0,0.0,21,,caution,0.38,64.99999999999997,synthetic,,,,,60,17,True,False
420.0,,target,970990001,AIS SART TEST,-0.27852686087252804,1.4185268608725279,-38.026357885652125,144.84410505091375,1.5,135.0,135.0,1,,caution,0.27071703096330857,29.522476898454833,synthetic,,,,,0,0,False,False
420.0,,target,999510207,LATE PORT CROSSER,-0.85,1.88,-38.01866666666666,144.83200996949589,18.0,90.0,90.0,18,danger,danger,0.016641005886757012,168.15384615384616,synthetic,,,,,80,0,False,False
421.0,,own,999510000,DEMO OWN SHIP,0.0,1.3366666666666667,-38.027722222222216,144.85,12.0,0.0,0.0,1,,,,,synthetic,,,,,60,,False,False
421.0,,target,999510202,DANCING TUG,1.4130304717834203,-0.27239959469763664,-38.05453999324496,144.8799064250478,3.0,60.0,60.0,18,,safe,0.9851792752748804,-632.8109722764012,synthetic,,,,,52,0,False,False
421.0,,target,999510204,HEAD ON TRADER,-0.12282537336699795,1.4114494936578386,-38.02647584177237,144.84740043268994,14.0,235.0,235.0,1,danger,danger,0.14374826886270728,0.6036568949386337,synthetic,,,,,70,0,False,False
421.0,,target,995039901,DEMO VIRTUAL WRECK,0.38,1.55,-38.024166666666666,144.85804260187243,0.0,0.0,0.0,21,,caution,0.38,64.0,synthetic,,,,,60,17,True,False
421.0,,target,970990001,AIS SART TEST,-0.27823223304703365,1.4182322330470336,-38.02636279611588,144.84411128663558,1.5,135.0,135.0,1,,caution,0.2707170309633085,28.522476898454908,synthetic,,,,,0,0,False,False
421.0,,target,999510207,LATE PORT CROSSER,-0.845,1.88,-38.01866666666666,144.83211579320474,18.0,90.0,90.0,18,danger,danger,0.016641005886756887,167.15384615384613,synthetic,,,,,80,0,False,False
422.0,,own,999510000,DEMO OWN SHIP,0.0,1.34,-38.02766666666666,144.85,12.0,0.0,0.0,1,,,,,synthetic,,,,,60,,False,False
422.0,,target,999510202,DANCING TUG,1.4137521596199072,-0.27198292803096996,-38.054533048800515,144.87992169938448,3.0,60.0,60.0,18,,safe,0.9851792752748801,-633.8109722764013,synthetic,,,,,52,0,False,False
422.0,,target,999510204,HEAD ON TRADER,-0.12601096465034403,1.4092189186275845,-38.02651301802287,144.84733301047305,14.0,235.0,235.0,1,danger,safe,0.14374826886270725,-0.39634310506137116,synthetic,,,,,70,0,False,False
422.0,,target,995039901,DEMO VIRTUAL WRECK,0.38,1.55,-38.024166666666666,144.85804260187243,0.0,0.0,0.0,21,,caution,0.38,62.99999999999998,synthetic,,,,,60,17,True,False
422.0,,target,970990001,AIS SART TEST,-0.27793760522153926,1.417937605221539,-38.02636770657964,144.84411752235744,1.5,135.0,135.0,1,,caution,0.27071703096330857,27.52247689845486,synthetic,,,,,0,0,False,False
422.0,,target,999510207,LATE PORT CROSSER,-0.84,1.88,-38.01866666666666,144.83222161691359,18.0,90.0,90.0,18,danger,danger,0.01664100588675698,166.15384615384613,synthetic,,,,,80,0,False,False
423.0,,own,999510000,DEMO OWN SHIP,0.0,1.3433333333333333,-38.027611111111106,144.85,12.0,0.0,0.0,1,,,,,synthetic,,,,,60,,False,False
423.0,,target,999510202,DANCING TUG,1.4144738474563943,-0.2715662613643033,-38.05452610435607,144.8799369737212,3.0,60.0,60.0,18,,safe,0.9851792752748803,-634.8109722764011,synthetic,,,,,52,0,False,False
423.0,,target,999510204,HEAD ON TRADER,-0.12919655593369012,1.4069883435973305,-38.026550194273376,144.84726558825614,14.0,235.0,235.0,1,danger,safe,0.14374826886270736,-1.3963431050613484,synthetic,,,,,70,0,False,False
423.0,,target,995039901,DEMO VIRTUAL WRECK,0.38,1.55,-38.024166666666666,144.85804260187243,0.0,0.0,0.0,21,,caution,0.38,62.00000000000002,synthetic,,,,,60,17,True,False
423.0,,target,970990001,AIS SART TEST,-0.2776429773960449,1.4176429773960448,-38.0263726170434,144.8441237580793,1.5,135.0,135.0,1,,caution,0.27071703096330857,26.52247689845493,synthetic,,,,,0,0,False,False
423.0,,target,999510207,LATE PORT CROSSER,-0.835,1.88,-38.01866666666666,144.8323274406224,18.0,90.0,90.0,18,danger,danger,0.016641005886756828,165.15384615384616,synthetic,,,,,80,0,False,False
424.0,,own,999510000,DEMO OWN SHIP,0.0,1.3466666666666667,-38.02755555555555,144.85,12.0,0.0,0.0,1,,,,,synthetic,,,,,60,,False,False
424.0,,target,999510202,DANCING TUG,1.4151955352928813,-0.27114959469763666,-38.05451915991163,144.8799522480579,3.0,60.0,60.0,18,,safe,0.9851792752748801,-635.8109722764013,synthetic,,,,,52,0,False,False
424.0,,target,999510204,HEAD ON TRADER,-0.13238214721703617,1.4047577685670762,-38.02658737052388,144.84719816603925,14.0,235.0,235.0,1,danger,safe,0.1437482688627072,-2.3963431050613826,synthetic,,,,,70,0,False,False
424.0,,target,995039901,DEMO VIRTUAL WRECK,0.38,1.55,-38.024166666666666,144.85804260187243,0.0,0.0,0.0,21,,caution,0.38,61.0,synthetic,,,,,60,17,True,False
424.0,,target,970990001,AIS SART TEST,-0.2773483495705505,1.4173483495705503,-38.02637752750716,144.84412999380112,1.5,135.0,135.0,1,,caution,0.27071703096330857,25.52247689845488,synthetic,,,,,0,0,False,False
424.0,,target,999510207,LATE PORT CROSSER,-0.83,1.88,-38.01866666666666,144.83243326433126,18.0,90.0,90.0,18,danger,danger,0.01664100588675692,164.15384615384616,synthetic,,,,,80,0,False,False
425.0,,own,999510000,DEMO OWN SHIP,0.0,1.35,-38.027499999999996,144.85,12.0,0.0,0.0,1,,,,,synthetic,,,,,60,,False,False
425.0,,target,999510202,DANCING TUG,1.4159172231293684,-0.27073292803097,-38.05451221546718,144.8799675223946,3.0,60.0,60.0,18,,safe,0.9851792752748801,-636.8109722764013,synthetic,,,,,52,0,False,False
425.0,,target,999510204,HEAD ON TRADER,-0.13556773850038226,1.4025271935368222,-38.026624546774386,144.84713074382236,14.0,235.0,235.0,1,danger,safe,0.1437482688627072,-3.3963431050613875,synthetic,,,,,70,0,False,False
425.0,,target,995039901,DEMO VIRTUAL WRECK,0.38,1.55,-38.024166666666666,144.85804260187243,0.0,0.0,0.0,21,,caution,0.38,59.99999999999998,synthetic,,,,,60,17,True,False
425.0,,target,970990001,AIS SART TEST,-0.2770537217450561,1.417053721745056,-38.026382437970916,144.84413622952297,1.5,135.0,135.0,1,,caution,0.27071703096330857,24.52247689845489,synthetic,,,,,0,0,False,False
425.0,,target,999510207,LATE PORT CROSSER,-0.825,1.88,-38.01866666666666,144.8325390880401,18.0,90.0,90.0,18,danger,danger,0.016641005886757012,163.15384615384616,synthetic,,,,,80,0,False,False
426.0,,own,999510000,DEMO OWN SHIP,0.0,1.3533333333333335,-38.02744444444444,144.85,12.0,0.0,0.0,1,,,,,synthetic,,,,,60,,False,False
426.0,,target,999510202,DANCING TUG,1.4166389109658555,-0.2703162613643033,-38.054505271022734,144.87998279673127,3.0,60.0,60.0,18,,safe,0.9851792752748804,-637.8109722764012,synthetic,,,,,52,0,False,False
426.0,,target,999510204,HEAD ON TRADER,-0.13875332978372834,1.4002966185065682,-38.02666172302489,144.84706332160545,14.0,235.0,235.0,1,danger,safe,0.14374826886270717,-4.396343105061393,synthetic,,,,,70,0,False,False
426.0,,target,995039901,DEMO VIRTUAL WRECK,0.38,1.55,-38.024166666666666,144.85804260187243,0.0,0.0,0.0,21,,caution,0.38,58.99999999999995,synthetic,,,,,60,17,True,False
426.0,,target,970990001,AIS SART TEST,-0.27675909391956166,1.4167590939195616,-38.026387348434675,144.8441424652448,1.5,135.0,135.0,1,,caution,0.2707170309633085,23.522476898454844,synthetic,,,,,0,0,False,False
426.0,,target,999510207,LATE PORT CROSSER,-0.8200000000000001,1.88,-38.01866666666666,144.83264491174896,18.0,90.0,90.0,18,danger,danger,0.016641005886757133,162.15384615384613,synthetic,,,,,80,0,False,False
427.0,,own,999510000,DEMO OWN SHIP,0.0,1.3566666666666667,-38.027388888888886,144.85,12.0,0.0,0.0,1,,,,,synthetic,,,,,60,,False,False
427.0,,target,999510202,DANCING TUG,1.4173605988023423,-0.26989959469763664,-38.05449832657829,144.87999807106797,3.0,60.0,60.0,18,,safe,0.9851792752748801,-638.8109722764012,synthetic,,,,,52,0,False,False
427.0,,target,999510204,HEAD ON TRADER,-0.14193892106707443,1.3980660434763141,-38.026698899275395,144.84699589938856,14.0,235.0,235.0,1,danger,safe,0.14374826886270725,-5.396343105061371,synthetic,,,,,70,0,False,False
427.0,,target,995039901,DEMO VIRTUAL WRECK,0.38,1.55,-38.024166666666666,144.85804260187243,0.0,0.0,0.0,21,,caution,0.38,58.0,synthetic,,,,,60,17,True,False
427.0,,target,970990001,AIS SART TEST,-0.2764644660940673,1.4164644660940673,-38.02639225889843,144.84414870096666,1.5,135.0,135.0,1,,caution,0.2707170309633085,22.522476898454915,synthetic,,,,,0,0,False,False
427.0,,target,999510207,LATE PORT CROSSER,-0.815,1.88,-38.01866666666666,144.8327507354578,18.0,90.0,90.0,18,danger,danger,0.016641005886756887,161.15384615384613,synthetic,,,,,80,0,False,False
428.0,,own,999510000,DEMO OWN SHIP,0.0,1.36,-38.02733333333333,144.85,12.0,0.0,0.0,1,,,,,synthetic,,,,,60,,False,False
428.0,,target,999510202,DANCING TUG,1.4180822866388294,-0.26948292803096996,-38.05449138213385,144.88001334540468,3.0,60.0,60.0,18,,safe,0.9851792752748801,-639.8109722764013,synthetic,,,,,52,0,False,False
428.0,,target,999510204,HEAD ON TRADER,-0.1451245123504205,1.39583546844606,-38.026736075525896,144.84692847717167,14.0,235.0,235.0,1,danger,safe,0.14374826886270725,-6.3963431050613755,synthetic,,,,,70,0,False,False
428.0,,target,995039901,DEMO VIRTUAL WRECK,0.38,1.55,-38.024166666666666,144.85804260187243,0.0,0.0,0.0,21,,caution,0.38,56.99999999999998,synthetic,,,,,60,17,True,False
428.0,,target,970990001,AIS SART TEST,-0.2761698382685729,1.4161698382685728,-38.026397169362184,144.8441549366885,1.5,135.0,135.0,1,,caution,0.27071703096330857,21.52247689845487,synthetic,,,,,0,0,False,False
428.0,,target,999510207,LATE PORT CROSSER,-0.81,1.88,-38.01866666666666,144.83285655916666,18.0,90.0,90.0,18,danger,danger,0.016641005886757074,160.15384615384616,synthetic,,,,,80,0,False,False
429.0,,own,999510000,DEMO OWN SHIP,0.0,1.3633333333333333,-38.027277777777776,144.85,12.0,0.0,0.0,1,,,,,synthetic,,,,,60,,False,False
429.0,,target,999510202,DANCING TUG,1.4188039744753165,-0.2690662613643033,-38.0544844376894,144.88002861974138,3.0,60.0,60.0,18,,safe,0.9851792752748801,-640.8109722764012,synthetic,,,,,52,0,False,False
429.0,,target,999510204,HEAD ON TRADER,-0.14831010363376657,1.393604893415806,-38.0267732517764,144.84686105495476,14.0,235.0,235.0,1,danger,safe,0.1437482688627073,-7.396343105061351,synthetic,,,,,70,0,False,False
429.0,,target,995039901,DEMO VIRTUAL WRECK,0.38,1.55,-38.024166666666666,144.85804260187243,0.0,0.0,0.0,21,,caution,0.38,56.00000000000002,synthetic,,,,,60,17,True,False
429.0,,target,970990001,AIS SART TEST,-0.2758752104430785,1.4158752104430783,-38.02640207982594,144.84416117241034,1.5,135.0,135.0,1,,caution,0.27071703096330857,20.522476898454876,synthetic,,,,,0,0,False,False
429.0,,target,999510207,LATE PORT CROSSER,-0.8049999999999999,1.88,-38.01866666666666,144.8329623828755,18.0,90.0,90.0,18,danger,danger,0.016641005886756828,159.15384615384616,synthetic,,,,,80,0,False,False
430.0,,own,999510000,DEMO OWN SHIP,0.0,1.3666666666666667,-38.02722222222222,144.85,12.0,0.0,0.0,1,,,,,synthetic,,,,,60,,False,False
430.0,,target,999510202,DANCING TUG,1.4195256623118035,-0.26864959469763666,-38.05447749324496,144.88004389407809,3.0,60.0,60.0,18,,safe,0.9851792752748803,-641.8109722764012,synthetic,,,,,52,0,False,False
430.0,,target,999510204,HEAD ON TRADER,-0.15149569491711265,1.3913743183855518,-38.026810428026906,144.84679363273787,14.0,235.0,235.0,1,danger,safe,0.1437482688627072,-8.396343105061387,synthetic,,,,,70,0,False,False
430.0,,target,995039901,DEMO VIRTUAL WRECK,0.38,1.55,-38.024166666666666,144.85804260187243,0.0,0.0,0.0,21,,caution,0.38,55.0,synthetic,,,,,60,17,True,False
430.0,,target,970990001,AIS SART TEST,-0.2755805826175841,1.415580582617584,-38.0264069902897,144.8441674081322,1.5,135.0,135.0,1,,caution,0.27071703096330857,19.52247689845489,synthetic,,,,,0,0,False,False
430.0,,target,999510207,LATE PORT CROSSER,-0.8,1.88,-38.01866666666666,144.83306820658436,18.0,90.0,90.0,18,danger,danger,0.01664100588675695,158.15384615384613,synthetic,,,,,80,0,False,False
431.0,,own,999510000,DEMO OWN SHIP,0.0,1.37,-38.027166666666666,144.85,12.0,0.0,0.0,1,,,,,synthetic,,,,,60,,False,False
431.0,,target,999510202,DANCING TUG,1.4202473501482906,-0.26823292803097,-38.054470548800516,144.88005916841476,3.0,60.0,60.0,18,,safe,0.9851792752748803,-642.8109722764012,synthetic,,,,,52,0,False,False
431.0,,target,999510204,HEAD ON TRADER,-0.15468128620045873,1.3891437433552978,-38.02684760427741,144.84672621052098,14.0,235.0,235.0,1,danger,safe,0.1437482688627072,-9.396343105061392,synthetic,,,,,70,0,False,False
431.0,,target,995039901,DEMO VIRTUAL WRECK,0.38,1.55,-38.024166666666666,144.85804260187243,0.0,0.0,0.0,21,,caution,0.38,53.99999999999997,synthetic,,,,,60,17,True,False
431.0,,target,970990001,AIS SART TEST,-0.2752859547920897,1.4152859547920895,-38.02641190075346,144.84417364385405,1.5,135.0,135.0,1,,caution,0.27071703096330857,18.522476898454844,synthetic,,,,,0,0,False,False
431.0,,target,999510207,LATE PORT CROSSER,-0.7949999999999999,1.88,-38.01866666666666,144.8331740302932,18.0,90.0,90.0,18,danger,danger,0.01664100588675698,157.15384615384613,synthetic,,,,,80,0,False,False
432.0,,own,999510000,DEMO OWN SHIP,0.0,1.3733333333333333,-38.02711111111111,144.85,12.0,0.0,0.0,1,,,,,synthetic,,,,,60,,False,False
432.0,,target,999510202,DANCING TUG,1.4209690379847777,-0.2678162613643033,-38.054463604356066,144.88007444275146,3.0,60.0,60.0,18,,safe,0.9851792752748804,-643.8109722764012,synthetic,,,,,52,0,False,False
432.0,,target,999510204,HEAD ON TRADER,-0.15786687748380482,1.3869131683250437,-38.026884780527915,144.8466587883041,14.0,235.0,235.0,1,danger,safe,0.14374826886270728,-10.39634310506137,synthetic,,,,,70,0,False,False
432.0,,target,995039901,DEMO VIRTUAL WRECK,0.38,1.55,-38.024166666666666,144.85804260187243,0.0,0.0,0.0,21,,caution,0.38,53.00000000000002,synthetic,,,,,60,17,True,False
432.0,,target,970990001,AIS SART TEST,-0.27499132696659534,1.4149913269665952,-38.02641681121722,144.84417987957588,1.5,135.0,135.0,1,,caution,0.27071703096330857,17.52247689845491,synthetic,,,,,0,0,False,False
432.0,,target,999510207,LATE PORT CROSSER,-0.79,1.88,-38.01866666666666,144.83327985400206,18.0,90.0,90.0,18,danger,danger,0.01664100588675686,156.1538461538462,synthetic,,,,,80,0,False,False
433.0,,own,999510000,DEMO OWN SHIP,0.0,1.3766666666666667,-38.027055555555556,144.85,12.0,0.0,0.0,1,,,,,synthetic,,,,,60,,False,False
433.0,,target,999510202,DANCING TUG,1.4216907258212645,-0.26739959469763663,-38.05445665991162,144.88008971708817,3.0,60.0,60.0,18,,safe,0.9851792752748801,-644.8109722764012,synthetic,,,,,52,0,False,False
433.0,,target,999510204,HEAD ON TRADER,-0.16105246876715087,1.3846825932947897,-38.026921956778416,144.84659136608718,14.0,235.0,235.0,1,danger,safe,0.14374826886270722,-11.396343105061373,synthetic,,,,,70,0,False,False
433.0,,target,995039901,DEMO VIRTUAL WRECK,0.38,1.55,-38.024166666666666,144.85804260187243,0.0,0.0,0.0,21,,caution,0.38,52.0,synthetic,,,,,60,17,True,False
433.0,,target,970990001,AIS SART TEST,-0.2746966991411009,1.4146966991411007,-38.026421721680975,144.84418611529773,1.5,135.0,135.0,1,,caution,0.2707170309633085,16.522476898454862,synthetic,,,,,0,0,False,False
433.0,,target,999510207,LATE PORT CROSSER,-0.785,1.88,-38.01866666666666,144.8333856777109,18.0,90.0,90.0,18,danger,danger,0.01664100588675698,155.15384615384616,synthetic,,,,,80,0,False,False
434.0,,own,999510000,DEMO OWN SHIP,0.0,1.3800000000000001,-38.026999999999994,144.85,12.0,0.0,0.0,1,,,,,synthetic,,,,,60,,False,False
434.0,,target,999510202,DANCING TUG,1.4224124136577516,-0.26698292803096996,-38.05444971546718,144.88010499142487,3.0,60.0,60.0,18,,safe,0.9851792752748801,-645.8109722764012,synthetic,,,,,52,0,False,False
434.0,,target,999510204,HEAD ON TRADER,-0.16423806005049696,1.3824520182645357,-38.026959133028924,144.8465239438703,14.0,235.0,235.0,1,danger,safe,0.14374826886270722,-12.39634310506138,synthetic,,,,,70,0,False,False
434.0,,target,995039901,DEMO VIRTUAL WRECK,0.38,1.55,-38.024166666666666,144.85804260187243,0.0,0.0,0.0,21,,caution,0.38,50.99999999999997,synthetic,,,,,60,17,True,False
434.0,,target,970990001,AIS SART TEST,-0.2744020713156065,1.4144020713156065,-38.026426632144734,144.84419235101956,1.5,135.0,135.0,1,,caution,0.2707170309633085,15.522476898454874,synthetic,,,,,0,0,False,False
434.0,,target,999510207,LATE PORT CROSSER,-0.78,1.88,-38.01866666666666,144.83349150141976,18.0,90.0,90.0,18,danger,danger,0.016641005886757043,154.15384615384613,synthetic,,,,,80,0,False,False
435.0,,own,999510000,DEMO OWN SHIP,0.0,1.3833333333333333,-38.02694444444444,144.85,12.0,0.0,0.0,1,,,,,synthetic,,,,,60,,False,False
435.0,,target,999510202,DANCING TUG,1.4231341014942387,-0.2665662613643033,-38.054442771022735,144.88012026576155,3.0,60.0,60.0,18,,safe,0.9851792752748804,-646.8109722764011,synthetic,,,,,52,0,False,False
435.0,,target,999510204,HEAD ON TRADER,-0.16742365133384304,1.3802214432342816,-38.026996309279426,144.8464565216534,14.0,235.0,235.0,1,danger,safe,0.1437482688627073,-13.396343105061353,synthetic,,,,,70,0,False,False
435.0,,target,995039901,DEMO VIRTUAL WRECK,0.38,1.55,-38.024166666666666,144.85804260187243,0.0,0.0,0.0,21,,caution,0.38,50.00000000000002,synthetic,,,,,60,17,True,False
435.0,,target,970990001,AIS SART TEST,-0.2741074434901121,1.414107443490112,-38.02643154260849,144.8441985867414,1.5,135.0,135.0,1,,caution,0.27071703096330857,14.522476898454887,synthetic,,,,,0,0,False,False
435.0,,target,999510207,LATE PORT CROSSER,-0.775,1.88,-38.01866666666666,144.83359732512858,18.0,90.0,90.0,18,danger,danger,0.01664100588675692,153.15384615384616,synthetic,,,,,80,0,False,False
436.0,,own,999510000,DEMO OWN SHIP,0.0,1.3866666666666667,-38.026888888888884,144.85,12.0,0.0,0.0,1,,,,,synthetic,,,,,60,,False,False
436.0,,target,999510202,DANCING TUG,1.4238557893307258,-0.26614959469763666,-38.05443582657829,144.88013554009825,3.0,60.0,60.0,18,,safe,0.9851792752748803,-647.8109722764011,synthetic,,,,,52,0,False,False
436.0,,target,999510204,HEAD ON TRADER,-0.17060924261718913,1.3779908682040274,-38.02703348552993,144.8463890994365,14.0,235.0,235.0,1,danger,safe,0.1437482688627072,-14.396343105061392,synthetic,,,,,70,0,False,False
436.0,,target,995039901,DEMO VIRTUAL WRECK,0.38,1.55,-38.024166666666666,144.85804260187243,0.0,0.0,0.0,21,,caution,0.38,48.99999999999999,synthetic,,,,,60,17,True,False
436.0,,target,970990001,AIS SART TEST,-0.27381281566461774,1.4138128156646177,-38.02643645307225,144.84420482246327,1.5,135.0,135.0,1,,caution,0.27071703096330857,13.522476898454897,synthetic,,,,,0,0,False,False
436.0,,target,999510207,LATE PORT CROSSER,-0.77,1.88,-38.01866666666666,144.83370314883743,18.0,90.0,90.0,18,danger,danger,0.01664100588675692,152.15384615384616,synthetic,,,,,80,0,False,False
437.0,,own,999510000,DEMO OWN SHIP,0.0,1.3900000000000001,-38.02683333333333,144.85,12.0,0.0,0.0,1,,,,,synthetic,,,,,60,,False,False
437.0,,target,999510202,DANCING TUG,1.4245774771672128,-0.26573292803097,-38.05442888213385,144.88015081443496,3.0,60.0,60.0,18,,safe,0.9851792752748804,-648.8109722764012,synthetic,,,,,52,0,False,False
437.0,,target,999510204,HEAD ON TRADER,-0.1737948339005352,1.3757602931737734,-38.027070661780435,144.8463216772196,14.0,235.0,235.0,1,danger,safe,0.14374826886270717,-15.396343105061398,synthetic,,,,,70,0,False,False
437.0,,target,995039901,DEMO VIRTUAL WRECK,0.38,1.55,-38.024166666666666,144.85804260187243,0.0,0.0,0.0,21,,caution,0.38,47.99999999999997,synthetic,,,,,60,17,True,False
437.0,,target,970990001,AIS SART TEST,-0.27351818783912335,1.4135181878391232,-38.02644136353601,144.8442110581851,1.5,135.0,135.0,1,,caution,0.27071703096330857,12.52247689845485,synthetic,,,,,0,0,False,False
437.0,,target,999510207,LATE PORT CROSSER,-0.765,1.88,-38.01866666666666,144.83380897254628,18.0,90.0,90.0,18,danger,danger,0.016641005886757043,151.15384615384613,synthetic,,,,,80,0,False,False
438.0,,own,999510000,DEMO OWN SHIP,0.0,1.3933333333333333,-38.026777777777774,144.85,12.0,0.0,0.0,1,,,,,synthetic,,,,,60,,False,False
438.0,,target,999510202,DANCING TUG,1.4252991650036997,-0.2653162613643033,-38.054421937689405,144.88016608877166,3.0,60.0,60.0,18,,safe,0.9851792752748801,-649.8109722764012,synthetic,,,,,52,0,False,False
438.0,,target,999510204,HEAD ON TRADER,-0.1769804251838813,1.3735297181435193,-38.027107838030936,144.84625425500272,14.0,235.0,235.0,1,danger,safe,0.14374826886270725,-16.396343105061373,synthetic,,,,,70,0,False,False
438.0,,target,995039901,DEMO VIRTUAL WRECK,0.38,1.55,-38.024166666666666,144.85804260187243,0.0,0.0,0.0,21,,caution,0.38,47.00000000000001,synthetic,,,,,60,17,True,False
438.0,,target,970990001,AIS SART TEST,-0.27322356001362896,1.413223560013629,-38.02644627399977,144.84421729390695,1.5,135.0,135.0,1,,caution,0.27071703096330857,11.52247689845492,synthetic,,,,,0,0,False,False
438.0,,target,999510207,LATE PORT CROSSER,-0.76,1.88,-38.01866666666666,144.83391479625513,18.0,90.0,90.0,18,danger,danger,0.01664100588675695,150.15384615384613,synthetic,,,,,80,0,False,False
439.0,,own,999510000,DEMO OWN SHIP,0.0,1.3966666666666667,-38.02672222222222,144.85,12.0,0.0,0.0,1,,,,,synthetic,,,,,60,,False,False
439.0,,target,999510202,DANCING TUG,1.4260208528401868,-0.26489959469763663,-38.054414993244954,144.88018136310836,3.0,60.0,60.0,18,,safe,0.9851792752748801,-650.8109722764012,synthetic,,,,,52,0,False,False
439.0,,target,999510204,HEAD ON TRADER,-0.18016601646722735,1.3712991431132653,-38.027145014281444,144.8461868327858,14.0,235.0,235.0,1,danger,safe,0.14374826886270722,-17.396343105061376,synthetic,,,,,70,0,False,False
439.0,,target,995039901,DEMO VIRTUAL WRECK,0.38,1.55,-38.024166666666666,144.85804260187243,0.0,0.0,0.0,21,,caution,0.38,45.999999999999986,synthetic,,,,,60,17,True,False
439.0,,target,970990001,AIS SART TEST,-0.2729289321881346,1.4129289321881344,-38.026451184463525,144.8442235296288,1.5,135.0,135.0,1,,caution,0.27071703096330857,10.52247689845487,synthetic,,,,,0,0,False,False
439.0,,target,999510207,LATE PORT CROSSER,-0.755,1.88,-38.01866666666666,144.83402061996398,18.0,90.0,90.0,18,danger,danger,0.016641005886756967,149.15384615384616,synthetic,,,,,80,0,False,False
440.0,,own,999510000,DEMO OWN SHIP,0.0,1.4,-38.026666666666664,144.85,12.0,0.0,0.0,1,,,,,synthetic,,,,,60,,False,False
440.0,,target,999510202,DANCING TUG,1.4267425406766738,-0.26448292803096995,-38.05440804880051,144.88019663744504,3.0,60.0,60.0,18,,safe,0.9851792752748801,-651.8109722764012,synthetic,,,,,52,0,False,False
440.0,,target,999510204,HEAD ON TRADER,-0.18335160775057344,1.3690685680830113,-38.027182190531946,144.84611941056892,14.0,235.0,235.0,1,danger,safe,0.14374826886270733,-18.396343105061355,synthetic,,,,,70,0,False,False
440.0,,target,995039901,DEMO VIRTUAL WRECK,0.38,1.55,-38.024166666666666,144.85804260187243,0.0,0.0,0.0,21,,caution,0.38,45.00000000000003,synthetic,,,,,60,17,True,False
440.0,,target,970990001,AIS SART TEST,-0.27263430436264013,1.4126343043626401,-38.02645609492728,144.84422976535063,1.5,135.0,135.0,1,,caution,0.2707170309633085,9.522476898454943,synthetic,,,,,0,0,False,False
440.0,,target,999510207,LATE PORT CROSSER,-0.75,1.88,-38.01866666666666,144.83412644367283,18.0,90.0,90.0,18,danger,danger,0.016641005886756828,148.15384615384616,synthetic,,,,,80,0,False,False
441.0,,own,999510000,DEMO OWN SHIP,0.0,1.4033333333333333,-38.02661111111111,144.85,12.0,0.0,0.0,1,,,,,synthetic,,,,,60,,False,False
441.0,,target,999510202,DANCING TUG,1.427464228513161,-0.2640662613643033,-38.05440110435607,144.88021191178174,3.0,60.0,60.0,18,,safe,0.9851792752748803,-652.8109722764012,synthetic,,,,,52,0,False,False
441.0,,target,999510204,HEAD ON TRADER,-0.18653719903391952,1.3668379930527572,-38.027219366782454,144.84605198835203,14.0,235.0,235.0,1,danger,safe,0.1437482688627073,-19.39634310506136,synthetic,,,,,70,0,False,False
441.0,,target,995039901,DEMO VIRTUAL WRECK,0.38,1.55,-38.024166666666666,144.85804260187243,0.0,0.0,0.0,21,,caution,0.38,44.00000000000001,synthetic,,,,,60,17,True,False
441.0,,target,970990001,AIS SART TEST,-0.27233967653714575,1.4123396765371456,-38.02646100539104,144.8442360010725,1.5,135.0,135.0,1,,caution,0.2707170309633085,8.522476898454894,synthetic,,,,,0,0,False,False
441.0,,target,999510207,LATE PORT CROSSER,-0.745,1.88,-38.01866666666666,144.83423226738168,18.0,90.0,90.0,18,danger,danger,0.01664100588675692,147.15384615384616,synthetic,,,,,80,0,False,False
442.0,,own,999510000,DEMO OWN SHIP,0.0,1.4066666666666667,-38.026555555555554,144.85,12.0,0.0,0.0,1,,,,,synthetic,,,,,60,,False,False
442.0,,target,999510202,DANCING TUG,1.428185916349648,-0.26364959469763666,-38.054394159911624,144.88022718611845,3.0,60.0,60.0,18,,safe,0.9851792752748803,-653.8109722764012,synthetic,,,,,52,0,False,False
442.0,,target,999510204,HEAD ON TRADER,-0.1897227903172656,1.3646074180225032,-38.027256543032955,144.84598456613514,14.0,235.0,235.0,1,danger,safe,0.1437482688627073,-20.396343105061366,synthetic,,,,,70,0,False,False
442.0,,target,995039901,DEMO VIRTUAL WRECK,0.38,1.55,-38.024166666666666,144.85804260187243,0.0,0.0,0.0,21,,caution,0.38,42.99999999999999,synthetic,,,,,60,17,True,False
442.0,,target,970990001,AIS SART TEST,-0.27204504871165136,1.4120450487116514,-38.0264659158548,144.84424223679432,1.5,135.0,135.0,1,,caution,0.2707170309633085,7.522476898454905,synthetic,,,,,0,0,False,False
442.0,,target,999510207,LATE PORT CROSSER,-0.74,1.88,-38.01866666666666,144.83433809109053,18.0,90.0,90.0,18,danger,danger,0.016641005886756936,146.15384615384613,synthetic,,,,,80,0,False,False
443.0,,own,999510000,DEMO OWN SHIP,0.0,1.4100000000000001,-38.0265,144.85,12.0,0.0,0.0,1,,,,,synthetic,,,,,60,,False,False
443.0,,target,999510202,DANCING TUG,1.428907604186135,-0.26323292803097,-38.05438721546718,144.88024246045515,3.0,60.0,60.0,18,,safe,0.9851792752748803,-654.8109722764013,synthetic,,,,,52,0,False,False
443.0,,target,999510204,HEAD ON TRADER,-0.1929083816006117,1.362376842992249,-38.027293719283456,144.84591714391823,14.0,235.0,235.0,1,danger,safe,0.14374826886270717,-21.3963431050614,synthetic,,,,,70,0,False,False
443.0,,target,995039901,DEMO VIRTUAL WRECK,0.38,1.55,-38.024166666666666,144.85804260187243,0.0,0.0,0.0,21,,caution,0.38,41.999999999999964,synthetic,,,,,60,17,True,False
443.0,,target,970990001,AIS SART TEST,-0.271750420886157,1.4117504208861569,-38.02647082631856,144.84424847251617,1.5,135.0,135.0,1,,caution,0.27071703096330857,6.5224768984548565,synthetic,,,,,0,0,False,False
443.0,,target,999510207,LATE PORT CROSSER,-0.735,1.88,-38.01866666666666,144.83444391479938,18.0,90.0,90.0,18,danger,danger,0.016641005886757026,145.15384615384613,synthetic,,,,,80,0,False,False
444.0,,own,999510000,DEMO OWN SHIP,0.0,1.4133333333333333,-38.026444444444444,144.85,12.0,0.0,0.0,1,,,,,synthetic,,,,,60,,False,False
444.0,,target,999510202,DANCING TUG,1.429629292022622,-0.2628162613643033,-38.05438027102274,144.88025773479183,3.0,60.0,60.0,18,,safe,0.9851792752748801,-655.8109722764012,synthetic,,,,,52,0,False,False
444.0,,target,999510204,HEAD ON TRADER,-0.19609397288395775,1.360146267961995,-38.027330895533964,144.84584972170134,14.0,235.0,235.0,1,danger,safe,0.14374826886270725,-22.396343105061376,synthetic,,,,,70,0,False,False
444.0,,target,995039901,DEMO VIRTUAL WRECK,0.38,1.55,-38.024166666666666,144.85804260187243,0.0,0.0,0.0,21,,caution,0.38,41.00000000000001,synthetic,,,,,60,17,True,False
444.0,,target,970990001,AIS SART TEST,-0.2714557930606626,1.4114557930606624,-38.02647573678232,144.84425470823803,1.5,135.0,135.0,1,,caution,0.27071703096330857,5.522476898454868,synthetic,,,,,0,0,False,False
444.0,,target,999510207,LATE PORT CROSSER,-0.73,1.88,-38.01866666666666,144.83454973850823,18.0,90.0,90.0,18,danger,danger,0.01664100588675692,144.15384615384616,synthetic,,,,,80,0,False,False
445.0,,own,999510000,DEMO OWN SHIP,0.0,1.4166666666666667,-38.02638888888889,144.85,12.0,0.0,0.0,1,,,,,synthetic,,,,,60,,False,False
445.0,,target,999510202,DANCING TUG,1.430350979859109,-0.26239959469763663,-38.05437332657829,144.88027300912853,3.0,60.0,60.0,18,,safe,0.9851792752748801,-656.8109722764012,synthetic,,,,,52,0,False,False
445.0,,target,999510204,HEAD ON TRADER,-0.19927956416730383,1.3579156929317409,-38.027368071784466,144.84578229948445,14.0,235.0,235.0,1,danger,safe,0.14374826886270722,-23.396343105061383,synthetic,,,,,70,0,False,False
445.0,,target,995039901,DEMO VIRTUAL WRECK,0.38,1.55,-38.024166666666666,144.85804260187243,0.0,0.0,0.0,21,,caution,0.38,39.999999999999986,synthetic,,,,,60,17,True,False
445.0,,target,970990001,AIS SART TEST,-0.2711611652351682,1.411161165235168,-38.026480647246075,144.84426094395985,1.5,135.0,135.0,1,,caution,0.27071703096330857,4.5224768984548795,synthetic,,,,,0,0,False,False
445.0,,target,999510207,LATE PORT CROSSER,-0.725,1.88,-38.01866666666666,144.83465556221708,18.0,90.0,90.0,18,danger,danger,0.016641005886756936,143.15384615384613,synthetic,,,,,80,0,False,False
446.0,,own,999510000,DEMO OWN SHIP,0.0,1.42,-38.02633333333333,144.85,12.0,0.0,0.0,1,,,,,synthetic,,,,,60,,False,False
446.0,,target,999510202,DANCING TUG,1.431072667695596,-0.26198292803096995,-38.05436638213385,144.88028828346523,3.0,60.0,60.0,18,,safe,0.9851792752748801,-657.8109722764012,synthetic,,,,,52,0,False,False
446.0,,target,999510204,HEAD ON TRADER,-0.20246515545064991,1.3556851179014868,-38.027405248034974,144.84571487726754,14.0,235.0,235.0,1,danger,safe,0.1437482688627073,-24.39634310506136,synthetic,,,,,70,0,False,False
446.0,,target,995039901,DEMO VIRTUAL WRECK,0.38,1.55,-38.024166666666666,144.85804260187243,0.0,0.0,0.0,21,,caution,0.38,39.00000000000003,synthetic,,,,,60,17,True,False
446.0,,target,970990001,AIS SART TEST,-0.2708665374096738,1.4108665374096736,-38.02648555770983,144.8442671796817,1.5,135.0,135.0,1,,caution,0.27071703096330857,3.522476898454891,synthetic,,,,,0,0,False,False
446.0,,target,999510207,LATE PORT CROSSER,-0.72,1.88,-38.01866666666666,144.83476138592593,18.0,90.0,90.0,18,danger,danger,0.016641005886756873,142.15384615384616,synthetic,,,,,80,0,False,False
447.0,,own,999510000,DEMO OWN SHIP,0.0,1.4233333333333333,-38.02627777777777,144.85,12.0,0.0,0.0,1,,,,,synthetic,,,,,60,,False,False
447.0,,target,999510202,DANCING TUG,1.4317943555320831,-0.2615662613643033,-38.0543594376894,144.88030355780194,3.0,60.0,60.0,18,,safe,0.9851792752748803,-658.8109722764011,synthetic,,,,,52,0,False,False
447.0,,target,999510204,HEAD ON TRADER,-0.205650746733996,1.3534545428712328,-38.027442424285475,144.84564745505065,14.0,235.0,235.0,1,danger,safe,0.1437482688627073,-25.396343105061362,synthetic,,,,,70,0,False,False
447.0,,target,995039901,DEMO VIRTUAL WRECK,0.38,1.55,-38.024166666666666,144.85804260187243,0.0,0.0,0.0,21,,caution,0.38,38.00000000000001,synthetic,,,,,60,17,True,False
447.0,,target,970990001,AIS SART TEST,-0.27057190958417937,1.4105719095841793,-38.02649046817359,144.84427341540356,1.5,135.0,135.0,1,,caution,0.2707170309633085,2.5224768984549018,synthetic,,,,,0,0,False,False
447.0,,target,999510207,LATE PORT CROSSER,-0.715,1.88,-38.01866666666666,144.83486720963478,18.0,90.0,90.0,18,danger,danger,0.01664100588675692,141.15384615384616,synthetic,,,,,80,0,False,False
448.0,,own,999510000,DEMO OWN SHIP,0.0,1.4266666666666667,-38.026222222222216,144.85,12.0,0.0,0.0,1,,,,,synthetic,,,,,60,,False,False
448.0,,target,999510202,DANCING TUG,1.4325160433685702,-0.26114959469763666,-38.054352493244956,144.88031883213864,3.0,60.0,60.0,18,,safe,0.9851792752748804,-659.8109722764012,synthetic,,,,,52,0,False,False
448.0,,target,999510204,HEAD ON TRADER,-0.20883633801734205,1.3512239678409788,-38.02747960053598,144.84558003283377,14.0,235.0,235.0,1,danger,safe,0.14374826886270728,-26.396343105061366,synthetic,,,,,70,0,False,False
448.0,,target,995039901,DEMO VIRTUAL WRECK,0.38,1.55,-38.024166666666666,144.85804260187243,0.0,0.0,0.0,21,,caution,0.38,36.999999999999986,synthetic,,,,,60,17,True,False
448.0,,target,970990001,AIS SART TEST,-0.270277281758685,1.4102772817586848,-38.02649537863735,144.8442796511254,1.5,135.0,135.0,1,,caution,0.27071703096330857,1.5224768984548522,synthetic,,,,,0,0,False,False
448.0,,target,999510207,LATE PORT CROSSER,-0.71,1.88,-38.01866666666666,144.8349730333436,18.0,90.0,90.0,18,danger,danger,0.01664100588675698,140.15384615384613,synthetic,,,,,80,0,False,False
449.0,,own,999510000,DEMO OWN SHIP,0.0,1.4300000000000002,-38.02616666666666,144.85,12.0,0.0,0.0,1,,,,,synthetic,,,,,60,,False,False
449.0,,target,999510202,DANCING TUG,1.433237731205057,-0.26073292803097,-38.05434554880051,144.88033410647532,3.0,60.0,60.0,18,,safe,0.98517927527488,-660.8109722764013,synthetic,,,,,52,0,False,False
449.0,,target,999510204,HEAD ON TRADER,-0.21202192930068814,1.3489933928107245,-38.027516776786484,144.84551261061685,14.0,235.0,235.0,1,danger,safe,0.14374826886270714,-27.39634310506141,synthetic,,,,,70,0,False,False
449.0,,target,995039901,DEMO VIRTUAL WRECK,0.38,1.55,-38.024166666666666,144.85804260187243,0.0,0.0,0.0,21,,caution,0.38,35.99999999999996,synthetic,,,,,60,17,True,False
449.0,,target,970990001,AIS SART TEST,-0.2699826539331906,1.4099826539331906,-38.02650028910111,144.84428588684725,1.5,135.0,135.0,1,,caution,0.27071703096330857,0.5224768984548643,synthetic,,,,,0,0,False,False
449.0,,target,999510207,LATE PORT CROSSER,-0.7050000000000001,1.88,-38.01866666666666,144.83507885705245,18.0,90.0,90.0,18,danger,danger,0.01664100588675709,139.15384615384613,synthetic,,,,,80,0,False,False
450.0,,own,999510000,DEMO OWN SHIP,0.0,1.4333333333333333,-38.026111111111106,144.85,12.0,0.0,0.0,1,,,,,synthetic,,,,,60,,False,False
450.0,,target,999510202,DANCING TUG,1.4339594190415441,-0.2603162613643033,-38.05433860435607,144.88034938081202,3.0,60.0,60.0,18,,safe,0.9851792752748801,-661.8109722764012,synthetic,,,,,52,0,False,False
450.0,,target,999510204,HEAD ON TRADER,-0.21520752058403422,1.3467628177804705,-38.02755395303699,144.84544518839996,14.0,235.0,235.0,1,danger,safe,0.14374826886270722,-28.39634310506138,synthetic,,,,,70,0,False,False
450.0,,target,995039901,DEMO VIRTUAL WRECK,0.38,1.55,-38.024166666666666,144.85804260187243,0.0,0.0,0.0,21,,caution,0.38,35.00000000000001,synthetic,,,,,60,17,True,False
450.0,,target,970990001,AIS SART TEST,-0.2696880261076962,1.409688026107696,-38.026505199564866,144.84429212256907,1.5,135.0,135.0,1,,safe,0.27071703096330857,-0.4775231015451241,synthetic,,,,,0,0,False,False
450.0,,target,999510207,LATE PORT CROSSER,-0.7,1.88,-38.01866666666666,144.8351846807613,18.0,90.0,90.0,18,danger,danger,0.016641005886756887,138.15384615384613,synthetic,,,,,80,0,False,False
451.0,,own,999510000,DEMO OWN SHIP,0.0,1.4366666666666668,-38.02605555555555,144.85,12.0,0.0,0.0,1,,,,,synthetic,,,,,60,,False,False
451.0,,target,999510202,DANCING TUG,1.4346811068780312,-0.2598995946976366,-38.054331659911625,144.88036465514872,3.0,60.0,60.0,18,,safe,0.9851792752748801,-662.8109722764012,synthetic,,,,,52,0,False,False
451.0,,target,999510204,HEAD ON TRADER,-0.2183931118673803,1.3445322427502164,-38.027591129287494,144.84537776618308,14.0,235.0,235.0,1,danger,safe,0.14374826886270722,-29.396343105061387,synthetic,,,,,70,0,False,False
451.0,,target,995039901,DEMO VIRTUAL WRECK,0.38,1.55,-38.024166666666666,144.85804260187243,0.0,0.0,0.0,21,,caution,0.38,33.999999999999986,synthetic,,,,,60,17,True,False
451.0,,target,970990001,AIS SART TEST,-0.2693933982822018,1.4093933982822018,-38.026510110028624,144.84429835829093,1.5,135.0,135.0,1,,safe,0.27071703096330857,-1.4775231015451116,synthetic,,,,,0,0,False,False
451.0,,target,999510207,LATE PORT CROSSER,-0.6950000000000001,1.88,-38.01866666666666,144.83529050447015,18.0,90.0,90.0,18,danger,danger,0.016641005886757074,137.15384615384616,synthetic,,,,,80,0,False,False
452.0,,own,999510000,DEMO OWN SHIP,0.0,1.44,-38.025999999999996,144.85,12.0,0.0,0.0,1,,,,,synthetic,,,,,60,,False,False
452.0,,target,999510202,DANCING TUG,1.4354027947145183,-0.25948292803096995,-38.05432471546718,144.88037992948543,3.0,60.0,60.0,18,,safe,0.9851792752748803,-663.8109722764012,synthetic,,,,,52,0,False,False
452.0,,target,999510204,HEAD ON TRADER,-0.2215787031507264,1.3423016677199624,-38.027628305537995,144.8453103439662,14.0,235.0,235.0,1,danger,safe,0.1437482688627073,-30.39634310506136,synthetic,,,,,70,0,False,False
452.0,,target,995039901,DEMO VIRTUAL WRECK,0.38,1.55,-38.024166666666666,144.85804260187243,0.0,0.0,0.0,21,,caution,0.38,33.00000000000002,synthetic,,,,,60,17,True,False
452.0,,target,970990001,AIS SART TEST,-0.26909877045670744,1.4090987704567073,-38.02651502049238,144.84430459401278,1.5,135.0,135.0,1,,safe,0.27071703096330857,-2.4775231015451,synthetic,,,,,0,0,False,False
452.0,,target,999510207,LATE PORT CROSSER,-0.69,1.88,-38.01866666666666,144.835396328179,18.0,90.0,90.0,18,danger,danger,0.016641005886756873,136.15384615384616,synthetic,,,,,80,0,False,False
453.0,,own,999510000,DEMO OWN SHIP,0.0,1.4433333333333334,-38.02594444444444,144.85,12.0,0.0,0.0,1,,,,,synthetic,,,,,60,,False,False
453.0,,target,999510202,DANCING TUG,1.4361244825510053,-0.25906626136430333,-38.05431777102274,144.8803952038221,3.0,60.0,60.0,18,,safe,0.9851792752748804,-664.8109722764012,synthetic,,,,,52,0,False,False
453.0,,target,999510204,HEAD ON TRADER,-0.22476429443407245,1.3400710926897084,-38.0276654817885,144.84524292174927,14.0,235.0,235.0,1,danger,safe,0.14374826886270728,-31.39634310506137,synthetic,,,,,70,0,False,False
453.0,,target,995039901,DEMO VIRTUAL WRECK,0.38,1.55,-38.024166666666666,144.85804260187243,0.0,0.0,0.0,21,,caution,0.38,32.0,synthetic,,,,,60,17,True,False
453.0,,target,970990001,AIS SART TEST,-0.268804142631213,1.408804142631213,-38.02651993095614,144.8443108297346,1.5,135.0,135.0,1,,safe,0.2707170309633085,-3.4775231015450907,synthetic,,,,,0,0,False,False
453.0,,target,999510207,LATE PORT CROSSER,-0.685,1.88,-38.01866666666666,144.83550215188785,18.0,90.0,90.0,18,danger,danger,0.01664100588675698,135.15384615384616,synthetic,,,,,80,0,False,False
454.0,,own,999510000,DEMO OWN SHIP,0.0,1.4466666666666668,-38.025888888888886,144.85,12.0,0.0,0.0,1,,,,,synthetic,,,,,60,,False,False
454.0,,target,999510202,DANCING TUG,1.4368461703874924,-0.25864959469763665,-38.05431082657829,144.8804104781588,3.0,60.0,60.0,18,,safe,0.9851792752748804,-665.8109722764013,synthetic,,,,,52,0,False,False
454.0,,target,999510204,HEAD ON TRADER,-0.22794988571741853,1.3378405176594543,-38.027702658039004,144.8451754995324,14.0,235.0,235.0,1,danger,safe,0.14374826886270728,-32.39634310506137,synthetic,,,,,70,0,False,False
454.0,,target,995039901,DEMO VIRTUAL WRECK,0.38,1.55,-38.024166666666666,144.85804260187243,0.0,0.0,0.0,21,,caution,0.38,30.99999999999998,synthetic,,,,,60,17,True,False
454.0,,target,970990001,AIS SART TEST,-0.2685095148057186,1.4085095148057185,-38.0265248414199,144.84431706545647,1.5,135.0,135.0,1,,safe,0.2707170309633085,-4.477523101545138,synthetic,,,,,0,0,False,False
454.0,,target,999510207,LATE PORT CROSSER,-0.6799999999999999,1.88,-38.01866666666666,144.8356079755967,18.0,90.0,90.0,18,danger,danger,0.01664100588675698,134.15384615384613,synthetic,,,,,80,0,False,False
455.0,,own,999510000,DEMO OWN SHIP,0.0,1.4500000000000002,-38.02583333333333,144.85,12.0,0.0,0.0,1,,,,,synthetic,,,,,60,,False,False
455.0,,target,999510202,DANCING TUG,1.4375678582239793,-0.25823292803097,-38.054303882133844,144.8804257524955,3.0,60.0,60.0,18,,safe,0.9851792752748801,-666.8109722764013,synthetic,,,,,52,0,False,False
455.0,,target,999510204,HEAD ON TRADER,-0.23113547700076462,1.3356099426292003,-38.02773983428951,144.8451080773155,14.0,235.0,235.0,1,danger,safe,0.14374826886270722,-33.396343105061376,synthetic,,,,,70,0,False,False
455.0,,target,995039901,DEMO VIRTUAL WRECK,0.38,1.55,-38.024166666666666,144.85804260187243,0.0,0.0,0.0,21,,caution,0.38,29.999999999999954,synthetic,,,,,60,17,True,False
455.0,,target,970990001,AIS SART TEST,-0.2682148869802242,1.4082148869802242,-38.02652975188366,144.84432330117832,1.5,135.0,135.0,1,,safe,0.2707170309633085,-5.477523101545127,synthetic,,,,,0,0,False,False
455.0,,target,999510207,LATE PORT CROSSER,-0.675,1.88,-38.01866666666666,144.83571379930555,18.0,90.0,90.0,18,danger,danger,0.01664100588675712,133.15384615384616,synthetic,,,,,80,0,False,False
456.0,,own,999510000,DEMO OWN SHIP,0.0,1.4533333333333334,-38.025777777777776,144.85,12.0,0.0,0.0,1,,,,,synthetic,,,,,60,,False,False
456.0,,target,999510202,DANCING TUG,1.4382895460604663,-0.2578162613643033,-38.0542969376894,144.88044102683222,3.0,60.0,60.0,18,,safe,0.9851792752748801,-667.8109722764012,synthetic,,,,,52,0,False,False
456.0,,target,999510204,HEAD ON TRADER,-0.2343210682841107,1.333379367598946,-38.027777010540014,144.8450406550986,14.0,235.0,235.0,1,danger,safe,0.14374826886270722,-34.39634310506138,synthetic,,,,,70,0,False,False
456.0,,target,995039901,DEMO VIRTUAL WRECK,0.38,1.55,-38.024166666666666,144.85804260187243,0.0,0.0,0.0,21,,caution,0.38,29.0,synthetic,,,,,60,17,True,False
456.0,,target,970990001,AIS SART TEST,-0.26792025915472983,1.4079202591547297,-38.026534662347416,144.84432953690015,1.5,135.0,135.0,1,,safe,0.27071703096330857,-6.477523101545115,synthetic,,,,,0,0,False,False
456.0,,target,999510207,LATE PORT CROSSER,-0.6699999999999999,1.88,-38.01866666666666,144.8358196230144,18.0,90.0,90.0,18,danger,danger,0.016641005886756936,132.15384615384613,synthetic,,,,,80,0,False,False
457.0,,own,999510000,DEMO OWN SHIP,0.0,1.4566666666666666,-38.02572222222222,144.85,12.0,0.0,0.0,1,,,,,synthetic,,,,,60,,False,False
457.0,,target,999510202,DANCING TUG,1.4390112338969534,-0.2573995946976366,-38.05428999324496,144.8804563011689,3.0,60.0,60.0,18,,safe,0.9851792752748804,-668.8109722764011,synthetic,,,,,52,0,False,False
457.0,,target,999510204,HEAD ON TRADER,-0.23750665956745676,1.331148792568692,-38.02781418679052,144.8449732328817,14.0,235.0,235.0,1,danger,safe,0.1437482688627073,-35.39634310506136,synthetic,,,,,70,0,False,False
457.0,,target,995039901,DEMO VIRTUAL WRECK,0.38,1.55,-38.024166666666666,144.85804260187243,0.0,0.0,0.0,21,,caution,0.38,28.000000000000046,synthetic,,,,,60,17,True,False
457.0,,target,970990001,AIS SART TEST,-0.26762563132923545,1.4076256313292352,-38.026539572811174,144.844335772622,1.5,135.0,135.0,1,,safe,0.27071703096330857,-7.477523101545104,synthetic,,,,,0,0,False,False
457.0,,target,999510207,LATE PORT CROSSER,-0.665,1.88,-38.01866666666666,144.83592544672325,18.0,90.0,90.0,18,danger,danger,0.016641005886756887,131.15384615384616,synthetic,,,,,80,0,False,False
458.0,,own,999510000,DEMO OWN SHIP,0.0,1.46,-38.025666666666666,144.85,12.0,0.0,0.0,1,,,,,synthetic,,,,,60,,False,False
458.0,,target,999510202,DANCING TUG,1.4397329217334405,-0.25698292803096995,-38.054283048800514,144.8804715755056,3.0,60.0,60.0,18,,safe,0.9851792752748803,-669.8109722764012,synthetic,,,,,52,0,False,False
458.0,,target,999510204,HEAD ON TRADER,-0.24069225085080284,1.328918217538438,-38.02785136304102,144.8449058106648,14.0,235.0,235.0,1,danger,safe,0.14374826886270728,-36.39634310506137,synthetic,,,,,70,0,False,False
458.0,,target,995039901,DEMO VIRTUAL WRECK,0.38,1.55,-38.024166666666666,144.85804260187243,0.0,0.0,0.0,21,,caution,0.38,27.00000000000002,synthetic,,,,,60,17,True,False
458.0,,target,970990001,AIS SART TEST,-0.26733100350374106,1.407331003503741,-38.02654448327493,144.84434200834383,1.5,135.0,135.0,1,,safe,0.27071703096330857,-8.477523101545092,synthetic,,,,,0,0,False,False
458.0,,target,999510207,LATE PORT CROSSER,-0.6599999999999999,1.88,-38.01866666666666,144.8360312704321,18.0,90.0,90.0,18,danger,danger,0.016641005886756887,130.15384615384613,synthetic,,,,,80,0,False,False
459.0,,own,999510000,DEMO OWN SHIP,0.0,1.4633333333333334,-38.02561111111111,144.85,12.0,0.0,0.0,1,,,,,synthetic,,,,,60,,False,False
459.0,,target,999510202,DANCING TUG,1.4404546095699275,-0.25656626136430327,-38.05427610435607,144.8804868498423,3.0,60.0,60.0,18,,safe,0.9851792752748803,-670.8109722764013,synthetic,,,,,52,0,False,False
459.0,,target,999510204,HEAD ON TRADER,-0.24387784213414893,1.326687642508184,-38.027888539291524,144.8448383884479,14.0,235.0,235.0,1,danger,safe,0.14374826886270728,-37.39634310506137,synthetic,,,,,70,0,False,False
459.0,,target,995039901,DEMO VIRTUAL WRECK,0.38,1.55,-38.024166666666666,144.85804260187243,0.0,0.0,0.0,21,,caution,0.38,26.0,synthetic,,,,,60,17,True,False
459.0,,target,970990001,AIS SART TEST,-0.2670363756782467,1.4070363756782465,-38.02654939373869,144.84434824406569,1.5,135.0,135.0,1,,safe,0.27071703096330857,-9.477523101545142,synthetic,,,,,0,0,False,False
459.0,,target,999510207,LATE PORT CROSSER,-0.655,1.88,-38.01866666666666,144.83613709414095,18.0,90.0,90.0,18,danger,danger,0.016641005886757026,129.15384615384616,synthetic,,,,,80,0,False,False
460.0,,own,999510000,DEMO OWN SHIP,0.0,1.4666666666666668,-38.025555555555556,144.85,12.0,0.0,0.0,1,,,,,synthetic,,,,,60,,False,False
460.0,,target,999510202,DANCING TUG,1.4411762974064144,-0.25614959469763665,-38.05426915991163,144.880502124179,3.0,60.0,60.0,18,,safe,0.9851792752748801,-671.8109722764013,synthetic,,,,,52,0,False,False
460.0,,target,999510204,HEAD ON TRADER,-0.247063433417495,1.32445706747793,-38.02792571554203,144.844770966231,14.0,235.0,235.0,1,danger,safe,0.14374826886270725,-38.396343105061376,synthetic,,,,,70,0,False,False
460.0,,target,995039901,DEMO VIRTUAL WRECK,0.38,1.55,-38.024166666666666,144.85804260187243,0.0,0.0,0.0,21,,caution,0.38,24.999999999999975,synthetic,,,,,60,17,True,False
460.0,,target,970990001,AIS SART TEST,-0.2667417478527523,1.4067417478527522,-38.02655430420245,144.84435447978754,1.5,135.0,135.0,1,,safe,0.27071703096330857,-10.47752310154513,synthetic,,,,,0,0,False,False
460.0,,target,999510207,LATE PORT CROSSER,-0.6499999999999999,1.88,-38.01866666666666,144.83624291784977,18.0,90.0,90.0,18,danger,danger,0.01664100588675698,128.15384615384613,synthetic,,,,,80,0,False,False
461.0,,own,999510000,DEMO OWN SHIP,0.0,1.4700000000000002,-38.025499999999994,144.85,12.0,0.0,0.0,1,,,,,synthetic,,,,,60,,False,False
461.0,,target,999510202,DANCING TUG,1.4418979852429015,-0.25573292803097,-38.05426221546718,144.8805173985157,3.0,60.0,60.0,18,,safe,0.9851792752748801,-672.8109722764012,synthetic,,,,,52,0,False,False
461.0,,target,999510204,HEAD ON TRADER,-0.2502490247008411,1.3222264924476756,-38.027962891792534,144.84470354401412,14.0,235.0,235.0,1,danger,safe,0.14374826886270714,-39.39634310506141,synthetic,,,,,70,0,False,False
461.0,,target,995039901,DEMO VIRTUAL WRECK,0.38,1.55,-38.024166666666666,144.85804260187243,0.0,0.0,0.0,21,,caution,0.38,23.999999999999954,synthetic,,,,,60,17,True,False
461.0,,target,970990001,AIS SART TEST,-0.26644712002725784,1.4064471200272577,-38.02655921466621,144.84436071550937,1.5,135.0,135.0,1,,safe,0.27071703096330857,-11.47752310154518,synthetic,,,,,0,0,False,False
461.0,,target,999510207,LATE PORT CROSSER,-0.645,1.88,-38.01866666666666,144.83634874155862,18.0,90.0,90.0,18,danger,danger,0.016641005886757133,127.15384615384613,synthetic,,,,,80,0,False,False
462.0,,own,999510000,DEMO OWN SHIP,0.0,1.4733333333333334,-38.02544444444444,144.85,12.0,0.0,0.0,1,,,,,synthetic,,,,,60,,False,False
462.0,,target,999510202,DANCING TUG,1.4426196730793885,-0.2553162613643033,-38.05425527102273,144.88053267285238,3.0,60.0,60.0,18,,safe,0.9851792752748801,-673.8109722764012,synthetic,,,,,52,0,False,False
462.0,,target,999510204,HEAD ON TRADER,-0.25343461598418715,1.3199959174174216,-38.02800006804304,144.84463612179724,14.0,235.0,235.0,1,danger,safe,0.14374826886270717,-40.39634310506138,synthetic,,,,,70,0,False,False
462.0,,target,995039901,DEMO VIRTUAL WRECK,0.38,1.55,-38.024166666666666,144.85804260187243,0.0,0.0,0.0,21,,caution,0.38,22.999999999999993,synthetic,,,,,60,17,True,False
462.0,,target,970990001,AIS SART TEST,-0.26615249220176346,1.4061524922017634,-38.026564125129966,144.84436695123122,1.5,135.0,135.0,1,,safe,0.2707170309633085,-12.477523101545108,synthetic,,,,,0,0,False,False
462.0,,target,999510207,LATE PORT CROSSER,-0.64,1.88,-38.01866666666666,144.83645456526747,18.0,90.0,90.0,18,danger,danger,0.01664100588675698,126.15384615384615,synthetic,,,,,80,0,False,False
463.0,,own,999510000,DEMO OWN SHIP,0.0,1.4766666666666666,-38.025388888888884,144.85,12.0,0.0,0.0,1,,,,,synthetic,,,,,60,,False,False
463.0,,target,999510202,DANCING TUG,1.4433413609158756,-0.2548995946976366,-38.05424832657829,144.8805479471891,3.0,60.0,60.0,18,,safe,0.9851792752748803,-674.8109722764011,synthetic,,,,,52,0,False,False
463.0,,target,999510204,HEAD ON TRADER,-0.2566202072675332,1.3177653423871676,-38.02803724429354,144.84456869958032,14.0,235.0,235.0,1,danger,safe,0.14374826886270728,-41.39634310506136,synthetic,,,,,70,0,False,False
463.0,,target,995039901,DEMO VIRTUAL WRECK,0.38,1.55,-38.024166666666666,144.85804260187243,0.0,0.0,0.0,21,,caution,0.38,22.00000000000004,synthetic,,,,,60,17,True,False
463.0,,target,970990001,AIS SART TEST,-0.26585786437626907,1.405857864376269,-38.026569035593724,144.84437318695308,1.5,135.0,135.0,1,,safe,0.2707170309633085,-13.4775231015451,synthetic,,,,,0,0,False,False
463.0,,target,999510207,LATE PORT CROSSER,-0.635,1.88,-38.01866666666666,144.83656038897632,18.0,90.0,90.0,18,danger,danger,0.016641005886756873,125.15384615384617,synthetic,,,,,80,0,False,False
464.0,,own,999510000,DEMO OWN SHIP,0.0,1.48,-38.02533333333333,144.85,12.0,0.0,0.0,1,,,,,synthetic,,,,,60,,False,False
464.0,,target,999510202,DANCING TUG,1.4440630487523627,-0.25448292803096995,-38.054241382133846,144.8805632215258,3.0,60.0,60.0,18,,safe,0.9851792752748804,-675.8109722764012,synthetic,,,,,52,0,False,False
464.0,,target,999510204,HEAD ON TRADER,-0.2598057985508793,1.3155347673569135,-38.02807442054405,144.84450127736343,14.0,235.0,235.0,1,danger,safe,0.14374826886270728,-42.39634310506137,synthetic,,,,,70,0,False,False
464.0,,target,995039901,DEMO VIRTUAL WRECK,0.38,1.55,-38.024166666666666,144.85804260187243,0.0,0.0,0.0,21,,caution,0.38,21.000000000000014,synthetic,,,,,60,17,True,False
464.0,,target,970990001,AIS SART TEST,-0.2655632365507747,1.4055632365507746,-38.02657394605748,144.8443794226749,1.5,135.0,135.0,1,,safe,0.27071703096330857,-14.477523101545087,synthetic,,,,,0,0,False,False
464.0,,target,999510207,LATE PORT CROSSER,-0.63,1.88,-38.01866666666666,144.83666621268517,18.0,90.0,90.0,18,danger,danger,0.016641005886756936,124.15384615384615,synthetic,,,,,80,0,False,False
465.0,,own,999510000,DEMO OWN SHIP,0.0,1.4833333333333334,-38.025277777777774,144.85,12.0,0.0,0.0,1,,,,,synthetic,,,,,60,,False,False
465.0,,target,999510202,DANCING TUG,1.4447847365888498,-0.2540662613643033,-38.0542344376894,144.8805784958625,3.0,60.0,60.0,18,,safe,0.9851792752748803,-676.8109722764013,synthetic,,,,,52,0,False,False
465.0,,target,999510204,HEAD ON TRADER,-0.2629913898342254,1.3133041923266595,-38.02811159679455,144.84443385514655,14.0,235.0,235.0,1,danger,safe,0.14374826886270725,-43.39634310506137,synthetic,,,,,70,0,False,False
465.0,,target,995039901,DEMO VIRTUAL WRECK,0.38,1.55,-38.024166666666666,144.85804260187243,0.0,0.0,0.0,21,,caution,0.38,19.999999999999993,synthetic,,,,,60,17,True,False
465.0,,target,970990001,AIS SART TEST,-0.2652686087252803,1.4052686087252801,-38.02657885652124,144.84438565839676,1.5,135.0,135.0,1,,safe,0.27071703096330857,-15.477523101545133,synthetic,,,,,0,0,False,False
465.0,,target,999510207,LATE PORT CROSSER,-0.625,1.88,-38.01866666666666,144.83677203639402,18.0,90.0,90.0,18,danger,danger,0.016641005886756967,123.15384615384616,synthetic,,,,,80,0,False,False
466.0,,own,999510000,DEMO OWN SHIP,0.0,1.4866666666666668,-38.02522222222222,144.85,12.0,0.0,0.0,1,,,,,synthetic,,,,,60,,False,False
466.0,,target,999510202,DANCING TUG,1.4455064244253366,-0.25364959469763665,-38.05422749324496,144.88059377019917,3.0,60.0,60.0,18,,safe,0.9851792752748801,-677.8109722764012,synthetic,,,,,52,0,False,False
466.0,,target,999510204,HEAD ON TRADER,-0.26617698111757143,1.3110736172964055,-38.028148773045054,144.84436643292963,14.0,235.0,235.0,1,danger,safe,0.1437482688627072,-44.396343105061376,synthetic,,,,,70,0,False,False
466.0,,target,995039901,DEMO VIRTUAL WRECK,0.38,1.55,-38.024166666666666,144.85804260187243,0.0,0.0,0.0,21,,caution,0.38,18.999999999999968,synthetic,,,,,60,17,True,False
466.0,,target,970990001,AIS SART TEST,-0.2649739808997859,1.4049739808997859,-38.026583766985,144.8443918941186,1.5,135.0,135.0,1,,safe,0.27071703096330857,-16.47752310154512,synthetic,,,,,0,0,False,False
466.0,,target,999510207,LATE PORT CROSSER,-0.62,1.88,-38.01866666666666,144.83687786010287,18.0,90.0,90.0,18,danger,danger,0.016641005886757074,122.15384615384615,synthetic,,,,,80,0,False,False
467.0,,own,999510000,DEMO OWN SHIP,0.0,1.4900000000000002,-38.025166666666664,144.85,12.0,0.0,0.0,1,,,,,synthetic,,,,,60,,False,False
467.0,,target,999510202,DANCING TUG,1.4462281122618237,-0.25323292803097,-38.054220548800515,144.88060904453587,3.0,60.0,60.0,18,,safe,0.9851792752748801,-678.8109722764013,synthetic,,,,,52,0,False,False
467.0,,target,999510204,HEAD ON TRADER,-0.26936257240091754,1.3088430422661514,-38.02818594929556,144.84429901071275,14.0,235.0,235.0,1,danger,safe,0.1437482688627072,-45.39634310506139,synthetic,,,,,70,0,False,False
467.0,,target,995039901,DEMO VIRTUAL WRECK,0.38,1.55,-38.024166666666666,144.85804260187243,0.0,0.0,0.0,21,,caution,0.38,17.999999999999947,synthetic,,,,,60,17,True,False
467.0,,target,970990001,AIS SART TEST,-0.26467935307429147,1.4046793530742914,-38.02658867744876,144.84439812984044,1.5,135.0,135.0,1,,safe,0.2707170309633085,-17.477523101545174,synthetic,,,,,0,0,False,False
467.0,,target,999510207,LATE PORT CROSSER,-0.615,1.88,-38.01866666666666,144.83698368381172,18.0,90.0,90.0,18,danger,danger,0.01664100588675709,121.15384615384612,synthetic,,,,,80,0,False,False
468.0,,own,999510000,DEMO OWN SHIP,0.0,1.4933333333333334,-38.02511111111111,144.85,12.0,0.0,0.0,1,,,,,synthetic,,,,,60,,False,False
468.0,,target,999510202,DANCING TUG,1.4469498000983108,-0.2528162613643033,-38.05421360435607,144.88062431887258,3.0,60.0,60.0,18,,safe,0.9851792752748803,-679.8109722764011,synthetic,,,,,52,0,False,False
468.0,,target,999510204,HEAD ON TRADER,-0.2725481636842636,1.3066124672358974,-38.02822312554606,144.84423158849586,14.0,235.0,235.0,1,danger,safe,0.14374826886270728,-46.39634310506136,synthetic,,,,,70,0,False,False
468.0,,target,995039901,DEMO VIRTUAL WRECK,0.38,1.55,-38.024166666666666,144.85804260187243,0.0,0.0,0.0,21,,caution,0.38,16.999999999999993,synthetic,,,,,60,17,True,False
468.0,,target,970990001,AIS SART TEST,-0.2643847252487971,1.404384725248797,-38.026593587912515,144.8444043655623,1.5,135.0,135.0,1,,safe,0.2707170309633085,-18.4775231015451,synthetic,,,,,0,0,False,False
468.0,,target,999510207,LATE PORT CROSSER,-0.61,1.88,-38.01866666666666,144.83708950752057,18.0,90.0,90.0,18,danger,danger,0.01664100588675698,120.15384615384615,synthetic,,,,,80,0,False,False
469.0,,own,999510000,DEMO OWN SHIP,0.0,1.4966666666666666,-38.025055555555554,144.85,12.0,0.0,0.0,1,,,,,synthetic,,,,,60,,False,False
469.0,,target,999510202,DANCING TUG,1.4476714879347978,-0.2523995946976366,-38.05420665991162,144.88063959320928,3.0,60.0,60.0,18,,safe,0.9851792752748804,-680.8109722764012,synthetic,,,,,52,0,False,False
469.0,,target,999510204,HEAD ON TRADER,-0.2757337549676097,1.3043818922056432,-38.02826030179657,144.84416416627894,14.0,235.0,235.0,1,danger,safe,0.14374826886270728,-47.396343105061376,synthetic,,,,,70,0,False,False
469.0,,target,995039901,DEMO VIRTUAL WRECK,0.38,1.55,-38.024166666666666,144.85804260187243,0.0,0.0,0.0,21,,caution,0.38,16.000000000000036,synthetic,,,,,60,17,True,False
469.0,,target,970990001,AIS SART TEST,-0.2640900974233027,1.4040900974233026,-38.02659849837627,144.84441060128412,1.5,135.0,135.0,1,,safe,0.2707170309633085,-19.47752310154509,synthetic,,,,,0,0,False,False
469.0,,target,999510207,LATE PORT CROSSER,-0.605,1.88,-38.01866666666666,144.83719533122942,18.0,90.0,90.0,18,danger,danger,0.016641005886756873,119.15384615384616,synthetic,,,,,80,0,False,False
470.0,,own,999510000,DEMO OWN SHIP,0.0,1.5,-38.025,144.85,12.0,0.0,0.0,1,,,,,synthetic,,,,,60,,False,False
470.0,,target,999510202,DANCING TUG,1.448393175771285,-0.25198292803096994,-38.05419971546718,144.88065486754599,8.0,270.0,270.0,18,,safe,2.1769612421794524,-163.32662994579283,synthetic,,,,,52,0,False,False
470.0,,target,999510204,HEAD ON TRADER,-0.27891934625095577,1.3021513171753891,-38.02829747804707,144.84409674406206,14.0,235.0,235.0,1,danger,safe,0.14374826886270725,-48.39634310506137,synthetic,,,,,70,0,False,False
470.0,,target,995039901,DEMO VIRTUAL WRECK,0.38,1.55,-38.024166666666666,144.85804260187243,0.0,0.0,0.0,21,,caution,0.38,15.00000000000001,synthetic,,,,,60,17,True,False
470.0,,target,970990001,AIS SART TEST,-0.2637954695978083,1.4037954695978083,-38.02660340884003,144.84441683700598,1.5,135.0,135.0,1,,safe,0.2707170309633085,-20.477523101545074,synthetic,,,,,0,0,False,False
470.0,,target,999510207,LATE PORT CROSSER,-0.6,1.88,-38.01866666666666,144.83730115493827,18.0,90.0,90.0,18,danger,danger,0.016641005886756936,118.15384615384615,synthetic,,,,,80,0,False,False
471.0,,own,999510000,DEMO OWN SHIP,0.0,1.5033333333333334,-38.02494444444444,144.85,12.0,0.0,0.0,1,,,,,synthetic,,,,,60,,False,False
471.0,,target,999510202,DANCING TUG,1.4461709535490628,-0.25198292803096994,-38.05419971546718,144.88060783478647,8.0,270.0,270.0,18,,safe,2.1769612421794524,-164.3266299457928,synthetic,,,,,52,0,False,False
471.0,,target,999510204,HEAD ON TRADER,-0.2821049375343018,1.299920742145135,-38.02833465429758,144.84402932184517,14.0,235.0,235.0,1,danger,safe,0.1437482688627072,-49.39634310506138,synthetic,,,,,70,0,False,False
471.0,,target,995039901,DEMO VIRTUAL WRECK,0.38,1.55,-38.024166666666666,144.85804260187243,0.0,0.0,0.0,21,,caution,0.38,13.999999999999988,synthetic,,,,,60,17,True,False
471.0,,target,970990001,AIS SART TEST,-0.2635008417723139,1.4035008417723138,-38.02660831930379,144.84442307272784,1.5,135.0,135.0,1,,safe,0.27071703096330857,-21.477523101545124,synthetic,,,,,0,0,False,False
471.0,,target,999510207,LATE PORT CROSSER,-0.595,1.88,-38.01866666666666,144.83740697864712,18.0,90.0,90.0,18,danger,danger,0.01664100588675698,117.15384615384615,synthetic,,,,,80,0,False,False
472.0,,own,999510000,DEMO OWN SHIP,0.0,1.5066666666666668,-38.02488888888889,144.85,12.0,0.0,0.0,1,,,,,synthetic,,,,,60,,False,False
472.0,,target,999510202,DANCING TUG,1.4439487313268404,-0.25198292803096994,-38.05419971546718,144.880560802027,8.0,270.0,270.0,18,,safe,2.1769612421794524,-165.3266299457929,synthetic,,,,,52,0,False,False
472.0,,target,999510204,HEAD ON TRADER,-0.28529052881764794,1.297690167114881,-38.02837183054808,144.84396189962828,14.0,235.0,235.0,1,danger,safe,0.1437482688627072,-50.396343105061376,synthetic,,,,,70,0,False,False
472.0,,target,995039901,DEMO VIRTUAL WRECK,0.38,1.55,-38.024166666666666,144.85804260187243,0.0,0.0,0.0,21,,caution,0.38,12.999999999999964,synthetic,,,,,60,17,True,False
472.0,,target,970990001,AIS SART TEST,-0.26320621394681953,1.4032062139468193,-38.02661322976755,144.84442930844966,1.5,135.0,135.0,1,,safe,0.27071703096330857,-22.477523101545174,synthetic,,,,,0,0,False,False
472.0,,target,999510207,LATE PORT CROSSER,-0.59,1.88,-38.01866666666666,144.83751280235597,18.0,90.0,90.0,18,danger,danger,0.016641005886757026,116.15384615384613,synthetic,,,,,80,0,False,False
473.0,,own,999510000,DEMO OWN SHIP,0.0,1.51,-38.02483333333333,144.85,12.0,0.0,0.0,1,,,,,synthetic,,,,,60,,False,False
473.0,,target,999510202,DANCING TUG,1.4417265091046183,-0.25198292803096994,-38.05419971546718,144.8805137692675,8.0,270.0,270.0,18,,safe,2.1769612421794524,-166.3266299457928,synthetic,,,,,52,0,False,False
473.0,,target,999510204,HEAD ON TRADER,-0.288476120100994,1.295459592084627,-38.02840900679859,144.84389447741137,14.0,235.0,235.0,1,danger,safe,0.14374826886270728,-51.396343105061355,synthetic,,,,,70,0,False,False
473.0,,target,995039901,DEMO VIRTUAL WRECK,0.38,1.55,-38.024166666666666,144.85804260187243,0.0,0.0,0.0,21,,caution,0.38,12.000000000000007,synthetic,,,,,60,17,True,False
473.0,,target,970990001,AIS SART TEST,-0.26291158612132515,1.402911586121325,-38.02661814023131,144.84443554417152,1.5,135.0,135.0,1,,safe,0.27071703096330857,-23.477523101545103,synthetic,,,,,0,0,False,False
473.0,,target,999510207,LATE PORT CROSSER,-0.585,1.88,-38.01866666666666,144.8376186260648,18.0,90.0,90.0,18,danger,danger,0.01664100588675692,115.15384615384616,synthetic,,,,,80,0,False,False
474.0,,own,999510000,DEMO OWN SHIP,0.0,1.5133333333333334,-38.02477777777778,144.85,12.0,0.0,0.0,1,,,,,synthetic,,,,,60,,False,False
474.0,,target,999510202,DANCING TUG,1.439504286882396,-0.25198292803096994,-38.05419971546718,144.88046673650803,8.0,270.0,270.0,18,,safe,2.1769612421794524,-167.32662994579286,synthetic,,,,,52,0,False,False
474.0,,target,999510204,HEAD ON TRADER,-0.2916617113843401,1.2932290170543728,-38.02844618304909,144.84382705519448,14.0,235.0,235.0,1,danger,safe,0.1437482688627072,-52.3963431050614,synthetic,,,,,70,0,False,False
474.0,,target,995039901,DEMO VIRTUAL WRECK,0.38,1.55,-38.024166666666666,144.85804260187243,0.0,0.0,0.0,21,,caution,0.38,10.999999999999986,synthetic,,,,,60,17,True,False
474.0,,target,970990001,AIS SART TEST,-0.26261695829583076,1.4026169582958306,-38.026623050695065,144.84444177989334,1.5,135.0,135.0,1,,safe,0.27071703096330857,-24.477523101545152,synthetic,,,,,0,0,False,False
474.0,,target,999510207,LATE PORT CROSSER,-0.5800000000000001,1.88,-38.01866666666666,144.83772444977365,18.0,90.0,90.0,18,danger,danger,0.01664100588675709,114.15384615384615,synthetic,,,,,80,0,False,False
475.0,,own,999510000,DEMO OWN SHIP,0.0,1.5166666666666666,-38.024722222222216,144.85,12.0,0.0,0.0,1,,,,,synthetic,,,,,60,,False,False
475.0,,target,999510202,DANCING TUG,1.4372820646601738,-0.25198292803096994,-38.05419971546718,144.88041970374854,8.0,270.0,270.0,18,,safe,2.176961242179452,-168.32662994579277,synthetic,,,,,52,0,False,False
475.0,,target,999510204,HEAD ON TRADER,-0.29484730266768616,1.2909984420241187,-38.02848335929959,144.8437596329776,14.0,235.0,235.0,1,danger,safe,0.14374826886270725,-53.396343105061376,synthetic,,,,,70,0,False,False
475.0,,target,995039901,DEMO VIRTUAL WRECK,0.38,1.55,-38.024166666666666,144.85804260187243,0.0,0.0,0.0,21,,caution,0.38,10.00000000000003,synthetic,,,,,60,17,True,False
475.0,,target,970990001,AIS SART TEST,-0.2623223304703363,1.4023223304703363,-38.02662796115882,144.8444480156152,1.5,135.0,135.0,1,,safe,0.2707170309633085,-25.47752310154508,synthetic,,,,,0,0,False,False
475.0,,target,999510207,LATE PORT CROSSER,-0.575,1.88,-38.01866666666666,144.8378302734825,18.0,90.0,90.0,18,danger,danger,0.016641005886756887,113.15384615384615,synthetic,,,,,80,0,False,False
476.0,,own,999510000,DEMO OWN SHIP,0.0,1.52,-38.02466666666666,144.85,12.0,0.0,0.0,1,,,,,synthetic,,,,,60,,False,False
476.0,,target,999510202,DANCING TUG,1.4350598424379515,-0.25198292803096994,-38.05419971546718,144.88037267098903,8.0,270.0,270.0,18,,safe,2.176961242179452,-169.32662994579286,synthetic,,,,,52,0,False,False
476.0,,target,999510204,HEAD ON TRADER,-0.2980328939510323,1.2887678669938647,-38.0285205355501,144.84369221076068,14.0,235.0,235.0,1,danger,safe,0.14374826886270725,-54.396343105061376,synthetic,,,,,70,0,False,False
476.0,,target,995039901,DEMO VIRTUAL WRECK,0.38,1.55,-38.024166666666666,144.85804260187243,0.0,0.0,0.0,21,,caution,0.38,9.000000000000007,synthetic,,,,,60,17,True,False
476.0,,target,970990001,AIS SART TEST,-0.26202770264484193,1.4020277026448418,-38.02663287162258,144.84445425133705,1.5,135.0,135.0,1,,safe,0.27071703096330857,-26.477523101545128,synthetic,,,,,0,0,False,False
476.0,,target,999510207,LATE PORT CROSSER,-0.5700000000000001,1.88,-38.01866666666666,144.83793609719135,18.0,90.0,90.0,18,danger,danger,0.016641005886756936,112.15384615384615,synthetic,,,,,80,0,False,False
477.0,,own,999510000,DEMO OWN SHIP,0.0,1.5233333333333334,-38.024611111111106,144.85,12.0,0.0,0.0,1,,,,,synthetic,,,,,60,,False,False
477.0,,target,999510202,DANCING TUG,1.4328376202157294,-0.25198292803096994,-38.05419971546718,144.88032563822955,8.0,270.0,270.0,18,,safe,2.1769612421794524,-170.32662994579283,synthetic,,,,,52,0,False,False
477.0,,target,999510204,HEAD ON TRADER,-0.30121848523437833,1.2865372919636107,-38.0285577118006,144.8436247885438,14.0,235.0,235.0,1,danger,safe,0.14374826886270722,-55.39634310506138,synthetic,,,,,70,0,False,False
477.0,,target,995039901,DEMO VIRTUAL WRECK,0.38,1.55,-38.024166666666666,144.85804260187243,0.0,0.0,0.0,21,,caution,0.38,7.999999999999984,synthetic,,,,,60,17,True,False
477.0,,target,970990001,AIS SART TEST,-0.26173307481934754,1.4017330748193475,-38.02663778208634,144.84446048705888,1.5,135.0,135.0,1,,safe,0.27071703096330857,-27.47752310154512,synthetic,,,,,0,0,False,False
477.0,,target,999510207,LATE PORT CROSSER,-0.565,1.88,-38.01866666666666,144.8380419209002,18.0,90.0,90.0,18,danger,danger,0.01664100588675698,111.15384615384613,synthetic,,,,,80,0,False,False
478.0,,own,999510000,DEMO OWN SHIP,0.0,1.5266666666666668,-38.02455555555555,144.85,12.0,0.0,0.0,1,,,,,synthetic,,,,,60,,False,False
478.0,,target,999510202,DANCING TUG,1.4306153979935072,-0.25198292803096994,-38.05419971546718,144.88027860547007,8.0,270.0,270.0,18,,safe,2.1769612421794524,-171.32662994579283,synthetic,,,,,52,0,False,False
478.0,,target,999510204,HEAD ON TRADER,-0.3044040765177244,1.2843067169333566,-38.02859488805111,144.8435573663269,14.0,235.0,235.0,1,danger,safe,0.1437482688627072,-56.39634310506139,synthetic,,,,,70,0,False,False
478.0,,target,995039901,DEMO VIRTUAL WRECK,0.38,1.55,-38.024166666666666,144.85804260187243,0.0,0.0,0.0,21,,caution,0.38,6.999999999999961,synthetic,,,,,60,17,True,False
478.0,,target,970990001,AIS SART TEST,-0.26143844699385316,1.401438446993853,-38.0266426925501,144.84446672278074,1.5,135.0,135.0,1,,safe,0.27071703096330857,-28.477523101545167,synthetic,,,,,0,0,False,False
478.0,,target,999510207,LATE PORT CROSSER,-0.56,1.88,-38.01866666666666,144.83814774460905,18.0,90.0,90.0,18,danger,danger,0.016641005886757074,110.15384615384615,synthetic,,,,,80,0,False,False
479.0,,own,999510000,DEMO OWN SHIP,0.0,1.53,-38.024499999999996,144.85,12.0,0.0,0.0,1,,,,,synthetic,,,,,60,,False,False
479.0,,target,999510202,DANCING TUG,1.4283931757712849,-0.25198292803096994,-38.05419971546718,144.88023157271058,8.0,270.0,270.0,18,,safe,2.176961242179452,-172.32662994579283,synthetic,,,,,52,0,False,False
479.0,,target,999510204,HEAD ON TRADER,-0.3075896678010705,1.2820761419031026,-38.02863206430161,144.84348994411,14.0,235.0,235.0,1,danger,safe,0.1437482688627073,-57.39634310506137,synthetic,,,,,70,0,False,False
479.0,,target,995039901,DEMO VIRTUAL WRECK,0.38,1.55,-38.024166666666666,144.85804260187243,0.0,0.0,0.0,21,,caution,0.38,6.0000000000000036,synthetic,,,,,60,17,True,False
479.0,,target,970990001,AIS SART TEST,-0.26114381916835877,1.4011438191683587,-38.026647603013856,144.8444729585026,1.5,135.0,135.0,1,,safe,0.27071703096330857,-29.477523101545096,synthetic,,,,,0,0,False,False
479.0,,target,999510207,LATE PORT CROSSER,-0.5549999999999999,1.88,-38.01866666666666,144.8382535683179,18.0,90.0,90.0,18,danger,danger,0.01664100588675692,109.15384615384615,synthetic,,,,,80,0,False,False
480.0,,own,999510000,DEMO OWN SHIP,0.0,1.5333333333333334,-38.02444444444444,144.85,12.0,0.0,0.0,1,,,,,synthetic,,,,,60,,False,False
480.0,,target,999510202,DANCING TUG,1.4261709535490628,-0.25198292803096994,-38.05419971546718,144.8801845399511,8.0,270.0,270.0,18,,safe,2.1769612421794524,-173.32662994579283,synthetic,,,,,52,0,False,False
480.0,,target,999510204,HEAD ON TRADER,-0.31077525908441656,1.2798455668728486,-38.02866924055212,144.8434225218931,14.0,235.0,235.0,1,danger,safe,0.14374826886270725,-58.39634310506137,synthetic,,,,,70,0,False,False
480.0,,target,995039901,DEMO VIRTUAL WRECK,0.38,1.55,-38.024166666666666,144.85804260187243,0.0,0.0,0.0,21,,caution,0.38,4.999999999999981,synthetic,,,,,60,17,True,False
480.0,,target,970990001,AIS SART TEST,-0.2608491913428644,1.4008491913428642,-38.026652513477615,144.84447919422442,1.5,135.0,135.0,1,,safe,0.27071703096330857,-30.477523101545145,synthetic,,,,,0,0,False,False
480.0,,target,999510207,LATE PORT CROSSER,-0.55,1.88,-38.01866666666666,144.83835939202675,18.0,90.0,90.0,18,danger,danger,0.016641005886757026,108.15384615384615,synthetic,,,,,80,0,False,False
481.0,,own,999510000,DEMO OWN SHIP,0.0,1.5366666666666666,-38.024388888888886,144.85,12.0,0.0,0.0,1,,,,,synthetic,,,,,60,,False,False
481.0,,target,999510202,DANCING TUG,1.4239487313268404,-0.25198292803096994,-38.05419971546718,144.8801375071916,8.0,270.0,270.0,18,,safe,2.176961242179452,-174.32662994579283,synthetic,,,,,52,0,False,False
481.0,,target,999510204,HEAD ON TRADER,-0.31396085036776267,1.2776149918425943,-38.02870641680262,144.84335509967622,14.0,235.0,235.0,1,danger,safe,0.14374826886270725,-59.396343105061376,synthetic,,,,,70,0,False,False
481.0,,target,995039901,DEMO VIRTUAL WRECK,0.38,1.55,-38.024166666666666,144.85804260187243,0.0,0.0,0.0,21,,caution,0.38,4.000000000000025,synthetic,,,,,60,17,True,False
481.0,,target,970990001,AIS SART TEST,-0.26055456351736994,1.40055456351737,-38.02665742394137,144.84448542994627,1.5,135.0,135.0,1,,safe,0.2707170309633085,-31.477523101545074,synthetic,,,,,0,0,False,False
481.0,,target,999510207,LATE PORT CROSSER,-0.5449999999999999,1.88,-38.01866666666666,144.8384652157356,18.0,90.0,90.0,18,danger,danger,0.016641005886756887,107.15384615384613,synthetic,,,,,80,0,False,False
482.0,,own,999510000,DEMO OWN SHIP,0.0,1.54,-38.02433333333333,144.85,12.0,0.0,0.0,1,,,,,synthetic,,,,,60,,False,False
482.0,,target,999510202,DANCING TUG,1.4217265091046183,-0.25198292803096994,-38.05419971546718,144.8800904744321,8.0,270.0,270.0,18,,safe,2.176961242179452,-175.3266299457928,synthetic,,,,,52,0,False,False
482.0,,target,999510204,HEAD ON TRADER,-0.3171464416511087,1.2753844168123403,-38.02874359305312,144.84328767745933,14.0,235.0,235.0,1,danger,safe,0.14374826886270722,-60.39634310506138,synthetic,,,,,70,0,False,False
482.0,,target,995039901,DEMO VIRTUAL WRECK,0.38,1.55,-38.024166666666666,144.85804260187243,0.0,0.0,0.0,21,,caution,0.38,3.0000000000000018,synthetic,,,,,60,17,True,False
482.0,,target,970990001,AIS SART TEST,-0.26025993569187555,1.4002599356918755,-38.02666233440513,144.84449166566813,1.5,135.0,135.0,1,,safe,0.2707170309633085,-32.477523101545124,synthetic,,,,,0,0,False,False
482.0,,target,999510207,LATE PORT CROSSER,-0.54,1.88,-38.01866666666666,144.83857103944445,18.0,90.0,90.0,18,danger,danger,0.01664100588675698,106.15384615384615,synthetic,,,,,80,0,False,False
483.0,,own,999510000,DEMO OWN SHIP,0.0,1.5433333333333334,-38.024277777777776,144.85,12.0,0.0,0.0,1,,,,,synthetic,,,,,60,,False,False
483.0,,target,999510202,DANCING TUG,1.419504286882396,-0.25198292803096994,-38.05419971546718,144.88004344167263,8.0,270.0,270.0,18,,safe,2.1769612421794524,-176.3266299457929,synthetic,,,,,52,0,False,False
483.0,,target,999510204,HEAD ON TRADER,-0.3203320329344548,1.2731538417820862,-38.02878076930363,144.84322025524241,14.0,235.0,235.0,1,danger,safe,0.14374826886270717,-61.39634310506138,synthetic,,,,,70,0,False,False
483.0,,target,995039901,DEMO VIRTUAL WRECK,0.38,1.55,-38.024166666666666,144.85804260187243,0.0,0.0,0.0,21,,caution,0.38,1.9999999999999793,synthetic,,,,,60,17,True,False
483.0,,target,970990001,AIS SART TEST,-0.25996530786638117,1.3999653078663812,-38.02666724486889,144.84449790138996,1.5,135.0,135.0,1,,safe,0.2707170309633085,-33.47752310154512,synthetic,,,,,0,0,False,False
483.0,,target,999510207,LATE PORT CROSSER,-0.5349999999999999,1.88,-38.01866666666666,144.8386768631533,18.0,90.0,90.0,18,danger,danger,0.01664100588675698,105.15384615384613,synthetic,,,,,80,0,False,False
484.0,,own,999510000,DEMO OWN SHIP,0.0,1.5466666666666669,-38.02422222222222,144.85,12.0,0.0,0.0,1,,,,,synthetic,,,,,60,,False,False
484.0,,target,999510202,DANCING TUG,1.4172820646601738,-0.25198292803096994,-38.05419971546718,144.87999640891314,8.0,270.0,270.0,18,,safe,2.1769612421794524,-177.32662994579286,synthetic,,,,,52,0,False,False
484.0,,target,999510204,HEAD ON TRADER,-0.3235176242178009,1.2709232667518322,-38.02881794555413,144.84315283302553,14.0,235.0,235.0,1,danger,safe,0.14374826886270722,-62.396343105061405,synthetic,,,,,70,0,False,False
484.0,,target,995039901,DEMO VIRTUAL WRECK,0.38,1.55,-38.024166666666666,144.85804260187243,0.0,0.0,0.0,21,,caution,0.38,0.9999999999999564,synthetic,,,,,60,17,True,False
484.0,,target,970990001,AIS SART TEST,-0.2596706800408868,1.3996706800408867,-38.02667215533265,144.8445041371118,1.5,135.0,135.0,1,,safe,0.27071703096330857,-34.47752310154515,synthetic,,,,,0,0,False,False
484.0,,target,999510207,LATE PORT CROSSER,-0.53,1.88,-38.01866666666666,144.83878268686215,18.0,90.0,90.0,18,danger,danger,0.016641005886757133,104.15384615384613,synthetic,,,,,80,0,False,False
485.0,,own,999510000,DEMO OWN SHIP,0.0,1.55,-38.024166666666666,144.85,12.0,0.0,0.0,1,,,,,synthetic,,,,,60,,False,False
485.0,,target,999510202,DANCING TUG,1.4150598424379515,-0.25198292803096994,-38.05419971546718,144.87994937615366,8.0,270.0,270.0,18,,safe,2.176961242179452,-178.32662994579283,synthetic,,,,,52,0,False,False
485.0,,target,999510204,HEAD ON TRADER,-0.32670321550114695,1.2686926917215782,-38.02885512180464,144.84308541080864,14.0,235.0,235.0,1,danger,safe,0.14374826886270728,-63.39634310506137,synthetic,,,,,70,0,False,False
485.0,,target,995039901,DEMO VIRTUAL WRECK,0.38,1.55,-38.024166666666666,144.85804260187243,0.0,0.0,0.0,21,,safe,0.38,-0.0,synthetic,,,,,60,17,True,False
485.0,,target,970990001,AIS SART TEST,-0.2593760522153924,1.3993760522153922,-38.026677065796406,144.84451037283364,1.5,135.0,135.0,1,,safe,0.27071703096330857,-35.47752310154515,synthetic,,,,,0,0,False,False
485.0,,target,999510207,LATE PORT CROSSER,-0.5249999999999999,1.88,-38.01866666666666,144.83888851057097,18.0,90.0,90.0,18,danger,danger,0.016641005886756936,103.15384615384613,synthetic,,,,,80,0,False,False
486.0,,own,999510000,DEMO OWN SHIP,0.0,1.5533333333333332,-38.02411111111111,144.85,12.0,0.0,0.0,1,,,,,synthetic,,,,,60,,False,False
486.0,,target,999510202,DANCING TUG,1.4128376202157293,-0.25198292803096994,-38.05419971546718,144.87990234339418,8.0,270.0,270.0,18,,safe,2.176961242179452,-179.3266299457928,synthetic,,,,,52,0,False,False
486.0,,target,999510204,HEAD ON TRADER,-0.32988880678449306,1.2664621166913241,-38.02889229805514,144.84301798859173,14.0,235.0,235.0,1,danger,safe,0.14374826886270742,-64.39634310506135,synthetic,,,,,70,0,False,False
486.0,,target,995039901,DEMO VIRTUAL WRECK,0.38,1.55,-38.024166666666666,144.85804260187243,0.0,0.0,0.0,21,,safe,0.38,-0.9999999999999564,synthetic,,,,,60,17,True,False
486.0,,target,970990001,AIS SART TEST,-0.259081424389898,1.399081424389898,-38.026681976260164,144.8445166085555,1.5,135.0,135.0,1,,safe,0.27071703096330857,-36.477523101545074,synthetic,,,,,0,0,False,False
486.0,,target,999510207,LATE PORT CROSSER,-0.52,1.88,-38.01866666666666,144.83899433427982,18.0,90.0,90.0,18,danger,danger,0.016641005886756828,102.15384615384616,synthetic,,,,,80,0,False,False
487.0,,own,999510000,DEMO OWN SHIP,0.0,1.5566666666666666,-38.024055555555556,144.85,12.0,0.0,0.0,1,,,,,synthetic,,,,,60,,False,False
487.0,,target,999510202,DANCING TUG,1.4106153979935072,-0.25198292803096994,-38.05419971546718,144.87985531063467,8.0,270.0,270.0,18,,safe,2.1769612421794524,-180.3266299457928,synthetic,,,,,52,0,False,False
487.0,,target,999510204,HEAD ON TRADER,-0.3330743980678391,1.2642315416610699,-38.02892947430565,144.84295056637484,14.0,235.0,235.0,1,danger,safe,0.14374826886270725,-65.39634310506138,synthetic,,,,,70,0,False,False
487.0,,target,995039901,DEMO VIRTUAL WRECK,0.38,1.55,-38.024166666666666,144.85804260187243,0.0,0.0,0.0,21,,safe,0.38,-1.9999999999999793,synthetic,,,,,60,17,True,False
487.0,,target,970990001,AIS SART TEST,-0.2587867965644036,1.3987867965644034,-38.02668688672392,144.84452284427735,1.5,135.0,135.0,1,,safe,0.27071703096330857,-37.477523101545124,synthetic,,,,,0,0,False,False
487.0,,target,999510207,LATE PORT CROSSER,-0.515,1.88,-38.01866666666666,144.83910015798867,18.0,90.0,90.0,18,danger,danger,0.016641005886756936,101.15384615384615,synthetic,,,,,80,0,False,False
488.0,,own,999510000,DEMO OWN SHIP,0.0,1.56,-38.023999999999994,144.85,12.0,0.0,0.0,1,,,,,synthetic,,,,,60,,False,False
488.0,,target,999510202,DANCING TUG,1.4083931757712849,-0.25198292803096994,-38.05419971546718,144.87980827787518,8.0,270.0,270.0,18,,safe,2.1769612421794524,-181.32662994579286,synthetic,,,,,52,0,False,False
488.0,,target,999510204,HEAD ON TRADER,-0.3362599893511852,1.2620009666308158,-38.02896665055615,144.84288314415795,14.0,235.0,235.0,1,danger,safe,0.1437482688627072,-66.39634310506138,synthetic,,,,,70,0,False,False
488.0,,target,995039901,DEMO VIRTUAL WRECK,0.38,1.55,-38.024166666666666,144.85804260187243,0.0,0.0,0.0,21,,safe,0.38,-3.0000000000000018,synthetic,,,,,60,17,True,False
488.0,,target,970990001,AIS SART TEST,-0.2584921687389092,1.3984921687389091,-38.02669179718768,144.84452907999918,1.5,135.0,135.0,1,,safe,0.2707170309633085,-38.47752310154512,synthetic,,,,,0,0,False,False
488.0,,target,999510207,LATE PORT CROSSER,-0.51,1.88,-38.01866666666666,144.83920598169752,18.0,90.0,90.0,18,danger,danger,0.01664100588675698,100.15384615384615,synthetic,,,,,80,0,False,False
489.0,,own,999510000,DEMO OWN SHIP,0.0,1.5633333333333335,-38.02394444444444,144.85,12.0,0.0,0.0,1,,,,,synthetic,,,,,60,,False,False
489.0,,target,999510202,DANCING TUG,1.4061709535490627,-0.25198292803096994,-38.05419971546718,144.8797612451157,8.0,270.0,270.0,18,,safe,2.1769612421794524,-182.32662994579283,synthetic,,,,,52,0,False,False
489.0,,target,999510204,HEAD ON TRADER,-0.3394455806345313,1.2597703916005618,-38.02900382680665,144.84281572194104,14.0,235.0,235.0,1,danger,safe,0.1437482688627072,-67.39634310506139,synthetic,,,,,70,0,False,False
489.0,,target,995039901,DEMO VIRTUAL WRECK,0.38,1.55,-38.024166666666666,144.85804260187243,0.0,0.0,0.0,21,,safe,0.38,-4.000000000000025,synthetic,,,,,60,17,True,False
489.0,,target,970990001,AIS SART TEST,-0.2581975409134148,1.3981975409134146,-38.02669670765144,144.84453531572103,1.5,135.0,135.0,1,,safe,0.27071703096330857,-39.47752310154517,synthetic,,,,,0,0,False,False
489.0,,target,999510207,LATE PORT CROSSER,-0.505,1.88,-38.01866666666666,144.83931180540637,18.0,90.0,90.0,18,danger,danger,0.016641005886757057,99.15384615384613,synthetic,,,,,80,0,False,False
490.0,,own,999510000,DEMO OWN SHIP,0.0,1.5666666666666669,-38.023888888888884,144.85,12.0,0.0,0.0,1,,,,,synthetic,,,,,60,,False,False
490.0,,target,999510202,DANCING TUG,1.4039487313268404,-0.25198292803096994,-38.05419971546718,144.87971421235622,8.0,270.0,270.0,18,,safe,2.1769612421794524,-183.32662994579286,synthetic,,,,,52,0,False,False
490.0,,target,999510204,HEAD ON TRADER,-0.34263117191787734,1.2575398165703078,-38.02904100305716,144.84274829972415,14.0,235.0,235.0,1,danger,safe,0.14374826886270717,-68.39634310506139,synthetic,,,,,70,0,False,False
490.0,,target,995039901,DEMO VIRTUAL WRECK,0.38,1.55,-38.024166666666666,144.85804260187243,0.0,0.0,0.0,21,,safe,0.38,-5.000000000000048,synthetic,,,,,60,17,True,False
490.0,,target,970990001,AIS SART TEST,-0.2579029130879204,1.3979029130879204,-38.0267016181152,144.8445415514429,1.5,135.0,135.0,1,,safe,0.27071703096330857,-40.47752310154515,synthetic,,,,,0,0,False,False
490.0,,target,999510207,LATE PORT CROSSER,-0.5,1.88,-38.01866666666666,144.83941762911522,18.0,90.0,90.0,18,danger,danger,0.016641005886757106,98.15384615384613,synthetic,,,,,80,0,False,False
491.0,,own,999510000,DEMO OWN SHIP,0.0,1.57,-38.02383333333333,144.85,12.0,0.0,0.0,1,,,,,synthetic,,,,,60,,False,False
491.0,,target,999510202,DANCING TUG,1.4017265091046183,-0.25198292803096994,-38.05419971546718,144.87966717959674,8.0,270.0,270.0,18,,safe,2.1769612421794524,-184.32662994579283,synthetic,,,,,52,0,False,False
491.0,,target,999510204,HEAD ON TRADER,-0.34581676320122345,1.2553092415400537,-38.02907817930766,144.84268087750726,14.0,235.0,235.0,1,danger,safe,0.1437482688627073,-69.39634310506138,synthetic,,,,,70,0,False,False
491.0,,target,995039901,DEMO VIRTUAL WRECK,0.38,1.55,-38.024166666666666,144.85804260187243,0.0,0.0,0.0,21,,safe,0.38,-6.0000000000000036,synthetic,,,,,60,17,True,False
491.0,,target,970990001,AIS SART TEST,-0.257608285262426,1.3976082852624259,-38.026706528578956,144.84454778716471,1.5,135.0,135.0,1,,safe,0.27071703096330857,-41.47752310154514,synthetic,,,,,0,0,False,False
491.0,,target,999510207,LATE PORT CROSSER,-0.495,1.88,-38.01866666666666,144.83952345282407,18.0,90.0,90.0,18,danger,danger,0.01664100588675698,97.15384615384615,synthetic,,,,,80,0,False,False
492.0,,own,999510000,DEMO OWN SHIP,0.0,1.5733333333333333,-38.023777777777774,144.85,12.0,0.0,0.0,1,,,,,synthetic,,,,,60,,False,False
492.0,,target,999510202,DANCING TUG,1.399504286882396,-0.25198292803096994,-38.05419971546718,144.87962014683723,8.0,270.0,270.0,18,,safe,2.176961242179452,-185.32662994579286,synthetic,,,,,52,0,False,False
492.0,,target,999510204,HEAD ON TRADER,-0.3490023544845695,1.2530786665097997,-38.02911535555817,144.84261345529038,14.0,235.0,235.0,1,danger,safe,0.14374826886270736,-70.39634310506135,synthetic,,,,,70,0,False,False
492.0,,target,995039901,DEMO VIRTUAL WRECK,0.38,1.55,-38.024166666666666,144.85804260187243,0.0,0.0,0.0,21,,safe,0.38,-6.999999999999961,synthetic,,,,,60,17,True,False
492.0,,target,970990001,AIS SART TEST,-0.25731365743693163,1.3973136574369316,-38.026711439042714,144.84455402288657,1.5,135.0,135.0,1,,safe,0.27071703096330857,-42.47752310154507,synthetic,,,,,0,0,False,False
492.0,,target,999510207,LATE PORT CROSSER,-0.49,1.88,-38.01866666666666,144.83962927653292,18.0,90.0,90.0,18,danger,danger,0.016641005886756887,96.15384615384615,synthetic,,,,,80,0,False,False
493.0,,own,999510000,DEMO OWN SHIP,0.0,1.5766666666666667,-38.02372222222222,144.85,12.0,0.0,0.0,1,,,,,synthetic,,,,,60,,False,False
493.0,,target,999510202,DANCING TUG,1.3972820646601738,-0.25198292803096994,-38.05419971546718,144.87957311407774,8.0,270.0,270.0,18,,safe,2.1769612421794524,-186.32662994579283,synthetic,,,,,52,0,False,False
493.0,,target,999510204,HEAD ON TRADER,-0.35218794576791557,1.2508480914795457,-38.02915253180867,144.84254603307346,14.0,235.0,235.0,1,danger,safe,0.1437482688627073,-71.39634310506135,synthetic,,,,,70,0,False,False
493.0,,target,995039901,DEMO VIRTUAL WRECK,0.38,1.55,-38.024166666666666,144.85804260187243,0.0,0.0,0.0,21,,safe,0.38,-7.999999999999984,synthetic,,,,,60,17,True,False
493.0,,target,970990001,AIS SART TEST,-0.25701902961143724,1.397019029611437,-38.02671634950647,144.8445602586084,1.5,135.0,135.0,1,,safe,0.27071703096330857,-43.47752310154511,synthetic,,,,,0,0,False,False
493.0,,target,999510207,LATE PORT CROSSER,-0.485,1.88,-38.01866666666666,144.83973510024177,18.0,90.0,90.0,18,danger,danger,0.016641005886756936,95.15384615384615,synthetic,,,,,80,0,False,False
494.0,,own,999510000,DEMO OWN SHIP,0.0,1.58,-38.023666666666664,144.85,12.0,0.0,0.0,1,,,,,synthetic,,,,,60,,False,False
494.0,,target,999510202,DANCING TUG,1.3950598424379517,-0.25198292803096994,-38.05419971546718,144.87952608131826,8.0,270.0,270.0,18,,safe,2.1769612421794524,-187.32662994579283,synthetic,,,,,52,0,False,False
494.0,,target,999510204,HEAD ON TRADER,-0.3553735370512617,1.2486175164492914,-38.02918970805918,144.84247861085657,14.0,235.0,235.0,1,danger,safe,0.14374826886270722,-72.39634310506139,synthetic,,,,,70,0,False,False
494.0,,target,995039901,DEMO VIRTUAL WRECK,0.38,1.55,-38.024166666666666,144.85804260187243,0.0,0.0,0.0,21,,safe,0.38,-9.000000000000007,synthetic,,,,,60,17,True,False
494.0,,target,970990001,AIS SART TEST,-0.25672440178594286,1.3967244017859428,-38.02672125997023,144.84456649433025,1.5,135.0,135.0,1,,safe,0.27071703096330857,-44.4775231015451,synthetic,,,,,0,0,False,False
494.0,,target,999510207,LATE PORT CROSSER,-0.48,1.88,-38.01866666666666,144.83984092395062,18.0,90.0,90.0,18,danger,danger,0.01664100588675698,94.15384615384615,synthetic,,,,,80,0,False,False
495.0,,own,999510000,DEMO OWN SHIP,0.0,1.5833333333333335,-38.02361111111111,144.85,12.0,0.0,0.0,1,,,,,synthetic,,,,,60,,False,False
495.0,,target,999510202,DANCING TUG,1.3928376202157293,-0.25198292803096994,-38.05419971546718,144.87947904855878,8.0,270.0,270.0,18,,safe,2.1769612421794524,-188.3266299457929,synthetic,,,,,52,0,False,False
495.0,,target,999510204,HEAD ON TRADER,-0.35855912833460774,1.2463869414190374,-38.02922688430968,144.8424111886397,14.0,235.0,235.0,1,danger,safe,0.14374826886270717,-73.39634310506139,synthetic,,,,,70,0,False,False
495.0,,target,995039901,DEMO VIRTUAL WRECK,0.38,1.55,-38.024166666666666,144.85804260187243,0.0,0.0,0.0,21,,safe,0.38,-10.00000000000003,synthetic,,,,,60,17,True,False
495.0,,target,970990001,AIS SART TEST,-0.2564297739604484,1.3964297739604483,-38.02672617043399,144.8445727300521,1.5,135.0,135.0,1,,safe,0.2707170309633085,-45.47752310154516,synthetic,,,,,0,0,False,False
495.0,,target,999510207,LATE PORT CROSSER,-0.475,1.88,-38.01866666666666,144.83994674765947,18.0,90.0,90.0,18,danger,danger,0.016641005886757043,93.15384615384612,synthetic,,,,,80,0,False,False
496.0,,own,999510000,DEMO OWN SHIP,0.0,1.5866666666666667,-38.023555555555554,144.85,12.0,0.0,0.0,1,,,,,synthetic,,,,,60,,False,False
496.0,,target,999510202,DANCING TUG,1.3906153979935072,-0.25198292803096994,-38.05419971546718,144.8794320157993,8.0,270.0,270.0,18,,safe,2.1769612421794524,-189.32662994579283,synthetic,,,,,52,0,False,False
496.0,,target,999510204,HEAD ON TRADER,-0.3617447196179538,1.2441563663887834,-38.02926406056019,144.84234376642277,14.0,235.0,235.0,1,danger,safe,0.14374826886270725,-74.39634310506138,synthetic,,,,,70,0,False,False
496.0,,target,995039901,DEMO VIRTUAL WRECK,0.38,1.55,-38.024166666666666,144.85804260187243,0.0,0.0,0.0,21,,safe,0.38,-10.999999999999986,synthetic,,,,,60,17,True,False
496.0,,target,970990001,AIS SART TEST,-0.25613514613495403,1.396135146134954,-38.02673108089775,144.84457896577393,1.5,135.0,135.0,1,,safe,0.2707170309633085,-46.47752310154509,synthetic,,,,,0,0,False,False
496.0,,target,999510207,LATE PORT CROSSER,-0.47,1.88,-38.01866666666666,144.84005257136832,18.0,90.0,90.0,18,danger,danger,0.016641005886756904,92.15384615384615,synthetic,,,,,80,0,False,False
497.0,,own,999510000,DEMO OWN SHIP,0.0,1.59,-38.0235,144.85,12.0,0.0,0.0,1,,,,,synthetic,,,,,60,,False,False
497.0,,target,999510202,DANCING TUG,1.3883931757712848,-0.25198292803096994,-38.05419971546718,144.8793849830398,8.0,270.0,270.0,18,,safe,2.1769612421794524,-190.3266299457929,synthetic,,,,,52,0,False,False
497.0,,target,999510204,HEAD ON TRADER,-0.3649303109012999,1.2419257913585293,-38.02930123681069,144.84227634420589,14.0,235.0,235.0,1,danger,safe,0.14374826886270725,-75.39634310506138,synthetic,,,,,70,0,False,False
497.0,,target,995039901,DEMO VIRTUAL WRECK,0.38,1.55,-38.024166666666666,144.85804260187243,0.0,0.0,0.0,21,,safe,0.38,-12.000000000000007,synthetic,,,,,60,17,True,False
497.0,,target,970990001,AIS SART TEST,-0.25584051830945964,1.3958405183094595,-38.026735991361505,144.8445852014958,1.5,135.0,135.0,1,,safe,0.27071703096330857,-47.47752310154514,synthetic,,,,,0,0,False,False
497.0,,target,999510207,LATE PORT CROSSER,-0.46499999999999997,1.88,-38.01866666666666,144.84015839507714,18.0,90.0,90.0,18,danger,danger,0.016641005886757012,91.15384615384613,synthetic,,,,,80,0,False,False
498.0,,own,999510000,DEMO OWN SHIP,0.0,1.5933333333333333,-38.02344444444444,144.85,12.0,0.0,0.0,1,,,,,synthetic,,,,,60,,False,False
498.0,,target,999510202,DANCING TUG,1.3861709535490627,-0.25198292803096994,-38.05419971546718,144.8793379502803,8.0,270.0,270.0,18,,safe,2.176961242179452,-191.3266299457928,synthetic,,,,,52,0,False,False
498.0,,target,999510204,HEAD ON TRADER,-0.36811590218464596,1.2396952163282753,-38.02933841306119,144.842208921989,14.0,235.0,235.0,1,danger,safe,0.14374826886270733,-76.39634310506135,synthetic,,,,,70,0,False,False
498.0,,target,995039901,DEMO VIRTUAL WRECK,0.38,1.55,-38.024166666666666,144.85804260187243,0.0,0.0,0.0,21,,safe,0.38,-12.999999999999964,synthetic,,,,,60,17,True,False
498.0,,target,970990001,AIS SART TEST,-0.25554589048396525,1.3955458904839653,-38.026740901825264,144.84459143721764,1.5,135.0,135.0,1,,safe,0.2707170309633085,-48.47752310154506,synthetic,,,,,0,0,False,False
498.0,,target,999510207,LATE PORT CROSSER,-0.45999999999999996,1.88,-38.01866666666666,144.840264218786,18.0,90.0,90.0,18,danger,danger,0.01664100588675686,90.15384615384615,synthetic,,,,,80,0,False,False
499.0,,own,999510000,DEMO OWN SHIP,0.0,1.5966666666666667,-38.02338888888889,144.85,12.0,0.0,0.0,1,,,,,synthetic,,,,,60,,False,False
499.0,,target,999510202,DANCING TUG,1.3839487313268404,-0.25198292803096994,-38.05419971546718,144.87929091752082,8.0,270.0,270.0,18,,safe,2.176961242179452,-192.32662994579283,synthetic,,,,,52,0,False,False
499.0,,target,999510204,HEAD ON TRADER,-0.37130149346799207,1.237464641298021,-38.0293755893117,144.84214149977208,14.0,235.0,235.0,1,danger,safe,0.14374826886270722,-77.39634310506139,synthetic,,,,,70,0,False,False
499.0,,target,995039901,DEMO VIRTUAL WRECK,0.38,1.55,-38.024166666666666,144.85804260187243,0.0,0.0,0.0,21,,safe,0.38,-13.999999999999988,synthetic,,,,,60,17,True,False
499.0,,target,970990001,AIS SART TEST,-0.25525126265847087,1.3952512626584708,-38.02674581228902,144.84459767293947,1.5,135.0,135.0,1,,safe,0.27071703096330857,-49.47752310154511,synthetic,,,,,0,0,False,False
499.0,,target,999510207,LATE PORT CROSSER,-0.45499999999999996,1.88,-38.01866666666666,144.84037004249484,18.0,90.0,90.0,18,danger,danger,0.016641005886756936,89.15384615384613,synthetic,,,,,80,0,False,False
500.0,,own,999510000,DEMO OWN SHIP,0.0,1.6,-38.02333333333333,144.85,12.0,20.0,20.0,1,,,,,synthetic,,,,,60,,False,False
500.0,,target,999510202,DANCING TUG,1.3817265091046183,-0.25198292803096994,-38.05419971546718,144.87924388476134,8.0,270.0,270.0,18,,safe,2.2969131632182354,-54.70728015806785,synthetic,,,,,52,0,False,False
500.0,,target,999510204,HEAD ON TRADER,-0.37448708475133813,1.235234066267767,-38.0294127655622,144.8420740775552,14.0,235.0,235.0,1,danger,safe,0.062478815201991104,-75.33098113370501,synthetic,,,,,70,0,False,False
500.0,,target,995039901,DEMO VIRTUAL WRECK,0.38,1.55,-38.024166666666666,144.85804260187243,0.0,0.0,0.0,21,,caution,0.37418420306492867,24.894907027337585,synthetic,,,,,60,17,True,False
500.0,,target,970990001,AIS SART TEST,-0.2549566348329765,1.3949566348329763,-38.02675072275278,144.84460390866133,1.5,135.0,135.0,1,,safe,0.1984224921351287,-73.70141195007659,synthetic,,,,,0,0,False,False
500.0,,target,999510207,LATE PORT CROSSER,-0.44999999999999996,1.88,-38.01866666666666,144.8404758662037,18.0,90.0,90.0,18,danger,danger,0.0661356671403135,105.78590532233686,synthetic,,,,,80,0,False,False
501.0,,own,999510000,DEMO OWN SHIP,0.0011400671444188957,1.603132308735953,-38.02328112818773,144.8500241292267,12.0,20.0,20.0,1,,,,,synthetic,,,,,60,,False,False
501.0,,target,999510202,DANCING TUG,1.379504286882396,-0.25198292803096994,-38.05419971546718,144.87919685200185,8.0,270.0,270.0,18,,safe,2.296913163218235,-55.70728015806784,synthetic,,,,,52,0,False,False
501.0,,target,999510204,HEAD ON TRADER,-0.3776726760346842,1.233003491237513,-38.02944994181271,144.8420066553383,14.0,235.0,235.0,1,danger,safe,0.06247881520199118,-76.330981133705,synthetic,,,,,70,0,False,False
501.0,,target,995039901,DEMO VIRTUAL WRECK,0.38,1.55,-38.024166666666666,144.85804260187243,0.0,0.0,0.0,21,,caution,0.3741842030649286,23.89490702733761,synthetic,,,,,60,17,True,False
501.0,,target,970990001,AIS SART TEST,-0.2546620070074821,1.394662007007482,-38.02675563321654,144.84461014438315,1.5,135.0,135.0,1,,safe,0.19842249213512872,-74.70141195007653,synthetic,,,,,0,0,False,False
501.0,,target,999510207,LATE PORT CROSSER,-0.44499999999999995,1.88,-38.01866666666666,144.84058168991254,18.0,90.0,90.0,18,danger,danger,0.06613566714031342,104.78590532233687,synthetic,,,,,80,0,False,False
502.0,,own,999510000,DEMO OWN SHIP,0.0022801342888377914,1.6062646174719062,-38.02322892304213,144.85004825845343,12.0,20.0,20.0,1,,,,,synthetic,,,,,60,,False,False
502.0,,target,999510202,DANCING TUG,1.3772820646601738,-0.25198292803096994,-38.05419971546718,144.87914981924237,8.0,270.0,270.0,18,,safe,2.296913163218235,-56.70728015806787,synthetic,,,,,52,0,False,False
502.0,,target,999510204,HEAD ON TRADER,-0.3808582673180303,1.230772916207259,-38.02948711806321,144.84193923312142,14.0,235.0,235.0,1,danger,safe,0.06247881520199111,-77.330981133705,synthetic,,,,,70,0,False,False
502.0,,target,995039901,DEMO VIRTUAL WRECK,0.38,1.55,-38.024166666666666,144.85804260187243,0.0,0.0,0.0,21,,caution,0.37418420306492867,22.894907027337577,synthetic,,,,,60,17,True,False
502.0,,target,970990001,AIS SART TEST,-0.25436737918198765,1.3943673791819875,-38.0267605436803,144.844616380105,1.5,135.0,135.0,1,,safe,0.19842249213512866,-75.70141195007659,synthetic,,,,,0,0,False,False
502.0,,target,999510207,LATE PORT CROSSER,-0.43999999999999995,1.88,-38.01866666666666,144.8406875136214,18.0,90.0,90.0,18,danger,danger,0.0661356671403135,103.78590532233684,synthetic,,,,,80,0,False,False
503.0,,own,999510000,DEMO OWN SHIP,0.003420201433256687,1.6093969262078591,-38.02317671789653,144.85007238768014,12.0,20.0,20.0,1,,,,,synthetic,,,,,60,,False,False
503.0,,target,999510202,DANCING TUG,1.3750598424379517,-0.25198292803096994,-38.05419971546718,144.87910278648286,8.0,270.0,270.0,18,,safe,2.296913163218235,-57.70728015806786,synthetic,,,,,52,0,False,False
503.0,,target,999510204,HEAD ON TRADER,-0.38404385860137635,1.228542341177005,-38.02952429431372,144.8418718109045,14.0,235.0,235.0,1,danger,safe,0.06247881520199119,-78.33098113370498,synthetic,,,,,70,0,False,False
503.0,,target,995039901,DEMO VIRTUAL WRECK,0.38,1.55,-38.024166666666666,144.85804260187243,0.0,0.0,0.0,21,,caution,0.37418420306492867,21.8949070273376,synthetic,,,,,60,17,True,False
503.0,,target,970990001,AIS SART TEST,-0.25407275135649326,1.3940727513564932,-38.026765454144055,144.84462261582686,1.5,135.0,135.0,1,,safe,0.1984224921351287,-76.70141195007653,synthetic,,,,,0,0,False,False
503.0,,target,999510207,LATE PORT CROSSER,-0.43499999999999994,1.88,-38.01866666666666,144.84079333733024,18.0,90.0,90.0,18,danger,danger,0.06613566714031342,102.78590532233686,synthetic,,,,,80,0,False,False
504.0,,own,999510000,DEMO OWN SHIP,0.004560268577675583,1.6125292349438123,-38.02312451275093,144.85009651690683,12.0,20.0,20.0,1,,,,,synthetic,,,,,60,,False,False
504.0,,target,999510202,DANCING TUG,1.3728376202157293,-0.25198292803096994,-38.05419971546718,144.87905575372338,8.0,270.0,270.0,18,,safe,2.2969131632182354,-58.707280158067846,synthetic,,,,,52,0,False,False
504.0,,target,999510204,HEAD ON TRADER,-0.38722944988472247,1.2263117661467509,-38.02956147056422,144.84180438868762,14.0,235.0,235.0,1,danger,safe,0.06247881520199118,-79.33098113370501,synthetic,,,,,70,0,False,False
504.0,,target,995039901,DEMO VIRTUAL WRECK,0.38,1.55,-38.024166666666666,144.85804260187243,0.0,0.0,0.0,21,,caution,0.37418420306492867,20.89490702733756,synthetic,,,,,60,17,True,False
504.0,,target,970990001,AIS SART TEST,-0.2537781235309989,1.3937781235309987,-38.02677036460781,144.8446288515487,1.5,135.0,135.0,1,,safe,0.1984224921351287,-77.7014119500766,synthetic,,,,,0,0,False,False
504.0,,target,999510207,LATE PORT CROSSER,-0.42999999999999994,1.88,-38.01866666666666,144.8408991610391,18.0,90.0,90.0,18,danger,danger,0.06613566714031359,101.78590532233686,synthetic,,,,,80,0,False,False
505.0,,own,999510000,DEMO OWN SHIP,0.005700335722094479,1.6156615436797652,-38.02307230760533,144.85012064613355,12.0,20.0,20.0,1,,,,,synthetic,,,,,60,,False,False
505.0,,target,999510202,DANCING TUG,1.3706153979935072,-0.25198292803096994,-38.05419971546718,144.8790087209639,8.0,270.0,270.0,18,,safe,2.2969131632182354,-59.707280158067796,synthetic,,,,,52,0,False,False
505.0,,target,999510204,HEAD ON TRADER,-0.3904150411680685,1.2240811911164968,-38.02959864681472,144.84173696647073,14.0,235.0,235.0,1,danger,safe,0.06247881520199123,-80.33098113370498,synthetic,,,,,70,0,False,False
505.0,,target,995039901,DEMO VIRTUAL WRECK,0.38,1.55,-38.024166666666666,144.85804260187243,0.0,0.0,0.0,21,,caution,0.3741842030649286,19.894907027337585,synthetic,,,,,60,17,True,False
505.0,,target,970990001,AIS SART TEST,-0.2534834957055045,1.3934834957055044,-38.02677527507157,144.84463508727055,2.5,105.0,105.0,1,,safe,0.22545144532436104,-76.6313667991347,synthetic,,,,,0,0,False,False
505.0,,target,999510207,LATE PORT CROSSER,-0.42499999999999993,1.88,-38.01866666666666,144.84100498474794,18.0,90.0,90.0,18,danger,danger,0.0661356671403135,100.78590532233686,synthetic,,,,,80,0,False,False
506.0,,own,999510000,DEMO OWN SHIP,0.006840402866513374,1.6187938524157182,-38.02302010245973,144.85014477536026,12.0,20.0,20.0,1,,,,,synthetic,,,,,60,,False,False
506.0,,target,999510202,DANCING TUG,1.3683931757712848,-0.25198292803096994,-38.05419971546718,144.8789616882044,8.0,270.0,270.0,18,,safe,2.296913163218235,-60.70728015806786,synthetic,,,,,52,0,False,False
506.0,,target,999510204,HEAD ON TRADER,-0.3936006324514146,1.2218506160862428,-38.02963582306523,144.84166954425382,14.0,235.0,235.0,1,danger,safe,0.062478815201991264,-81.33098113370497,synthetic,,,,,70,0,False,False
506.0,,target,995039901,DEMO VIRTUAL WRECK,0.38,1.55,-38.024166666666666,144.85804260187243,0.0,0.0,0.0,21,,caution,0.3741842030649286,18.894907027337613,synthetic,,,,,60,17,True,False
506.0,,target,970990001,AIS SART TEST,-0.25281271388169263,1.3933037602575167,-38.02677827066237,144.84464928419462,2.5,105.0,105.0,1,,safe,0.22545144532436104,-77.63136679913465,synthetic,,,,,0,0,False,False
506.0,,target,999510207,LATE PORT CROSSER,-0.42000000000000004,1.88,-38.01866666666666,144.8411108084568,18.0,90.0,90.0,18,danger,danger,0.0661356671403135,99.78590532233689,synthetic,,,,,80,0,False,False
507.0,,own,999510000,DEMO OWN SHIP,0.00798047001093227,1.6219261611516713,-38.02296789731414,144.85016890458698,12.0,20.0,20.0,1,,,,,synthetic,,,,,60,,False,False
507.0,,target,999510202,DANCING TUG,1.3661709535490627,-0.25198292803096994,-38.05419971546718,144.87891465544493,8.0,270.0,270.0,18,,safe,2.2969131632182354,-61.70728015806785,synthetic,,,,,52,0,False,False
507.0,,target,999510204,HEAD ON TRADER,-0.3967862237347607,1.2196200410559885,-38.02967299931573,144.84160212203693,14.0,235.0,235.0,1,danger,safe,0.062478815201991146,-82.33098113370501,synthetic,,,,,70,0,False,False
507.0,,target,995039901,DEMO VIRTUAL WRECK,0.38,1.55,-38.024166666666666,144.85804260187243,0.0,0.0,0.0,21,,caution,0.37418420306492867,17.894907027337574,synthetic,,,,,60,17,True,False
507.0,,target,970990001,AIS SART TEST,-0.25214193205788077,1.3931240248095287,-38.026781266253174,144.84466348111872,2.5,105.0,105.0,1,,safe,0.225451445324361,-78.63136679913472,synthetic,,,,,0,0,False,False
507.0,,target,999510207,LATE PORT CROSSER,-0.41500000000000004,1.88,-38.01866666666666,144.84121663216564,18.0,90.0,90.0,18,danger,danger,0.06613566714031356,98.78590532233689,synthetic,,,,,80,0,False,False
508.0,,own,999510000,DEMO OWN SHIP,0.009120537155351166,1.6250584698876243,-38.02291569216854,144.8501930338137,12.0,20.0,20.0,1,,,,,synthetic,,,,,60,,False,False
508.0,,target,999510202,DANCING TUG,1.3639487313268404,-0.25198292803096994,-38.05419971546718,144.87886762268542,8.0,270.0,270.0,18,,safe,2.296913163218235,-62.70728015806784,synthetic,,,,,52,0,False,False
508.0,,target,999510204,HEAD ON TRADER,-0.39997181501810675,1.2173894660257345,-38.02971017556624,144.84153469982004,14.0,235.0,235.0,1,danger,safe,0.06247881520199115,-83.33098113370498,synthetic,,,,,70,0,False,False
508.0,,target,995039901,DEMO VIRTUAL WRECK,0.38,1.55,-38.024166666666666,144.85804260187243,0.0,0.0,0.0,21,,caution,0.3741842030649286,16.894907027337602,synthetic,,,,,60,17,True,False
508.0,,target,970990001,AIS SART TEST,-0.2514711502340689,1.392944289361541,-38.02678426184397,144.84467767804279,2.5,105.0,105.0,1,,safe,0.225451445324361,-79.63136679913467,synthetic,,,,,0,0,False,False
508.0,,target,999510207,LATE PORT CROSSER,-0.41000000000000003,1.88,-38.01866666666666,144.8413224558745,18.0,90.0,90.0,18,danger,danger,0.0661356671403135,97.78590532233687,synthetic,,,,,80,0,False,False
509.0,,own,999510000,DEMO OWN SHIP,0.01026060429977006,1.6281907786235774,-38.02286348702294,144.8502171630404,12.0,20.0,20.0,1,,,,,synthetic,,,,,60,,False,False
509.0,,target,999510202,DANCING TUG,1.3617265091046182,-0.25198292803096994,-38.05419971546718,144.87882058992594,8.0,270.0,270.0,18,,safe,2.296913163218235,-63.70728015806787,synthetic,,,,,52,0,False,False
509.0,,target,999510204,HEAD ON TRADER,-0.40315740630145286,1.2151588909954805,-38.02974735181674,144.84146727760313,14.0,235.0,235.0,1,danger,safe,0.062478815201991146,-84.33098113370501,synthetic,,,,,70,0,False,False
509.0,,target,995039901,DEMO VIRTUAL WRECK,0.38,1.55,-38.024166666666666,144.85804260187243,0.0,0.0,0.0,21,,caution,0.37418420306492867,15.894907027337569,synthetic,,,,,60,17,True,False
509.0,,target,970990001,AIS SART TEST,-0.2508003684102571,1.392764553913553,-38.02678725743477,144.84469187496688,2.5,105.0,105.0,1,,safe,0.225451445324361,-80.63136679913475,synthetic,,,,,0,0,False,False
509.0,,target,999510207,LATE PORT CROSSER,-0.405,1.88,-38.01866666666666,144.84142827958334,18.0,90.0,90.0,18,danger,danger,0.06613566714031359,96.78590532233686,synthetic,,,,,80,0,False,False
510.0,,own,999510000,DEMO OWN SHIP,0.011400671444188958,1.6313230873595304,-38.02281128187734,144.8502412922671,12.0,20.0,20.0,1,,,,,synthetic,,,,,60,,False,False
510.0,,target,999510202,DANCING TUG,1.359504286882396,-0.25198292803096994,-38.05419971546718,144.87877355716645,8.0,270.0,270.0,18,,safe,2.296913163218235,-64.70728015806786,synthetic,,,,,52,0,False,False
510.0,,target,999510204,HEAD ON TRADER,-0.4063429975847989,1.2129283159652264,-38.029784528067246,144.84139985538624,14.0,235.0,235.0,1,danger,safe,0.06247881520199119,-85.33098113370498,synthetic,,,,,70,0,False,False
510.0,,target,995039901,DEMO VIRTUAL WRECK,0.38,1.55,-38.024166666666666,144.85804260187243,0.0,0.0,0.0,21,,caution,0.37418420306492867,14.89490702733759,synthetic,,,,,60,17,True,False
510.0,,target,970990001,AIS SART TEST,-0.25012958658644524,1.3925848184655651,-38.026790253025574,144.84470607189095,2.5,105.0,105.0,1,,safe,0.225451445324361,-81.6313667991347,synthetic,,,,,0,0,False,False
510.0,,target,999510207,LATE PORT CROSSER,-0.4,1.88,-38.01866666666666,144.84153410329216,18.0,90.0,90.0,18,danger,danger,0.06613566714031355,95.78590532233687,synthetic,,,,,80,0,False,False
511.0,,own,999510000,DEMO OWN SHIP,0.012540738588607853,1.6344553960954835,-38.02275907673174,144.85026542149382,12.0,20.0,20.0,1,,,,,synthetic,,,,,60,,False,False
511.0,,target,999510202,DANCING TUG,1.3572820646601738,-0.25198292803096994,-38.05419971546718,144.87872652440697,8.0,270.0,270.0,18,,safe,2.2969131632182354,-65.70728015806785,synthetic,,,,,52,0,False,False
511.0,,target,995039901,DEMO VIRTUAL WRECK,0.38,1.55,-38.024166666666666,144.85804260187243,0.0,0.0,0.0,21,,caution,0.3741842030649287,13.894907027337558,synthetic,,,,,60,17,True,False
511.0,,target,970990001,AIS SART TEST,-0.24945880476263338,1.3924050830175774,-38.02679324861637,144.84472026881505,2.5,105.0,105.0,1,,safe,0.225451445324361,-82.63136679913471,synthetic,,,,,0,0,False,False
511.0,,target,999510207,LATE PORT CROSSER,-0.395,1.88,-38.01866666666666,144.841639927001,18.0,90.0,90.0,18,danger,danger,0.06613566714031359,94.78590532233686,synthetic,,,,,80,0,False,False
512.0,,own,999510000,DEMO OWN SHIP,0.013680805733026748,1.6375877048314365,-38.02270687158614,144.85028955072053,12.0,20.0,20.0,1,,,,,synthetic,,,,,60,,False,False
512.0,,target,999510202,DANCING TUG,1.3550598424379516,-0.25198292803096994,-38.05419971546718,144.8786794916475,8.0,270.0,270.0,18,,safe,2.2969131632182354,-66.70728015806783,synthetic,,,,,52,0,False,False
512.0,,target,995039901,DEMO VIRTUAL WRECK,0.38,1.55,-38.024166666666666,144.85804260187243,0.0,0.0,0.0,21,,caution,0.3741842030649286,12.89490702733758,synthetic,,,,,60,17,True,False
512.0,,target,970990001,AIS SART TEST,-0.24878802293882152,1.3922253475695894,-38.02679624420717,144.84473446573915,2.5,105.0,105.0,1,,safe,0.22545144532436104,-83.63136679913472,synthetic,,,,,0,0,False,False
512.0,,target,999510207,LATE PORT CROSSER,-0.39,1.88,-38.01866666666666,144.84174575070986,18.0,90.0,90.0,18,danger,danger,0.06613566714031356,93.78590532233689,synthetic,,,,,80,0,False,False
513.0,,own,999510000,DEMO OWN SHIP,0.014820872877445644,1.6407200135673894,-38.02265466644054,144.85031367994725,12.0,20.0,20.0,1,,,,,synthetic,,,,,60,,False,False
513.0,,target,999510202,DANCING TUG,1.3528376202157293,-0.25198292803096994,-38.05419971546718,144.878632458888,8.0,270.0,270.0,18,,safe,2.296913163218235,-67.70728015806786,synthetic,,,,,52,0,False,False
513.0,,target,995039901,DEMO VIRTUAL WRECK,0.38,1.55,-38.024166666666666,144.85804260187243,0.0,0.0,0.0,21,,caution,0.3741842030649286,11.894907027337604,synthetic,,,,,60,17,True,False
513.0,,target,970990001,AIS SART TEST,-0.24811724111500966,1.3920456121216016,-38.026799239797974,144.84474866266322,2.5,105.0,105.0,1,,safe,0.22545144532436104,-84.63136679913467,synthetic,,,,,0,0,False,False
513.0,,target,999510207,LATE PORT CROSSER,-0.385,1.88,-38.01866666666666,144.8418515744187,18.0,90.0,90.0,18,danger,danger,0.0661356671403135,92.78590532233687,synthetic,,,,,80,0,False,False
514.0,,own,999510000,DEMO OWN SHIP,0.01596094002186454,1.6438523223033426,-38.022602461294944,144.85033780917396,12.0,20.0,20.0,1,,,,,synthetic,,,,,60,,False,False
514.0,,target,999510202,DANCING TUG,1.3506153979935072,-0.25198292803096994,-38.05419971546718,144.8785854261285,8.0,270.0,270.0,18,,safe,2.2969131632182354,-68.70728015806785,synthetic,,,,,52,0,False,False
514.0,,target,995039901,DEMO VIRTUAL WRECK,0.38,1.55,-38.024166666666666,144.85804260187243,0.0,0.0,0.0,21,,caution,0.37418420306492867,10.894907027337567,synthetic,,,,,60,17,True,False
514.0,,target,970990001,AIS SART TEST,-0.24744645929119782,1.3918658766736136,-38.02680223538877,144.84476285958732,2.5,105.0,105.0,1,,safe,0.22545144532436098,-85.63136679913475,synthetic,,,,,0,0,False,False
514.0,,target,999510207,LATE PORT CROSSER,-0.38,1.88,-38.01866666666666,144.84195739812756,18.0,90.0,90.0,18,danger,danger,0.06613566714031359,91.78590532233686,synthetic,,,,,80,0,False,False
515.0,,own,999510000,DEMO OWN SHIP,0.017101007166283436,1.6469846310392955,-38.022550256149344,144.85036193840068,12.0,20.0,20.0,1,,,,,synthetic,,,,,60,,False,False
515.0,,target,999510202,DANCING TUG,1.3483931757712848,-0.25198292803096994,-38.05419971546718,144.878538393369,8.0,270.0,270.0,18,,safe,2.296913163218235,-69.70728015806783,synthetic,,,,,52,0,False,False
515.0,,target,995039901,DEMO VIRTUAL WRECK,0.38,1.55,-38.024166666666666,144.85804260187243,0.0,0.0,0.0,21,,caution,0.37418420306492867,9.894907027337597,synthetic,,,,,60,17,True,False
515.0,,target,970990001,AIS SART TEST,-0.24677567746738596,1.3916861412256258,-38.02680523097957,144.8447770565114,2.5,105.0,105.0,1,,safe,0.22545144532436107,-86.63136679913471,synthetic,,,,,0,0,False,False
515.0,,target,999510207,LATE PORT CROSSER,-0.375,1.88,-38.01866666666666,144.8420632218364,18.0,90.0,90.0,18,danger,danger,0.0661356671403135,90.78590532233687,synthetic,,,,,80,0,False,False
516.0,,own,999510000,DEMO OWN SHIP,0.01824107431070233,1.6501169397752486,-38.022498051003744,144.85038606762737,12.0,20.0,20.0,1,,,,,synthetic,,,,,60,,False,False
516.0,,target,999510202,DANCING TUG,1.3461709535490627,-0.25198292803096994,-38.05419971546718,144.87849136060953,8.0,270.0,270.0,18,,safe,2.296913163218235,-70.70728015806786,synthetic,,,,,52,0,False,False
516.0,,target,995039901,DEMO VIRTUAL WRECK,0.38,1.55,-38.024166666666666,144.85804260187243,0.0,0.0,0.0,21,,caution,0.3741842030649287,8.894907027337556,synthetic,,,,,60,17,True,False
516.0,,target,970990001,AIS SART TEST,-0.2461048956435741,1.391506405777638,-38.02680822657037,144.8447912534355,2.5,105.0,105.0,1,,safe,0.22545144532436104,-87.63136679913471,synthetic,,,,,0,0,False,False
516.0,,target,999510207,LATE PORT CROSSER,-0.37,1.88,-38.01866666666666,144.84216904554526,18.0,90.0,90.0,18,danger,danger,0.06613566714031359,89.78590532233686,synthetic,,,,,80,0,False,False
517.0,,own,999510000,DEMO OWN SHIP,0.019381141455121226,1.6532492485112016,-38.022445845858144,144.85041019685409,12.0,20.0,20.0,1,,,,,synthetic,,,,,60,,False,False
517.0,,target,999510202,DANCING TUG,1.3439487313268406,-0.25198292803096994,-38.05419971546718,144.87844432785005,8.0,270.0,270.0,18,,safe,2.2969131632182354,-71.70728015806785,synthetic,,,,,52,0,False,False
517.0,,target,995039901,DEMO VIRTUAL WRECK,0.38,1.55,-38.024166666666666,144.85804260187243,0.0,0.0,0.0,21,,caution,0.37418420306492867,7.894907027337586,synthetic,,,,,60,17,True,False
517.0,,target,970990001,AIS SART TEST,-0.24543411381976227,1.39132667032965,-38.02681122216117,144.84480545035956,2.5,105.0,105.0,1,,safe,0.225451445324361,-88.63136679913472,synthetic,,,,,0,0,False,False
517.0,,target,999510207,LATE PORT CROSSER,-0.365,1.88,-38.01866666666666,144.8422748692541,18.0,90.0,90.0,18,danger,danger,0.06613566714031353,88.78590532233684,synthetic,,,,,80,0,False,False
518.0,,own,999510000,DEMO OWN SHIP,0.02052120859954012,1.6563815572471545,-38.022393640712544,144.8504343260808,12.0,20.0,20.0,1,,,,,synthetic,,,,,60,,False,False
518.0,,target,999510202,DANCING TUG,1.3417265091046182,-0.25198292803096994,-38.05419971546718,144.87839729509056,8.0,270.0,270.0,18,,safe,2.296913163218235,-72.7072801580678,synthetic,,,,,52,0,False,False
518.0,,target,995039901,DEMO VIRTUAL WRECK,0.38,1.55,-38.024166666666666,144.85804260187243,0.0,0.0,0.0,21,,caution,0.37418420306492867,6.894907027337607,synthetic,,,,,60,17,True,False
518.0,,target,970990001,AIS SART TEST,-0.2447633319959504,1.3911469348816623,-38.02681421775197,144.84481964728366,2.5,105.0,105.0,1,,safe,0.225451445324361,-89.63136679913467,synthetic,,,,,0,0,False,False
518.0,,target,999510207,LATE PORT CROSSER,-0.36,1.88,-38.01866666666666,144.84238069296296,18.0,90.0,90.0,18,danger,danger,0.06613566714031346,87.78590532233687,synthetic,,,,,80,0,False,False
519.0,,own,999510000,DEMO OWN SHIP,0.02166127574395902,1.6595138659831077,-38.02234143556694,144.85045845530752,12.0,20.0,20.0,1,,,,,synthetic,,,,,60,,False,False
519.0,,target,999510202,DANCING TUG,1.339504286882396,-0.25198292803096994,-38.05419971546718,144.87835026233105,8.0,270.0,270.0,18,,safe,2.2969131632182354,-73.70728015806783,synthetic,,,,,52,0,False,False
519.0,,target,995039901,DEMO VIRTUAL WRECK,0.38,1.55,-38.024166666666666,144.85804260187243,0.0,0.0,0.0,21,,caution,0.37418420306492867,5.894907027337569,synthetic,,,,,60,17,True,False
519.0,,target,970990001,AIS SART TEST,-0.24409255017213854,1.3909671994336743,-38.02681721334277,144.84483384420773,2.5,105.0,105.0,1,,safe,0.225451445324361,-90.63136679913475,synthetic,,,,,0,0,False,False
519.0,,target,999510207,LATE PORT CROSSER,-0.355,1.88,-38.01866666666666,144.8424865166718,18.0,90.0,90.0,18,danger,danger,0.06613566714031359,86.78590532233686,synthetic,,,,,80,0,False,False
520.0,,own,999510000,DEMO OWN SHIP,0.022801342888377915,1.6626461747190606,-38.02228923042134,144.85048258453423,12.0,20.0,20.0,1,,,,,synthetic,,,,,60,,False,False
520.0,,target,999510202,DANCING TUG,1.3372820646601737,-0.25198292803096994,-38.05419971546718,144.87830322957157,8.0,270.0,270.0,18,,safe,2.296913163218235,-74.70728015806786,synthetic,,,,,52,0,False,False
520.0,,target,995039901,DEMO VIRTUAL WRECK,0.38,1.55,-38.024166666666666,144.85804260187243,0.0,0.0,0.0,21,,caution,0.3741842030649286,4.894907027337595,synthetic,,,,,60,17,True,False
520.0,,target,970990001,AIS SART TEST,-0.24342176834832668,1.3907874639856865,-38.02682020893357,144.84484804113183,2.5,105.0,105.0,1,,safe,0.22545144532436104,-91.6313667991347,synthetic,,,,,0,0,False,False
520.0,,target,999510207,LATE PORT CROSSER,-0.35,1.88,-38.01866666666666,144.84259234038066,18.0,90.0,90.0,18,danger,danger,0.0661356671403135,85.78590532233687,synthetic,,,,,80,0,False,False
521.0,,own,999510000,DEMO OWN SHIP,0.02394141003279681,1.6657784834550138,-38.02223702527575,144.85050671376095,12.0,20.0,20.0,1,,,,,synthetic,,,,,60,,False,False
521.0,,target,999510202,DANCING TUG,1.3350598424379516,-0.25198292803096994,-38.05419971546718,144.8782561968121,8.0,270.0,270.0,18,,safe,2.2969131632182354,-75.70728015806789,synthetic,,,,,52,0,False,False
521.0,,target,995039901,DEMO VIRTUAL WRECK,0.38,1.55,-38.024166666666666,144.85804260187243,0.0,0.0,0.0,21,,caution,0.37418420306492867,3.894907027337558,synthetic,,,,,60,17,True,False
521.0,,target,970990001,AIS SART TEST,-0.24275098652451485,1.3906077285376988,-38.02682320452437,144.8448622380559,2.5,105.0,105.0,1,,safe,0.225451445324361,-92.63136679913471,synthetic,,,,,0,0,False,False
521.0,,target,999510207,LATE PORT CROSSER,-0.345,1.88,-38.01866666666666,144.8426981640895,18.0,90.0,90.0,18,danger,danger,0.06613566714031359,84.78590532233684,synthetic,,,,,80,0,False,False
522.0,,own,999510000,DEMO OWN SHIP,0.025081477177215705,1.6689107921909667,-38.02218482013015,144.85053084298764,12.0,20.0,20.0,1,,,,,synthetic,,,,,60,,False,False
522.0,,target,999510202,DANCING TUG,1.3328376202157293,-0.25198292803096994,-38.05419971546718,144.8782091640526,8.0,270.0,270.0,18,,safe,2.296913163218235,-76.70728015806783,synthetic,,,,,52,0,False,False
522.0,,target,995039901,DEMO VIRTUAL WRECK,0.38,1.55,-38.024166666666666,144.85804260187243,0.0,0.0,0.0,21,,caution,0.37418420306492867,2.894907027337584,synthetic,,,,,60,17,True,False
522.0,,target,970990001,AIS SART TEST,-0.242080204700703,1.3904279930897108,-38.02682620011517,144.84487643498,2.5,105.0,105.0,1,,safe,0.22545144532436098,-93.63136679913472,synthetic,,,,,0,0,False,False
522.0,,target,999510207,LATE PORT CROSSER,-0.33999999999999997,1.88,-38.01866666666666,144.84280398779833,18.0,90.0,90.0,18,danger,danger,0.0661356671403135,83.78590532233686,synthetic,,,,,80,0,False,False
523.0,,own,999510000,DEMO OWN SHIP,0.0262215443216346,1.6720431009269197,-38.02213261498455,144.85055497221435,12.0,20.0,20.0,1,,,,,synthetic,,,,,60,,False,False
523.0,,target,999510202,DANCING TUG,1.3306153979935071,-0.25198292803096994,-38.05419971546718,144.87816213129312,8.0,270.0,270.0,18,,safe,2.296913163218235,-77.70728015806786,synthetic,,,,,52,0,False,False
523.0,,target,995039901,DEMO VIRTUAL WRECK,0.38,1.55,-38.024166666666666,144.85804260187243,0.0,0.0,0.0,21,,caution,0.3741842030649286,1.8949070273376099,synthetic,,,,,60,17,True,False
523.0,,target,970990001,AIS SART TEST,-0.24140942287689113,1.390248257641723,-38.02682919570597,144.84489063190406,2.5,105.0,105.0,1,,safe,0.22545144532436107,-94.63136679913465,synthetic,,,,,0,0,False,False
523.0,,target,999510207,LATE PORT CROSSER,-0.33499999999999996,1.88,-38.01866666666666,144.84290981150718,18.0,90.0,90.0,18,danger,danger,0.06613566714031342,82.78590532233687,synthetic,,,,,80,0,False,False
524.0,,own,999510000,DEMO OWN SHIP,0.027361611466053495,1.6751754096628728,-38.02208040983895,144.85057910144107,12.0,20.0,20.0,1,,,,,synthetic,,,,,60,,False,False
524.0,,target,999510202,DANCING TUG,1.3283931757712848,-0.25198292803096994,-38.05419971546718,144.8781150985336,8.0,270.0,270.0,18,,safe,2.296913163218235,-78.70728015806789,synthetic,,,,,52,0,False,False
524.0,,target,995039901,DEMO VIRTUAL WRECK,0.38,1.55,-38.024166666666666,144.85804260187243,0.0,0.0,0.0,21,,caution,0.37418420306492867,0.8949070273375772,synthetic,,,,,60,17,True,False
524.0,,target,970990001,AIS SART TEST,-0.2407386410530793,1.390068522193735,-38.02683219129677,144.84490482882816,2.5,105.0,105.0,1,,safe,0.225451445324361,-95.63136679913475,synthetic,,,,,0,0,False,False
524.0,,target,999510207,LATE PORT CROSSER,-0.32999999999999996,1.88,-38.01866666666666,144.84301563521603,18.0,90.0,90.0,18,danger,danger,0.06613566714031355,81.78590532233686,synthetic,,,,,80,0,False,False
525.0,,own,999510000,DEMO OWN SHIP,0.028501678610472394,1.6783077183988258,-38.02202820469335,144.8506032306678,12.0,20.0,20.0,1,,,,,synthetic,,,,,60,,False,False
525.0,,target,999510202,DANCING TUG,1.3261709535490627,-0.25198292803096994,-38.05419971546718,144.87806806577413,8.0,270.0,270.0,18,,safe,2.296913163218235,-79.70728015806779,synthetic,,,,,52,0,False,False
525.0,,target,995039901,DEMO VIRTUAL WRECK,0.38,1.55,-38.024166666666666,144.85804260187243,0.0,0.0,0.0,21,,safe,0.37418420306492867,-0.10509297266239687,synthetic,,,,,60,17,True,False
525.0,,target,970990001,AIS SART TEST,-0.24006785922926743,1.3898887867457472,-38.02683518688757,144.84491902575223,2.5,105.0,105.0,1,,safe,0.225451445324361,-96.63136679913468,synthetic,,,,,0,0,False,False
525.0,,target,999510207,LATE PORT CROSSER,-0.32499999999999996,1.88,-38.01866666666666,144.84312145892488,18.0,90.0,90.0,18,danger,danger,0.06613566714031344,80.78590532233687,synthetic,,,,,80,0,False,False
526.0,,own,999510000,DEMO OWN SHIP,0.02964174575489129,1.681440027134779,-38.02197599954775,144.8506273598945,12.0,20.0,20.0,1,,,,,synthetic,,,,,60,,False,False
526.0,,target,999510202,DANCING TUG,1.3239487313268405,-0.25198292803096994,-38.05419971546718,144.87802103301465,8.0,270.0,270.0,18,,safe,2.2969131632182354,-80.70728015806782,synthetic,,,,,52,0,False,False
526.0,,target,995039901,DEMO VIRTUAL WRECK,0.38,1.55,-38.024166666666666,144.85804260187243,0.0,0.0,0.0,21,,safe,0.37418420306492867,-1.105092972662444,synthetic,,,,,60,17,True,False
526.0,,target,970990001,AIS SART TEST,-0.23939707740545557,1.3897090512977595,-38.026838182478365,144.84493322267633,2.5,105.0,105.0,1,,safe,0.22545144532436104,-97.6313667991347,synthetic,,,,,0,0,False,False
526.0,,target,999510207,LATE PORT CROSSER,-0.31999999999999995,1.88,-38.01866666666666,144.84322728263373,18.0,90.0,90.0,18,danger,danger,0.06613566714031359,79.78590532233684,synthetic,,,,,80,0,False,False
527.0,,own,999510000,DEMO OWN SHIP,0.030781812899310184,1.6845723358707319,-38.02192379440215,144.85065148912122,12.0,20.0,20.0,1,,,,,synthetic,,,,,60,,False,False
527.0,,target,999510202,DANCING TUG,1.3217265091046182,-0.25198292803096994,-38.05419971546718,144.87797400025516,8.0,270.0,270.0,18,,safe,2.296913163218235,-81.70728015806785,synthetic,,,,,52,0,False,False
527.0,,target,995039901,DEMO VIRTUAL WRECK,0.38,1.55,-38.024166666666666,144.85804260187243,0.0,0.0,0.0,21,,safe,0.3741842030649286,-2.1050929726624132,synthetic,,,,,60,17,True,False
527.0,,target,970990001,AIS SART TEST,-0.2387262955816437,1.3895293158497715,-38.02684117806917,144.8449474196004,2.5,105.0,105.0,1,,safe,0.225451445324361,-98.63136679913471,synthetic,,,,,0,0,False,False
527.0,,target,999510207,LATE PORT CROSSER,-0.31499999999999995,1.88,-38.01866666666666,144.84333310634258,18.0,90.0,90.0,18,danger,danger,0.0661356671403135,78.78590532233686,synthetic,,,,,80,0,False,False
528.0,,own,999510000,DEMO OWN SHIP,0.03192188004372908,1.6877046446066848,-38.021871589256556,144.8506756183479,12.0,20.0,20.0,1,,,,,synthetic,,,,,60,,False,False
528.0,,target,999510202,DANCING TUG,1.319504286882396,-0.25198292803096994,-38.05419971546718,144.87792696749568,8.0,270.0,270.0,18,,safe,2.296913163218235,-82.70728015806785,synthetic,,,,,52,0,False,False
528.0,,target,995039901,DEMO VIRTUAL WRECK,0.38,1.55,-38.024166666666666,144.85804260187243,0.0,0.0,0.0,21,,safe,0.3741842030649286,-3.1050929726623826,synthetic,,,,,60,17,True,False
528.0,,target,970990001,AIS SART TEST,-0.23805551375783188,1.3893495804017837,-38.02684417365997,144.8449616165245,2.5,105.0,105.0,1,,safe,0.225451445324361,-99.63136679913467,synthetic,,,,,0,0,False,False
528.0,,target,999510207,LATE PORT CROSSER,-0.30999999999999994,1.88,-38.01866666666666,144.84343893005143,18.0,90.0,90.0,18,danger,danger,0.06613566714031345,77.78590532233687,synthetic,,,,,80,0,False,False
529.0,,own,999510000,DEMO OWN SHIP,0.03306194718814798,1.690836953342638,-38.021819384110955,144.85069974757462,12.0,20.0,20.0,1,,,,,synthetic,,,,,60,,False,False
529.0,,target,999510202,DANCING TUG,1.3172820646601737,-0.25198292803096994,-38.05419971546718,144.8778799347362,8.0,270.0,270.0,18,,safe,2.296913163218235,-83.70728015806783,synthetic,,,,,52,0,False,False
529.0,,target,995039901,DEMO VIRTUAL WRECK,0.38,1.55,-38.024166666666666,144.85804260187243,0.0,0.0,0.0,21,,safe,0.37418420306492867,-4.105092972662425,synthetic,,,,,60,17,True,False
529.0,,target,970990001,AIS SART TEST,-0.23738473193402002,1.3891698449537957,-38.026847169250765,144.84497581344857,2.5,105.0,105.0,1,,safe,0.22545144532436104,-100.63136679913474,synthetic,,,,,0,0,False,False
529.0,,target,999510207,LATE PORT CROSSER,-0.30499999999999994,1.88,-38.01866666666666,144.84354475376028,18.0,90.0,90.0,18,danger,danger,0.06613566714031355,76.78590532233686,synthetic,,,,,80,0,False,False
530.0,,own,999510000,DEMO OWN SHIP,0.03420201433256687,1.6939692620785909,-38.021767178965355,144.85072387680134,12.0,20.0,20.0,1,,,,,synthetic,,,,,60,,False,False
530.0,,target,999510202,DANCING TUG,1.3150598424379516,-0.25198292803096994,-38.05419971546718,144.8778329019767,8.0,270.0,270.0,18,,safe,2.296913163218235,-84.70728015806786,synthetic,,,,,52,0,False,False
530.0,,target,995039901,DEMO VIRTUAL WRECK,0.38,1.55,-38.024166666666666,144.85804260187243,0.0,0.0,0.0,21,,safe,0.3741842030649286,-5.105092972662394,synthetic,,,,,60,17,True,False
530.0,,target,970990001,AIS SART TEST,-0.23671395011020815,1.388990109505808,-38.02685016484157,144.84499001037267,2.5,105.0,105.0,1,,safe,0.22545144532436104,-101.63136679913468,synthetic,,,,,0,0,False,False
530.0,,target,999510207,LATE PORT CROSSER,-0.29999999999999993,1.88,-38.01866666666666,144.84365057746913,18.0,90.0,90.0,18,danger,danger,0.06613566714031345,75.78590532233686,synthetic,,,,,80,0,False,False
531.0,,own,999510000,DEMO OWN SHIP,0.03534208147698577,1.697101570814544,-38.021714973819755,144.85074800602806,12.0,20.0,20.0,1,,,,,synthetic,,,,,60,,False,False
531.0,,target,999510202,DANCING TUG,1.3128376202157293,-0.25198292803096994,-38.05419971546718,144.8777858692172,8.0,270.0,270.0,18,,safe,2.296913163218235,-85.70728015806789,synthetic,,,,,52,0,False,False
531.0,,target,995039901,DEMO VIRTUAL WRECK,0.38,1.55,-38.024166666666666,144.85804260187243,0.0,0.0,0.0,21,,safe,0.37418420306492867,-6.1050929726624314,synthetic,,,,,60,17,True,False
531.0,,target,970990001,AIS SART TEST,-0.23604316828639632,1.3888103740578202,-38.02685316043237,144.84500420729674,2.5,105.0,105.0,1,,safe,0.225451445324361,-102.6313667991347,synthetic,,,,,0,0,False,False
531.0,,target,999510207,LATE PORT CROSSER,-0.29500000000000004,1.88,-38.01866666666666,144.84375640117798,18.0,90.0,90.0,18,danger,danger,0.0661356671403136,74.78590532233686,synthetic,,,,,80,0,False,False
532.0,,own,999510000,DEMO OWN SHIP,0.03648214862140466,1.700233879550497,-38.021662768674155,144.85077213525477,12.0,20.0,20.0,1,,,,,synthetic,,,,,60,,False,False
532.0,,target,999510202,DANCING TUG,1.3106153979935071,-0.25198292803096994,-38.05419971546718,144.87773883645772,8.0,270.0,270.0,18,,safe,2.296913163218235,-86.70728015806783,synthetic,,,,,52,0,False,False
532.0,,target,995039901,DEMO VIRTUAL WRECK,0.38,1.55,-38.024166666666666,144.85804260187243,0.0,0.0,0.0,21,,safe,0.37418420306492867,-7.105092972662406,synthetic,,,,,60,17,True,False
532.0,,target,970990001,AIS SART TEST,-0.23537238646258446,1.3886306386098322,-38.026856156023165,144.84501840422084,2.5,105.0,105.0,1,,safe,0.225451445324361,-103.63136679913471,synthetic,,,,,0,0,False,False
532.0,,target,999510207,LATE PORT CROSSER,-0.29000000000000004,1.88,-38.01866666666666,144.84386222488683,18.0,90.0,90.0,18,danger,danger,0.06613566714031353,73.78590532233686,synthetic,,,,,80,0,False,False
533.0,,own,999510000,DEMO OWN SHIP,0.03762221576582356,1.70336618828645,-38.021610563528554,144.8507962644815,12.0,20.0,20.0,1,,,,,synthetic,,,,,60,,False,False
533.0,,target,999510202,DANCING TUG,1.3083931757712848,-0.25198292803096994,-38.05419971546718,144.87769180369824,8.0,270.0,270.0,18,,safe,2.296913163218235,-87.70728015806782,synthetic,,,,,52,0,False,False
533.0,,target,995039901,DEMO VIRTUAL WRECK,0.38,1.55,-38.024166666666666,144.85804260187243,0.0,0.0,0.0,21,,safe,0.3741842030649286,-8.105092972662385,synthetic,,,,,60,17,True,False
533.0,,target,970990001,AIS SART TEST,-0.2347016046387726,1.3884509031618444,-38.02685915161397,144.8450326011449,2.5,105.0,105.0,1,,safe,0.225451445324361,-104.63136679913465,synthetic,,,,,0,0,False,False
533.0,,target,999510207,LATE PORT CROSSER,-0.28500000000000003,1.88,-38.01866666666666,144.84396804859568,18.0,90.0,90.0,18,danger,danger,0.0661356671403135,72.78590532233689,synthetic,,,,,80,0,False,False
534.0,,own,999510000,DEMO OWN SHIP,0.03876228291024245,1.706498497022403,-38.021558358382954,144.85082039370818,12.0,20.0,20.0,1,,,,,synthetic,,,,,60,,False,False
534.0,,target,999510202,DANCING TUG,1.3061709535490627,-0.25198292803096994,-38.05419971546718,144.87764477093876,8.0,270.0,270.0,18,,safe,2.296913163218235,-88.70728015806785,synthetic,,,,,52,0,False,False
534.0,,target,995039901,DEMO VIRTUAL WRECK,0.38,1.55,-38.024166666666666,144.85804260187243,0.0,0.0,0.0,21,,safe,0.3741842030649286,-9.105092972662417,synthetic,,,,,60,17,True,False
534.0,,target,970990001,AIS SART TEST,-0.23403082281496076,1.3882711677138564,-38.02686214720477,144.845046798069,2.5,105.0,105.0,1,,safe,0.225451445324361,-105.63136679913474,synthetic,,,,,0,0,False,False
534.0,,target,999510207,LATE PORT CROSSER,-0.28,1.88,-38.01866666666666,144.84407387230453,18.0,90.0,90.0,18,danger,danger,0.06613566714031358,71.78590532233687,synthetic,,,,,80,0,False,False
535.0,,own,999510000,DEMO OWN SHIP,0.03990235005466135,1.709630805758356,-38.02150615323736,144.8508445229349,12.0,20.0,20.0,1,,,,,synthetic,,,,,60,,False,False
535.0,,target,999510202,DANCING TUG,1.3039487313268405,-0.25198292803096994,-38.05419971546718,144.87759773817925,8.0,270.0,270.0,18,,safe,2.2969131632182354,-89.70728015806783,synthetic,,,,,52,0,False,False
535.0,,target,995039901,DEMO VIRTUAL WRECK,0.38,1.55,-38.024166666666666,144.85804260187243,0.0,0.0,0.0,21,,safe,0.3741842030649286,-10.105092972662401,synthetic,,,,,60,17,True,False
535.0,,target,970990001,AIS SART TEST,-0.2333600409911489,1.3880914322658686,-38.026865142795565,144.84506099499308,2.5,105.0,105.0,1,,safe,0.225451445324361,-106.63136679913468,synthetic,,,,,0,0,False,False
535.0,,target,999510207,LATE PORT CROSSER,-0.275,1.88,-38.01866666666666,144.84417969601336,18.0,90.0,90.0,18,danger,danger,0.0661356671403135,70.78590532233687,synthetic,,,,,80,0,False,False
536.0,,own,999510000,DEMO OWN SHIP,0.04104241719908024,1.7127631144943092,-38.02145394809176,144.8508686521616,12.0,20.0,20.0,1,,,,,synthetic,,,,,60,,False,False
536.0,,target,999510202,DANCING TUG,1.3017265091046182,-0.25198292803096994,-38.05419971546718,144.87755070541976,8.0,270.0,270.0,18,,safe,2.296913163218235,-90.70728015806783,synthetic,,,,,52,0,False,False
536.0,,target,995039901,DEMO VIRTUAL WRECK,0.38,1.55,-38.024166666666666,144.85804260187243,0.0,0.0,0.0,21,,safe,0.37418420306492867,-11.10509297266243,synthetic,,,,,60,17,True,False
536.0,,target,970990001,AIS SART TEST,-0.23268925916733704,1.3879116968178806,-38.02686813838636,144.84507519191718,2.5,105.0,105.0,1,,safe,0.22545144532436096,-107.63136679913477,synthetic,,,,,0,0,False,False
536.0,,target,999510207,LATE PORT CROSSER,-0.27,1.88,-38.01866666666666,144.8442855197222,18.0,90.0,90.0,18,danger,danger,0.0661356671403136,69.78590532233686,synthetic,,,,,80,0,False,False
537.0,,own,999510000,DEMO OWN SHIP,0.04218248434349914,1.7158954232302621,-38.02140174294616,144.85089278138832,12.0,20.0,20.0,1,,,,,synthetic,,,,,60,,False,False
537.0,,target,999510202,DANCING TUG,1.299504286882396,-0.25198292803096994,-38.05419971546718,144.87750367266028,8.0,270.0,270.0,18,,safe,2.296913163218235,-91.70728015806786,synthetic,,,,,52,0,False,False
537.0,,target,995039901,DEMO VIRTUAL WRECK,0.38,1.55,-38.024166666666666,144.85804260187243,0.0,0.0,0.0,21,,safe,0.37418420306492867,-12.105092972662403,synthetic,,,,,60,17,True,False
537.0,,target,970990001,AIS SART TEST,-0.2320184773435252,1.3877319613698929,-38.02687113397717,144.84508938884125,2.5,105.0,105.0,1,,safe,0.22545144532436104,-108.63136679913471,synthetic,,,,,0,0,False,False
537.0,,target,999510207,LATE PORT CROSSER,-0.265,1.88,-38.01866666666666,144.84439134343106,18.0,90.0,90.0,18,danger,danger,0.06613566714031353,68.78590532233686,synthetic,,,,,80,0,False,False
538.0,,own,999510000,DEMO OWN SHIP,0.04332255148791804,1.7190277319662153,-38.02134953780056,144.85091691061504,12.0,20.0,20.0,1,,,,,synthetic,,,,,60,,False,False
538.0,,target,999510202,DANCING TUG,1.2972820646601737,-0.25198292803097,-38.05419971546718,144.8774566399008,8.0,270.0,270.0,18,,safe,2.2969131632182354,-92.70728015806789,synthetic,,,,,52,0,False,False
538.0,,target,995039901,DEMO VIRTUAL WRECK,0.38,1.55,-38.024166666666666,144.85804260187243,0.0,0.0,0.0,21,,safe,0.37418420306492867,-13.10509297266244,synthetic,,,,,60,17,True,False
538.0,,target,970990001,AIS SART TEST,-0.23134769551971335,1.387552225921905,-38.026874129567965,144.84510358576534,2.5,105.0,105.0,1,,safe,0.225451445324361,-109.63136679913472,synthetic,,,,,0,0,False,False
538.0,,target,999510207,LATE PORT CROSSER,-0.26,1.88,-38.01866666666666,144.8444971671399,18.0,90.0,90.0,18,danger,danger,0.06613566714031364,67.78590532233684,synthetic,,,,,80,0,False,False
539.0,,own,999510000,DEMO OWN SHIP,0.044462618632336935,1.7221600407021682,-38.02129733265496,144.85094103984176,12.0,20.0,20.0,1,,,,,synthetic,,,,,60,,False,False
539.0,,target,999510202,DANCING TUG,1.2950598424379516,-0.25198292803097,-38.05419971546718,144.87740960714132,8.0,270.0,270.0,18,,safe,2.296913163218235,-93.70728015806787,synthetic,,,,,52,0,False,False
539.0,,target,995039901,DEMO VIRTUAL WRECK,0.38,1.55,-38.024166666666666,144.85804260187243,0.0,0.0,0.0,21,,safe,0.37418420306492867,-14.105092972662414,synthetic,,,,,60,17,True,False
539.0,,target,970990001,AIS SART TEST,-0.2306769136959015,1.387372490473917,-38.02687712515876,144.8451177826894,2.5,105.0,105.0,1,,safe,0.22545144532436098,-110.63136679913474,synthetic,,,,,0,0,False,False
539.0,,target,999510207,LATE PORT CROSSER,-0.255,1.88,-38.01866666666666,144.84460299084876,18.0,90.0,90.0,18,danger,danger,0.06613566714031353,66.78590532233686,synthetic,,,,,80,0,False,False
540.0,,own,999510000,DEMO OWN SHIP,0.04560268577675583,1.7252923494381212,-38.02124512750936,144.85096516906844,12.0,20.0,20.0,1,,,,,synthetic,,,,,60,,False,False
540.0,,target,999510202,DANCING TUG,1.2928376202157295,-0.25198292803097,-38.05419971546718,144.8773625743818,8.0,270.0,270.0,18,,safe,2.296913163218235,-94.70728015806777,synthetic,,,,,52,0,False,False
540.0,,target,995039901,DEMO VIRTUAL WRECK,0.38,1.55,-38.024166666666666,144.85804260187243,0.0,0.0,0.0,21,,safe,0.3741842030649286,-15.105092972662398,synthetic,,,,,60,17,True,False
540.0,,target,970990001,AIS SART TEST,-0.23000613187208963,1.3871927550259293,-38.02688012074957,144.8451319796135,2.5,105.0,105.0,1,,safe,0.22545144532436107,-111.6313667991347,synthetic,,,,,0,0,False,False
540.0,,target,999510207,LATE PORT CROSSER,-0.25,1.88,-38.01866666666666,144.8447088145576,18.0,90.0,90.0,18,danger,danger,0.0661356671403135,65.78590532233687,synthetic,,,,,80,0,False,False
541.0,,own,999510000,DEMO OWN SHIP,0.046742752921174725,1.7284246581740743,-38.02119292236376,144.85098929829516,12.0,20.0,20.0,1,,,,,synthetic,,,,,60,,False,False
541.0,,target,999510202,DANCING TUG,1.290615397993507,-0.25198292803097,-38.05419971546718,144.87731554162232,8.0,270.0,270.0,18,,safe,2.296913163218235,-95.70728015806789,synthetic,,,,,52,0,False,False
541.0,,target,995039901,DEMO VIRTUAL WRECK,0.38,1.55,-38.024166666666666,144.85804260187243,0.0,0.0,0.0,21,,safe,0.37418420306492867,-16.10509297266243,synthetic,,,,,60,17,True,False
541.0,,target,970990001,AIS SART TEST,-0.2293353500482778,1.3870130195779413,-38.026883116340365,144.84514617653758,2.5,105.0,105.0,1,,safe,0.225451445324361,-112.63136679913475,synthetic,,,,,0,0,False,False
541.0,,target,999510207,LATE PORT CROSSER,-0.245,1.88,-38.01866666666666,144.84481463826646,18.0,90.0,90.0,18,danger,danger,0.0661356671403136,64.78590532233686,synthetic,,,,,80,0,False,False
542.0,,own,999510000,DEMO OWN SHIP,0.04788282006559362,1.7315569669100273,-38.02114071721817,144.85101342752188,12.0,20.0,20.0,1,,,,,synthetic,,,,,60,,False,False
542.0,,target,999510202,DANCING TUG,1.288393175771285,-0.25198292803097,-38.05419971546718,144.87726850886284,8.0,270.0,270.0,18,,safe,2.2969131632182354,-96.70728015806783,synthetic,,,,,52,0,False,False
542.0,,target,995039901,DEMO VIRTUAL WRECK,0.38,1.55,-38.024166666666666,144.85804260187243,0.0,0.0,0.0,21,,safe,0.3741842030649286,-17.1050929726624,synthetic,,,,,60,17,True,False
542.0,,target,970990001,AIS SART TEST,-0.22866456822446593,1.3868332841299535,-38.02688611193116,144.84516037346168,2.5,105.0,105.0,1,,safe,0.225451445324361,-113.6313667991347,synthetic,,,,,0,0,False,False
542.0,,target,999510207,LATE PORT CROSSER,-0.24,1.88,-38.01866666666666,144.8449204619753,18.0,90.0,90.0,18,danger,danger,0.0661356671403135,63.785905322336866,synthetic,,,,,80,0,False,False
543.0,,own,999510000,DEMO OWN SHIP,0.049022887210012515,1.7346892756459802,-38.021088512072566,144.8510375567486,12.0,20.0,20.0,1,,,,,synthetic,,,,,60,,False,False
543.0,,target,999510202,DANCING TUG,1.2861709535490626,-0.25198292803097,-38.05419971546718,144.87722147610336,8.0,270.0,270.0,18,,safe,2.296913163218235,-97.70728015806782,synthetic,,,,,52,0,False,False
543.0,,target,995039901,DEMO VIRTUAL WRECK,0.38,1.55,-38.024166666666666,144.85804260187243,0.0,0.0,0.0,21,,safe,0.3741842030649286,-18.10509297266238,synthetic,,,,,60,17,True,False
543.0,,target,970990001,AIS SART TEST,-0.22799378640065407,1.3866535486819658,-38.02688910752197,144.84517457038575,2.5,105.0,105.0,1,,safe,0.225451445324361,-114.63136679913464,synthetic,,,,,0,0,False,False
543.0,,target,999510207,LATE PORT CROSSER,-0.235,1.88,-38.01866666666666,144.84502628568416,18.0,90.0,90.0,18,danger,danger,0.06613566714031345,62.78590532233689,synthetic,,,,,80,0,False,False
544.0,,own,999510000,DEMO OWN SHIP,0.05016295435443141,1.7378215843819333,-38.021036306926966,144.8510616859753,12.0,20.0,20.0,1,,,,,synthetic,,,,,60,,False,False
544.0,,target,999510202,DANCING TUG,1.2839487313268405,-0.25198292803097,-38.05419971546718,144.87717444334388,8.0,270.0,270.0,18,,safe,2.2969131632182354,-98.7072801580678,synthetic,,,,,52,0,False,False
544.0,,target,995039901,DEMO VIRTUAL WRECK,0.38,1.55,-38.024166666666666,144.85804260187243,0.0,0.0,0.0,21,,safe,0.37418420306492867,-19.105092972662412,synthetic,,,,,60,17,True,False
544.0,,target,970990001,AIS SART TEST,-0.22732300457684224,1.3864738132339778,-38.026892103112765,144.84518876730985,2.5,105.0,105.0,1,,safe,0.225451445324361,-115.63136679913474,synthetic,,,,,0,0,False,False
544.0,,target,999510207,LATE PORT CROSSER,-0.22999999999999998,1.88,-38.01866666666666,144.845132109393,18.0,90.0,90.0,18,danger,danger,0.06613566714031353,61.78590532233685,synthetic,,,,,80,0,False,False
545.0,,own,999510000,DEMO OWN SHIP,0.051303021498850306,1.7409538931178863,-38.020984101781366,144.85108581520203,12.0,20.0,20.0,1,,,,,synthetic,,,,,60,,False,False
545.0,,target,999510202,DANCING TUG,1.2817265091046182,-0.25198292803097,-38.05419971546718,144.8771274105844,8.0,270.0,270.0,18,,safe,2.296913163218235,-99.70728015806785,synthetic,,,,,52,0,False,False
545.0,,target,995039901,DEMO VIRTUAL WRECK,0.38,1.55,-38.024166666666666,144.85804260187243,0.0,0.0,0.0,21,,safe,0.3741842030649286,-20.10509297266238,synthetic,,,,,60,17,True,False
545.0,,target,970990001,AIS SART TEST,-0.22665222275303037,1.38629407778599,-38.02689509870356,144.84520296423392,2.5,105.0,105.0,1,,safe,0.22545144532436104,-116.6313667991347,synthetic,,,,,0,0,False,False
545.0,,target,999510207,LATE PORT CROSSER,-0.22499999999999998,1.88,-38.01866666666666,144.84523793310186,18.0,90.0,90.0,18,danger,danger,0.06613566714031346,60.785905322336866,synthetic,,,,,80,0,False,False
546.0,,own,999510000,DEMO OWN SHIP,0.0524430886432692,1.7440862018538394,-38.020931896635766,144.8511099444287,12.0,20.0,20.0,1,,,,,synthetic,,,,,60,,False,False
546.0,,target,999510202,DANCING TUG,1.279504286882396,-0.25198292803097,-38.05419971546718,144.87708037782488,8.0,270.0,270.0,18,,safe,2.296913163218235,-100.70728015806787,synthetic,,,,,52,0,False,False
546.0,,target,995039901,DEMO VIRTUAL WRECK,0.38,1.55,-38.024166666666666,144.85804260187243,0.0,0.0,0.0,21,,safe,0.37418420306492867,-21.105092972662423,synthetic,,,,,60,17,True,False
546.0,,target,970990001,AIS SART TEST,-0.2259814409292185,1.386114342338002,-38.02689809429437,144.84521716115802,2.5,105.0,105.0,1,,safe,0.22545144532436098,-117.63136679913474,synthetic,,,,,0,0,False,False
546.0,,target,999510207,LATE PORT CROSSER,-0.21999999999999997,1.88,-38.01866666666666,144.8453437568107,18.0,90.0,90.0,18,danger,danger,0.06613566714031356,59.78590532233685,synthetic,,,,,80,0,False,False
547.0,,own,999510000,DEMO OWN SHIP,0.053583155787688096,1.7472185105897924,-38.020879691490165,144.85113407365543,12.0,20.0,20.0,1,,,,,synthetic,,,,,60,,False,False
547.0,,target,999510202,DANCING TUG,1.2772820646601737,-0.25198292803097,-38.05419971546718,144.8770333450654,8.0,270.0,270.0,18,,safe,2.296913163218235,-101.70728015806782,synthetic,,,,,52,0,False,False
547.0,,target,995039901,DEMO VIRTUAL WRECK,0.38,1.55,-38.024166666666666,144.85804260187243,0.0,0.0,0.0,21,,safe,0.37418420306492867,-22.105092972662394,synthetic,,,,,60,17,True,False
547.0,,target,970990001,AIS SART TEST,-0.22531065910540665,1.3859346068900142,-38.026901089885165,144.8452313580821,2.5,105.0,105.0,1,,safe,0.22545144532436098,-118.6313667991347,synthetic,,,,,0,0,False,False
547.0,,target,999510207,LATE PORT CROSSER,-0.21499999999999997,1.88,-38.01866666666666,144.84544958051953,18.0,90.0,90.0,18,danger,danger,0.06613566714031346,58.785905322336866,synthetic,,,,,80,0,False,False
548.0,,own,999510000,DEMO OWN SHIP,0.05472322293210699,1.7503508193257455,-38.020827486344565,144.85115820288215,12.0,20.0,20.0,1,,,,,synthetic,,,,,60,,False,False
548.0,,target,999510202,DANCING TUG,1.2750598424379516,-0.25198292803097,-38.05419971546718,144.87698631230592,8.0,270.0,270.0,18,,safe,2.296913163218235,-102.70728015806785,synthetic,,,,,52,0,False,False
548.0,,target,995039901,DEMO VIRTUAL WRECK,0.38,1.55,-38.024166666666666,144.85804260187243,0.0,0.0,0.0,21,,safe,0.3741842030649287,-23.105092972662433,synthetic,,,,,60,17,True,False
548.0,,target,970990001,AIS SART TEST,-0.22463987728159482,1.3857548714420265,-38.02690408547596,144.8452455550062,2.5,105.0,105.0,1,,safe,0.225451445324361,-119.63136679913471,synthetic,,,,,0,0,False,False
548.0,,target,999510207,LATE PORT CROSSER,-0.20999999999999996,1.88,-38.01866666666666,144.84555540422838,18.0,90.0,90.0,18,danger,danger,0.06613566714031358,57.78590532233683,synthetic,,,,,80,0,False,False
549.0,,own,999510000,DEMO OWN SHIP,0.05586329007652589,1.7534831280616985,-38.02077528119897,144.85118233210886,12.0,20.0,20.0,1,,,,,synthetic,,,,,60,,False,False
549.0,,target,999510202,DANCING TUG,1.2728376202157294,-0.25198292803097,-38.05419971546718,144.87693927954643,8.0,270.0,270.0,18,,safe,2.2969131632182354,-103.70728015806783,synthetic,,,,,52,0,False,False
549.0,,target,995039901,DEMO VIRTUAL WRECK,0.38,1.55,-38.024166666666666,144.85804260187243,0.0,0.0,0.0,21,,safe,0.3741842030649286,-24.10509297266241,synthetic,,,,,60,17,True,False
549.0,,target,970990001,AIS SART TEST,-0.22396909545778296,1.3855751359940385,-38.02690708106676,144.84525975193026,2.5,105.0,105.0,1,,safe,0.225451445324361,-120.63136679913472,synthetic,,,,,0,0,False,False
549.0,,target,999510207,LATE PORT CROSSER,-0.20499999999999996,1.88,-38.01866666666666,144.84566122793723,18.0,90.0,90.0,18,danger,danger,0.06613566714031352,56.78590532233685,synthetic,,,,,80,0,False,False
550.0,,own,999510000,DEMO OWN SHIP,0.05700335722094479,1.7566154367976514,-38.02072307605337,144.85120646133558,12.0,20.0,20.0,1,,,,,synthetic,,,,,60,,False,False
550.0,,target,999510202,DANCING TUG,1.270615397993507,-0.25198292803097,-38.05419971546718,144.87689224678695,8.0,270.0,270.0,18,,safe,2.2969131632182354,-104.70728015806786,synthetic,,,,,52,0,False,False
550.0,,target,995039901,DEMO VIRTUAL WRECK,0.38,1.55,-38.024166666666666,144.85804260187243,0.0,0.0,0.0,21,,safe,0.3741842030649286,-25.105092972662383,synthetic,,,,,60,17,True,False
550.0,,target,970990001,AIS SART TEST,-0.2232983136339711,1.3853954005460507,-38.026910076657565,144.84527394885436,2.5,105.0,105.0,1,,safe,0.225451445324361,-121.63136679913467,synthetic,,,,,0,0,False,False
550.0,,target,999510207,LATE PORT CROSSER,-0.19999999999999996,1.88,-38.01866666666666,144.84576705164608,18.0,90.0,90.0,18,danger,danger,0.06613566714031345,55.785905322336866,synthetic,,,,,80,0,False,False
551.0,,own,999510000,DEMO OWN SHIP,0.05814342436536368,1.7597477455336046,-38.02067087090777,144.8512305905623,12.0,20.0,20.0,1,,,,,synthetic,,,,,60,,False,False
551.0,,target,999510202,DANCING TUG,1.268393175771285,-0.25198292803097,-38.05419971546718,144.87684521402744,8.0,270.0,270.0,18,,safe,2.2969131632182354,-105.70728015806789,synthetic,,,,,52,0,False,False
551.0,,target,995039901,DEMO VIRTUAL WRECK,0.38,1.55,-38.024166666666666,144.85804260187243,0.0,0.0,0.0,21,,safe,0.37418420306492867,-26.10509297266242,synthetic,,,,,60,17,True,False
551.0,,target,970990001,AIS SART TEST,-0.22262753181015926,1.3852156650980627,-38.02691307224836,144.84528814577843,2.5,105.0,105.0,1,,safe,0.225451445324361,-122.63136679913475,synthetic,,,,,0,0,False,False
551.0,,target,999510207,LATE PORT CROSSER,-0.19499999999999995,1.88,-38.01866666666666,144.84587287535493,18.0,90.0,90.0,18,danger,danger,0.06613566714031353,54.78590532233685,synthetic,,,,,80,0,False,False
552.0,,own,999510000,DEMO OWN SHIP,0.05928349150978258,1.7628800542695575,-38.02061866576217,144.85125471978898,12.0,20.0,20.0,1,,,,,synthetic,,,,,60,,False,False
552.0,,target,999510202,DANCING TUG,1.2661709535490626,-0.25198292803097,-38.05419971546718,144.87679818126796,8.0,270.0,270.0,18,,safe,2.296913163218235,-106.70728015806787,synthetic,,,,,52,0,False,False
552.0,,target,995039901,DEMO VIRTUAL WRECK,0.38,1.55,-38.024166666666666,144.85804260187243,0.0,0.0,0.0,21,,safe,0.3741842030649286,-27.105092972662394,synthetic,,,,,60,17,True,False
552.0,,target,970990001,AIS SART TEST,-0.2219567499863474,1.385035929650075,-38.02691606783916,144.84530234270252,2.5,105.0,105.0,1,,safe,0.225451445324361,-123.6313667991347,synthetic,,,,,0,0,False,False
552.0,,target,999510207,LATE PORT CROSSER,-0.18999999999999995,1.88,-38.01866666666666,144.84597869906378,18.0,90.0,90.0,18,danger,danger,0.06613566714031346,53.78590532233686,synthetic,,,,,80,0,False,False
553.0,,own,999510000,DEMO OWN SHIP,0.06042355865420147,1.7660123630055107,-38.02056646061657,144.8512788490157,12.0,20.0,20.0,1,,,,,synthetic,,,,,60,,False,False
553.0,,target,999510202,DANCING TUG,1.2639487313268405,-0.25198292803097,-38.05419971546718,144.87675114850848,8.0,270.0,270.0,18,,safe,2.2969131632182354,-107.70728015806786,synthetic,,,,,52,0,False,False
553.0,,target,995039901,DEMO VIRTUAL WRECK,0.38,1.55,-38.024166666666666,144.85804260187243,0.0,0.0,0.0,21,,safe,0.37418420306492867,-28.105092972662433,synthetic,,,,,60,17,True,False
553.0,,target,970990001,AIS SART TEST,-0.22128596816253554,1.3848561942020872,-38.026919063429965,144.84531653962662,2.5,105.0,105.0,1,,safe,0.225451445324361,-124.63136679913471,synthetic,,,,,0,0,False,False
553.0,,target,999510207,LATE PORT CROSSER,-0.18499999999999994,1.88,-38.01866666666666,144.84608452277263,18.0,90.0,90.0,18,danger,danger,0.06613566714031356,52.785905322336845,synthetic,,,,,80,0,False,False
554.0,,own,999510000,DEMO OWN SHIP,0.06156362579862037,1.7691446717414636,-38.02051425547097,144.85130297824242,12.0,20.0,20.0,1,,,,,synthetic,,,,,60,,False,False
554.0,,target,999510202,DANCING TUG,1.2617265091046181,-0.25198292803097,-38.05419971546718,144.876704115749,8.0,270.0,270.0,18,,safe,2.296913163218235,-108.70728015806782,synthetic,,,,,52,0,False,False
554.0,,target,995039901,DEMO VIRTUAL WRECK,0.38,1.55,-38.024166666666666,144.85804260187243,0.0,0.0,0.0,21,,safe,0.37418420306492867,-29.105092972662405,synthetic,,,,,60,17,True,False
554.0,,target,970990001,AIS SART TEST,-0.22061518633872368,1.3846764587540992,-38.02692205902076,144.8453307365507,2.5,105.0,105.0,1,,safe,0.22545144532436098,-125.63136679913471,synthetic,,,,,0,0,False,False
554.0,,target,999510207,LATE PORT CROSSER,-0.17999999999999994,1.88,-38.01866666666666,144.84619034648148,18.0,90.0,90.0,18,danger,danger,0.0661356671403135,51.78590532233685,synthetic,,,,,80,0,False,False
555.0,,own,999510000,DEMO OWN SHIP,0.06270369294303926,1.7722769804774168,-38.02046205032537,144.85132710746913,12.0,20.0,20.0,1,,,,,synthetic,,,,,60,,False,False
555.0,,target,999510202,DANCING TUG,1.259504286882396,-0.25198292803097,-38.05419971546718,144.8766570829895,8.0,270.0,270.0,18,,safe,2.296913163218235,-109.70728015806785,synthetic,,,,,52,0,False,False
555.0,,target,995039901,DEMO VIRTUAL WRECK,0.38,1.55,-38.024166666666666,144.85804260187243,0.0,0.0,0.0,21,,safe,0.3741842030649287,-30.105092972662444,synthetic,,,,,60,17,True,False
555.0,,target,970990001,AIS SART TEST,-0.21994440451491185,1.3844967233061114,-38.02692505461156,144.8453449334748,2.5,105.0,105.0,1,,safe,0.225451445324361,-126.63136679913474,synthetic,,,,,0,0,False,False
555.0,,target,999510207,LATE PORT CROSSER,-0.17499999999999993,1.88,-38.01866666666666,144.84629617019033,18.0,90.0,90.0,18,danger,danger,0.0661356671403136,50.78590532233684,synthetic,,,,,80,0,False,False
556.0,,own,999510000,DEMO OWN SHIP,0.06384376008745817,1.7754092892133697,-38.02040984517978,144.85135123669585,12.0,20.0,20.0,1,,,,,synthetic,,,,,60,,False,False
556.0,,target,999510202,DANCING TUG,1.2572820646601737,-0.25198292803097,-38.05419971546718,144.87661005023003,8.0,270.0,270.0,18,,safe,2.296913163218235,-110.70728015806787,synthetic,,,,,52,0,False,False
556.0,,target,995039901,DEMO VIRTUAL WRECK,0.38,1.55,-38.024166666666666,144.85804260187243,0.0,0.0,0.0,21,,safe,0.3741842030649286,-31.105092972662423,synthetic,,,,,60,17,True,False
556.0,,target,970990001,AIS SART TEST,-0.21927362269109998,1.3843169878581234,-38.026928050202365,144.84535913039886,2.5,105.0,105.0,1,,safe,0.22545144532436098,-127.63136679913475,synthetic,,,,,0,0,False,False
556.0,,target,999510207,LATE PORT CROSSER,-0.16999999999999993,1.88,-38.01866666666666,144.84640199389918,18.0,90.0,90.0,18,danger,danger,0.06613566714031352,49.785905322336845,synthetic,,,,,80,0,False,False
557.0,,own,999510000,DEMO OWN SHIP,0.06498382723187705,1.7785415979493227,-38.02035764003418,144.85137536592256,12.0,20.0,20.0,1,,,,,synthetic,,,,,60,,False,False
557.0,,target,999510202,DANCING TUG,1.2550598424379515,-0.25198292803097,-38.05419971546718,144.87656301747052,8.0,270.0,270.0,18,,safe,2.2969131632182354,-111.70728015806786,synthetic,,,,,52,0,False,False
557.0,,target,995039901,DEMO VIRTUAL WRECK,0.38,1.55,-38.024166666666666,144.85804260187243,0.0,0.0,0.0,21,,safe,0.3741842030649286,-32.10509297266239,synthetic,,,,,60,17,True,False
557.0,,target,970990001,AIS SART TEST,-0.21860284086728815,1.3841372524101356,-38.02693104579316,144.84537332732296,2.5,105.0,105.0,1,,safe,0.22545144532436107,-128.6313667991347,synthetic,,,,,0,0,False,False
557.0,,target,999510207,LATE PORT CROSSER,-0.16500000000000004,1.88,-38.01866666666666,144.84650781760803,18.0,90.0,90.0,18,danger,danger,0.06613566714031352,48.78590532233687,synthetic,,,,,80,0,False,False
558.0,,own,999510000,DEMO OWN SHIP,0.06612389437629596,1.7816739066852758,-38.02030543488858,144.85139949514925,12.0,20.0,20.0,1,,,,,synthetic,,,,,60,,False,False
558.0,,target,999510202,DANCING TUG,1.2528376202157294,-0.25198292803097,-38.05419971546718,144.87651598471103,8.0,270.0,270.0,18,,safe,2.2969131632182354,-112.70728015806785,synthetic,,,,,52,0,False,False
558.0,,target,995039901,DEMO VIRTUAL WRECK,0.38,1.55,-38.024166666666666,144.85804260187243,0.0,0.0,0.0,21,,safe,0.37418420306492867,-33.10509297266243,synthetic,,,,,60,17,True,False
558.0,,target,970990001,AIS SART TEST,-0.2179320590434763,1.3839575169621479,-38.02693404138396,144.84538752424703,2.5,105.0,105.0,1,,safe,0.22545144532436104,-129.6313667991347,synthetic,,,,,0,0,False,False
558.0,,target,999510207,LATE PORT CROSSER,-0.16000000000000003,1.88,-38.01866666666666,144.84661364131688,18.0,90.0,90.0,18,danger,danger,0.06613566714031362,47.78590532233685,synthetic,,,,,80,0,False,False
559.0,,own,999510000,DEMO OWN SHIP,0.06726396152071484,1.7848062154212287,-38.02025322974298,144.85142362437597,12.0,20.0,20.0,1,,,,,synthetic,,,,,60,,False,False
559.0,,target,999510202,DANCING TUG,1.250615397993507,-0.25198292803097,-38.05419971546718,144.87646895195155,8.0,270.0,270.0,18,,safe,2.296913163218235,-113.70728015806787,synthetic,,,,,52,0,False,False
559.0,,target,995039901,DEMO VIRTUAL WRECK,0.38,1.55,-38.024166666666666,144.85804260187243,0.0,0.0,0.0,21,,safe,0.37418420306492867,-34.105092972662405,synthetic,,,,,60,17,True,False
559.0,,target,970990001,AIS SART TEST,-0.21726127721966443,1.3837777815141599,-38.02693703697476,144.84540172117113,2.5,105.0,105.0,1,,safe,0.225451445324361,-130.63136679913472,synthetic,,,,,0,0,False,False
559.0,,target,999510207,LATE PORT CROSSER,-0.15500000000000003,1.88,-38.01866666666666,144.8467194650257,18.0,90.0,90.0,18,danger,danger,0.06613566714031355,46.785905322336866,synthetic,,,,,80,0,False,False
560.0,,own,999510000,DEMO OWN SHIP,0.06840402866513375,1.7879385241571817,-38.02020102459738,144.85144775360268,12.0,20.0,20.0,1,,,,,synthetic,,,,,60,,False,False
560.0,,target,999510202,DANCING TUG,1.248393175771285,-0.25198292803097,-38.05419971546718,144.87642191919207,8.0,270.0,270.0,18,,safe,2.296913163218235,-114.70728015806777,synthetic,,,,,52,0,False,False
560.0,,target,995039901,DEMO VIRTUAL WRECK,0.38,1.55,-38.024166666666666,144.85804260187243,0.0,0.0,0.0,21,,safe,0.3741842030649286,-35.10509297266237,synthetic,,,,,60,17,True,False
560.0,,target,970990001,AIS SART TEST,-0.21659049539585257,1.383598046066172,-38.02694003256556,144.8454159180952,2.5,105.0,105.0,1,,safe,0.225451445324361,-131.63136679913467,synthetic,,,,,0,0,False,False
560.0,,target,999510207,LATE PORT CROSSER,-0.15000000000000002,1.88,-38.01866666666666,144.84682528873455,18.0,90.0,90.0,18,danger,danger,0.06613566714031348,45.78590532233687,synthetic,,,,,80,0,False,False
561.0,,own,999510000,DEMO OWN SHIP,0.06954409580955263,1.7910708328931348,-38.02014881945178,144.8514718828294,12.0,20.0,20.0,1,,,,,synthetic,,,,,60,,False,False
561.0,,target,999510202,DANCING TUG,1.2461709535490626,-0.25198292803097,-38.05419971546718,144.8763748864326,8.0,270.0,270.0,18,,safe,2.296913163218235,-115.7072801580678,synthetic,,,,,52,0,False,False
561.0,,target,995039901,DEMO VIRTUAL WRECK,0.38,1.55,-38.024166666666666,144.85804260187243,0.0,0.0,0.0,21,,safe,0.37418420306492867,-36.10509297266241,synthetic,,,,,60,17,True,False
561.0,,target,970990001,AIS SART TEST,-0.2159197135720407,1.383418310618184,-38.02694302815636,144.8454301150193,2.5,105.0,105.0,1,,safe,0.22545144532436096,-132.63136679913475,synthetic,,,,,0,0,False,False
561.0,,target,999510207,LATE PORT CROSSER,-0.14500000000000002,1.88,-38.01866666666666,144.8469311124434,18.0,90.0,90.0,18,danger,danger,0.06613566714031356,44.78590532233685,synthetic,,,,,80,0,False,False
562.0,,own,999510000,DEMO OWN SHIP,0.07068416295397154,1.7942031416290878,-38.020096614306176,144.85149601205612,12.0,20.0,20.0,1,,,,,synthetic,,,,,60,,False,False
562.0,,target,999510202,DANCING TUG,1.2439487313268405,-0.25198292803097,-38.05419971546718,144.87632785367308,8.0,270.0,270.0,18,,safe,2.296913163218235,-116.70728015806783,synthetic,,,,,52,0,False,False
562.0,,target,995039901,DEMO VIRTUAL WRECK,0.38,1.55,-38.024166666666666,144.85804260187243,0.0,0.0,0.0,21,,safe,0.37418420306492867,-37.10509297266238,synthetic,,,,,60,17,True,False
562.0,,target,970990001,AIS SART TEST,-0.21524893174822887,1.3832385751701963,-38.02694602374716,144.84544431194337,2.5,105.0,105.0,1,,safe,0.225451445324361,-133.6313667991347,synthetic,,,,,0,0,False,False
562.0,,target,999510207,LATE PORT CROSSER,-0.14,1.88,-38.01866666666666,144.84703693615225,18.0,90.0,90.0,18,danger,danger,0.0661356671403135,43.78590532233687,synthetic,,,,,80,0,False,False
563.0,,own,999510000,DEMO OWN SHIP,0.07182423009839042,1.797335450365041,-38.02004440916058,144.85152014128283,12.0,20.0,20.0,1,,,,,synthetic,,,,,60,,False,False
563.0,,target,999510202,DANCING TUG,1.2417265091046183,-0.25198292803097,-38.05419971546718,144.8762808209136,8.0,270.0,270.0,18,,safe,2.2969131632182354,-117.70728015806783,synthetic,,,,,52,0,False,False
563.0,,target,995039901,DEMO VIRTUAL WRECK,0.38,1.55,-38.024166666666666,144.85804260187243,0.0,0.0,0.0,21,,safe,0.37418420306492867,-38.10509297266243,synthetic,,,,,60,17,True,False
563.0,,target,970990001,AIS SART TEST,-0.214578149924417,1.3830588397222086,-38.02694901933796,144.84545850886747,2.5,105.0,105.0,1,,safe,0.225451445324361,-134.6313667991347,synthetic,,,,,0,0,False,False
563.0,,target,999510207,LATE PORT CROSSER,-0.135,1.88,-38.01866666666666,144.8471427598611,18.0,90.0,90.0,18,danger,danger,0.06613566714031359,42.78590532233685,synthetic,,,,,80,0,False,False
564.0,,own,999510000,DEMO OWN SHIP,0.07296429724280933,1.8004677591009939,-38.01999220401498,144.85154427050952,12.0,20.0,20.0,1,,,,,synthetic,,,,,60,,False,False
564.0,,target,999510202,DANCING TUG,1.239504286882396,-0.25198292803097,-38.05419971546718,144.8762337881541,8.0,270.0,270.0,18,,safe,2.2969131632182354,-118.70728015806786,synthetic,,,,,52,0,False,False
564.0,,target,995039901,DEMO VIRTUAL WRECK,0.38,1.55,-38.024166666666666,144.85804260187243,0.0,0.0,0.0,21,,safe,0.3741842030649286,-39.1050929726624,synthetic,,,,,60,17,True,False
564.0,,target,970990001,AIS SART TEST,-0.21390736810060518,1.3828791042742206,-38.02695201492876,144.84547270579154,2.5,105.0,105.0,1,,safe,0.22545144532436104,-135.63136679913472,synthetic,,,,,0,0,False,False
564.0,,target,999510207,LATE PORT CROSSER,-0.13,1.88,-38.01866666666666,144.84724858356995,18.0,90.0,90.0,18,danger,danger,0.06613566714031355,41.785905322336866,synthetic,,,,,80,0,False,False
565.0,,own,999510000,DEMO OWN SHIP,0.07410436438722823,1.803600067836947,-38.01993999886938,144.85156839973624,12.0,20.0,20.0,1,,,,,synthetic,,,,,60,,False,False
565.0,,target,999510202,DANCING TUG,1.2372820646601739,-0.25198292803097,-38.05419971546718,144.87618675539463,8.0,270.0,270.0,18,,safe,2.2969131632182354,-119.70728015806789,synthetic,,,,,52,0,False,False
565.0,,target,995039901,DEMO VIRTUAL WRECK,0.38,1.55,-38.024166666666666,144.85804260187243,0.0,0.0,0.0,21,,safe,0.37418420306492867,-40.10509297266244,synthetic,,,,,60,17,True,False
565.0,,target,970990001,AIS SART TEST,-0.21323658627679332,1.3826993688262328,-38.02695501051956,144.84548690271563,2.5,105.0,105.0,1,,safe,0.225451445324361,-136.63136679913472,synthetic,,,,,0,0,False,False
565.0,,target,999510207,LATE PORT CROSSER,-0.125,1.88,-38.01866666666666,144.8473544072788,18.0,300.0,300.0,18,danger,safe,0.09875715390828634,-34.324991925520436,synthetic,,,,,80,0,False,False
566.0,,own,999510000,DEMO OWN SHIP,0.07524443153164712,1.8067323765729,-38.01988779372378,144.85159252896295,12.0,20.0,20.0,1,,,,,synthetic,,,,,60,,False,False
566.0,,target,999510202,DANCING TUG,1.2350598424379515,-0.25198292803097,-38.05419971546718,144.87613972263514,8.0,270.0,270.0,18,,safe,2.296913163218235,-120.70728015806787,synthetic,,,,,52,0,False,False
566.0,,target,995039901,DEMO VIRTUAL WRECK,0.38,1.55,-38.024166666666666,144.85804260187243,0.0,0.0,0.0,21,,safe,0.37418420306492867,-41.10509297266241,synthetic,,,,,60,17,True,False
566.0,,target,970990001,AIS SART TEST,-0.21256580445298145,1.3825196333782448,-38.02695800611036,144.8455010996397,2.5,105.0,105.0,1,,safe,0.225451445324361,-137.63136679913472,synthetic,,,,,0,0,False,False
566.0,,target,999510207,LATE PORT CROSSER,-0.1293301270189222,1.8824999999999998,-38.018625,144.8472627612586,18.0,300.0,300.0,18,danger,safe,0.09875715390828638,-35.324991925520436,synthetic,,,,,80,0,False,False
567.0,,own,999510000,DEMO OWN SHIP,0.07638449867606602,1.809864685308853,-38.01983558857818,144.85161665818967,12.0,20.0,20.0,1,,,,,synthetic,,,,,60,,False,False
567.0,,target,999510202,DANCING TUG,1.2328376202157294,-0.25198292803097,-38.05419971546718,144.87609268987563,8.0,270.0,270.0,18,,safe,2.296913163218235,-121.7072801580678,synthetic,,,,,52,0,False,False
567.0,,target,995039901,DEMO VIRTUAL WRECK,0.38,1.55,-38.024166666666666,144.85804260187243,0.0,0.0,0.0,21,,safe,0.3741842030649286,-42.10509297266238,synthetic,,,,,60,17,True,False
567.0,,target,970990001,AIS SART TEST,-0.2118950226291696,1.382339897930257,-38.02696100170116,144.8455152965638,2.5,105.0,105.0,1,,safe,0.225451445324361,-138.6313667991347,synthetic,,,,,0,0,False,False
567.0,,target,999510207,LATE PORT CROSSER,-0.13366025403784437,1.8849999999999998,-38.01858333333333,144.84717111523844,18.0,300.0,300.0,18,danger,safe,0.0987571539082864,-36.324991925520436,synthetic,,,,,80,0,False,False
568.0,,own,999510000,DEMO OWN SHIP,0.0775245658204849,1.812996994044806,-38.01978338343258,144.8516407874164,12.0,20.0,20.0,1,,,,,synthetic,,,,,60,,False,False
568.0,,target,999510202,DANCING TUG,1.230615397993507,-0.25198292803097,-38.05419971546718,144.87604565711615,8.0,270.0,270.0,18,,safe,2.296913163218235,-122.70728015806783,synthetic,,,,,52,0,False,False
568.0,,target,995039901,DEMO VIRTUAL WRECK,0.38,1.55,-38.024166666666666,144.85804260187243,0.0,0.0,0.0,21,,safe,0.37418420306492867,-43.105092972662426,synthetic,,,,,60,17,True,False
568.0,,target,970990001,AIS SART TEST,-0.21122424080535776,1.3821601624822693,-38.02696399729196,144.84552949348787,2.5,105.0,105.0,1,,safe,0.22545144532436107,-139.63136679913472,synthetic,,,,,0,0,False,False
568.0,,target,999510207,LATE PORT CROSSER,-0.1379903810567666,1.8875,-38.018541666666664,144.84707946921824,18.0,300.0,300.0,18,danger,safe,0.09875715390828645,-37.32499192552043,synthetic,,,,,80,0,False,False
569.0,,own,999510000,DEMO OWN SHIP,0.07866463296490381,1.816129302780759,-38.01973117828698,144.8516649166431,12.0,20.0,20.0,1,,,,,synthetic,,,,,60,,False,False
569.0,,target,999510202,DANCING TUG,1.228393175771285,-0.25198292803097,-38.05419971546718,144.87599862435667,8.0,270.0,270.0,18,,safe,2.296913163218235,-123.70728015806783,synthetic,,,,,52,0,False,False
569.0,,target,995039901,DEMO VIRTUAL WRECK,0.38,1.55,-38.024166666666666,144.85804260187243,0.0,0.0,0.0,21,,safe,0.37418420306492867,-44.10509297266239,synthetic,,,,,60,17,True,False
569.0,,target,970990001,AIS SART TEST,-0.2105534589815459,1.3819804270342813,-38.02696699288276,144.84554369041197,2.5,105.0,105.0,1,,safe,0.22545144532436104,-140.63136679913472,synthetic,,,,,0,0,False,False
569.0,,target,999510207,LATE PORT CROSSER,-0.14232050807568877,1.89,-38.018499999999996,144.84698782319805,18.0,300.0,300.0,18,danger,safe,0.09875715390828649,-38.32499192552043,synthetic,,,,,80,0,False,False
570.0,,own,999510000,DEMO OWN SHIP,0.0798047001093227,1.8192616115167122,-38.01967897314139,144.85168904586982,12.0,20.0,20.0,1,,,,,synthetic,,,,,60,,False,False
570.0,,target,999510202,DANCING TUG,1.2261709535490626,-0.25198292803097,-38.05419971546718,144.8759515915972,8.0,270.0,270.0,18,,safe,2.296913163218235,-124.70728015806789,synthetic,,,,,52,0,False,False
570.0,,target,995039901,DEMO VIRTUAL WRECK,0.38,1.55,-38.024166666666666,144.85804260187243,0.0,0.0,0.0,21,,safe,0.37418420306492867,-45.10509297266245,synthetic,,,,,60,17,True,False
570.0,,target,970990001,AIS SART TEST,-0.20988267715773404,1.3818006915862935,-38.02696998847356,144.84555788733604,2.5,105.0,105.0,1,,safe,0.225451445324361,-141.63136679913472,synthetic,,,,,0,0,False,False
570.0,,target,999510207,LATE PORT CROSSER,-0.14665063509461096,1.8924999999999998,-38.01845833333333,144.84689617717788,18.0,300.0,300.0,18,danger,safe,0.0987571539082863,-39.324991925520436,synthetic,,,,,80,0,False,False
571.0,,own,999510000,DEMO OWN SHIP,0.0809447672537416,1.8223939202526651,-38.01962676799579,144.8517131750965,12.0,20.0,20.0,1,,,,,synthetic,,,,,60,,False,False
571.0,,target,999510202,DANCING TUG,1.2239487313268405,-0.25198292803097,-38.05419971546718,144.8759045588377,8.0,270.0,270.0,18,,safe,2.2969131632182354,-125.70728015806787,synthetic,,,,,52,0,False,False
571.0,,target,995039901,DEMO VIRTUAL WRECK,0.38,1.55,-38.024166666666666,144.85804260187243,0.0,0.0,0.0,21,,safe,0.3741842030649286,-46.10509297266242,synthetic,,,,,60,17,True,False
571.0,,target,970990001,AIS SART TEST,-0.2092118953339222,1.3816209561383055,-38.02697298406436,144.84557208426014,2.5,105.0,105.0,1,,safe,0.22545144532436104,-142.63136679913475,synthetic,,,,,0,0,False,False
571.0,,target,999510207,LATE PORT CROSSER,-0.15098076211353317,1.8949999999999998,-38.01841666666667,144.8468045311577,18.0,300.0,300.0,18,danger,safe,0.09875715390828634,-40.32499192552044,synthetic,,,,,80,0,False,False
572.0,,own,999510000,DEMO OWN SHIP,0.08208483439816049,1.825526228988618,-38.01957456285019,144.85173730432322,12.0,20.0,20.0,1,,,,,synthetic,,,,,60,,False,False
572.0,,target,999510202,DANCING TUG,1.2217265091046183,-0.25198292803097,-38.05419971546718,144.87585752607822,8.0,270.0,270.0,18,,safe,2.2969131632182354,-126.7072801580678,synthetic,,,,,52,0,False,False
572.0,,target,995039901,DEMO VIRTUAL WRECK,0.38,1.55,-38.024166666666666,144.85804260187243,0.0,0.0,0.0,21,,safe,0.3741842030649286,-47.10509297266238,synthetic,,,,,60,17,True,False
572.0,,target,970990001,AIS SART TEST,-0.20854111351011034,1.3814412206903177,-38.026975979655155,144.8455862811842,2.5,105.0,105.0,1,,safe,0.22545144532436107,-143.63136679913467,synthetic,,,,,0,0,False,False
572.0,,target,999510207,LATE PORT CROSSER,-0.15531088913245536,1.8975,-38.018375,144.84671288513752,18.0,300.0,300.0,18,danger,safe,0.0987571539082866,-41.32499192552043,synthetic,,,,,80,0,False,False
573.0,,own,999510000,DEMO OWN SHIP,0.08322490154257939,1.8286585377245712,-38.01952235770459,144.85176143354994,12.0,20.0,20.0,1,,,,,synthetic,,,,,60,,False,False
573.0,,target,999510202,DANCING TUG,1.219504286882396,-0.25198292803097,-38.05419971546718,144.8758104933187,8.0,270.0,270.0,18,,safe,2.296913163218235,-127.70728015806786,synthetic,,,,,52,0,False,False
573.0,,target,995039901,DEMO VIRTUAL WRECK,0.38,1.55,-38.024166666666666,144.85804260187243,0.0,0.0,0.0,21,,safe,0.37418420306492867,-48.105092972662426,synthetic,,,,,60,17,True,False
573.0,,target,970990001,AIS SART TEST,-0.20787033168629848,1.38126148524233,-38.02697897524596,144.8456004781083,2.5,105.0,105.0,1,,safe,0.225451445324361,-144.6313667991347,synthetic,,,,,0,0,False,False
573.0,,target,999510207,LATE PORT CROSSER,-0.15964101615137755,1.9,-38.01833333333333,144.84662123911733,18.0,300.0,300.0,18,danger,safe,0.0987571539082864,-42.324991925520436,synthetic,,,,,80,0,False,False
574.0,,own,999510000,DEMO OWN SHIP,0.08436496868699828,1.8317908464605241,-38.01947015255899,144.85178556277666,12.0,20.0,20.0,1,,,,,synthetic,,,,,60,,False,False
574.0,,target,999510202,DANCING TUG,1.2172820646601739,-0.25198292803097,-38.05419971546718,144.87576346055923,8.0,270.0,270.0,18,,safe,2.296913163218235,-128.7072801580678,synthetic,,,,,52,0,False,False
574.0,,target,995039901,DEMO VIRTUAL WRECK,0.38,1.55,-38.024166666666666,144.85804260187243,0.0,0.0,0.0,21,,safe,0.3741842030649286,-49.1050929726624,synthetic,,,,,60,17,True,False
574.0,,target,970990001,AIS SART TEST,-0.20719954986248662,1.381081749794342,-38.02698197083676,144.84561467503238,2.5,105.0,105.0,1,,safe,0.22545144532436104,-145.63136679913472,synthetic,,,,,0,0,False,False
574.0,,target,999510207,LATE PORT CROSSER,-0.16397114317029973,1.9024999999999999,-38.01829166666666,144.84652959309713,18.0,300.0,300.0,18,danger,safe,0.09875715390828645,-43.324991925520436,synthetic,,,,,80,0,False,False
575.0,,own,999510000,DEMO OWN SHIP,0.08550503583141718,1.8349231551964773,-38.01941794741339,144.85180969200337,12.0,20.0,20.0,1,,,,,synthetic,,,,,60,,False,False
575.0,,target,999510202,DANCING TUG,1.2150598424379515,-0.25198292803097,-38.05419971546718,144.87571642779974,8.0,270.0,270.0,18,,safe,2.296913163218235,-129.70728015806782,synthetic,,,,,52,0,False,False
575.0,,target,995039901,DEMO VIRTUAL WRECK,0.38,1.55,-38.024166666666666,144.85804260187243,0.0,0.0,0.0,21,,safe,0.37418420306492867,-50.10509297266243,synthetic,,,,,60,17,True,False
575.0,,target,970990001,AIS SART TEST,-0.2065287680386748,1.3809020143463542,-38.026984966427555,144.84562887195648,2.5,105.0,105.0,1,,safe,0.22545144532436104,-146.63136679913472,synthetic,,,,,0,0,False,False
575.0,,target,999510207,LATE PORT CROSSER,-0.16830127018922192,1.9049999999999998,-38.018249999999995,144.84643794707696,18.0,300.0,300.0,18,danger,safe,0.09875715390828625,-44.324991925520436,synthetic,,,,,80,0,False,False
576.0,,own,999510000,DEMO OWN SHIP,0.08664510297583608,1.8380554639324302,-38.01936574226779,144.8518338212301,12.0,20.0,20.0,1,,,,,synthetic,,,,,60,,False,False
576.0,,target,999510202,DANCING TUG,1.2128376202157294,-0.25198292803097,-38.05419971546718,144.87566939504026,8.0,270.0,270.0,18,,safe,2.296913163218235,-130.70728015806782,synthetic,,,,,52,0,False,False
576.0,,target,995039901,DEMO VIRTUAL WRECK,0.38,1.55,-38.024166666666666,144.85804260187243,0.0,0.0,0.0,21,,safe,0.37418420306492867,-51.105092972662405,synthetic,,,,,60,17,True,False
576.0,,target,970990001,AIS SART TEST,-0.20585798621486293,1.3807222788983662,-38.02698796201836,144.84564306888055,2.5,105.0,105.0,1,,safe,0.225451445324361,-147.63136679913472,synthetic,,,,,0,0,False,False
576.0,,target,999510207,LATE PORT CROSSER,-0.17263139720814413,1.9075,-38.018208333333334,144.84634630105677,18.0,300.0,300.0,18,danger,safe,0.09875715390828653,-45.32499192552043,synthetic,,,,,80,0,False,False
577.0,,own,999510000,DEMO OWN SHIP,0.08778517012025497,1.8411877726683832,-38.019313537122194,144.85185795045678,12.0,20.0,20.0,1,,,,,synthetic,,,,,60,,False,False
577.0,,target,999510202,DANCING TUG,1.210615397993507,-0.25198292803097,-38.05419971546718,144.87562236228078,8.0,270.0,270.0,18,,safe,2.296913163218235,-131.70728015806787,synthetic,,,,,52,0,False,False
577.0,,target,995039901,DEMO VIRTUAL WRECK,0.38,1.55,-38.024166666666666,144.85804260187243,0.0,0.0,0.0,21,,safe,0.3741842030649286,-52.10509297266238,synthetic,,,,,60,17,True,False
577.0,,target,970990001,AIS SART TEST,-0.2051872043910511,1.3805425434503784,-38.02699095760916,144.84565726580465,2.5,105.0,105.0,1,,safe,0.22545144532436107,-148.6313667991347,synthetic,,,,,0,0,False,False
577.0,,target,999510207,LATE PORT CROSSER,-0.17696152422706632,1.91,-38.018166666666666,144.84625465503657,18.0,300.0,300.0,18,danger,safe,0.09875715390828654,-46.324991925520436,synthetic,,,,,80,0,False,False
578.0,,own,999510000,DEMO OWN SHIP,0.08892523726467387,1.8443200814043363,-38.019261331976594,144.8518820796835,12.0,20.0,20.0,1,,,,,synthetic,,,,,60,,False,False
578.0,,target,999510202,DANCING TUG,1.208393175771285,-0.25198292803097,-38.05419971546718,144.87557532952127,8.0,270.0,270.0,18,,safe,2.2969131632182354,-132.70728015806787,synthetic,,,,,52,0,False,False
578.0,,target,995039901,DEMO VIRTUAL WRECK,0.38,1.55,-38.024166666666666,144.85804260187243,0.0,0.0,0.0,21,,safe,0.37418420306492867,-53.105092972662426,synthetic,,,,,60,17,True,False
578.0,,target,970990001,AIS SART TEST,-0.20451642256723923,1.3803628080023906,-38.026993953199955,144.84567146272872,2.5,105.0,105.0,1,,safe,0.22545144532436107,-149.6313667991347,synthetic,,,,,0,0,False,False
578.0,,target,999510207,LATE PORT CROSSER,-0.1812916512459885,1.9124999999999999,-38.018125,144.8461630090164,18.0,300.0,300.0,18,danger,safe,0.09875715390828638,-47.324991925520436,synthetic,,,,,80,0,False,False
579.0,,own,999510000,DEMO OWN SHIP,0.09006530440909276,1.8474523901402893,-38.019209126830994,144.8519062089102,12.0,20.0,20.0,1,,,,,synthetic,,,,,60,,False,False
579.0,,target,999510202,DANCING TUG,1.2061709535490626,-0.25198292803097,-38.05419971546718,144.8755282967618,8.0,270.0,270.0,18,,safe,2.296913163218235,-133.70728015806785,synthetic,,,,,52,0,False,False
579.0,,target,995039901,DEMO VIRTUAL WRECK,0.38,1.55,-38.024166666666666,144.85804260187243,0.0,0.0,0.0,21,,safe,0.3741842030649286,-54.10509297266239,synthetic,,,,,60,17,True,False
579.0,,target,970990001,AIS SART TEST,-0.20384564074342737,1.3801830725544026,-38.02699694879076,144.84568565965282,2.5,105.0,105.0,1,,safe,0.22545144532436104,-150.6313667991347,synthetic,,,,,0,0,False,False
579.0,,target,999510207,LATE PORT CROSSER,-0.18562177826491072,1.9149999999999998,-38.01808333333333,144.8460713629962,18.0,300.0,300.0,18,danger,safe,0.09875715390828642,-48.324991925520436,synthetic,,,,,80,0,False,False
580.0,,own,999510000,DEMO OWN SHIP,0.09120537155351166,1.8505846988762424,-38.01915692168539,144.85193033813692,12.0,20.0,20.0,1,,,,,synthetic,,,,,60,,False,False
580.0,,target,999510202,DANCING TUG,1.2039487313268404,-0.25198292803097,-38.05419971546718,144.8754812640023,8.0,270.0,270.0,18,,safe,2.296913163218235,-134.70728015806787,synthetic,,,,,52,0,False,False
580.0,,target,995039901,DEMO VIRTUAL WRECK,0.38,1.55,-38.024166666666666,144.85804260187243,0.0,0.0,0.0,21,,safe,0.37418420306492867,-55.10509297266244,synthetic,,,,,60,17,True,False
580.0,,target,970990001,AIS SART TEST,-0.2031748589196155,1.3800033371064149,-38.02699994438156,144.84569985657689,2.5,105.0,105.0,1,,safe,0.22545144532436104,-151.63136679913472,synthetic,,,,,0,0,False,False
580.0,,target,999510207,LATE PORT CROSSER,-0.1899519052838329,1.9175,-38.01804166666666,144.84597971697602,18.0,300.0,300.0,18,danger,safe,0.09875715390828645,-49.324991925520436,synthetic,,,,,80,0,False,False
581.0,,own,999510000,DEMO OWN SHIP,0.09234543869793055,1.8537170076121954,-38.01910471653979,144.85195446736364,12.0,20.0,20.0,1,,,,,synthetic,,,,,60,,False,False
581.0,,target,999510202,DANCING TUG,1.2017265091046183,-0.25198292803097,-38.05419971546718,144.87543423124282,8.0,270.0,270.0,18,,safe,2.296913163218235,-135.7072801580678,synthetic,,,,,52,0,False,False
581.0,,target,995039901,DEMO VIRTUAL WRECK,0.38,1.55,-38.024166666666666,144.85804260187243,0.0,0.0,0.0,21,,safe,0.3741842030649286,-56.105092972662405,synthetic,,,,,60,17,True,False
581.0,,target,970990001,AIS SART TEST,-0.20250407709580365,1.3798236016584269,-38.027002939972355,144.84571405350098,2.5,105.0,105.0,1,,safe,0.225451445324361,-152.63136679913472,synthetic,,,,,0,0,False,False
581.0,,target,999510207,LATE PORT CROSSER,-0.1942820323027551,1.92,-38.018,144.84588807095585,18.0,300.0,300.0,18,danger,safe,0.09875715390828649,-50.32499192552043,synthetic,,,,,80,0,False,False
582.0,,own,999510000,DEMO OWN SHIP,0.09348550584234945,1.8568493163481485,-38.01905251139419,144.85197859659036,12.0,20.0,20.0,1,,,,,synthetic,,,,,60,,False,False
582.0,,target,999510202,DANCING TUG,1.199504286882396,-0.25198292803097,-38.05419971546718,144.87538719848334,8.0,270.0,270.0,18,,safe,2.296913163218235,-136.70728015806782,synthetic,,,,,52,0,False,False
582.0,,target,995039901,DEMO VIRTUAL WRECK,0.38,1.55,-38.024166666666666,144.85804260187243,0.0,0.0,0.0,21,,safe,0.3741842030649287,-57.10509297266244,synthetic,,,,,60,17,True,False
582.0,,target,970990001,AIS SART TEST,-0.2018332952719918,1.379643866210439,-38.02700593556315,144.84572825042505,2.5,105.0,105.0,1,,safe,0.22545144532436104,-153.63136679913475,synthetic,,,,,0,0,False,False
582.0,,target,999510207,LATE PORT CROSSER,-0.19861215932167728,1.9224999999999999,-38.01795833333333,144.84579642493566,18.0,300.0,300.0,18,danger,safe,0.09875715390828631,-51.324991925520436,synthetic,,,,,80,0,False,False
583.0,,own,999510000,DEMO OWN SHIP,0.09462557298676834,1.8599816250841015,-38.01900030624859,144.85200272581704,12.0,20.0,20.0,1,,,,,synthetic,,,,,60,,False,False
583.0,,target,999510202,DANCING TUG,1.1972820646601738,-0.25198292803097,-38.05419971546718,144.87534016572383,8.0,270.0,270.0,18,,safe,2.296913163218235,-137.70728015806782,synthetic,,,,,52,0,False,False
583.0,,target,995039901,DEMO VIRTUAL WRECK,0.38,1.55,-38.024166666666666,144.85804260187243,0.0,0.0,0.0,21,,safe,0.37418420306492867,-58.10509297266242,synthetic,,,,,60,17,True,False
583.0,,target,970990001,AIS SART TEST,-0.20116251344817995,1.3794641307624513,-38.02700893115396,144.84574244734915,2.5,105.0,105.0,1,,safe,0.22545144532436104,-154.6313667991347,synthetic,,,,,0,0,False,False
583.0,,target,999510207,LATE PORT CROSSER,-0.20294228634059946,1.9249999999999998,-38.017916666666665,144.84570477891546,18.0,300.0,300.0,18,danger,safe,0.09875715390828634,-52.32499192552043,synthetic,,,,,80,0,False,False
584.0,,own,999510000,DEMO OWN SHIP,0.09576564013118724,1.8631139338200544,-38.018948101103,144.85202685504376,12.0,20.0,20.0,1,,,,,synthetic,,,,,60,,False,False
584.0,,target,999510202,DANCING TUG,1.1950598424379515,-0.25198292803097,-38.05419971546718,144.87529313296434,8.0,270.0,270.0,18,,safe,2.296913163218235,-138.70728015806787,synthetic,,,,,52,0,False,False
584.0,,target,995039901,DEMO VIRTUAL WRECK,0.38,1.55,-38.024166666666666,144.85804260187243,0.0,0.0,0.0,21,,safe,0.3741842030649286,-59.10509297266238,synthetic,,,,,60,17,True,False
584.0,,target,970990001,AIS SART TEST,-0.20049173162436812,1.3792843953144633,-38.027011926744755,144.84575664427322,2.5,105.0,105.0,1,,safe,0.225451445324361,-155.6313667991347,synthetic,,,,,0,0,False,False
584.0,,target,999510207,LATE PORT CROSSER,-0.20727241335952168,1.9275,-38.017875,144.8456131328953,18.0,300.0,300.0,18,danger,safe,0.0987571539082866,-53.32499192552043,synthetic,,,,,80,0,False,False
585.0,,own,999510000,DEMO OWN SHIP,0.09690570727560613,1.8662462425560076,-38.0188958959574,144.85205098427048,12.0,20.0,20.0,1,,,,,synthetic,,,,,60,,False,False
585.0,,target,999510202,DANCING TUG,1.1928376202157294,-0.25198292803097,-38.05419971546718,144.87524610020486,8.0,270.0,270.0,18,,safe,2.2969131632182354,-139.70728015806787,synthetic,,,,,52,0,False,False
585.0,,target,995039901,DEMO VIRTUAL WRECK,0.38,1.55,-38.024166666666666,144.85804260187243,0.0,0.0,0.0,21,,safe,0.3741842030649287,-60.105092972662426,synthetic,,,,,60,17,True,False
585.0,,target,970990001,AIS SART TEST,-0.19982094980055626,1.3791046598664756,-38.02701492233555,144.84577084119732,2.5,105.0,105.0,1,,safe,0.22545144532436107,-156.63136679913472,synthetic,,,,,0,0,False,False
585.0,,target,999510207,LATE PORT CROSSER,-0.21160254037844387,1.93,-38.01783333333333,144.8455214868751,18.0,300.0,300.0,18,danger,safe,0.09875715390828642,-54.32499192552043,synthetic,,,,,80,0,False,False
586.0,,own,999510000,DEMO OWN SHIP,0.09804577442002503,1.8693785512919605,-38.0188436908118,144.8520751134972,12.0,20.0,20.0,1,,,,,synthetic,,,,,60,,False,False
586.0,,target,999510202,DANCING TUG,1.1906153979935072,-0.25198292803097,-38.05419971546718,144.87519906744538,8.0,270.0,270.0,18,,safe,2.2969131632182354,-140.70728015806782,synthetic,,,,,52,0,False,False
586.0,,target,995039901,DEMO VIRTUAL WRECK,0.38,1.55,-38.024166666666666,144.85804260187243,0.0,0.0,0.0,21,,safe,0.3741842030649286,-61.105092972662405,synthetic,,,,,60,17,True,False
586.0,,target,970990001,AIS SART TEST,-0.1991501679767444,1.3789249244184876,-38.02701791792636,144.8457850381214,2.5,105.0,105.0,1,,safe,0.225451445324361,-157.63136679913472,synthetic,,,,,0,0,False,False
586.0,,target,999510207,LATE PORT CROSSER,-0.21593266739736605,1.9324999999999999,-38.01779166666666,144.8454298408549,18.0,300.0,300.0,18,danger,safe,0.09875715390828645,-55.324991925520436,synthetic,,,,,80,0,False,False
587.0,,own,999510000,DEMO OWN SHIP,0.09918584156444393,1.8725108600279134,-38.0187914856662,144.8520992427239,12.0,20.0,20.0,1,,,,,synthetic,,,,,60,,False,False
587.0,,target,999510202,DANCING TUG,1.188393175771285,-0.25198292803097,-38.05419971546718,144.8751520346859,8.0,270.0,270.0,18,,safe,2.296913163218235,-141.70728015806782,synthetic,,,,,52,0,False,False
587.0,,target,995039901,DEMO VIRTUAL WRECK,0.38,1.55,-38.024166666666666,144.85804260187243,0.0,0.0,0.0,21,,safe,0.3741842030649286,-62.105092972662376,synthetic,,,,,60,17,True,False
587.0,,target,970990001,AIS SART TEST,-0.19847938615293254,1.3787451889704998,-38.027020913517156,144.8457992350455,2.5,105.0,105.0,1,,safe,0.22545144532436104,-158.63136679913467,synthetic,,,,,0,0,False,False
587.0,,target,999510207,LATE PORT CROSSER,-0.22026279441628827,1.9349999999999998,-38.01775,144.84533819483474,18.0,300.0,300.0,18,danger,safe,0.09875715390828649,-56.324991925520436,synthetic,,,,,80,0,False,False
588.0,,own,999510000,DEMO OWN SHIP,0.10032590870886282,1.8756431687638666,-38.0187392805206,144.85212337195063,12.0,20.0,20.0,1,,,,,synthetic,,,,,60,,False,False
588.0,,target,999510202,DANCING TUG,1.1861709535490625,-0.25198292803097,-38.05419971546718,144.8751050019264,8.0,270.0,270.0,18,,safe,2.296913163218235,-142.70728015806782,synthetic,,,,,52,0,False,False
588.0,,target,995039901,DEMO VIRTUAL WRECK,0.38,1.55,-38.024166666666666,144.85804260187243,0.0,0.0,0.0,21,,safe,0.3741842030649286,-63.105092972662405,synthetic,,,,,60,17,True,False
588.0,,target,970990001,AIS SART TEST,-0.1978086043291207,1.378565453522512,-38.02702390910795,144.84581343196956,2.5,105.0,105.0,1,,safe,0.22545144532436107,-159.6313667991347,synthetic,,,,,0,0,False,False
588.0,,target,999510207,LATE PORT CROSSER,-0.22459292143521045,1.9375,-38.01770833333333,144.84524654881454,18.0,300.0,300.0,18,danger,safe,0.09875715390828652,-57.32499192552044,synthetic,,,,,80,0,False,False
589.0,,own,999510000,DEMO OWN SHIP,0.10146597585328172,1.8787754774998195,-38.018687075375,144.8521475011773,12.0,20.0,20.0,1,,,,,synthetic,,,,,60,,False,False
589.0,,target,999510202,DANCING TUG,1.1839487313268404,-0.25198292803097,-38.05419971546718,144.8750579691669,8.0,270.0,270.0,18,,safe,2.296913163218235,-143.70728015806782,synthetic,,,,,52,0,False,False
589.0,,target,995039901,DEMO VIRTUAL WRECK,0.38,1.55,-38.024166666666666,144.85804260187243,0.0,0.0,0.0,21,,safe,0.3741842030649286,-64.10509297266238,synthetic,,,,,60,17,True,False
589.0,,target,970990001,AIS SART TEST,-0.19713782250530884,1.378385718074524,-38.02702690469876,144.84582762889366,2.5,105.0,105.0,1,,safe,0.22545144532436107,-160.6313667991347,synthetic,,,,,0,0,False,False
589.0,,target,999510207,LATE PORT CROSSER,-0.22892304845413264,1.94,-38.01766666666666,144.84515490279438,18.0,300.0,300.0,18,danger,safe,0.09875715390828656,-58.32499192552042,synthetic,,,,,80,0,False,False
590.0,,own,999510000,DEMO OWN SHIP,0.10260604299770061,1.8819077862357727,-38.0186348702294,144.85217163040403,12.0,20.0,20.0,1,,,,,synthetic,,,,,60,,False,False
590.0,,target,999510202,DANCING TUG,1.1817265091046183,-0.25198292803097,-38.05419971546718,144.87501093640742,8.0,270.0,270.0,18,,safe,2.296913163218235,-144.70728015806787,synthetic,,,,,52,0,False,False
590.0,,target,995039901,DEMO VIRTUAL WRECK,0.38,1.55,-38.024166666666666,144.85804260187243,0.0,0.0,0.0,21,,safe,0.3741842030649287,-65.10509297266243,synthetic,,,,,60,17,True,False
590.0,,target,970990001,AIS SART TEST,-0.19646704068149698,1.3782059826265363,-38.027029900289556,144.84584182581773,2.5,105.0,105.0,1,,safe,0.22545144532436104,-161.63136679913472,synthetic,,,,,0,0,False,False
590.0,,target,999510207,LATE PORT CROSSER,-0.23325317547305482,1.9425,-38.017624999999995,144.84506325677418,18.0,300.0,300.0,18,danger,safe,0.09875715390828638,-59.324991925520436,synthetic,,,,,80,0,False,False
591.0,,own,999510000,DEMO OWN SHIP,0.10374611014211951,1.8850400949717256,-38.018582665083805,144.85219575963075,12.0,20.0,20.0,1,,,,,synthetic,,,,,60,,False,False
591.0,,target,999510202,DANCING TUG,1.179504286882396,-0.25198292803097,-38.05419971546718,144.87496390364794,8.0,270.0,270.0,18,,safe,2.296913163218235,-145.70728015806787,synthetic,,,,,52,0,False,False
591.0,,target,995039901,DEMO VIRTUAL WRECK,0.38,1.55,-38.024166666666666,144.85804260187243,0.0,0.0,0.0,21,,safe,0.3741842030649286,-66.1050929726624,synthetic,,,,,60,17,True,False
591.0,,target,970990001,AIS SART TEST,-0.19579625885768515,1.3780262471785483,-38.02703289588035,144.84585602274183,2.5,105.0,105.0,1,,safe,0.22545144532436107,-162.63136679913472,synthetic,,,,,0,0,False,False
591.0,,target,999510207,LATE PORT CROSSER,-0.237583302491977,1.9449999999999998,-38.01758333333333,144.844971610754,18.0,300.0,300.0,18,danger,safe,0.09875715390828642,-60.324991925520436,synthetic,,,,,80,0,False,False
592.0,,own,999510000,DEMO OWN SHIP,0.1048861772865384,1.8881724037076788,-38.018530459938205,144.85221988885746,12.0,20.0,20.0,1,,,,,synthetic,,,,,60,,False,False
592.0,,target,999510202,DANCING TUG,1.1772820646601738,-0.25198292803097,-38.05419971546718,144.87491687088846,8.0,270.0,270.0,18,,safe,2.2969131632182354,-146.70728015806787,synthetic,,,,,52,0,False,False
592.0,,target,995039901,DEMO VIRTUAL WRECK,0.38,1.55,-38.024166666666666,144.85804260187243,0.0,0.0,0.0,21,,safe,0.3741842030649287,-67.10509297266242,synthetic,,,,,60,17,True,False
592.0,,target,970990001,AIS SART TEST,-0.19512547703387328,1.3778465117305605,-38.02703589147116,144.84587021966593,2.5,105.0,105.0,1,,safe,0.22545144532436098,-163.63136679913475,synthetic,,,,,0,0,False,False
592.0,,target,999510207,LATE PORT CROSSER,-0.24191342951089922,1.9475,-38.017541666666666,144.84487996473382,18.0,300.0,300.0,18,danger,safe,0.09875715390828645,-61.32499192552042,synthetic,,,,,80,0,False,False
593.0,,own,999510000,DEMO OWN SHIP,0.1060262444309573,1.8913047124436317,-38.018478254792605,144.85224401808418,12.0,20.0,20.0,1,,,,,synthetic,,,,,60,,False,False
593.0,,target,999510202,DANCING TUG,1.1750598424379515,-0.25198292803097,-38.05419971546718,144.87486983812897,8.0,270.0,270.0,18,,safe,2.296913163218235,-147.70728015806782,synthetic,,,,,52,0,False,False
593.0,,target,995039901,DEMO VIRTUAL WRECK,0.38,1.55,-38.024166666666666,144.85804260187243,0.0,0.0,0.0,21,,safe,0.3741842030649286,-68.1050929726624,synthetic,,,,,60,17,True,False
593.0,,target,970990001,AIS SART TEST,-0.19445469521006142,1.3776667762825727,-38.027038887061956,144.84588441659,2.5,105.0,105.0,1,,safe,0.22545144532436107,-164.6313667991347,synthetic,,,,,0,0,False,False
593.0,,target,999510207,LATE PORT CROSSER,-0.2462435565298214,1.95,-38.0175,144.84478831871363,18.0,300.0,300.0,18,danger,safe,0.09875715390828649,-62.32499192552043,synthetic,,,,,80,0,False,False
594.0,,own,999510000,DEMO OWN SHIP,0.10716631157537619,1.8944370211795847,-38.018426049647005,144.8522681473109,12.0,20.0,20.0,1,,,,,synthetic,,,,,60,,False,False
594.0,,target,999510202,DANCING TUG,1.1728376202157293,-0.25198292803097,-38.05419971546718,144.87482280536946,8.0,270.0,270.0,18,,safe,2.296913163218235,-148.70728015806782,synthetic,,,,,52,0,False,False
594.0,,target,995039901,DEMO VIRTUAL WRECK,0.38,1.55,-38.024166666666666,144.85804260187243,0.0,0.0,0.0,21,,safe,0.3741842030649286,-69.10509297266238,synthetic,,,,,60,17,True,False
594.0,,target,970990001,AIS SART TEST,-0.19378391338624956,1.3774870408345847,-38.02704188265275,144.8458986135141,2.5,105.0,105.0,1,,safe,0.22545144532436104,-165.63136679913472,synthetic,,,,,0,0,False,False
594.0,,target,999510207,LATE PORT CROSSER,-0.2505736835487436,1.9525,-38.01745833333333,144.84469667269343,18.0,300.0,300.0,18,danger,safe,0.09875715390828653,-63.32499192552043,synthetic,,,,,80,0,False,False
595.0,,own,999510000,DEMO OWN SHIP,0.1083063787197951,1.8975693299155378,-38.018373844501404,144.85229227653758,12.0,20.0,20.0,1,,,,,synthetic,,,,,60,,False,False
595.0,,target,999510202,DANCING TUG,1.1706153979935072,-0.25198292803097,-38.05419971546718,144.87477577260998,8.0,270.0,270.0,18,,safe,2.296913163218235,-149.7072801580678,synthetic,,,,,52,0,False,False
595.0,,target,995039901,DEMO VIRTUAL WRECK,0.38,1.55,-38.024166666666666,144.85804260187243,0.0,0.0,0.0,21,,safe,0.37418420306492867,-70.10509297266242,synthetic,,,,,60,17,True,False
595.0,,target,970990001,AIS SART TEST,-0.19311313156243773,1.377307305386597,-38.02704487824355,144.84591281043816,2.5,105.0,105.0,1,,safe,0.225451445324361,-166.6313667991347,synthetic,,,,,0,0,False,False
595.0,,target,999510207,LATE PORT CROSSER,-0.2549038105676658,1.9549999999999998,-38.01741666666666,144.84460502667326,18.0,300.0,300.0,18,danger,safe,0.09875715390828634,-64.32499192552044,synthetic,,,,,80,0,False,False
596.0,,own,999510000,DEMO OWN SHIP,0.10944644586421398,1.9007016386514908,-38.018321639355804,144.8523164057643,12.0,20.0,20.0,1,,,,,synthetic,,,,,60,,False,False
596.0,,target,999510202,DANCING TUG,1.1683931757712849,-0.25198292803097,-38.05419971546718,144.8747287398505,8.0,270.0,270.0,18,,safe,2.296913163218235,-150.70728015806782,synthetic,,,,,52,0,False,False
596.0,,target,995039901,DEMO VIRTUAL WRECK,0.38,1.55,-38.024166666666666,144.85804260187243,0.0,0.0,0.0,21,,safe,0.3741842030649286,-71.10509297266239,synthetic,,,,,60,17,True,False
596.0,,target,970990001,AIS SART TEST,-0.19244234973862587,1.377127569938609,-38.027047873834356,144.84592700736226,2.5,105.0,105.0,1,,safe,0.22545144532436107,-167.63136679913472,synthetic,,,,,0,0,False,False
596.0,,target,999510207,LATE PORT CROSSER,-0.25923393758658797,1.9575,-38.017374999999994,144.84451338065307,18.0,300.0,300.0,18,danger,safe,0.09875715390828659,-65.32499192552042,synthetic,,,,,80,0,False,False
597.0,,own,999510000,DEMO OWN SHIP,0.11058651300863288,1.9038339473874437,-38.018269434210204,144.85234053499101,12.0,20.0,20.0,1,,,,,synthetic,,,,,60,,False,False
597.0,,target,999510202,DANCING TUG,1.1661709535490627,-0.25198292803097,-38.05419971546718,144.874681707091,8.0,270.0,270.0,18,,safe,2.2969131632182354,-151.70728015806787,synthetic,,,,,52,0,False,False
597.0,,target,995039901,DEMO VIRTUAL WRECK,0.38,1.55,-38.024166666666666,144.85804260187243,0.0,0.0,0.0,21,,safe,0.3741842030649286,-72.10509297266238,synthetic,,,,,60,17,True,False
597.0,,target,970990001,AIS SART TEST,-0.191771567914814,1.3769478344906212,-38.02705086942515,144.84594120428633,2.5,105.0,105.0,1,,safe,0.22545144532436104,-168.63136679913467,synthetic,,,,,0,0,False,False
597.0,,target,999510207,LATE PORT CROSSER,-0.2635640646055102,1.96,-38.01733333333333,144.84442173463287,18.0,300.0,300.0,18,danger,safe,0.09875715390828663,-66.32499192552042,synthetic,,,,,80,0,False,False
598.0,,own,999510000,DEMO OWN SHIP,0.11172658015305179,1.9069662561233969,-38.018217229064604,144.85236466421773,12.0,20.0,20.0,1,,,,,synthetic,,,,,60,,False,False
598.0,,target,999510202,DANCING TUG,1.1639487313268404,-0.25198292803097,-38.05419971546718,144.87463467433153,8.0,270.0,270.0,18,,safe,2.296913163218235,-152.70728015806787,synthetic,,,,,52,0,False,False
598.0,,target,995039901,DEMO VIRTUAL WRECK,0.38,1.55,-38.024166666666666,144.85804260187243,0.0,0.0,0.0,21,,safe,0.3741842030649286,-73.1050929726624,synthetic,,,,,60,17,True,False
598.0,,target,970990001,AIS SART TEST,-0.19110078609100217,1.3767680990426334,-38.02705386501595,144.84595540121043,2.5,105.0,105.0,1,,safe,0.225451445324361,-169.63136679913467,synthetic,,,,,0,0,False,False
598.0,,target,999510207,LATE PORT CROSSER,-0.2678941916244324,1.9625,-38.017291666666665,144.8443300886127,18.0,300.0,300.0,18,danger,safe,0.09875715390828645,-67.32499192552044,synthetic,,,,,80,0,False,False
599.0,,own,999510000,DEMO OWN SHIP,0.11286664729747067,1.91009856485935,-38.01816502391901,144.85238879344445,12.0,20.0,20.0,1,,,,,synthetic,,,,,60,,False,False
599.0,,target,999510202,DANCING TUG,1.1617265091046183,-0.25198292803097,-38.05419971546718,144.87458764157202,8.0,270.0,270.0,18,,safe,2.2969131632182354,-153.70728015806785,synthetic,,,,,52,0,False,False
599.0,,target,995039901,DEMO VIRTUAL WRECK,0.38,1.55,-38.024166666666666,144.85804260187243,0.0,0.0,0.0,21,,safe,0.3741842030649287,-74.10509297266246,synthetic,,,,,60,17,True,False
599.0,,target,970990001,AIS SART TEST,-0.1904300042671903,1.3765883635946454,-38.027056860606756,144.8459695981345,2.5,105.0,105.0,1,,safe,0.225451445324361,-170.63136679913475,synthetic,,,,,0,0,False,False
599.0,,target,999510207,LATE PORT CROSSER,-0.27222431864335456,1.9649999999999999,-38.01725,144.8442384425925,18.0,300.0,300.0,18,danger,safe,0.09875715390828625,-68.32499192552042,synthetic,,,,,80,0,False,False
600.0,,own,999510000,DEMO OWN SHIP,0.11400671444188958,1.913230873595303,-38.01811281877341,144.85241292267116,12.0,20.0,20.0,1,,,,,synthetic,,,,,60,,False,False
600.0,,target,999510202,DANCING TUG,1.1595042868823962,-0.25198292803097,-38.05419971546718,144.87454060881254,8.0,270.0,270.0,18,,safe,2.2969131632182354,-154.70728015806782,synthetic,,,,,52,0,False,False
600.0,,target,995039901,DEMO VIRTUAL WRECK,0.38,1.55,-38.024166666666666,144.85804260187243,0.0,0.0,0.0,21,,safe,0.37418420306492867,-75.10509297266243,synthetic,,,,,60,17,True,False
600.0,,target,970990001,AIS SART TEST,-0.18975922244337845,1.3764086281466577,-38.02705985619755,144.8459837950586,2.5,105.0,105.0,1,,safe,0.22545144532436104,-171.63136679913472,synthetic,,,,,0,0,False,False
600.0,,target,999510207,LATE PORT CROSSER,-0.27655444566227677,1.9674999999999998,-38.01720833333333,144.84414679657232,18.0,300.0,300.0,18,danger,safe,0.09875715390828631,-69.32499192552044,synthetic,,,,,80,0,False,False
