time_sec,timestamp_utc,role,mmsi,name,x_nm,y_nm,lat,lon,sog_kn,cog_deg,heading_deg,message_type,expected_level,computed_level,cpa_nm,tcpa_sec,source,raw_aivdm,rx_signalpower_db,rx_ppm,rx_timestamp_raw,ship_type,aton_type,aton_virtual,aton_off_position
0.0,,own,999170601,USS FITZGERALD,1.3429764630769527,5.008333333333184,34.60513888888889,139.09883333333335,19.8,187.7,187.7,18,,,,,jtsb_arpa_fix_heading_proxy,,,,,35,,False,False
0.0,,target,999170602,ACX CRYSTAL,-4.397401118190107,-1.2783333333334213,34.50036111111111,138.98271296296295,18.4,87.48333333333333,85.0,18,,safe,0.5104735515845095,1043.2852301836117,jtsb_ais_interpolated,,,,,70,,False,False
0.0,,target,999170603,WAN HAI 266,-4.406464149536318,0.550166666666378,34.53083611111111,138.98252962962962,16.4,92.0,92.0,18,,safe,0.9142394874427084,964.6797566820383,jtsb_ais_interpolated,,,,,70,,False,False
1.0,,own,999170601,USS FITZGERALD,1.3421525511364114,5.002958333333186,34.60504930555555,139.0988166666667,19.796666666666667,187.7108333333333,187.7108333333333,18,,,,,jtsb_arpa_interpolated_heading_proxy,,,,,35,,False,False
1.0,,target,999170602,ACX CRYSTAL,-4.392324489061559,-1.2780303030303939,34.500366161616164,138.98281565656566,18.4,87.47272727272727,85.0,18,,safe,0.5112226917730864,1042.2052379268662,jtsb_ais_interpolated,,,,,70,,False,False
1.0,,target,999170603,WAN HAI 266,-4.401978406748956,0.5499999999997129,34.530833333333334,138.98262037037037,16.4,92.0,92.0,18,,safe,0.9128287774519237,963.7221159690952,jtsb_ais_interpolated,,,,,70,,False,False
2.0,,own,999170601,USS FITZGERALD,1.34132863919587,4.997583333333189,34.60495972222222,139.0988,19.793333333333333,187.72166666666666,187.72166666666666,18,,,,,jtsb_arpa_interpolated_heading_proxy,,,,,35,,False,False
2.0,,target,999170602,ACX CRYSTAL,-4.387247859933011,-1.2777272727273663,34.50037121212121,138.98291835016835,18.4,87.4621212121212,85.0,18,,safe,0.5119700798629906,1041.1254410181957,jtsb_ais_interpolated,,,,,70,,False,False
2.0,,target,999170603,WAN HAI 266,-4.397492663961593,0.5498333333330478,34.53083055555555,138.9827111111111,16.4,92.0,92.0,18,,safe,0.911420911377976,962.7644235607257,jtsb_ais_interpolated,,,,,70,,False,False
3.0,,own,999170601,USS FITZGERALD,1.3405047272553288,4.992208333333192,34.60487013888889,139.09878333333336,19.79,187.7325,187.7325,18,,,,,jtsb_arpa_interpolated_heading_proxy,,,,,35,,False,False
3.0,,target,999170602,ACX CRYSTAL,-4.382171230804464,-1.277424242424339,34.50037626262626,138.98302104377103,18.4,87.45151515151515,85.0,18,,safe,0.5127157170707333,1040.045839280126,jtsb_ais_interpolated,,,,,70,,False,False
3.0,,target,999170603,WAN HAI 266,-4.39300692117423,0.5496666666663828,34.53082777777777,138.98280185185183,16.4,92.0,92.0,18,,safe,0.910015888910762,961.8066795259888,jtsb_ais_interpolated,,,,,70,,False,False
4.0,,own,999170601,USS FITZGERALD,1.3396808153147874,4.986833333333195,34.60478055555556,139.09876666666668,19.78666666666667,187.7433333333333,187.7433333333333,18,,,,,jtsb_arpa_interpolated_heading_proxy,,,,,35,,False,False
4.0,,target,999170602,ACX CRYSTAL,-4.377094601675916,-1.2771212121213116,34.500381313131314,138.98312373737375,18.4,87.44090909090909,85.0,18,,safe,0.5134596046122516,1038.966432535203,jtsb_ais_interpolated,,,,,70,,False,False
4.0,,target,999170603,WAN HAI 266,-4.388521178386867,0.5494999999997177,34.530825,138.98289259259258,16.4,92.0,92.0,18,,safe,0.9086137097400123,960.8488839338918,jtsb_ais_interpolated,,,,,70,,False,False
5.0,,own,999170601,USS FITZGERALD,1.3388569033742461,4.981458333333197,34.60469097222222,139.09875000000002,19.783333333333335,187.75416666666666,187.75416666666666,18,,,,,jtsb_arpa_interpolated_heading_proxy,,,,,35,,False,False
5.0,,target,999170602,ACX CRYSTAL,-4.3720179725473685,-1.276818181818284,34.500386363636366,138.98322643097643,18.4,87.43030303030302,85.0,18,,safe,0.51420174370287,1037.8872206059966,jtsb_ais_interpolated,,,,,70,,False,False
5.0,,target,999170603,WAN HAI 266,-4.384035435599504,0.5493333333330526,34.53082222222222,138.98298333333332,16.4,92.0,92.0,18,,safe,0.9072143735553115,959.8910368533952,jtsb_ais_interpolated,,,,,70,,False,False
6.0,,own,999170601,USS FITZGERALD,1.3380329914337048,4.9760833333332,34.60460138888889,139.09873333333334,19.78,187.765,187.765,18,,,,,jtsb_arpa_interpolated_heading_proxy,,,,,35,,False,False
6.0,,target,999170602,ACX CRYSTAL,-4.366941343418821,-1.2765151515152566,34.50039141414141,138.98332912457911,18.4,87.41969696969697,85.0,18,,safe,0.5149421355573325,1036.8082033150986,jtsb_ais_interpolated,,,,,70,,False,False
6.0,,target,999170603,WAN HAI 266,-4.379549692812141,0.5491666666663875,34.53081944444444,138.98307407407407,16.4,92.0,92.0,18,,safe,0.9058178800460892,958.93313835341,jtsb_ais_interpolated,,,,,70,,False,False
7.0,,own,999170601,USS FITZGERALD,1.3372090794931635,4.970708333333203,34.60451180555555,139.0987166666667,19.776666666666667,187.7758333333333,187.7758333333333,18,,,,,jtsb_arpa_interpolated_heading_proxy,,,,,35,,False,False
7.0,,target,999170602,ACX CRYSTAL,-4.361864714290273,-1.276212121212229,34.500396464646464,138.9834318181818,18.4,87.4090909090909,85.0,18,,safe,0.5156807813897729,1035.7293804851226,jtsb_ais_interpolated,,,,,70,,False,False
7.0,,target,999170603,WAN HAI 266,-4.375063950024778,0.5489999999997224,34.53081666666667,138.9831648148148,16.4,92.0,92.0,18,,safe,0.9044242289016262,957.9751885027986,jtsb_ais_interpolated,,,,,70,,False,False
8.0,,own,999170601,USS FITZGERALD,1.3363851675526222,4.965333333333206,34.60442222222222,139.0987,19.773333333333333,187.78666666666666,187.78666666666666,18,,,,,jtsb_arpa_interpolated_heading_proxy,,,,,35,,False,False
8.0,,target,999170602,ACX CRYSTAL,-4.3567880851617256,-1.2759090909092017,34.500401515151516,138.9835345117845,18.4,87.39848484848484,85.0,18,,safe,0.5164176824137511,1034.6507519387053,jtsb_ais_interpolated,,,,,70,,False,False
8.0,,target,999170603,WAN HAI 266,-4.370578207237415,0.5488333333330573,34.530813888888886,138.98325555555556,16.4,92.0,92.0,18,,safe,0.9030334198110396,957.0171873703747,jtsb_ais_interpolated,,,,,70,,False,False
9.0,,own,999170601,USS FITZGERALD,1.3355612556120808,4.9599583333332085,34.60433263888889,139.09868333333335,19.77,187.79749999999999,187.79749999999999,18,,,,,jtsb_arpa_interpolated_heading_proxy,,,,,35,,False,False
9.0,,target,999170602,ACX CRYSTAL,-4.351711456033177,-1.2756060606061743,34.50040656565657,138.9836372053872,18.4,87.38787878787879,85.0,18,,safe,0.517152839842217,1033.5723174985055,jtsb_ais_interpolated,,,,,70,,False,False
9.0,,target,999170603,WAN HAI 266,-4.366092464450052,0.5486666666663922,34.530811111111106,138.98334629629628,16.4,92.0,92.0,18,,safe,0.9016454524633095,956.0591350249036,jtsb_ais_interpolated,,,,,70,,False,False
10.0,,own,999170601,USS FITZGERALD,1.3347373436715397,4.954583333333211,34.60424305555556,139.09866666666667,19.766666666666666,187.80833333333334,187.80833333333334,18,,,,,jtsb_arpa_interpolated_heading_proxy,,,,,35,,False,False
10.0,,target,999170602,ACX CRYSTAL,-4.34663482690463,-1.2753030303031467,34.500411616161614,138.98373989898988,18.4,87.37727272727273,85.0,18,,safe,0.5178862548875424,1032.4940769872048,jtsb_ais_interpolated,,,,,70,,False,False
10.0,,target,999170603,WAN HAI 266,-4.361606721662689,0.5484999999997271,34.53080833333333,138.98343703703702,16.4,92.0,92.0,18,,safe,0.9002603265472493,955.1010315351017,jtsb_ais_interpolated,,,,,70,,False,False
11.0,,own,999170601,USS FITZGERALD,1.3339134317309984,4.949208333333214,34.60415347222222,139.09865000000002,19.763333333333335,187.81916666666666,187.81916666666666,18,,,,,jtsb_arpa_interpolated_heading_proxy,,,,,35,,False,False
11.0,,target,999170602,ACX CRYSTAL,-4.341558197776083,-1.2750000000001194,34.500416666666666,138.9838425925926,18.4,87.36666666666666,85.0,18,,safe,0.5186179287614932,1031.4160302275075,jtsb_ais_interpolated,,,,,70,,False,False
11.0,,target,999170603,WAN HAI 266,-4.357120978875326,0.548333333333062,34.53080555555555,138.98352777777777,16.4,92.0,92.0,18,,safe,0.8988780417515305,954.1428769696372,jtsb_ais_fix,,,,,70,,False,False
12.0,,own,999170601,USS FITZGERALD,1.333089519790457,4.943833333333217,34.60406388888889,139.09863333333334,19.76,187.82999999999998,187.82999999999998,18,,,,,jtsb_arpa_interpolated_heading_proxy,,,,,35,,False,False
12.0,,target,999170602,ACX CRYSTAL,-4.336481568647534,-1.274696969697092,34.50042171717172,138.98394528619528,18.4,87.35606060606061,85.0,18,,safe,0.5193478626752632,1030.33817704214,jtsb_ais_interpolated,,,,,70,,False,False
12.0,,target,999170603,WAN HAI 266,-4.352543690316781,0.5481666666663969,34.53080277777777,138.98362037037035,16.401666666666664,91.98333333333333,92.0,18,,safe,0.8979753531801115,953.003350189203,jtsb_ais_interpolated,,,,,70,,False,False
13.0,,own,999170601,USS FITZGERALD,1.3322656078499158,4.9384583333332195,34.60397430555555,139.0986166666667,19.756666666666668,187.84083333333334,187.84083333333334,18,,,,,jtsb_arpa_interpolated_heading_proxy,,,,,35,,False,False
13.0,,target,999170602,ACX CRYSTAL,-4.331404939518987,-1.2743939393940644,34.500426767676764,138.98404797979796,18.4,87.34545454545454,85.0,18,,safe,0.5200760578394408,1029.2605172538513,jtsb_ais_interpolated,,,,,70,,False,False
13.0,,target,999170603,WAN HAI 266,-4.347966401758237,0.5479999999997318,34.5308,138.98371296296295,16.403333333333332,91.96666666666667,92.0,18,,safe,0.8970751361589989,951.8641963899629,jtsb_ais_interpolated,,,,,70,,False,False
14.0,,own,999170601,USS FITZGERALD,1.3314416959093744,4.933083333333222,34.60388472222222,139.0986,19.753333333333334,187.85166666666666,187.85166666666666,18,,,,,jtsb_arpa_interpolated_heading_proxy,,,,,35,,False,False
14.0,,target,999170602,ACX CRYSTAL,-4.32632831039044,-1.274090909091037,34.500431818181816,138.98415067340068,18.4,87.33484848484848,85.0,18,,safe,0.5208025154640331,1028.1830506854135,jtsb_ais_interpolated,,,,,70,,False,False
14.0,,target,999170603,WAN HAI 266,-4.343389113199692,0.5478333333330667,34.53079722222222,138.98380555555553,16.404999999999998,91.95,92.0,18,,safe,0.8961773876634119,950.7254153685394,jtsb_ais_interpolated,,,,,70,,False,False
15.0,,own,999170601,USS FITZGERALD,1.3306177839688331,4.927708333333225,34.60379513888889,139.09858333333335,19.75,187.86249999999998,187.86249999999998,18,,,,,jtsb_arpa_interpolated_heading_proxy,,,,,35,,False,False
15.0,,target,999170602,ACX CRYSTAL,-4.3212516812618915,-1.2737878787880097,34.50043686868687,138.98425336700336,18.4,87.32424242424243,85.0,18,,safe,0.5215272367584542,1027.1057771596206,jtsb_ais_interpolated,,,,,70,,False,False
15.0,,target,999170603,WAN HAI 266,-4.338811824641147,0.5476666666664016,34.53079444444444,138.98389814814814,16.406666666666666,91.93333333333334,92.0,18,,safe,0.8952821046704981,949.5870069213048,jtsb_ais_interpolated,,,,,70,,False,False
16.0,,own,999170601,USS FITZGERALD,1.3297938720282918,4.922333333333228,34.60370555555556,139.09856666666667,19.746666666666666,187.87333333333333,187.87333333333333,18,,,,,jtsb_arpa_interpolated_heading_proxy,,,,,35,,False,False
16.0,,target,999170602,ACX CRYSTAL,-4.316175052133344,-1.2734848484849821,34.50044191919192,138.98435606060605,18.4,87.31363636363636,85.0,18,,safe,0.5222502229315356,1026.0286964992895,jtsb_ais_interpolated,,,,,70,,False,False
16.0,,target,999170603,WAN HAI 266,-4.334234536082603,0.5474999999997365,34.530791666666666,138.98399074074072,16.40833333333333,91.91666666666667,92.0,18,,safe,0.8943892841593217,948.4489708443817,jtsb_ais_interpolated,,,,,70,,False,False
17.0,,own,999170601,USS FITZGERALD,1.3289699600877505,4.9169583333332305,34.60361597222222,139.09855000000002,19.743333333333332,187.88416666666666,187.88416666666666,18,,,,,jtsb_arpa_interpolated_heading_proxy,,,,,35,,False,False
17.0,,target,999170602,ACX CRYSTAL,-4.311098423004796,-1.2731818181819547,34.50044696969697,138.98445875420873,18.4,87.3030303030303,85.0,18,,safe,0.5229714751915109,1024.9518085272603,jtsb_ais_interpolated,,,,,70,,False,False
17.0,,target,999170603,WAN HAI 266,-4.329657247524058,0.5473333333330714,34.530788888888885,138.98408333333333,16.41,91.9,92.0,18,,safe,0.8934989231108716,947.3113069336468,jtsb_ais_interpolated,,,,,70,,False,False
18.0,,own,999170601,USS FITZGERALD,1.3281460481472092,4.911583333333233,34.60352638888889,139.09853333333334,19.740000000000002,187.89499999999998,187.89499999999998,18,,,,,jtsb_arpa_interpolated_heading_proxy,,,,,35,,False,False
18.0,,target,999170602,ACX CRYSTAL,-4.306021793876249,-1.2728787878789272,34.50045202020202,138.98456144781144,18.4,87.29242424242425,85.0,18,,safe,0.5236909947460432,1023.8751130663952,jtsb_ais_interpolated,,,,,70,,False,False
18.0,,target,999170603,WAN HAI 266,-4.325079958965514,0.5471666666664063,34.530786111111105,138.9841759259259,16.411666666666665,91.88333333333334,92.0,18,,safe,0.8926110185080527,946.1740149847282,jtsb_ais_interpolated,,,,,70,,False,False
19.0,,own,999170601,USS FITZGERALD,1.3273221362066678,4.906208333333236,34.60343680555555,139.09851666666668,19.736666666666668,187.90583333333333,187.90583333333333,18,,,,,jtsb_arpa_interpolated_heading_proxy,,,,,35,,False,False
19.0,,target,999170602,ACX CRYSTAL,-4.300945164747701,-1.2725757575758998,34.50045707070707,138.98466414141413,18.4,87.28181818181818,85.0,18,,safe,0.5244087828021933,1022.7986099395791,jtsb_ais_interpolated,,,,,70,,False,False
19.0,,target,999170603,WAN HAI 266,-4.3205026704069684,0.5469999999997412,34.53078333333333,138.98426851851852,16.41333333333333,91.86666666666666,92.0,18,,safe,0.8917255673356915,945.037094793008,jtsb_ais_interpolated,,,,,70,,False,False
20.0,,own,999170601,USS FITZGERALD,1.3264982242661265,4.900833333333239,34.603347222222226,139.0985,19.733333333333334,187.91666666666666,187.91666666666666,18,,,,,jtsb_arpa_interpolated_heading_proxy,,,,,35,,False,False
20.0,,target,999170602,ACX CRYSTAL,-4.295868535619153,-1.2722727272728724,34.500462121212124,138.9847668350168,18.4,87.27121212121212,85.0,18,,safe,0.5251248405664479,1021.7222989697203,jtsb_ais_interpolated,,,,,70,,False,False
20.0,,target,999170603,WAN HAI 266,-4.315925381848424,0.5468333333330762,34.53078055555555,138.9843611111111,16.415,91.85,92.0,18,,safe,0.8908425665805284,943.9005461536248,jtsb_ais_interpolated,,,,,70,,False,False
21.0,,own,999170601,USS FITZGERALD,1.3256743123255852,4.8954583333332415,34.60325763888889,139.09848333333335,19.73,187.92749999999998,187.92749999999998,18,,,,,jtsb_arpa_interpolated_heading_proxy,,,,,35,,False,False
21.0,,target,999170602,ACX CRYSTAL,-4.290791906490606,-1.2719696969698449,34.50046717171717,138.98486952861953,18.4,87.26060606060607,85.0,18,,safe,0.5258391692447001,1020.6461799797495,jtsb_ais_interpolated,,,,,70,,False,False
21.0,,target,999170603,WAN HAI 266,-4.31134809328988,0.5466666666664111,34.53077777777777,138.9844537037037,16.416666666666664,91.83333333333333,92.0,18,,safe,0.8899620132312268,942.764368861472,jtsb_ais_interpolated,,,,,70,,False,False
22.0,,own,999170601,USS FITZGERALD,1.3248504003850439,4.890083333333244,34.60316805555556,139.09846666666667,19.726666666666667,187.93833333333333,187.93833333333333,18,,,,,jtsb_arpa_interpolated_heading_proxy,,,,,35,,False,False
22.0,,target,999170602,ACX CRYSTAL,-4.285715277362058,-1.2716666666668175,34.50047222222222,138.9849722222222,18.4,87.25,85.0,18,,safe,0.5265517700422705,1019.5702527926192,jtsb_ais_interpolated,,,,,70,,False,False
22.0,,target,999170603,WAN HAI 266,-4.306770804731335,0.546499999999746,34.530775,138.9845462962963,16.418333333333333,91.81666666666666,92.0,18,,safe,0.8890839042783526,941.6285627111995,jtsb_ais_interpolated,,,,,70,,False,False
23.0,,own,999170601,USS FITZGERALD,1.3240264884445025,4.884708333333247,34.60307847222222,139.09845,19.723333333333333,187.94916666666666,187.94916666666666,18,,,,,jtsb_arpa_interpolated_heading_proxy,,,,,35,,False,False
23.0,,target,999170602,ACX CRYSTAL,-4.28063864823351,-1.2713636363637901,34.500477272727274,138.9850749158249,18.4,87.23939393939393,85.0,18,,safe,0.5272626441638795,1018.4945172313064,jtsb_ais_interpolated,,,,,70,,False,False
23.0,,target,999170603,WAN HAI 266,-4.302193516172791,0.5463333333330809,34.53077222222222,138.98463888888887,16.419999999999998,91.8,92.0,18,,safe,0.888208236714404,940.4931274972163,jtsb_ais_interpolated,,,,,70,,False,False
24.0,,own,999170601,USS FITZGERALD,1.3232025765039612,4.87933333333325,34.60298888888889,139.09843333333333,19.72,187.95999999999998,187.95999999999998,18,,,,,jtsb_arpa_interpolated_heading_proxy,,,,,35,,False,False
24.0,,target,999170602,ACX CRYSTAL,-4.275562019104963,-1.2710606060607625,34.50048232323232,138.9851776094276,18.4,87.22878787878788,85.0,18,,safe,0.5279717928136801,1017.4189731188102,jtsb_ais_interpolated,,,,,70,,False,False
24.0,,target,999170603,WAN HAI 266,-4.297616227614245,0.5461666666664158,34.530769444444445,138.98473148148148,16.421666666666667,91.78333333333333,92.0,18,,safe,0.8873350075337744,939.3580630136886,jtsb_ais_interpolated,,,,,70,,False,False
25.0,,own,999170601,USS FITZGERALD,1.32237866456342,4.873958333333253,34.60289930555555,139.09841666666668,19.71666666666667,187.97083333333333,187.97083333333333,18,,,,,jtsb_arpa_interpolated_heading_proxy,,,,,35,,False,False
25.0,,target,999170602,ACX CRYSTAL,-4.270485389976415,-1.2707575757577352,34.50048737373737,138.9852803030303,18.4,87.21818181818182,85.0,18,,safe,0.5286792171952341,1016.3436202781517,jtsb_ais_interpolated,,,,,70,,False,False
25.0,,target,999170603,WAN HAI 266,-4.293038939055701,0.5459999999997507,34.530766666666665,138.98482407407406,16.423333333333332,91.76666666666667,92.0,18,,safe,0.8864642137327771,938.223369054544,jtsb_ais_interpolated,,,,,70,,False,False
26.0,,own,999170601,USS FITZGERALD,1.3215547526228786,4.868583333333255,34.602809722222226,139.0984,19.713333333333335,187.98166666666665,187.98166666666665,18,,,,,jtsb_arpa_interpolated_heading_proxy,,,,,35,,False,False
26.0,,target,999170602,ACX CRYSTAL,-4.265408760847867,-1.2704545454547078,34.500492424242424,138.98538299663298,18.4,87.20757575757575,85.0,18,,safe,0.5293849185115251,1015.2684585323769,jtsb_ais_interpolated,,,,,70,,False,False
26.0,,target,999170603,WAN HAI 266,-4.288461650497156,0.5458333333330856,34.530763888888885,138.98491666666666,16.424999999999997,91.75,92.0,18,,safe,0.8855958523096337,937.0890454134696,jtsb_ais_interpolated,,,,,70,,False,False
27.0,,own,999170601,USS FITZGERALD,1.3207308406823373,4.863208333333258,34.60272013888889,139.09838333333335,19.71,187.99249999999998,187.99249999999998,18,,,,,jtsb_arpa_interpolated_heading_proxy,,,,,35,,False,False
27.0,,target,999170602,ACX CRYSTAL,-4.26033213171932,-1.2701515151516802,34.500497474747476,138.9854856902357,18.4,87.1969696969697,85.0,18,,safe,0.5300888979649538,1014.1934877045531,jtsb_ais_interpolated,,,,,70,,False,False
27.0,,target,999170603,WAN HAI 266,-4.283884361938612,0.5456666666664205,34.53076111111111,138.98500925925924,16.426666666666666,91.73333333333333,92.0,18,,safe,0.8847299202644753,935.9550918839147,jtsb_ais_interpolated,,,,,70,,False,False
28.0,,own,999170601,USS FITZGERALD,1.319906928741796,4.857833333333261,34.60263055555556,139.09836666666666,19.706666666666667,188.00333333333333,188.00333333333333,18,,,,,jtsb_arpa_interpolated_heading_proxy,,,,,35,,False,False
28.0,,target,999170602,ACX CRYSTAL,-4.255255502590772,-1.2698484848486529,34.50050252525252,138.98558838383838,18.4,87.18636363636364,85.0,18,,safe,0.5307911567573476,1013.11870761777,jtsb_ais_interpolated,,,,,70,,False,False
28.0,,target,999170603,WAN HAI 266,-4.2793070733800675,0.5454999999997554,34.53075833333333,138.98510185185185,16.42833333333333,91.71666666666667,92.0,18,,safe,0.8838664145993376,934.8215082590905,jtsb_ais_interpolated,,,,,70,,False,False
29.0,,own,999170601,USS FITZGERALD,1.3190830168012546,4.852458333333264,34.60254097222222,139.09835,19.703333333333333,188.01416666666665,188.01416666666665,18,,,,,jtsb_arpa_interpolated_heading_proxy,,,,,35,,False,False
29.0,,target,999170602,ACX CRYSTAL,-4.250178873462224,-1.2695454545456253,34.500507575757574,138.98569107744106,18.4,87.17575757575757,85.0,18,,safe,0.5314916960899349,1012.0441180951426,jtsb_ais_interpolated,,,,,70,,False,False
29.0,,target,999170603,WAN HAI 266,-4.274729784821522,0.5453333333330903,34.53075555555555,138.98519444444443,16.43,91.7,92.0,18,,safe,0.8830053323181692,933.6882943319722,jtsb_ais_interpolated,,,,,70,,False,False
30.0,,own,999170601,USS FITZGERALD,1.3182591048607133,4.847083333333266,34.60245138888889,139.09833333333336,19.7,188.02499999999998,188.02499999999998,18,,,,,jtsb_arpa_interpolated_heading_proxy,,,,,35,,False,False
30.0,,target,999170602,ACX CRYSTAL,-4.245102244333676,-1.269242424242598,34.500512626262626,138.98579377104375,18.4,87.16515151515152,85.0,18,,safe,0.5321905171633919,1010.9697189598068,jtsb_ais_interpolated,,,,,70,,False,False
30.0,,target,999170603,WAN HAI 266,-4.270152496262978,0.5451666666664252,34.53075277777778,138.98528703703704,16.431666666666665,91.68333333333334,92.0,18,,safe,0.882146670426818,932.5554498952991,jtsb_ais_interpolated,,,,,70,,False,False
31.0,,own,999170601,USS FITZGERALD,1.3174351929201722,4.841708333333269,34.60236180555555,139.09831666666668,19.696666666666665,188.03583333333333,188.03583333333333,18,,,,,jtsb_arpa_interpolated_heading_proxy,,,,,35,,False,False
31.0,,target,999170602,ACX CRYSTAL,-4.240025615205129,-1.2689393939395706,34.50051767676768,138.98589646464646,18.4,87.15454545454546,85.0,18,,safe,0.5328876211777928,1009.8955100349217,jtsb_ais_interpolated,,,,,70,,False,False
31.0,,target,999170603,WAN HAI 266,-4.265575207704433,0.5449999999997601,34.53075,138.98537962962962,16.433333333333334,91.66666666666667,92.0,18,,safe,0.8812904259330391,931.4229747415761,jtsb_ais_interpolated,,,,,70,,False,False
32.0,,own,999170601,USS FITZGERALD,1.3166112809796309,4.836333333333272,34.602272222222226,139.09830000000002,19.693333333333335,188.04666666666665,188.04666666666665,18,,,,,jtsb_arpa_interpolated_heading_proxy,,,,,35,,False,False
32.0,,target,999170602,ACX CRYSTAL,-4.234948986076581,-1.268636363636543,34.500522727272724,138.98599915824914,18.4,87.14393939393939,85.0,18,,safe,0.5335830093326486,1008.8214911436708,jtsb_ais_interpolated,,,,,70,,False,False
32.0,,target,999170603,WAN HAI 266,-4.260997919145889,0.544833333333095,34.53074722222222,138.9854722222222,16.435,91.65,92.0,18,,safe,0.8804365958464879,930.2908686630738,jtsb_ais_interpolated,,,,,70,,False,False
33.0,,own,999170601,USS FITZGERALD,1.3157873690390895,4.830958333333275,34.60218263888889,139.09828333333334,19.69,188.0575,188.0575,18,,,,,jtsb_arpa_interpolated_heading_proxy,,,,,35,,False,False
33.0,,target,999170602,ACX CRYSTAL,-4.229872356948033,-1.2683333333335156,34.500527777777776,138.98610185185183,18.4,87.13333333333334,85.0,18,,safe,0.5342766828268886,1007.7476621092584,jtsb_ais_interpolated,,,,,70,,False,False
33.0,,target,999170603,WAN HAI 266,-4.256420630587344,0.5446666666664299,34.530744444444444,138.9855648148148,16.436666666666667,91.63333333333334,92.0,18,,safe,0.8795851771787215,929.1591314518305,jtsb_ais_interpolated,,,,,70,,False,False
34.0,,own,999170601,USS FITZGERALD,1.3149634570985482,4.825583333333277,34.60209305555556,139.0982666666667,19.686666666666667,188.06833333333333,188.06833333333333,18,,,,,jtsb_arpa_interpolated_heading_proxy,,,,,35,,False,False
34.0,,target,999170602,ACX CRYSTAL,-4.224795727819486,-1.2680303030304882,34.50053282828283,138.98620454545454,18.4,87.12272727272727,85.0,18,,safe,0.5349686428588589,1006.6740227549152,jtsb_ais_interpolated,,,,,70,,False,False
34.0,,target,999170603,WAN HAI 266,-4.251843342028799,0.5444999999997648,34.530741666666664,138.9856574074074,16.438333333333333,91.61666666666666,92.0,18,,safe,0.8787361669432036,928.027762899653,jtsb_ais_interpolated,,,,,70,,False,False
35.0,,own,999170601,USS FITZGERALD,1.314139545158007,4.82020833333328,34.60200347222222,139.09825,19.683333333333334,188.07916666666665,188.07916666666665,18,,,,,jtsb_arpa_interpolated_heading_proxy,,,,,35,,False,False
35.0,,target,999170602,ACX CRYSTAL,-4.2197190986909385,-1.2677272727274607,34.500537878787874,138.98630723905723,18.4,87.11212121212121,85.0,18,,safe,0.5356588906263362,1005.6005729038912,jtsb_ais_interpolated,,,,,70,,False,False
35.0,,target,999170603,WAN HAI 266,-4.247266053470255,0.5443333333330997,34.530738888888884,138.98575,16.439999999999998,91.6,92.0,18,,safe,0.8778895621552902,926.8967627981159,jtsb_ais_interpolated,,,,,70,,False,False
36.0,,own,999170601,USS FITZGERALD,1.3133156332174656,4.814833333333283,34.60191388888889,139.09823333333335,19.68,188.09,188.09,18,,,,,jtsb_arpa_interpolated_heading_proxy,,,,,35,,False,False
36.0,,target,999170602,ACX CRYSTAL,-4.21464246956239,-1.2674242424244333,34.500542929292926,138.9864099326599,18.4,87.10151515151516,85.0,18,,safe,0.5363474273265312,1004.5273123794619,jtsb_ais_interpolated,,,,,70,,False,False
36.0,,target,999170603,WAN HAI 266,-4.24268876491171,0.5441666666664347,34.53073611111111,138.98584259259258,16.441666666666666,91.58333333333333,92.0,18,,safe,0.8770453598322324,925.7661309385637,jtsb_ais_interpolated,,,,,70,,False,False
37.0,,own,999170601,USS FITZGERALD,1.3124917212769243,4.809458333333286,34.60182430555555,139.09821666666667,19.676666666666666,188.10083333333333,188.10083333333333,18,,,,,jtsb_arpa_interpolated_heading_proxy,,,,,35,,False,False
37.0,,target,999170602,ACX CRYSTAL,-4.209565840433843,-1.267121212121406,34.50054797979798,138.98651262626262,18.4,87.0909090909091,85.0,18,,safe,0.5370342541560575,1003.4542410049253,jtsb_ais_interpolated,,,,,70,,False,False
37.0,,target,999170603,WAN HAI 266,-4.238111476353166,0.5439999999997696,34.53073333333333,138.98593518518518,16.44333333333333,91.56666666666666,92.0,18,,safe,0.8762035569931873,924.6358671121137,jtsb_ais_interpolated,,,,,70,,False,False
38.0,,own,999170601,USS FITZGERALD,1.311667809336383,4.804083333333288,34.601734722222226,139.09820000000002,19.673333333333332,188.11166666666665,188.11166666666665,18,,,,,jtsb_arpa_interpolated_heading_proxy,,,,,35,,False,False
38.0,,target,999170602,ACX CRYSTAL,-4.204489211305295,-1.2668181818183784,34.50055303030303,138.9866153198653,18.4,87.08030303030303,85.0,18,,safe,0.5377193723109709,1002.3813586036025,jtsb_ais_interpolated,,,,,70,,False,False
38.0,,target,999170603,WAN HAI 266,-4.233534187794621,0.5438333333331045,34.53073055555555,138.98602777777776,16.445,91.55,92.0,18,,safe,0.8753641506592045,923.5059711096528,jtsb_ais_interpolated,,,,,70,,False,False
39.0,,own,999170601,USS FITZGERALD,1.3108438973958416,4.798708333333291,34.60164513888889,139.09818333333334,19.67,188.1225,188.1225,18,,,,,jtsb_arpa_interpolated_heading_proxy,,,,,35,,False,False
39.0,,target,999170602,ACX CRYSTAL,-4.199412582176747,-1.266515151515351,34.50055808080808,138.986718013468,18.4,87.06969696969698,85.0,18,,safe,0.538402782986754,1001.3086649988376,jtsb_ais_interpolated,,,,,70,,False,False
39.0,,target,999170603,WAN HAI 266,-4.228956899236076,0.5436666666664394,34.53072777777778,138.98612037037037,16.446666666666665,91.53333333333333,92.0,18,,safe,0.8745271378532201,922.3764427218409,jtsb_ais_interpolated,,,,,70,,False,False
40.0,,own,999170601,USS FITZGERALD,1.3100199854553003,4.793333333333294,34.60155555555556,139.09816666666669,19.666666666666668,188.13333333333333,188.13333333333333,18,,,,,jtsb_arpa_interpolated_heading_proxy,,,,,35,,False,False
40.0,,target,999170602,ACX CRYSTAL,-4.1943359530482,-1.2662121212123234,34.50056313131313,138.98682070707068,18.4,87.05909090909091,85.0,18,,safe,0.5390844873783041,1000.2361600139983,jtsb_ais_interpolated,,,,,70,,False,False
40.0,,target,999170603,WAN HAI 266,-4.2243796106775315,0.5434999999997743,34.530725,138.98621296296295,16.448333333333334,91.51666666666667,92.0,18,,safe,0.8736925156000731,921.2472817391131,jtsb_ais_interpolated,,,,,70,,False,False
41.0,,own,999170601,USS FITZGERALD,1.309196073514759,4.787958333333297,34.60146597222222,139.09815,19.663333333333334,188.14416666666665,188.14416666666665,18,,,,,jtsb_arpa_interpolated_heading_proxy,,,,,35,,False,False
41.0,,target,999170602,ACX CRYSTAL,-4.189259323919652,-1.265909090909296,34.50056818181818,138.9869234006734,18.4,87.04848484848485,85.0,18,,safe,0.5397644866799597,999.1638434724754,jtsb_ais_interpolated,,,,,70,,False,False
41.0,,target,999170603,WAN HAI 266,-4.219802322118987,0.5433333333331092,34.530722222222224,138.98630555555553,16.45,91.5,92.0,18,,safe,0.8728602809264913,920.1184879516767,jtsb_ais_interpolated,,,,,70,,False,False
42.0,,own,999170601,USS FITZGERALD,1.3083721615742177,4.782583333333299,34.60137638888889,139.09813333333335,19.66,188.155,188.155,18,,,,,jtsb_arpa_interpolated_heading_proxy,,,,,35,,False,False
42.0,,target,999170602,ACX CRYSTAL,-4.1841826947911045,-1.2656060606062687,34.500573232323234,138.98702609427608,18.4,87.0378787878788,85.0,18,,safe,0.5404427820854831,998.0917151976823,jtsb_ais_interpolated,,,,,70,,False,False
42.0,,target,999170603,WAN HAI 266,-4.215225033560443,0.5431666666664441,34.53071944444444,138.98639814814814,16.451666666666664,91.48333333333333,92.0,18,,safe,0.8720304308610878,918.9900611495162,jtsb_ais_interpolated,,,,,70,,False,False
43.0,,own,999170601,USS FITZGERALD,1.3075482496336763,4.777208333333302,34.60128680555556,139.09811666666667,19.656666666666666,188.16583333333332,188.16583333333332,18,,,,,jtsb_arpa_interpolated_heading_proxy,,,,,35,,False,False
43.0,,target,999170602,ACX CRYSTAL,-4.179106065662557,-1.265303030303241,34.50057828282828,138.98712878787876,18.4,87.02727272727273,85.0,18,,safe,0.5411193747880612,997.0197750130567,jtsb_ais_interpolated,,,,,70,,False,False
43.0,,target,999170603,WAN HAI 266,-4.210647745001898,0.542999999999779,34.53071666666666,138.98649074074072,16.453333333333333,91.46666666666667,92.0,18,,safe,0.8712029624343718,917.8620011223911,jtsb_ais_interpolated,,,,,70,,False,False
44.0,,own,999170601,USS FITZGERALD,1.306724337693135,4.771833333333305,34.601197222222225,139.09810000000002,19.653333333333332,188.17666666666665,188.17666666666665,18,,,,,jtsb_arpa_interpolated_heading_proxy,,,,,35,,False,False
44.0,,target,999170602,ACX CRYSTAL,-4.174029436534009,-1.2650000000002137,34.50058333333333,138.98723148148147,18.4,87.01666666666667,85.0,18,,safe,0.5417942659803135,995.9480227420593,jtsb_ais_interpolated,,,,,70,,False,False
44.0,,target,999170603,WAN HAI 266,-4.206070456443353,0.5428333333331139,34.53071388888889,138.98658333333333,16.455,91.45,92.0,18,,safe,0.8703778726787388,916.7343076598388,jtsb_ais_interpolated,,,,,70,,False,False
45.0,,own,999170601,USS FITZGERALD,1.3059004257525937,4.766458333333308,34.60110763888889,139.09808333333334,19.65,188.1875,188.1875,18,,,,,jtsb_arpa_interpolated_heading_proxy,,,,,35,,False,False
45.0,,target,999170602,ACX CRYSTAL,-4.168952807405462,-1.2646969696971864,34.500588383838384,138.98733417508416,18.4,87.00606060606061,85.0,18,,safe,0.5424674568542958,994.8764582081727,jtsb_ais_interpolated,,,,,70,,False,False
45.0,,target,999170603,WAN HAI 266,-4.201493167884808,0.5426666666664488,34.53071111111111,138.9866759259259,16.456666666666667,91.43333333333334,92.0,18,,safe,0.8695551586284656,915.6069805511744,jtsb_ais_interpolated,,,,,70,,False,False
46.0,,own,999170601,USS FITZGERALD,1.3050765138120524,4.7610833333333105,34.601018055555556,139.09806666666668,19.64666666666667,188.19833333333332,188.19833333333332,18,,,,,jtsb_arpa_interpolated_heading_proxy,,,,,35,,False,False
46.0,,target,999170602,ACX CRYSTAL,-4.163876178276913,-1.2643939393941588,34.50059343434343,138.98743686868684,18.4,86.99545454545455,85.0,18,,safe,0.5431389486014824,993.8050812349046,jtsb_ais_interpolated,,,,,70,,False,False
46.0,,target,999170603,WAN HAI 266,-4.196915879326264,0.5424999999997837,34.53070833333333,138.98676851851852,16.458333333333332,91.41666666666667,92.0,18,,safe,0.8687348173197247,914.4800195854922,jtsb_ais_interpolated,,,,,70,,False,False
47.0,,own,999170601,USS FITZGERALD,1.304252601871511,4.755708333333313,34.60092847222222,139.09805,19.643333333333334,188.20916666666665,188.20916666666665,18,,,,,jtsb_arpa_interpolated_heading_proxy,,,,,35,,False,False
47.0,,target,999170602,ACX CRYSTAL,-4.158799549148366,-1.2640909090911314,34.50059848484848,138.98753956228956,18.4,86.98484848484848,85.0,18,,safe,0.5438087424127892,992.7338916457857,jtsb_ais_interpolated,,,,,70,,False,False
47.0,,target,999170603,WAN HAI 266,-4.1923385907677195,0.5423333333331186,34.530705555555556,138.9868611111111,16.46,91.4,92.0,18,,safe,0.8679168457905624,913.3534245516659,jtsb_ais_interpolated,,,,,70,,False,False
48.0,,own,999170601,USS FITZGERALD,1.3034286899309697,4.750333333333316,34.60083888888889,139.09803333333335,19.64,188.22,188.22,18,,,,,jtsb_arpa_interpolated_heading_proxy,,,,,35,,False,False
48.0,,target,999170602,ACX CRYSTAL,-4.153722920019819,-1.263787878788104,34.500603535353534,138.98764225589224,18.4,86.97424242424243,85.0,18,,safe,0.5444768394785644,991.6628892643689,jtsb_ais_interpolated,,,,,70,,False,False
48.0,,target,999170603,WAN HAI 266,-4.187761302209175,0.5421666666664535,34.530702777777776,138.9869537037037,16.461666666666666,91.38333333333334,92.0,18,,safe,0.8671012410809131,912.2271952383505,jtsb_ais_interpolated,,,,,70,,False,False
49.0,,own,999170601,USS FITZGERALD,1.3026047779904284,4.744958333333319,34.60074930555556,139.09801666666667,19.636666666666667,188.23083333333332,188.23083333333332,18,,,,,jtsb_arpa_interpolated_heading_proxy,,,,,35,,False,False
49.0,,target,999170602,ACX CRYSTAL,-4.1486462908912705,-1.2634848484850765,34.500608585858586,138.98774494949492,18.4,86.96363636363637,85.0,18,,safe,0.5451432409885787,990.5920739142318,jtsb_ais_interpolated,,,,,70,,False,False
49.0,,target,999170603,WAN HAI 266,-4.18318401365063,0.5419999999997884,34.530699999999996,138.98704629629628,16.46333333333333,91.36666666666666,92.0,18,,safe,0.8662880002325941,911.1013314339825,jtsb_ais_interpolated,,,,,70,,False,False
50.0,,own,999170601,USS FITZGERALD,1.3017808660498873,4.7395833333333215,34.600659722222225,139.098,19.633333333333333,188.24166666666667,188.24166666666667,18,,,,,jtsb_arpa_interpolated_heading_proxy,,,,,35,,False,False
50.0,,target,999170602,ACX CRYSTAL,-4.143569661762723,-1.263181818182049,34.50061363636363,138.9878476430976,18.4,86.9530303030303,85.0,18,,safe,0.5458079481320494,989.5214454189748,jtsb_ais_interpolated,,,,,70,,False,False
50.0,,target,999170603,WAN HAI 266,-4.178606725092085,0.5418333333331233,34.53069722222222,138.9871388888889,16.465,91.35,92.0,18,,safe,0.8654771202893008,909.9758329267803,jtsb_ais_interpolated,,,,,70,,False,False
51.0,,own,999170601,USS FITZGERALD,1.300956954109346,4.734208333333324,34.60057013888889,139.09798333333333,19.63,188.2525,188.2525,18,,,,,jtsb_arpa_interpolated_heading_proxy,,,,,35,,False,False
51.0,,target,999170602,ACX CRYSTAL,-4.138493032634175,-1.2628787878790215,34.500618686868684,138.98795033670032,18.4,86.94242424242425,85.0,18,,safe,0.5464709620976179,988.451003602221,jtsb_ais_interpolated,,,,,70,,False,False
51.0,,target,999170603,WAN HAI 266,-4.174029436533541,0.5416666666664582,34.53069444444444,138.98723148148147,16.466666666666665,91.33333333333333,92.0,18,,safe,0.8646685982966077,908.8506995047466,jtsb_ais_interpolated,,,,,70,,False,False
52.0,,own,999170601,USS FITZGERALD,1.3001330421688047,4.728833333333327,34.600480555555556,139.09796666666668,19.626666666666665,188.26333333333332,188.26333333333332,18,,,,,jtsb_arpa_interpolated_heading_proxy,,,,,35,,False,False
52.0,,target,999170602,ACX CRYSTAL,-4.133416403505628,-1.2625757575759942,34.500623737373736,138.988053030303,18.4,86.93181818181819,85.0,18,,safe,0.5471322840733625,987.380748287619,jtsb_ais_interpolated,,,,,70,,False,False
52.0,,target,999170603,WAN HAI 266,-4.169452147974996,0.5414999999997931,34.53069166666666,138.98732407407405,16.468333333333334,91.31666666666666,92.0,18,,safe,0.8638624313019705,907.7259309556679,jtsb_ais_interpolated,,,,,70,,False,False
53.0,,own,999170601,USS FITZGERALD,1.2993091302282633,4.72345833333333,34.60039097222222,139.09795,19.623333333333335,188.27416666666667,188.27416666666667,18,,,,,jtsb_arpa_interpolated_heading_proxy,,,,,35,,False,False
53.0,,target,999170602,ACX CRYSTAL,-4.12833977437708,-1.2622727272729668,34.50062878787879,138.9881557239057,18.4,86.92121212121212,85.0,18,,safe,0.5477919152468017,986.3106792988384,jtsb_ais_interpolated,,,,,70,,False,False
53.0,,target,999170603,WAN HAI 266,-4.164874859416452,0.541333333333128,34.53068888888889,138.98741666666666,16.47,91.3,92.0,18,,safe,0.863058616354715,906.6015270671155,jtsb_ais_interpolated,,,,,70,,False,False
54.0,,own,999170601,USS FITZGERALD,1.298485218287722,4.7180833333333325,34.60030138888889,139.09793333333334,19.62,188.285,188.285,18,,,,,jtsb_arpa_interpolated_heading_proxy,,,,,35,,False,False
54.0,,target,999170602,ACX CRYSTAL,-4.123263145248532,-1.2619696969699392,34.500633838383834,138.9882584175084,18.4,86.91060606060607,85.0,18,,safe,0.548449856804884,985.2407964595741,jtsb_ais_interpolated,,,,,70,,False,False
54.0,,target,999170603,WAN HAI 266,-4.160297570857907,0.541166666666463,34.53068611111111,138.98750925925924,16.471666666666668,91.28333333333333,92.0,18,,safe,0.8622571505060491,905.4774876264476,jtsb_ais_interpolated,,,,,70,,False,False
55.0,,own,999170601,USS FITZGERALD,1.2976613063471807,4.712708333333335,34.60021180555556,139.09791666666666,19.616666666666667,188.29583333333332,188.29583333333332,18,,,,,jtsb_arpa_interpolated_heading_proxy,,,,,35,,False,False
55.0,,target,999170602,ACX CRYSTAL,-4.118186516119985,-1.2616666666669119,34.500638888888886,138.9883611111111,18.4,86.9,85.0,18,,safe,0.5491061099339963,984.1710995935431,jtsb_ais_fix,,,,,70,,False,False
55.0,,target,999170603,WAN HAI 266,-4.155720282299362,0.5409999999997979,34.53068333333333,138.98760185185185,16.473333333333333,91.26666666666667,92.0,18,,safe,0.8614580308090525,904.3538124208087,jtsb_ais_interpolated,,,,,70,,False,False
56.0,,own,999170601,USS FITZGERALD,1.2968373944066394,4.707333333333338,34.600122222222225,139.0979,19.613333333333333,188.30666666666667,188.30666666666667,18,,,,,jtsb_arpa_interpolated_heading_proxy,,,,,35,,False,False
56.0,,target,999170602,ACX CRYSTAL,-4.11310572582,-1.2614166666669107,34.50064305555555,138.98846388888887,18.396666666666665,86.88666666666667,84.93333333333334,18,,safe,0.5490260110827863,983.1774057754178,jtsb_ais_interpolated,,,,,70,,False,False
56.0,,target,999170603,WAN HAI 266,-4.151142993740818,0.5408333333331328,34.530680555555556,138.98769444444443,16.475,91.25,92.0,18,,safe,0.8606612543186773,903.2305012371305,jtsb_ais_interpolated,,,,,70,,False,False
57.0,,own,999170601,USS FITZGERALD,1.296013482466098,4.701958333333341,34.60003263888889,139.09788333333333,19.61,188.3175,188.3175,18,,,,,jtsb_arpa_interpolated_heading_proxy,,,,,35,,False,False
57.0,,target,999170602,ACX CRYSTAL,-4.108024935520014,-1.2611666666669095,34.50064722222222,138.98856666666666,18.39333333333333,86.87333333333333,84.86666666666666,18,,safe,0.5489461467130468,982.1838091549073,jtsb_ais_interpolated,,,,,70,,False,False
57.0,,target,999170603,WAN HAI 266,-4.146565705182273,0.5406666666664677,34.530677777777775,138.98778703703704,16.476666666666667,91.23333333333333,92.0,18,,safe,0.8598668180917474,902.1075538621352,jtsb_ais_interpolated,,,,,70,,False,False
58.0,,own,999170601,USS FITZGERALD,1.2951895705255567,4.6965833333333435,34.599943055555556,139.09786666666668,19.606666666666666,188.32833333333332,188.32833333333332,18,,,,,jtsb_arpa_interpolated_heading_proxy,,,,,35,,False,False
58.0,,target,999170602,ACX CRYSTAL,-4.102944145220029,-1.2609166666669083,34.50065138888888,138.9886694444444,18.389999999999997,86.86,84.8,18,,safe,0.5488665168801264,981.1903094052527,jtsb_ais_interpolated,,,,,70,,False,False
58.0,,target,999170603,WAN HAI 266,-4.141988416623729,0.5404999999998026,34.530674999999995,138.98787962962962,16.47833333333333,91.21666666666667,92.0,18,,safe,0.8590747191869585,900.9849700823322,jtsb_ais_interpolated,,,,,70,,False,False
59.0,,own,999170601,USS FITZGERALD,1.2943656585850154,4.691208333333346,34.59985347222222,139.09785,19.60333333333333,188.33916666666667,188.33916666666667,18,,,,,jtsb_arpa_interpolated_heading_proxy,,,,,35,,False,False
59.0,,target,999170602,ACX CRYSTAL,-4.097863354920044,-1.260666666666907,34.500655555555554,138.9887722222222,18.386666666666667,86.84666666666668,84.73333333333333,18,,safe,0.5487871216393141,980.1969061998077,jtsb_ais_interpolated,,,,,70,,False,False
59.0,,target,999170603,WAN HAI 266,-4.1374111280651835,0.5403333333331375,34.53067222222222,138.98797222222223,16.48,91.2,92.0,18,,safe,0.8582849546648691,899.8627496840227,jtsb_ais_interpolated,,,,,70,,False,False
60.0,,own,999170601,USS FITZGERALD,1.293541746644474,4.685833333333349,34.59976388888889,139.09783333333334,19.6,188.35,188.35,18,,,,,jtsb_arpa_interpolated_heading_proxy,,,,,35,,False,False
60.0,,target,999170602,ACX CRYSTAL,-4.092782564620059,-1.2604166666669059,34.50065972222222,138.98887499999998,18.383333333333333,86.83333333333334,84.66666666666667,18,,safe,0.548707961045786,979.2035992120375,jtsb_ais_interpolated,,,,,70,,False,False
60.0,,target,999170603,WAN HAI 266,-4.132833839506639,0.5401666666664724,34.53066944444444,138.9880648148148,16.481666666666666,91.18333333333334,92.0,18,,safe,0.8574975215879206,898.7408924532991,jtsb_ais_interpolated,,,,,70,,False,False
61.0,,own,999170601,USS FITZGERALD,1.2927178347039328,4.680458333333352,34.59967430555556,139.0978166666667,19.596666666666668,188.36083333333332,188.36083333333332,18,,,,,jtsb_arpa_interpolated_heading_proxy,,,,,35,,False,False
61.0,,target,999170602,ACX CRYSTAL,-4.087701774320073,-1.2601666666669047,34.50066388888889,138.98897777777776,18.38,86.82000000000001,84.6,18,,safe,0.5486290351546702,978.2103881155199,jtsb_ais_interpolated,,,,,70,,False,False
61.0,,target,999170603,WAN HAI 266,-4.128256550948095,0.5399999999998073,34.53066666666666,138.9881574074074,16.483333333333334,91.16666666666667,92.0,18,,safe,0.8567124170204002,897.6193981760449,jtsb_ais_interpolated,,,,,70,,False,False
62.0,,own,999170601,USS FITZGERALD,1.2918939227633914,4.675083333333355,34.599584722222225,139.0978,19.593333333333334,188.37166666666667,188.37166666666667,18,,,,,jtsb_arpa_interpolated_heading_proxy,,,,,35,,False,False
62.0,,target,999170602,ACX CRYSTAL,-4.082620984020088,-1.2599166666669035,34.50066805555555,138.98908055555555,18.376666666666665,86.80666666666667,84.53333333333333,18,,safe,0.5485503440209899,977.2172725839439,jtsb_ais_interpolated,,,,,70,,False,False
62.0,,target,999170603,WAN HAI 266,-4.12367926238955,0.5398333333331422,34.53066388888889,138.98825,16.485,91.15,92.0,18,,safe,0.8559296380284787,896.4982666379381,jtsb_ais_interpolated,,,,,70,,False,False
63.0,,own,999170601,USS FITZGERALD,1.2910700108228501,4.669708333333357,34.59949513888889,139.09778333333335,19.59,188.3825,188.3825,18,,,,,jtsb_arpa_interpolated_heading_proxy,,,,,35,,False,False
63.0,,target,999170602,ACX CRYSTAL,-4.077540193720103,-1.2596666666669023,34.50067222222222,138.9891833333333,18.37333333333333,86.79333333333334,84.46666666666667,18,,safe,0.5484718876996989,976.2242522911099,jtsb_ais_interpolated,,,,,70,,False,False
63.0,,target,999170603,WAN HAI 266,-4.119101973831006,0.5396666666664771,34.53066111111111,138.98834259259257,16.486666666666668,91.13333333333334,92.0,18,,safe,0.8551491816801764,895.3774976244491,jtsb_ais_interpolated,,,,,70,,False,False
64.0,,own,999170601,USS FITZGERALD,1.2902460988823088,4.66433333333336,34.599405555555556,139.09776666666667,19.586666666666666,188.39333333333332,188.39333333333332,18,,,,,jtsb_arpa_interpolated_heading_proxy,,,,,35,,False,False
64.0,,target,999170602,ACX CRYSTAL,-4.072459403420117,-1.259416666666901,34.500676388888884,138.98928611111108,18.369999999999997,86.78,84.4,18,,safe,0.548393666245662,975.231326910929,jtsb_ais_interpolated,,,,,70,,False,False
64.0,,target,999170603,WAN HAI 266,-4.11452468527246,0.539499999999812,34.530658333333335,138.98843518518518,16.488333333333333,91.11666666666666,92.0,18,,safe,0.8543710450453917,894.2570909208433,jtsb_ais_interpolated,,,,,70,,False,False
65.0,,own,999170601,USS FITZGERALD,1.2894221869417675,4.658958333333363,34.59931597222222,139.09775000000002,19.583333333333332,188.40416666666667,188.40416666666667,18,,,,,jtsb_arpa_interpolated_heading_proxy,,,,,35,,False,False
65.0,,target,999170602,ACX CRYSTAL,-4.067378613120132,-1.2591666666669,34.500680555555554,138.98938888888887,18.366666666666667,86.76666666666667,84.33333333333333,18,,safe,0.5483156797136732,974.2384961174226,jtsb_ais_interpolated,,,,,70,,False,False
65.0,,target,999170603,WAN HAI 266,-4.109947396713916,0.5393333333331469,34.530655555555555,138.98852777777776,16.49,91.1,92.0,18,,safe,0.8535952251958695,893.1370463121826,jtsb_ais_interpolated,,,,,70,,False,False
66.0,,own,999170601,USS FITZGERALD,1.2885982750012261,4.653583333333366,34.599226388888894,139.09773333333334,19.58,188.415,188.415,18,,,,,jtsb_arpa_interpolated_heading_proxy,,,,,35,,False,False
66.0,,target,999170602,ACX CRYSTAL,-4.062297822820147,-1.2589166666668987,34.50068472222222,138.98949166666665,18.363333333333333,86.75333333333333,84.26666666666667,18,,safe,0.5482379281584305,973.2457595847234,jtsb_ais_interpolated,,,,,70,,False,False
66.0,,target,999170603,WAN HAI 266,-4.1053701081553715,0.5391666666664818,34.530652777777775,138.98862037037037,16.491666666666667,91.08333333333333,92.0,18,,safe,0.852821719205222,892.0173635833238,jtsb_ais_interpolated,,,,,70,,False,False
67.0,,own,999170601,USS FITZGERALD,1.2877743630606848,4.648208333333368,34.59913680555556,139.09771666666668,19.576666666666664,188.42583333333332,188.42583333333332,18,,,,,jtsb_arpa_interpolated_heading_proxy,,,,,35,,False,False
67.0,,target,999170602,ACX CRYSTAL,-4.057217032520162,-1.2586666666668975,34.50068888888889,138.98959444444444,18.36,86.74000000000001,84.2,18,,safe,0.5481604116345647,972.2531169870728,jtsb_ais_interpolated,,,,,70,,False,False
67.0,,target,999170603,WAN HAI 266,-4.100792819596827,0.5389999999998167,34.53065,138.98871296296295,16.493333333333332,91.06666666666666,92.0,18,,safe,0.8520505241489252,890.898042518922,jtsb_ais_interpolated,,,,,70,,False,False
68.0,,own,999170601,USS FITZGERALD,1.2869504511201435,4.642833333333371,34.599047222222225,139.0977,19.573333333333334,188.43666666666667,188.43666666666667,18,,,,,jtsb_arpa_interpolated_heading_proxy,,,,,35,,False,False
68.0,,target,999170602,ACX CRYSTAL,-4.052136242220176,-1.2584166666668963,34.50069305555555,138.9896972222222,18.356666666666666,86.72666666666667,84.13333333333334,18,,safe,0.5480831301966195,971.260567998822,jtsb_ais_interpolated,,,,,70,,False,False
68.0,,target,999170603,WAN HAI 266,-4.096215531038283,0.5388333333331516,34.53064722222222,138.98880555555556,16.495,91.05,92.0,18,,safe,0.8512816371042994,889.7790829034293,jtsb_ais_interpolated,,,,,70,,False,False
69.0,,own,999170601,USS FITZGERALD,1.2861265391796022,4.637458333333374,34.59895763888889,139.09768333333335,19.57,188.4475,188.4475,18,,,,,jtsb_arpa_interpolated_heading_proxy,,,,,35,,False,False
69.0,,target,999170602,ACX CRYSTAL,-4.047055451920191,-1.2581666666668951,34.50069722222222,138.98979999999997,18.35333333333333,86.71333333333334,84.06666666666666,18,,safe,0.5480060838990588,970.2681122944322,jtsb_ais_interpolated,,,,,70,,False,False
69.0,,target,999170603,WAN HAI 266,-4.091638242479737,0.5386666666664865,34.53064444444444,138.98889814814814,16.496666666666666,91.03333333333333,92.0,18,,safe,0.8505150551505327,888.6604845210982,jtsb_ais_interpolated,,,,,70,,False,False
70.0,,own,999170601,USS FITZGERALD,1.2853026272390609,4.632083333333377,34.598868055555556,139.09766666666667,19.566666666666666,188.45833333333331,188.45833333333331,18,,,,,jtsb_arpa_interpolated_heading_proxy,,,,,35,,False,False
70.0,,target,999170602,ACX CRYSTAL,-4.041974661620206,-1.257916666666894,34.500701388888885,138.98990277777776,18.349999999999998,86.7,84.0,18,,safe,0.5479292727962637,969.2757495484731,jtsb_ais_interpolated,,,,,70,,False,False
70.0,,target,999170603,WAN HAI 266,-4.087060953921193,0.5384999999998215,34.53064166666667,138.98899074074075,16.498333333333335,91.01666666666667,92.0,18,,safe,0.8497507753686675,887.5422471559795,jtsb_ais_interpolated,,,,,70,,False,False
71.0,,own,999170601,USS FITZGERALD,1.2844787152985198,4.626708333333379,34.59877847222222,139.09765000000002,19.563333333333333,188.46916666666667,188.46916666666667,18,,,,,jtsb_arpa_interpolated_heading_proxy,,,,,35,,False,False
71.0,,target,999170602,ACX CRYSTAL,-4.0368938713202205,-1.2576666666668928,34.500705555555555,138.99000555555554,18.346666666666664,86.68666666666667,83.93333333333334,18,,safe,0.5478526969425446,968.2834794356229,jtsb_ais_interpolated,,,,,70,,False,False
71.0,,target,999170603,WAN HAI 266,-4.082483665362648,0.5383333333331564,34.53063888888889,138.98908333333333,16.5,91.0,92.0,18,,safe,0.8489887948415895,886.4243705919254,jtsb_ais_fix,,,,,70,,False,False
72.0,,own,999170601,USS FITZGERALD,1.2836548033579784,4.621333333333382,34.598688888888894,139.09763333333333,19.56,188.48,188.48,18,,,,,jtsb_arpa_interpolated_heading_proxy,,,,,35,,False,False
72.0,,target,999170602,ACX CRYSTAL,-4.0318130810202355,-1.2574166666668916,34.50070972222222,138.99010833333332,18.343333333333334,86.67333333333333,83.86666666666666,18,,safe,0.5477763563921132,967.2913016306687,jtsb_ais_interpolated,,,,,70,,False,False
72.0,,target,999170603,WAN HAI 266,-4.077769058147366,0.5381388888887102,34.53063564814815,138.9891787037037,16.5,91.01666666666667,92.0,18,,safe,0.8467510296075255,885.5804683122132,jtsb_ais_interpolated,,,,,70,,False,False
73.0,,own,999170601,USS FITZGERALD,1.2828308914174371,4.615958333333385,34.59859930555556,139.09761666666668,19.556666666666665,188.49083333333334,188.49083333333334,18,,,,,jtsb_arpa_interpolated_heading_proxy,,,,,35,,False,False
73.0,,target,999170602,ACX CRYSTAL,-4.0267322907202505,-1.2571666666668904,34.50071388888889,138.99021111111108,18.34,86.66,83.8,18,,safe,0.547700251199118,966.2992158085051,jtsb_ais_interpolated,,,,,70,,False,False
73.0,,target,999170603,WAN HAI 266,-4.0730544509320845,0.537944444444264,34.5306324074074,138.98927407407407,16.5,91.03333333333333,92.0,18,,safe,0.8445176354656059,884.7362229173835,jtsb_ais_interpolated,,,,,70,,False,False
74.0,,own,999170601,USS FITZGERALD,1.2820069794768958,4.610583333333388,34.598509722222225,139.0976,19.55333333333333,188.50166666666667,188.50166666666667,18,,,,,jtsb_arpa_interpolated_heading_proxy,,,,,35,,False,False
74.0,,target,999170602,ACX CRYSTAL,-4.021651500420265,-1.2569166666668892,34.50071805555555,138.99031388888886,18.336666666666666,86.64666666666668,83.73333333333333,18,,safe,0.5476243814176165,965.3072216441348,jtsb_ais_interpolated,,,,,70,,False,False
74.0,,target,999170603,WAN HAI 266,-4.068339843716802,0.5377499999998179,34.530629166666664,138.98936944444443,16.5,91.05,92.0,18,,safe,0.8422886132249324,883.8916345355369,jtsb_ais_interpolated,,,,,70,,False,False
75.0,,own,999170601,USS FITZGERALD,1.2811830675363545,4.60520833333339,34.59842013888889,139.09758333333335,19.55,188.5125,188.5125,18,,,,,jtsb_arpa_interpolated_heading_proxy,,,,,35,,False,False
75.0,,target,999170602,ACX CRYSTAL,-4.01657071012028,-1.256666666666888,34.50072222222222,138.99041666666665,18.333333333333332,86.63333333333334,83.66666666666667,18,,safe,0.5475487471015857,964.3153188126676,jtsb_ais_interpolated,,,,,70,,False,False
75.0,,target,999170603,WAN HAI 266,-4.063625236501521,0.5375555555553717,34.530625925925925,138.9894648148148,16.5,91.06666666666666,92.0,18,,safe,0.8400639636941295,883.0467032949805,jtsb_ais_interpolated,,,,,70,,False,False
76.0,,own,999170601,USS FITZGERALD,1.2803591555958131,4.599833333333393,34.598330555555556,139.09756666666667,19.546666666666667,188.52333333333334,188.52333333333334,18,,,,,jtsb_arpa_interpolated_heading_proxy,,,,,35,,False,False
76.0,,target,999170602,ACX CRYSTAL,-4.011489919820295,-1.2564166666668868,34.500726388888886,138.99051944444443,18.33,86.62,83.6,18,,safe,0.5474733483049347,963.3235069893204,jtsb_ais_interpolated,,,,,70,,False,False
76.0,,target,999170603,WAN HAI 266,-4.058910629286238,0.5373611111109255,34.530622685185186,138.98956018518518,16.5,91.08333333333333,92.0,18,,safe,0.8378436876813595,882.2014293242293,jtsb_ais_interpolated,,,,,70,,False,False
77.0,,own,999170601,USS FITZGERALD,1.2795352436552718,4.594458333333396,34.59824097222222,139.09755,19.543333333333333,188.53416666666666,188.53416666666666,18,,,,,jtsb_arpa_interpolated_heading_proxy,,,,,35,,False,False
77.0,,target,999170602,ACX CRYSTAL,-4.00640912952031,-1.2561666666668856,34.500730555555556,138.9906222222222,18.326666666666664,86.60666666666667,83.53333333333333,18,,safe,0.5473981850814722,962.3317858494178,jtsb_ais_interpolated,,,,,70,,False,False
77.0,,target,999170603,WAN HAI 266,-4.054196022070957,0.5371666666664794,34.53061944444444,138.98965555555554,16.5,91.1,92.0,18,,safe,0.8356277859943323,881.3558127520066,jtsb_ais_interpolated,,,,,70,,False,False
78.0,,own,999170601,USS FITZGERALD,1.2787113317147305,4.589083333333399,34.598151388888894,139.09753333333333,19.54,188.545,188.545,18,,,,,jtsb_arpa_interpolated_heading_proxy,,,,,35,,False,False
78.0,,target,999170602,ACX CRYSTAL,-4.001328339220324,-1.2559166666668844,34.50073472222222,138.99072499999997,18.32333333333333,86.59333333333333,83.46666666666667,18,,safe,0.5473232574849466,961.3401550683889,jtsb_ais_interpolated,,,,,70,,False,False
78.0,,target,999170603,WAN HAI 266,-4.049481414855674,0.5369722222220332,34.5306162037037,138.9897509259259,16.5,91.11666666666666,92.0,18,,safe,0.8334162594402781,880.5098537072417,jtsb_ais_interpolated,,,,,70,,False,False
79.0,,own,999170601,USS FITZGERALD,1.2778874197741892,4.583708333333401,34.59806180555556,139.09751666666668,19.536666666666665,188.55583333333334,188.55583333333334,18,,,,,jtsb_arpa_interpolated_heading_proxy,,,,,35,,False,False
79.0,,target,999170602,ACX CRYSTAL,-3.996247548920339,-1.2556666666668832,34.50073888888889,138.99082777777775,18.32,86.58,83.4,18,,safe,0.5472485655690145,960.3486143217707,jtsb_ais_interpolated,,,,,70,,False,False
79.0,,target,999170603,WAN HAI 266,-4.044766807640392,0.5367777777775871,34.53061296296296,138.9898462962963,16.5,91.13333333333334,92.0,18,,safe,0.83120910882597,879.6635523190748,jtsb_ais_interpolated,,,,,70,,False,False
80.0,,own,999170601,USS FITZGERALD,1.2770635078336479,4.578333333333404,34.597972222222225,139.0975,19.53333333333333,188.56666666666666,188.56666666666666,18,,,,,jtsb_arpa_interpolated_heading_proxy,,,,,35,,False,False
80.0,,target,999170602,ACX CRYSTAL,-3.9911667586203534,-1.255416666666882,34.50074305555555,138.99093055555554,18.316666666666666,86.56666666666666,83.33333333333333,18,,safe,0.5471741093872516,959.3571632852058,jtsb_ais_interpolated,,,,,70,,False,False
80.0,,target,999170603,WAN HAI 266,-4.0400522004251105,0.5365833333331409,34.53060972222222,138.98994166666665,16.5,91.15,92.0,18,,safe,0.8290063349577182,878.8169087168519,jtsb_ais_interpolated,,,,,70,,False,False
81.0,,own,999170601,USS FITZGERALD,1.2762395958931065,4.572958333333407,34.59788263888889,139.09748333333334,19.529999999999998,188.5775,188.5775,18,,,,,jtsb_arpa_interpolated_heading_proxy,,,,,35,,False,False
81.0,,target,999170602,ACX CRYSTAL,-3.9860859683203684,-1.2551666666668808,34.50074722222222,138.99103333333332,18.313333333333333,86.55333333333333,83.26666666666667,18,,safe,0.5470998889931616,958.3658016344414,jtsb_ais_interpolated,,,,,70,,False,False
81.0,,target,999170603,WAN HAI 266,-4.035337593209828,0.5363888888886947,34.53060648148148,138.99003703703704,16.5,91.16666666666667,92.0,18,,safe,0.8268079386413626,877.9699230301289,jtsb_ais_interpolated,,,,,70,,False,False
82.0,,own,999170601,USS FITZGERALD,1.2754156839525652,4.56758333333341,34.597793055555556,139.09746666666666,19.526666666666667,188.58833333333334,188.58833333333334,18,,,,,jtsb_arpa_interpolated_heading_proxy,,,,,35,,False,False
82.0,,target,999170602,ACX CRYSTAL,-3.981005178020383,-1.2549166666668796,34.50075138888889,138.9911361111111,18.31,86.54,83.2,18,,safe,0.5470259044401626,957.3745290453304,jtsb_ais_interpolated,,,,,70,,False,False
82.0,,target,999170603,WAN HAI 266,-4.030622985994547,0.5361944444442486,34.53060324074074,138.9901324074074,16.5,91.18333333333334,92.0,18,,safe,0.824613920682276,877.1225953886701,jtsb_ais_interpolated,,,,,70,,False,False
83.0,,own,999170601,USS FITZGERALD,1.274591772012024,4.5622083333334125,34.59770347222223,139.09745,19.523333333333333,188.59916666666666,188.59916666666666,18,,,,,jtsb_arpa_interpolated_heading_proxy,,,,,35,,False,False
83.0,,target,999170602,ACX CRYSTAL,-3.975924387720398,-1.2546666666668784,34.50075555555556,138.99123888888886,18.306666666666665,86.52666666666667,83.13333333333334,18,,safe,0.546952155781589,956.3833451938312,jtsb_ais_interpolated,,,,,70,,False,False
83.0,,target,999170603,WAN HAI 266,-4.025908378779264,0.5359999999998024,34.5306,138.99022777777776,16.5,91.2,92.0,18,,safe,0.8224242818853708,876.2749259224489,jtsb_ais_interpolated,,,,,70,,False,False
84.0,,own,999170601,USS FITZGERALD,1.2737678600714826,4.556833333333415,34.597613888888894,139.09743333333333,19.52,188.60999999999999,188.60999999999999,18,,,,,jtsb_arpa_interpolated_heading_proxy,,,,,35,,False,False
84.0,,target,999170602,ACX CRYSTAL,-3.9708435974204126,-1.2544166666668772,34.50075972222222,138.99134166666664,18.30333333333333,86.51333333333334,83.06666666666666,18,,safe,0.5468786430707082,955.392249756006,jtsb_ais_interpolated,,,,,70,,False,False
84.0,,target,999170603,WAN HAI 266,-4.021193771563983,0.5358055555553562,34.53059675925926,138.99032314814815,16.5,91.21666666666667,92.0,18,,safe,0.820239023055084,875.4269147616475,jtsb_ais_interpolated,,,,,70,,False,False
85.0,,own,999170601,USS FITZGERALD,1.2729439481309412,4.551458333333418,34.59752430555556,139.09741666666667,19.516666666666666,188.62083333333334,188.62083333333334,18,,,,,jtsb_arpa_interpolated_heading_proxy,,,,,35,,False,False
85.0,,target,999170602,ACX CRYSTAL,-3.965762807120427,-1.254166666666876,34.50076388888888,138.99144444444443,18.299999999999997,86.5,83.0,18,,safe,0.5468053663606929,954.4012424080211,jtsb_ais_interpolated,,,,,70,,False,False
85.0,,target,999170603,WAN HAI 266,-4.0164791643487,0.5356111111109101,34.530593518518515,138.9904185185185,16.5,91.23333333333333,92.0,18,,safe,0.8180581449953918,874.578562036657,jtsb_ais_interpolated,,,,,70,,False,False
86.0,,own,999170601,USS FITZGERALD,1.2721200361904,4.546083333333421,34.597434722222225,139.0974,19.513333333333332,188.63166666666666,188.63166666666666,18,,,,,jtsb_arpa_interpolated_heading_proxy,,,,,35,,False,False
86.0,,target,999170602,ACX CRYSTAL,-3.960682016820442,-1.2539166666668748,34.500768055555554,138.9915472222222,18.296666666666667,86.48666666666666,82.93333333333334,18,,safe,0.5467323257046496,953.4103228261473,jtsb_ais_interpolated,,,,,70,,False,False
86.0,,target,999170603,WAN HAI 266,-4.011764557133418,0.5354166666664639,34.530590277777776,138.99051388888887,16.5,91.25,92.0,18,,safe,0.8158816485098008,873.7298678780787,jtsb_ais_interpolated,,,,,70,,False,False
87.0,,own,999170601,USS FITZGERALD,1.2712961242498586,4.5407083333334235,34.59734513888889,139.09738333333334,19.509999999999998,188.64249999999998,188.64249999999998,18,,,,,jtsb_arpa_interpolated_heading_proxy,,,,,35,,False,False
87.0,,target,999170602,ACX CRYSTAL,-3.9556012265204568,-1.2536666666668737,34.50077222222222,138.99165,18.293333333333333,86.47333333333333,82.86666666666666,18,,safe,0.5466595211555917,952.41949068676,jtsb_ais_interpolated,,,,,70,,False,False
87.0,,target,999170603,WAN HAI 266,-4.0070499499181365,0.5352222222220178,34.53058703703704,138.99060925925926,16.5,91.26666666666667,92.0,18,,safe,0.813709534401351,872.8808324167236,jtsb_ais_interpolated,,,,,70,,False,False
88.0,,own,999170601,USS FITZGERALD,1.2704722123093173,4.535333333333426,34.597255555555556,139.09736666666666,19.506666666666664,188.65333333333334,188.65333333333334,18,,,,,jtsb_arpa_interpolated_heading_proxy,,,,,35,,False,False
88.0,,target,999170602,ACX CRYSTAL,-3.9505204362204718,-1.2534166666668725,34.50077638888889,138.99175277777775,18.29,86.46,82.8,18,,safe,0.5465869527664649,951.428745666335,jtsb_ais_interpolated,,,,,70,,False,False
88.0,,target,999170603,WAN HAI 266,-4.002335342702854,0.5350277777775716,34.53058379629629,138.99070462962962,16.5,91.28333333333333,92.0,18,,safe,0.8115418034726063,872.0314557836114,jtsb_ais_interpolated,,,,,70,,False,False
89.0,,own,999170601,USS FITZGERALD,1.269648300368776,4.529958333333429,34.59716597222223,139.09735,19.503333333333334,188.66416666666666,188.66416666666666,18,,,,,jtsb_arpa_interpolated_heading_proxy,,,,,35,,False,False
89.0,,target,999170602,ACX CRYSTAL,-3.9454396459204863,-1.2531666666668713,34.50078055555555,138.99185555555553,18.286666666666665,86.44666666666667,82.73333333333333,18,,safe,0.5465146205901266,950.4380874414544,jtsb_ais_interpolated,,,,,70,,False,False
89.0,,target,999170603,WAN HAI 266,-3.997620735487572,0.5348333333331254,34.53058055555555,138.99079999999998,16.5,91.3,92.0,18,,safe,0.8093784565256742,871.1817381099737,jtsb_ais_interpolated,,,,,70,,False,False
90.0,,own,999170601,USS FITZGERALD,1.2688243884282349,4.524583333333432,34.597076388888894,139.09733333333332,19.5,188.675,188.675,18,,,,,jtsb_arpa_interpolated_heading_proxy,,,,,35,,False,False
90.0,,target,999170602,ACX CRYSTAL,-3.9403588556205014,-1.25291666666687,34.50078472222222,138.99195833333332,18.28333333333333,86.43333333333334,82.66666666666667,18,,safe,0.5464425246793626,949.4475156888006,jtsb_ais_interpolated,,,,,70,,False,False
90.0,,target,999170603,WAN HAI 266,-3.99290612827229,0.5346388888886793,34.53057731481481,138.99089537037037,16.5,91.31666666666666,92.0,18,,safe,0.8072194943621809,870.3316795272502,jtsb_ais_interpolated,,,,,70,,False,False
91.0,,own,999170601,USS FITZGERALD,1.2680004764876935,4.5192083333334345,34.59698680555556,139.09731666666667,19.496666666666666,188.68583333333333,188.68583333333333,18,,,,,jtsb_arpa_interpolated_heading_proxy,,,,,35,,False,False
91.0,,target,999170602,ACX CRYSTAL,-3.935278065320516,-1.2526666666668689,34.500788888888884,138.9920611111111,18.279999999999998,86.42,82.6,18,,safe,0.5463706650868688,948.4570300851602,jtsb_ais_interpolated,,,,,70,,False,False
91.0,,target,999170603,WAN HAI 266,-3.9881915210570082,0.5344444444442331,34.530574074074075,138.99099074074073,16.5,91.33333333333333,92.0,18,,safe,0.8050649177832914,869.4812801670932,jtsb_ais_interpolated,,,,,70,,False,False
92.0,,own,999170601,USS FITZGERALD,1.2671765645471522,4.513833333333437,34.596897222222225,139.09730000000002,19.493333333333332,188.69666666666666,188.69666666666666,18,,,,,jtsb_arpa_interpolated_heading_proxy,,,,,35,,False,False
92.0,,target,999170602,ACX CRYSTAL,-3.9301972750205305,-1.2524166666668677,34.500793055555555,138.99216388888888,18.276666666666667,86.40666666666667,82.53333333333333,18,,safe,0.5462990418652769,947.4666303074206,jtsb_ais_interpolated,,,,,70,,False,False
92.0,,target,999170603,WAN HAI 266,-3.9834769138417263,0.534249999999787,34.53057083333333,138.9910861111111,16.5,91.35,92.0,18,,safe,0.8029147275896935,868.6305401613638,jtsb_ais_interpolated,,,,,70,,False,False
93.0,,own,999170601,USS FITZGERALD,1.266352652606611,4.50845833333344,34.59680763888889,139.09728333333334,19.49,188.7075,188.7075,18,,,,,jtsb_arpa_interpolated_heading_proxy,,,,,35,,False,False
93.0,,target,999170602,ACX CRYSTAL,-3.9251164847205455,-1.2521666666668665,34.50079722222222,138.99226666666664,18.273333333333333,86.39333333333333,82.46666666666667,18,,safe,0.5462276550671213,946.4763160325715,jtsb_ais_interpolated,,,,,70,,False,False
93.0,,target,999170603,WAN HAI 266,-3.9787623066264444,0.5340555555553408,34.53056759259259,138.99118148148148,16.5,91.36666666666666,92.0,18,,safe,0.8007689245816081,867.779459642135,jtsb_ais_interpolated,,,,,70,,False,False
94.0,,own,999170601,USS FITZGERALD,1.2655287406660696,4.503083333333443,34.596718055555556,139.09726666666668,19.486666666666665,188.71833333333333,188.71833333333333,18,,,,,jtsb_arpa_interpolated_heading_proxy,,,,,35,,False,False
94.0,,target,999170602,ACX CRYSTAL,-3.92003569442056,-1.2519166666668653,34.50080138888889,138.99236944444442,18.27,86.38,82.4,18,,safe,0.5461565047448745,945.4860869377038,jtsb_ais_interpolated,,,,,70,,False,False
94.0,,target,999170603,WAN HAI 266,-3.9740476994111624,0.5338611111108946,34.53056435185185,138.99127685185184,16.5,91.38333333333334,92.0,18,,safe,0.7986275095587864,866.9280387416904,jtsb_ais_interpolated,,,,,70,,False,False
95.0,,own,999170601,USS FITZGERALD,1.2647048287255283,4.4977083333334456,34.59662847222223,139.09725,19.48333333333333,188.72916666666666,188.72916666666666,18,,,,,jtsb_arpa_interpolated_heading_proxy,,,,,35,,False,False
95.0,,target,999170602,ACX CRYSTAL,-3.914954904120575,-1.251666666666864,34.50080555555555,138.9924722222222,18.266666666666666,86.36666666666666,82.33333333333333,18,,safe,0.5460855909509155,944.4959427000102,jtsb_ais_interpolated,,,,,70,,False,False
95.0,,target,999170603,WAN HAI 266,-3.96933309219588,0.5336666666664485,34.53056111111111,138.9913722222222,16.5,91.4,92.0,18,,safe,0.7964904833205063,866.0762775925252,jtsb_ais_interpolated,,,,,70,,False,False
96.0,,own,999170601,USS FITZGERALD,1.263880916784987,4.492333333333448,34.596538888888894,139.09723333333335,19.48,188.74,188.74,18,,,,,jtsb_arpa_interpolated_heading_proxy,,,,,35,,False,False
96.0,,target,999170602,ACX CRYSTAL,-3.9098741138205897,-1.251416666666863,34.50080972222222,138.992575,18.263333333333332,86.35333333333332,82.26666666666667,18,,safe,0.5460149137375566,943.5058829967829,jtsb_ais_interpolated,,,,,70,,False,False
96.0,,target,999170603,WAN HAI 266,-3.964618484980598,0.5334722222220023,34.530557870370366,138.99146759259258,16.5,91.41666666666667,92.0,18,,safe,0.7943578466655675,865.2241763273449,jtsb_ais_interpolated,,,,,70,,False,False
97.0,,own,999170601,USS FITZGERALD,1.2630570048444456,4.486958333333451,34.59644930555556,139.09721666666667,19.476666666666667,188.75083333333333,188.75083333333333,18,,,,,jtsb_arpa_interpolated_heading_proxy,,,,,35,,False,False
97.0,,target,999170602,ACX CRYSTAL,-3.9047933235206047,-1.2511666666668617,34.500813888888885,138.99267777777777,18.259999999999998,86.34,82.2,18,,safe,0.5459444731570195,942.5159075054166,jtsb_ais_interpolated,,,,,70,,False,False
97.0,,target,999170603,WAN HAI 266,-3.959903877765316,0.5332777777775561,34.53055462962963,138.99156296296294,16.5,91.43333333333334,92.0,18,,safe,0.7922296003923138,864.3717350790685,jtsb_ais_interpolated,,,,,70,,False,False
98.0,,own,999170601,USS FITZGERALD,1.2622330929039043,4.481583333333454,34.596359722222225,139.09720000000002,19.473333333333333,188.76166666666666,188.76166666666666,18,,,,,jtsb_arpa_interpolated_heading_proxy,,,,,35,,False,False
98.0,,target,999170602,ACX CRYSTAL,-3.8997125332206193,-1.2509166666668605,34.500818055555555,138.99278055555553,18.256666666666664,86.32666666666667,82.13333333333334,18,,safe,0.5458742692614542,941.5260159034045,jtsb_ais_interpolated,,,,,70,,False,False
98.0,,target,999170603,WAN HAI 266,-3.955189270550034,0.53308333333311,34.53055138888889,138.9916583333333,16.5,91.45,92.0,18,,safe,0.7901057452985992,863.5189539808248,jtsb_ais_interpolated,,,,,70,,False,False
99.0,,own,999170601,USS FITZGERALD,1.261409180963363,4.476208333333457,34.59627013888889,139.09718333333333,19.47,188.7725,188.7725,18,,,,,jtsb_arpa_interpolated_heading_proxy,,,,,35,,False,False
99.0,,target,999170602,ACX CRYSTAL,-3.894631742920634,-1.2506666666668593,34.50082222222222,138.9928833333333,18.253333333333334,86.31333333333333,82.06666666666666,18,,safe,0.5458043021029341,940.5362078683402,jtsb_ais_interpolated,,,,,70,,False,False
99.0,,target,999170603,WAN HAI 266,-3.9504746633347523,0.5328888888886638,34.53054814814815,138.9917537037037,16.5,91.46666666666667,92.0,18,,safe,0.7879862821818103,862.6658331659561,jtsb_ais_interpolated,,,,,70,,False,False
100.0,,own,999170601,USS FITZGERALD,1.2605852690228216,4.470833333333459,34.59618055555556,139.09716666666668,19.466666666666665,188.78333333333333,188.78333333333333,18,,,,,jtsb_arpa_interpolated_heading_proxy,,,,,35,,False,False
100.0,,target,999170602,ACX CRYSTAL,-3.889550952620649,-1.2504166666668581,34.50082638888889,138.9929861111111,18.25,86.3,82.0,18,,safe,0.5457345717334431,939.546483077918,jtsb_ais_interpolated,,,,,70,,False,False
100.0,,target,999170603,WAN HAI 266,-3.9457600561194703,0.5326944444442177,34.5305449074074,138.99184907407405,16.5,91.48333333333333,92.0,18,,safe,0.7858712118388658,861.8123727680157,jtsb_ais_interpolated,,,,,70,,False,False
101.0,,own,999170601,USS FITZGERALD,1.2597613570822803,4.465458333333462,34.59609097222223,139.09715,19.46333333333333,188.79416666666665,188.79416666666665,18,,,,,jtsb_arpa_interpolated_heading_proxy,,,,,35,,False,False
101.0,,target,999170602,ACX CRYSTAL,-3.8844701623206634,-1.250166666666857,34.50083055555555,138.99308888888888,18.246666666666666,86.28666666666666,81.93333333333334,18,,safe,0.5456650782048947,938.5568412099294,jtsb_ais_interpolated,,,,,70,,False,False
101.0,,target,999170603,WAN HAI 266,-3.9410454489041884,0.5324999999997715,34.530541666666664,138.9919444444444,16.5,91.5,92.0,18,,safe,0.7837605350662037,860.9585729207703,jtsb_ais_interpolated,,,,,70,,False,False
102.0,,own,999170601,USS FITZGERALD,1.258937445141739,4.460083333333465,34.596001388888894,139.09713333333335,19.459999999999997,188.805,188.805,18,,,,,jtsb_arpa_interpolated_heading_proxy,,,,,35,,False,False
102.0,,target,999170602,ACX CRYSTAL,-3.8793893720206785,-1.2499166666668557,34.50083472222222,138.99319166666666,18.243333333333332,86.27333333333333,81.86666666666666,18,,safe,0.5455958215691276,937.5672819422664,jtsb_ais_interpolated,,,,,70,,False,False
102.0,,target,999170603,WAN HAI 266,-3.936330841688906,0.5323055555553253,34.530538425925926,138.9920398148148,16.5,91.51666666666667,92.0,18,,safe,0.7816542526597847,860.1044337581978,jtsb_ais_interpolated,,,,,70,,False,False
103.0,,own,999170601,USS FITZGERALD,1.2581135332011977,4.454708333333468,34.59591180555556,139.09711666666666,19.456666666666667,188.81583333333333,188.81583333333333,18,,,,,jtsb_arpa_interpolated_heading_proxy,,,,,35,,False,False
103.0,,target,999170602,ACX CRYSTAL,-3.874308581720693,-1.2496666666668546,34.500838888888886,138.99329444444442,18.24,86.25999999999999,81.8,18,,safe,0.545526801877888,936.5778049529201,jtsb_ais_interpolated,,,,,70,,False,False
103.0,,target,999170603,WAN HAI 266,-3.931616234473624,0.5321111111108792,34.53053518518518,138.99213518518516,16.5,91.53333333333333,92.0,18,,safe,0.779552365415108,859.2499554144911,jtsb_ais_interpolated,,,,,70,,False,False
104.0,,own,999170601,USS FITZGERALD,1.2572896212606564,4.44933333333347,34.595822222222225,139.0971,19.453333333333333,188.82666666666665,188.82666666666665,18,,,,,jtsb_arpa_interpolated_heading_proxy,,,,,35,,False,False
104.0,,target,999170602,ACX CRYSTAL,-3.8692277914207076,-1.2494166666668534,34.500843055555556,138.9933972222222,18.236666666666665,86.24666666666667,81.73333333333333,18,,safe,0.545458019182858,935.5884099199782,jtsb_ais_interpolated,,,,,70,,False,False
104.0,,target,999170603,WAN HAI 266,-3.926901627258342,0.531916666666433,34.53053194444444,138.99223055555555,16.5,91.55,92.0,18,,safe,0.7774548741271835,858.3951380240537,jtsb_ais_interpolated,,,,,70,,False,False
105.0,,own,999170601,USS FITZGERALD,1.256465709320115,4.443958333333473,34.59573263888889,139.09708333333333,19.45,188.8375,188.8375,18,,,,,jtsb_arpa_interpolated_heading_proxy,,,,,35,,False,False
105.0,,target,999170602,ACX CRYSTAL,-3.8641470011207226,-1.2491666666668522,34.50084722222222,138.99349999999998,18.233333333333334,86.23333333333333,81.66666666666667,18,,safe,0.5453894735356353,934.5990965216282,jtsb_ais_interpolated,,,,,70,,False,False
105.0,,target,999170603,WAN HAI 266,-3.92218702004306,0.5317222222219868,34.5305287037037,138.9923259259259,16.5,91.56666666666666,92.0,18,,safe,0.7753617795905523,857.5399817215035,jtsb_ais_interpolated,,,,,70,,False,False
106.0,,own,999170601,USS FITZGERALD,1.2556417973795737,4.438583333333476,34.59564305555556,139.09706666666668,19.446666666666665,188.84833333333333,188.84833333333333,18,,,,,jtsb_arpa_interpolated_heading_proxy,,,,,35,,False,False
106.0,,target,999170602,ACX CRYSTAL,-3.859066210820737,-1.248916666666851,34.50085138888889,138.99360277777777,18.23,86.22,81.6,18,,safe,0.5453211649877341,933.6098644361541,jtsb_ais_interpolated,,,,,70,,False,False
106.0,,target,999170603,WAN HAI 266,-3.9174724128277782,0.5315277777775407,34.53052546296296,138.99242129629627,16.5,91.58333333333333,92.0,18,,safe,0.7732730825992776,856.6844866416714,jtsb_ais_interpolated,,,,,70,,False,False
107.0,,own,999170601,USS FITZGERALD,1.2548178854390324,4.433208333333479,34.59555347222223,139.09705,19.44333333333333,188.85916666666665,188.85916666666665,18,,,,,jtsb_arpa_interpolated_heading_proxy,,,,,35,,False,False
107.0,,target,999170602,ACX CRYSTAL,-3.853985420520752,-1.2486666666668498,34.50085555555555,138.99370555555555,18.226666666666667,86.20666666666666,81.53333333333333,18,,safe,0.5452530935905947,932.6207133419384,jtsb_ais_interpolated,,,,,70,,False,False
107.0,,target,999170603,WAN HAI 266,-3.9127578056124963,0.5313333333330945,34.53052222222222,138.99251666666666,16.5,91.6,92.0,18,,safe,0.7711887839469485,855.8286529196027,jtsb_ais_interpolated,,,,,70,,False,False
108.0,,own,999170601,USS FITZGERALD,1.253993973498491,4.427833333333481,34.595463888888894,139.09703333333334,19.439999999999998,188.87,188.87,18,,,,,jtsb_arpa_interpolated_heading_proxy,,,,,35,,False,False
108.0,,target,999170602,ACX CRYSTAL,-3.848904630220767,-1.2484166666668486,34.50085972222222,138.9938083333333,18.223333333333333,86.19333333333333,81.46666666666667,18,,safe,0.5451852593955862,931.6316429174597,jtsb_ais_interpolated,,,,,70,,False,False
108.0,,target,999170603,WAN HAI 266,-3.908043198397214,0.5311388888886484,34.53051898148148,138.99261203703702,16.5,91.61666666666666,92.0,18,,safe,0.7691088844266699,854.9724806905541,jtsb_ais_interpolated,,,,,70,,False,False
109.0,,own,999170601,USS FITZGERALD,1.2531700615579497,4.422458333333484,34.59537430555556,139.09701666666666,19.436666666666664,188.88083333333333,188.88083333333333,18,,,,,jtsb_arpa_interpolated_heading_proxy,,,,,35,,False,False
109.0,,target,999170602,ACX CRYSTAL,-3.8438238399207814,-1.2481666666668474,34.50086388888889,138.9939111111111,18.22,86.17999999999999,81.4,18,,safe,0.5451176624539836,930.642652841294,jtsb_ais_interpolated,,,,,70,,False,False
109.0,,target,999170603,WAN HAI 266,-3.903328591181932,0.5309444444442022,34.53051574074074,138.99270740740738,16.5,91.63333333333334,92.0,18,,safe,0.7670333848310822,854.1159700899996,jtsb_ais_interpolated,,,,,70,,False,False
110.0,,own,999170601,USS FITZGERALD,1.2523461496174084,4.417083333333487,34.595284722222225,139.097,19.433333333333334,188.89166666666665,188.89166666666665,18,,,,,jtsb_arpa_interpolated_heading_proxy,,,,,35,,False,False
110.0,,target,999170602,ACX CRYSTAL,-3.8387430496207964,-1.2479166666668462,34.50086805555556,138.99401388888887,18.216666666666665,86.16666666666666,81.33333333333333,18,,safe,0.5450503028169984,929.6537427921143,jtsb_ais_interpolated,,,,,70,,False,False
110.0,,target,999170603,WAN HAI 266,-3.89861398396665,0.530749999999756,34.5305125,138.99280277777777,16.5,91.65,92.0,18,,safe,0.7649622859523345,853.259121253624,jtsb_ais_interpolated,,,,,70,,False,False
111.0,,own,999170601,USS FITZGERALD,1.251522237676867,4.41170833333349,34.59519513888889,139.09698333333333,19.43,188.9025,188.9025,18,,,,,jtsb_arpa_interpolated_heading_proxy,,,,,35,,False,False
111.0,,target,999170602,ACX CRYSTAL,-3.833662259320811,-1.247666666666845,34.50087222222222,138.99411666666666,18.21333333333333,86.15333333333332,81.26666666666667,18,,safe,0.5449831805357594,928.6649124486885,jtsb_ais_interpolated,,,,,70,,False,False
111.0,,target,999170603,WAN HAI 266,-3.893899376751368,0.5305555555553099,34.530509259259254,138.99289814814813,16.5,91.66666666666667,92.0,18,,safe,0.7628955885821036,852.4019343173287,jtsb_ais_interpolated,,,,,70,,False,False
112.0,,own,999170601,USS FITZGERALD,1.250698325736326,4.406333333333492,34.59510555555556,139.09696666666667,19.426666666666666,188.91333333333333,188.91333333333333,18,,,,,jtsb_arpa_interpolated_heading_proxy,,,,,35,,False,False
112.0,,target,999170602,ACX CRYSTAL,-3.828581469020826,-1.2474166666668438,34.50087638888889,138.99421944444444,18.21,86.14,81.2,18,,safe,0.5449162956613118,927.6761614898826,jtsb_ais_interpolated,,,,,70,,False,False
112.0,,target,999170603,WAN HAI 266,-3.889184769536086,0.5303611111108637,34.530506018518516,138.9929935185185,16.5,91.68333333333334,92.0,18,,safe,0.7608332935115935,851.5444094172293,jtsb_ais_interpolated,,,,,70,,False,False
113.0,,own,999170601,USS FITZGERALD,1.2498744137957847,4.400958333333495,34.59501597222223,139.09695,19.423333333333332,188.92416666666668,188.92416666666668,18,,,,,jtsb_arpa_interpolated_heading_proxy,,,,,35,,False,False
113.0,,target,999170602,ACX CRYSTAL,-3.8235006787208405,-1.2471666666668426,34.500880555555554,138.9943222222222,18.206666666666667,86.12666666666667,81.13333333333334,18,,safe,0.5448496482446303,926.6874895946553,jtsb_ais_interpolated,,,,,70,,False,False
113.0,,target,999170603,WAN HAI 266,-3.884470162320804,0.5301666666664175,34.53050277777778,138.99308888888888,16.5,91.7,92.0,18,,safe,0.7587754015315138,850.6865466896546,jtsb_ais_interpolated,,,,,70,,False,False
114.0,,own,999170601,USS FITZGERALD,1.2490505018552434,4.395583333333498,34.594926388888894,139.09693333333334,19.419999999999998,188.935,188.935,18,,,,,jtsb_arpa_interpolated_heading_proxy,,,,,35,,False,False
114.0,,target,999170602,ACX CRYSTAL,-3.8184198884208556,-1.2469166666668414,34.500884722222224,138.99442499999998,18.203333333333333,86.11333333333333,81.06666666666666,18,,safe,0.5447832383366044,925.6988964420632,jtsb_ais_interpolated,,,,,70,,False,False
114.0,,target,999170603,WAN HAI 266,-3.8797555551055223,0.5299722222219714,34.53049953703704,138.99318425925924,16.5,91.71666666666667,92.0,18,,safe,0.7567219134321133,849.8283462711504,jtsb_ais_interpolated,,,,,70,,False,False
115.0,,own,999170601,USS FITZGERALD,1.248226589914702,4.390208333333501,34.59483680555556,139.09691666666666,19.416666666666664,188.94583333333333,188.94583333333333,18,,,,,jtsb_arpa_interpolated_heading_proxy,,,,,35,,False,False
115.0,,target,999170602,ACX CRYSTAL,-3.81333909812087,-1.2466666666668402,34.50088888888889,138.99452777777776,18.2,86.1,81.0,18,,safe,0.5447170659880526,924.710381711256,jtsb_ais_fix,,,,,70,,False,False
115.0,,target,999170603,WAN HAI 266,-3.87504094789024,0.5297777777775252,34.53049629629629,138.9932796296296,16.5,91.73333333333333,92.0,18,,safe,0.7546728300031458,848.969808298476,jtsb_ais_interpolated,,,,,70,,False,False
116.0,,own,999170601,USS FITZGERALD,1.2474026779741607,4.3848333333335034,34.594747222222225,139.0969,19.41333333333333,188.95666666666668,188.95666666666668,18,,,,,jtsb_arpa_interpolated_heading_proxy,,,,,35,,False,False
116.0,,target,999170602,ACX CRYSTAL,-3.808380368849122,-1.2459567901236253,34.50090072016461,138.99462808641974,18.196296296296296,85.97592592592592,80.85185185185185,18,,safe,0.5372652752990575,923.0540836465856,jtsb_ais_interpolated,,,,,70,,False,False
116.0,,target,999170603,WAN HAI 266,-3.870326340674958,0.529583333333079,34.53049305555555,138.993375,16.5,91.75,92.0,18,,safe,0.7526281520338929,848.1109329086069,jtsb_ais_interpolated,,,,,70,,False,False
117.0,,own,999170601,USS FITZGERALD,1.2465787660336194,4.379458333333506,34.59465763888889,139.09688333333332,19.41,188.9675,188.9675,18,,,,,jtsb_arpa_interpolated_heading_proxy,,,,,35,,False,False
117.0,,target,999170602,ACX CRYSTAL,-3.803421639577374,-1.2452469135804103,34.50091255144033,138.9947283950617,18.192592592592593,85.85185185185185,80.70370370370371,18,,safe,0.5298283031760395,921.4009715925805,jtsb_ais_interpolated,,,,,70,,False,False
117.0,,target,999170603,WAN HAI 266,-3.865611733459676,0.5293888888886329,34.530489814814814,138.99347037037035,16.5,91.76666666666667,92.0,18,,safe,0.7505878803131535,847.2517202387335,jtsb_ais_interpolated,,,,,70,,False,False
118.0,,own,999170601,USS FITZGERALD,1.245754854093078,4.374083333333509,34.59456805555556,139.09686666666667,19.406666666666666,188.97833333333332,188.97833333333332,18,,,,,jtsb_arpa_interpolated_heading_proxy,,,,,35,,False,False
118.0,,target,999170602,ACX CRYSTAL,-3.7984629103056253,-1.244537037037195,34.50092438271605,138.9948287037037,18.18888888888889,85.72777777777777,80.55555555555556,18,,safe,0.5224061609145655,919.7510327718071,jtsb_ais_interpolated,,,,,70,,False,False
118.0,,target,999170603,WAN HAI 266,-3.860897126244394,0.5291944444441867,34.53048657407407,138.9935657407407,16.5,91.78333333333333,92.0,18,,safe,0.7485520156292439,846.392170426263,jtsb_ais_interpolated,,,,,70,,False,False
119.0,,own,999170601,USS FITZGERALD,1.2449309421525367,4.368708333333512,34.59447847222223,139.09685,19.403333333333332,188.98916666666668,188.98916666666668,18,,,,,jtsb_arpa_interpolated_heading_proxy,,,,,35,,False,False
119.0,,target,999170602,ACX CRYSTAL,-3.793504181033877,-1.2438271604939801,34.50093621399177,138.99492901234566,18.185185185185183,85.6037037037037,80.4074074074074,18,,safe,0.5149988597619571,918.1042544746666,jtsb_ais_interpolated,,,,,70,,False,False
119.0,,target,999170603,WAN HAI 266,-3.856182519029112,0.5289999999997406,34.53048333333333,138.9936611111111,16.5,91.8,92.0,18,,safe,0.746520558769996,845.5322836088167,jtsb_ais_interpolated,,,,,70,,False,False
120.0,,own,999170601,USS FITZGERALD,1.2441070302119954,4.3633333333335145,34.59438888888889,139.09683333333334,19.4,189.0,189.0,18,,,,,jtsb_arpa_fix_heading_proxy,,,,,35,,False,False
120.0,,target,999170602,ACX CRYSTAL,-3.788545451762129,-1.2431172839507652,34.50094804526749,138.99502932098764,18.18148148148148,85.47962962962963,80.25925925925925,18,,safe,0.5076064109173755,916.460624058947,jtsb_ais_interpolated,,,,,70,,False,False
120.0,,target,999170603,WAN HAI 266,-3.85146791181383,0.5288055555552944,34.53048009259259,138.99375648148146,16.5,91.81666666666666,92.0,18,,safe,0.7444935105227729,844.6720599242337,jtsb_ais_interpolated,,,,,70,,False,False
121.0,,own,999170601,USS FITZGERALD,1.2432945614928606,4.358027777777959,34.59430046296297,139.09681689814815,19.4,189.00083333333333,189.00083333333333,18,,,,,jtsb_arpa_interpolated_heading_proxy,,,,,35,,False,False
121.0,,target,999170602,ACX CRYSTAL,-3.783586722490381,-1.2424074074075502,34.500959876543206,138.99512962962962,18.177777777777777,85.35555555555555,80.11111111111111,18,,safe,0.49907449056188247,914.8166607900022,jtsb_ais_interpolated,,,,,70,,False,False
121.0,,target,999170603,WAN HAI 266,-3.846753304598548,0.5286111111108482,34.53047685185185,138.99385185185184,16.5,91.83333333333333,92.0,18,,safe,0.7435333324500667,843.7830391134735,jtsb_ais_interpolated,,,,,70,,False,False
122.0,,own,999170601,USS FITZGERALD,1.2424820927737257,4.352722222222404,34.59421203703704,139.09680046296296,19.4,189.00166666666667,189.00166666666667,18,,,,,jtsb_arpa_interpolated_heading_proxy,,,,,35,,False,False
122.0,,target,999170602,ACX CRYSTAL,-3.7786279932186324,-1.241697530864335,34.50097170781893,138.9952299382716,18.174074074074074,85.23148148148148,79.96296296296296,18,,safe,0.4905621043937588,913.1752453767292,jtsb_ais_interpolated,,,,,70,,False,False
122.0,,target,999170603,WAN HAI 266,-3.842038697383266,0.5284166666664021,34.530473611111105,138.9939472222222,16.5,91.85,92.0,18,,safe,0.7425751731006203,842.8938002668009,jtsb_ais_interpolated,,,,,70,,False,False
123.0,,own,999170601,USS FITZGERALD,1.241669624054591,4.347416666666849,34.594123611111115,139.09678402777777,19.4,189.0025,189.0025,18,,,,,jtsb_arpa_interpolated_heading_proxy,,,,,35,,False,False
123.0,,target,999170602,ACX CRYSTAL,-3.7736692639468843,-1.24098765432112,34.50098353909465,138.99533024691357,18.17037037037037,85.10740740740741,79.81481481481481,18,,safe,0.4820692543776479,911.5363703313793,jtsb_ais_interpolated,,,,,70,,False,False
123.0,,target,999170603,WAN HAI 266,-3.837324090167984,0.5282222222219559,34.53047037037037,138.99404259259256,16.5,91.86666666666666,92.0,18,,safe,0.7416190324050176,842.0043433080398,jtsb_ais_interpolated,,,,,70,,False,False
124.0,,own,999170601,USS FITZGERALD,1.2408571553354562,4.3421111111112936,34.59403518518519,139.09676759259258,19.4,189.00333333333333,189.00333333333333,18,,,,,jtsb_arpa_interpolated_heading_proxy,,,,,35,,False,False
124.0,,target,999170602,ACX CRYSTAL,-3.768710534675136,-1.240277777777905,34.50099537037037,138.99543055555554,18.166666666666664,84.98333333333333,79.66666666666667,18,,safe,0.4735959424545569,909.9000281995023,jtsb_ais_interpolated,,,,,70,,False,False
124.0,,target,999170603,WAN HAI 266,-3.832609482952702,0.5280277777775098,34.53046712962963,138.99413796296295,16.5,91.88333333333334,92.0,18,,safe,0.7406649102936983,841.1146681609558,jtsb_ais_interpolated,,,,,70,,False,False
125.0,,own,999170601,USS FITZGERALD,1.2400446866163213,4.336805555555738,34.59394675925926,139.09675115740743,19.4,189.00416666666666,189.00416666666666,18,,,,,jtsb_arpa_interpolated_heading_proxy,,,,,35,,False,False
125.0,,target,999170602,ACX CRYSTAL,-3.763751805403388,-1.23956790123469,34.50100720164609,138.99553086419752,18.16296296296296,84.85925925925926,79.51851851851852,18,,safe,0.465142170541749,908.2662115597677,jtsb_ais_interpolated,,,,,70,,False,False
125.0,,target,999170603,WAN HAI 266,-3.82789487573742,0.5278333333330636,34.53046388888889,138.9942333333333,16.5,91.9,92.0,18,,safe,0.7397128066969709,840.2247747492543,jtsb_ais_interpolated,,,,,70,,False,False
126.0,,own,999170601,USS FITZGERALD,1.2392322178971864,4.331500000000183,34.59385833333334,139.09673472222224,19.4,189.005,189.005,18,,,,,jtsb_arpa_interpolated_heading_proxy,,,,,35,,False,False
126.0,,target,999170602,ACX CRYSTAL,-3.7587930761316395,-1.238858024691475,34.50101903292181,138.9956311728395,18.159259259259258,84.73518518518519,79.37037037037037,18,,safe,0.456707940532623,906.6349130237892,jtsb_ais_interpolated,,,,,70,,False,False
126.0,,target,999170603,WAN HAI 266,-3.823180268522138,0.5276388888886174,34.53046064814814,138.99432870370367,16.5,91.91666666666667,92.0,18,,safe,0.7387627215450019,839.3346629965827,jtsb_ais_interpolated,,,,,70,,False,False
127.0,,own,999170601,USS FITZGERALD,1.2384197491780518,4.326194444444628,34.59376990740741,139.09671828703705,19.4,189.00583333333333,189.00583333333333,18,,,,,jtsb_arpa_interpolated_heading_proxy,,,,,35,,False,False
127.0,,target,999170602,ACX CRYSTAL,-3.7538343468598914,-1.23814814814826,34.50103086419753,138.99573148148147,18.155555555555555,84.61111111111111,79.22222222222223,18,,safe,0.44829325429661276,905.006125235948,jtsb_ais_interpolated,,,,,70,,False,False
127.0,,target,999170603,WAN HAI 266,-3.818465661306856,0.5274444444441713,34.530457407407404,138.99442407407406,16.5,91.93333333333334,92.0,18,,safe,0.7378146547678208,838.4443328265284,jtsb_ais_interpolated,,,,,70,,False,False
128.0,,own,999170601,USS FITZGERALD,1.2376072804589169,4.320888888889073,34.59368148148149,139.09670185185186,19.4,189.00666666666666,189.00666666666666,18,,,,,jtsb_arpa_interpolated_heading_proxy,,,,,35,,False,False
128.0,,target,999170602,ACX CRYSTAL,-3.7488756175881432,-1.237438271605045,34.50104269547325,138.99583179012345,18.151851851851852,84.48703703703704,79.07407407407408,18,,safe,0.43989811367908194,903.3798408732191,jtsb_ais_interpolated,,,,,70,,False,False
128.0,,target,999170603,WAN HAI 266,-3.8137510540915738,0.5272499999997251,34.530454166666665,138.99451944444442,16.5,91.95,92.0,18,,safe,0.7368686062953189,837.55378416262,jtsb_ais_interpolated,,,,,70,,False,False
129.0,,own,999170601,USS FITZGERALD,1.236794811739782,4.315583333333517,34.59359305555556,139.09668541666667,19.4,189.0075,189.0075,18,,,,,jtsb_arpa_interpolated_heading_proxy,,,,,35,,False,False
129.0,,target,999170602,ACX CRYSTAL,-3.743916888316395,-1.23672839506183,34.50105452674897,138.99593209876542,18.14814814814815,84.36296296296295,78.92592592592592,18,,safe,0.43152252050121,901.7560526449964,jtsb_ais_interpolated,,,,,70,,False,False
129.0,,target,999170603,WAN HAI 266,-3.809036446876292,0.5270555555552789,34.530450925925926,138.99461481481478,16.5,91.96666666666667,92.0,18,,safe,0.7359245760572519,836.663016928327,jtsb_ais_interpolated,,,,,70,,False,False
130.0,,own,999170601,USS FITZGERALD,1.2359823430206471,4.310277777777962,34.593504629629635,139.09666898148149,19.4,189.00833333333333,189.00833333333333,18,,,,,jtsb_arpa_interpolated_heading_proxy,,,,,35,,False,False
130.0,,target,999170602,ACX CRYSTAL,-3.7389581590446466,-1.236018518518615,34.501066358024694,138.9960324074074,18.144444444444446,84.23888888888888,78.77777777777777,18,,safe,0.42316647655990247,900.1347532929205,jtsb_ais_interpolated,,,,,70,,False,False
130.0,,target,999170603,WAN HAI 266,-3.80432183966101,0.5268611111108328,34.53044768518518,138.99471018518517,16.5,91.98333333333333,92.0,18,,safe,0.7349825639832273,835.7720310470593,jtsb_ais_interpolated,,,,,70,,False,False
131.0,,own,999170601,USS FITZGERALD,1.2351698743015123,4.304972222222407,34.59341620370371,139.0966525462963,19.4,189.00916666666666,189.00916666666666,18,,,,,jtsb_arpa_interpolated_heading_proxy,,,,,35,,False,False
131.0,,target,999170602,ACX CRYSTAL,-3.7339994297728984,-1.2353086419753998,34.501078189300415,138.99613271604937,18.14074074074074,84.1148148148148,78.62962962962963,18,,safe,0.41482998362766466,898.515935590709,jtsb_ais_interpolated,,,,,70,,False,False
131.0,,target,999170603,WAN HAI 266,-3.799607232445728,0.5266666666663866,34.53044444444444,138.99480555555553,16.5,92.0,92.0,18,,safe,0.734042570002727,834.8808264421672,jtsb_ais_fix,,,,,70,,False,False
132.0,,own,999170601,USS FITZGERALD,1.2343574055823776,4.299666666666852,34.59332777777778,139.0966361111111,19.4,189.01,189.01,18,,,,,jtsb_arpa_interpolated_heading_proxy,,,,,35,,False,False
132.0,,target,999170602,ACX CRYSTAL,-3.7290407005011503,-1.2345987654321848,34.50109002057613,138.99623302469135,18.137037037037036,83.99074074074073,78.48148148148148,18,,safe,0.4065130434525154,896.8995923439835,jtsb_ais_interpolated,,,,,70,,False,False
132.0,,target,999170603,WAN HAI 266,-3.7951131673155025,0.5265151515148729,34.530441919191915,138.99489646464644,16.49848484848485,92.0,91.98484848484848,18,,safe,0.7343165043191682,833.9173819878177,jtsb_ais_interpolated,,,,,70,,False,False
133.0,,own,999170601,USS FITZGERALD,1.2335449368632427,4.2943611111112965,34.59323935185186,139.09661967592592,19.4,189.01083333333332,189.01083333333332,18,,,,,jtsb_arpa_interpolated_heading_proxy,,,,,35,,False,False
133.0,,target,999170602,ACX CRYSTAL,-3.724081971229402,-1.2338888888889699,34.50110185185185,138.99633333333333,18.133333333333333,83.86666666666666,78.33333333333333,18,,safe,0.3982156577578741,895.2857163901028,jtsb_ais_interpolated,,,,,70,,False,False
133.0,,target,999170603,WAN HAI 266,-3.790619102185277,0.5263636363633591,34.53043939393939,138.99498737373736,16.496969696969696,92.0,91.96969696969697,18,,safe,0.7345899794857881,832.9538715633563,jtsb_ais_interpolated,,,,,70,,False,False
134.0,,own,999170601,USS FITZGERALD,1.2327324681441079,4.289055555555741,34.59315092592593,139.09660324074073,19.4,189.01166666666666,189.01166666666666,18,,,,,jtsb_arpa_interpolated_heading_proxy,,,,,35,,False,False
134.0,,target,999170602,ACX CRYSTAL,-3.7191232419576536,-1.2331790123457549,34.50111368312757,138.9964336419753,18.12962962962963,83.74259259259259,78.18518518518519,18,,safe,0.3899378282424642,893.6743005979932,jtsb_ais_interpolated,,,,,70,,False,False
134.0,,target,999170603,WAN HAI 266,-3.786125037055052,0.5262121212118455,34.53043686868686,138.99507828282825,16.495454545454546,92.0,91.95454545454545,18,,safe,0.7348629954583937,831.990295167532,jtsb_ais_interpolated,,,,,70,,False,False
135.0,,own,999170601,USS FITZGERALD,1.231919999424973,4.283750000000186,34.5930625,139.09658680555555,19.4,189.0125,189.0125,18,,,,,jtsb_arpa_interpolated_heading_proxy,,,,,35,,False,False
135.0,,target,999170602,ACX CRYSTAL,-3.7141645126859055,-1.23246913580254,34.50112551440329,138.99653395061728,18.125925925925927,83.61851851851851,78.03703703703704,18,,safe,0.38167955658020974,892.0653378679822,jtsb_ais_interpolated,,,,,70,,False,False
135.0,,target,999170603,WAN HAI 266,-3.7816309719248267,0.5260606060603318,34.530434343434344,138.99516919191916,16.493939393939392,92.0,91.93939393939394,18,,safe,0.7351355521927899,831.0266527990963,jtsb_ais_interpolated,,,,,70,,False,False
136.0,,own,999170601,USS FITZGERALD,1.2311075307058383,4.278444444444631,34.59297407407408,139.0965703703704,19.4,189.01333333333332,189.01333333333332,18,,,,,jtsb_arpa_interpolated_heading_proxy,,,,,35,,False,False
136.0,,target,999170602,ACX CRYSTAL,-3.7092057834141574,-1.2317592592593247,34.50113734567901,138.99663425925925,18.12222222222222,83.49444444444444,77.88888888888889,18,,safe,0.373440844420136,890.4588211316321,jtsb_ais_interpolated,,,,,70,,False,False
136.0,,target,999170603,WAN HAI 266,-3.7771369067946012,0.525909090908818,34.53043181818182,138.99526010101008,16.492424242424242,92.0,91.92424242424242,18,,safe,0.7354076496447799,830.0629444568013,jtsb_ais_interpolated,,,,,70,,False,False
137.0,,own,999170601,USS FITZGERALD,1.2302950619867035,4.273138888889076,34.592885648148155,139.0965539351852,19.4,189.01416666666665,189.01416666666665,18,,,,,jtsb_arpa_interpolated_heading_proxy,,,,,35,,False,False
137.0,,target,999170602,ACX CRYSTAL,-3.7042470541424093,-1.2310493827161098,34.50114917695473,138.99673456790123,18.118518518518517,83.37037037037037,77.74074074074075,18,,safe,0.3652216933862692,888.8547433515755,jtsb_ais_interpolated,,,,,70,,False,False
137.0,,target,999170603,WAN HAI 266,-3.772642841664376,0.5257575757573043,34.53042929292929,138.995351010101,16.490909090909092,92.0,91.9090909090909,18,,safe,0.7356792877701601,829.0991701394008,jtsb_ais_interpolated,,,,,70,,False,False
138.0,,own,999170601,USS FITZGERALD,1.2294825932675686,4.26783333333352,34.592797222222224,139.0965375,19.4,189.015,189.015,18,,,,,jtsb_arpa_interpolated_heading_proxy,,,,,35,,False,False
138.0,,target,999170602,ACX CRYSTAL,-3.6992883248706607,-1.2303395061728948,34.501161008230454,138.9968348765432,18.114814814814814,83.2462962962963,77.5925925925926,18,,safe,0.3570221050775361,887.25309752135,jtsb_ais_interpolated,,,,,70,,False,False
138.0,,target,999170603,WAN HAI 266,-3.7681487765341504,0.5256060606057905,34.530426767676765,138.9954419191919,16.48939393939394,92.0,91.89393939393939,18,,safe,0.7359504665247288,828.1353298456495,jtsb_ais_interpolated,,,,,70,,False,False
139.0,,own,999170601,USS FITZGERALD,1.2286701245484337,4.262527777777965,34.5927087962963,139.09652106481482,19.4,189.01583333333332,189.01583333333332,18,,,,,jtsb_arpa_interpolated_heading_proxy,,,,,35,,False,False
139.0,,target,999170602,ACX CRYSTAL,-3.6943295955989126,-1.2296296296296798,34.501172839506175,138.99693518518518,18.11111111111111,83.12222222222222,77.44444444444444,18,,safe,0.3488420810676672,885.6538766652382,jtsb_ais_interpolated,,,,,70,,False,False
139.0,,target,999170603,WAN HAI 266,-3.7636547114039254,0.5254545454542768,34.53042424242424,138.99553282828282,16.48787878787879,92.0,91.87878787878788,18,,safe,0.7362211858642752,827.1714235743033,jtsb_ais_interpolated,,,,,70,,False,False
140.0,,own,999170601,USS FITZGERALD,1.227857655829299,4.25722222222241,34.592620370370376,139.09650462962964,19.4,189.01666666666665,189.01666666666665,18,,,,,jtsb_arpa_interpolated_heading_proxy,,,,,35,,False,False
140.0,,target,999170602,ACX CRYSTAL,-3.6893708663271645,-1.2289197530864646,34.501184670781896,138.99703549382716,18.107407407407408,82.99814814814815,77.29629629629629,18,,safe,0.3406816229051055,884.0570738381023,jtsb_ais_interpolated,,,,,70,,False,False
140.0,,target,999170603,WAN HAI 266,-3.7591606462737,0.5253030303027632,34.53042171717171,138.9956237373737,16.486363636363635,92.0,91.86363636363636,18,,safe,0.7364914457445857,826.2074513241198,jtsb_ais_interpolated,,,,,70,,False,False
141.0,,own,999170601,USS FITZGERALD,1.2270451871101642,4.251916666666855,34.59253194444445,139.09648819444445,19.4,189.0175,189.0175,18,,,,,jtsb_arpa_interpolated_heading_proxy,,,,,35,,False,False
141.0,,target,999170602,ACX CRYSTAL,-3.6844121370554164,-1.2282098765432496,34.50119650205762,138.99713580246913,18.103703703703705,82.87407407407407,77.14814814814815,18,,safe,0.3325407321129003,882.462682125225,jtsb_ais_interpolated,,,,,70,,False,False
141.0,,target,999170603,WAN HAI 266,-3.7546665811434745,0.5251515151512494,34.53041919191919,138.99571464646462,16.484848484848484,92.0,91.84848484848484,18,,safe,0.736761246121443,825.2434130938577,jtsb_ais_interpolated,,,,,70,,False,False
142.0,,own,999170601,USS FITZGERALD,1.2262327183910293,4.246611111111299,34.59244351851852,139.09647175925926,19.4,189.01833333333335,189.01833333333335,18,,,,,jtsb_arpa_interpolated_heading_proxy,,,,,35,,False,False
142.0,,target,999170602,ACX CRYSTAL,-3.679453407783668,-1.2275000000000347,34.50120833333334,138.99723611111108,18.1,82.75,77.0,18,,safe,0.3244194101886141,880.870694642151,jtsb_ais_interpolated,,,,,70,,False,False
142.0,,target,999170603,WAN HAI 266,-3.750172516013249,0.5249999999997357,34.53041666666667,138.99580555555553,16.483333333333334,92.0,91.83333333333333,18,,safe,0.737030586950633,824.2793088822764,jtsb_ais_interpolated,,,,,70,,False,False
143.0,,own,999170601,USS FITZGERALD,1.2254202496718944,4.241305555555744,34.5923550925926,139.09645532407407,19.4,189.01916666666668,189.01916666666668,18,,,,,jtsb_arpa_interpolated_heading_proxy,,,,,35,,False,False
143.0,,target,999170602,ACX CRYSTAL,-3.6744946785119197,-1.2267901234568197,34.50122016460905,138.99733641975305,18.096296296296295,82.62592592592593,76.85185185185185,18,,safe,0.31631765860423094,879.2811045345247,jtsb_ais_interpolated,,,,,70,,False,False
143.0,,target,999170603,WAN HAI 266,-3.745678450883024,0.524848484848222,34.53041414141414,138.99589646464645,16.48181818181818,92.0,91.81818181818181,18,,safe,0.7372994681879284,823.3151386881376,jtsb_ais_interpolated,,,,,70,,False,False
144.0,,own,999170601,USS FITZGERALD,1.2246077809527596,4.236000000000189,34.592266666666674,139.09643888888888,19.4,189.02,189.02,18,,,,,jtsb_arpa_interpolated_heading_proxy,,,,,35,,False,False
144.0,,target,999170602,ACX CRYSTAL,-3.6695359492401716,-1.2260802469136047,34.50123199588477,138.99743672839503,18.09259259259259,82.50185185185185,76.70370370370371,18,,safe,0.3082354788060682,877.6939049779356,jtsb_ais_interpolated,,,,,70,,False,False
144.0,,target,999170603,WAN HAI 266,-3.7411843857527987,0.5246969696967082,34.530411616161615,138.99598737373736,16.48030303030303,92.0,91.8030303030303,18,,safe,0.7375678897891067,822.3509025102031,jtsb_ais_interpolated,,,,,70,,False,False
145.0,,own,999170601,USS FITZGERALD,1.223795312233625,4.230694444444634,34.59217824074074,139.09642245370372,19.4,189.02083333333334,189.02083333333334,18,,,,,jtsb_arpa_interpolated_heading_proxy,,,,,35,,False,False
145.0,,target,999170602,ACX CRYSTAL,-3.6645772199684234,-1.2253703703703895,34.50124382716049,138.997537037037,18.08888888888889,82.37777777777778,76.55555555555556,18,,safe,0.30017287221466615,876.1090891777599,jtsb_ais_interpolated,,,,,70,,False,False
145.0,,target,999170603,WAN HAI 266,-3.7366903206225732,0.5245454545451945,34.53040909090909,138.99607828282825,16.478787878787877,92.0,91.78787878787878,18,,safe,0.7378358517099372,821.3866003472373,jtsb_ais_interpolated,,,,,70,,False,False
146.0,,own,999170601,USS FITZGERALD,1.22298284351449,4.2253888888890785,34.59208981481482,139.09640601851854,19.4,189.02166666666668,189.02166666666668,18,,,,,jtsb_arpa_interpolated_heading_proxy,,,,,35,,False,False
146.0,,target,999170602,ACX CRYSTAL,-3.6596184906966753,-1.2246604938271746,34.501255658436214,138.99763734567898,18.085185185185185,82.2537037037037,76.4074074074074,18,,safe,0.2921298402247149,874.5266503690041,jtsb_ais_interpolated,,,,,70,,False,False
146.0,,target,999170603,WAN HAI 266,-3.732196255492348,0.5243939393936808,34.53040656565656,138.99616919191917,16.477272727272727,92.0,91.77272727272727,18,,safe,0.7381033539061831,820.4222321980044,jtsb_ais_interpolated,,,,,70,,False,False
147.0,,own,999170601,USS FITZGERALD,1.2221703747953552,4.220083333333523,34.592001388888896,139.09638958333335,19.4,189.0225,189.0225,18,,,,,jtsb_arpa_interpolated_heading_proxy,,,,,35,,False,False
147.0,,target,999170602,ACX CRYSTAL,-3.6546597614249268,-1.2239506172839596,34.501267489711935,138.99773765432096,18.081481481481482,82.12962962962963,76.25925925925927,18,,safe,0.2841063842049476,872.946581816152,jtsb_ais_interpolated,,,,,70,,False,False
147.0,,target,999170603,WAN HAI 266,-3.7277021903621224,0.524242424242167,34.530404040404036,138.99626010101008,16.475757575757576,92.0,91.75757575757575,18,,safe,0.738370396333608,819.4577980612709,jtsb_ais_interpolated,,,,,70,,False,False
148.0,,own,999170601,USS FITZGERALD,1.2213579060762203,4.214777777777968,34.591912962962965,139.09637314814816,19.4,189.02333333333334,189.02333333333334,18,,,,,jtsb_arpa_interpolated_heading_proxy,,,,,35,,False,False
148.0,,target,999170602,ACX CRYSTAL,-3.6497010321531786,-1.2232407407407446,34.501279320987656,138.99783796296293,18.077777777777776,82.00555555555556,76.11111111111111,18,,safe,0.27610250549805815,871.3688768130096,jtsb_ais_interpolated,,,,,70,,False,False
148.0,,target,999170603,WAN HAI 266,-3.7232081252318974,0.5240909090906534,34.53040151515151,138.996351010101,16.474242424242423,92.0,91.74242424242425,18,,safe,0.7386369789479754,818.4932979358041,jtsb_ais_interpolated,,,,,70,,False,False
149.0,,own,999170601,USS FITZGERALD,1.2205454373570856,4.209472222222413,34.59182453703704,139.09635671296297,19.4,189.02416666666667,189.02416666666667,18,,,,,jtsb_arpa_interpolated_heading_proxy,,,,,35,,False,False
149.0,,target,999170602,ACX CRYSTAL,-3.6447423028814305,-1.2225308641975294,34.50129115226338,138.9979382716049,18.074074074074073,81.88148148148149,75.96296296296296,18,,safe,0.2681182054206055,869.7935286825502,jtsb_ais_interpolated,,,,,70,,False,False
149.0,,target,999170603,WAN HAI 266,-3.718714060101672,0.5239393939391396,34.530398989898984,138.9964419191919,16.472727272727273,92.0,91.72727272727273,18,,safe,0.7389031017050375,817.5287318203727,jtsb_ais_interpolated,,,,,70,,False,False
150.0,,own,999170601,USS FITZGERALD,1.2197329686379508,4.204166666666858,34.59173611111112,139.09634027777778,19.4,189.025,189.025,18,,,,,jtsb_arpa_interpolated_heading_proxy,,,,,35,,False,False
150.0,,target,999170602,ACX CRYSTAL,-3.6397835736096824,-1.2218209876543145,34.5013029835391,138.99803858024688,18.07037037037037,81.75740740740741,75.81481481481481,18,,safe,0.26015348526293186,868.220530776767,jtsb_ais_interpolated,,,,,70,,False,False
150.0,,target,999170603,WAN HAI 266,-3.7142199949714465,0.5237878787876259,34.530396464646465,138.99653282828282,16.471212121212123,92.0,91.71212121212122,18,,safe,0.7391687645605483,816.5640997137469,jtsb_ais_interpolated,,,,,70,,False,False
151.0,,own,999170601,USS FITZGERALD,1.218920499918816,4.198861111111302,34.59164768518519,139.0963238425926,19.4,189.02583333333334,189.02583333333334,18,,,,,jtsb_arpa_interpolated_heading_proxy,,,,,35,,False,False
151.0,,target,999170602,ACX CRYSTAL,-3.634824844337934,-1.2211111111110995,34.50131481481482,138.99813888888886,18.066666666666666,81.63333333333334,75.66666666666667,18,,safe,0.252208346289065,866.6498764765169,jtsb_ais_interpolated,,,,,70,,False,False
151.0,,target,999170603,WAN HAI 266,-3.709725929841221,0.5236363636361122,34.53039393939394,138.9966237373737,16.46969696969697,92.0,91.6969696969697,18,,safe,0.7394339674702568,815.5994016146979,jtsb_ais_interpolated,,,,,70,,False,False
152.0,,own,999170601,USS FITZGERALD,1.218108031199681,4.193555555555747,34.59155925925926,139.0963074074074,19.4,189.02666666666667,189.02666666666667,18,,,,,jtsb_arpa_interpolated_heading_proxy,,,,,35,,False,False
152.0,,target,999170602,ACX CRYSTAL,-3.6298661150661857,-1.2204012345678845,34.50132664609054,138.99823919753084,18.062962962962963,81.50925925925927,75.51851851851852,18,,safe,0.24428278973663872,865.0815591913744,jtsb_ais_interpolated,,,,,70,,False,False
152.0,,target,999170603,WAN HAI 266,-3.7052318647109956,0.5234848484845984,34.53039141414141,138.99671464646462,16.46818181818182,92.0,91.68181818181819,18,,safe,0.7396987103899073,814.6346375219975,jtsb_ais_interpolated,,,,,70,,False,False
153.0,,own,999170601,USS FITZGERALD,1.2172955624805462,4.188250000000192,34.59147083333334,139.09629097222222,19.4,189.0275,189.0275,18,,,,,jtsb_arpa_interpolated_heading_proxy,,,,,35,,False,False
153.0,,target,999170602,ACX CRYSTAL,-3.6249073857944376,-1.2196913580246695,34.501338477366254,138.9983395061728,18.05925925925926,81.3851851851852,75.37037037037037,18,,safe,0.23637681681680003,863.5155723594804,jtsb_ais_interpolated,,,,,70,,False,False
153.0,,target,999170603,WAN HAI 266,-3.7007377995807706,0.5233333333330847,34.530388888888886,138.99680555555554,16.466666666666665,92.0,91.66666666666667,18,,safe,0.7399629932752425,813.6698074344207,jtsb_ais_interpolated,,,,,70,,False,False
154.0,,own,999170601,USS FITZGERALD,1.2164830937614115,4.182944444444637,34.591382407407416,139.09627453703703,19.4,189.02833333333334,189.02833333333334,18,,,,,jtsb_arpa_interpolated_heading_proxy,,,,,35,,False,False
154.0,,target,999170602,ACX CRYSTAL,-3.6199486565226895,-1.2189814814814544,34.501350308641975,138.9984398148148,18.055555555555557,81.26111111111112,75.22222222222223,18,,safe,0.22849042871411884,861.9519094473935,jtsb_ais_interpolated,,,,,70,,False,False
154.0,,target,999170603,WAN HAI 266,-3.696243734450545,0.5231818181815711,34.53038636363636,138.99689646464645,16.465151515151515,92.0,91.65151515151516,18,,safe,0.7402268160820007,812.7049113507414,jtsb_ais_interpolated,,,,,70,,False,False
155.0,,own,999170601,USS FITZGERALD,1.2156706250422766,4.177638888889081,34.591293981481485,139.09625810185184,19.4,189.02916666666667,189.02916666666667,18,,,,,jtsb_arpa_interpolated_heading_proxy,,,,,35,,False,False
155.0,,target,999170602,ACX CRYSTAL,-3.614989927250941,-1.2182716049382394,34.501362139917696,138.99854012345676,18.05185185185185,81.13703703703705,75.07407407407408,18,,safe,0.22062362658651555,860.3905639499445,jtsb_ais_interpolated,,,,,70,,False,False
155.0,,target,999170603,WAN HAI 266,-3.69174966932032,0.5230303030300573,34.530383838383834,138.99698737373737,16.463636363636365,92.0,91.63636363636364,18,,safe,0.740490178765917,811.7399492697363,jtsb_ais_interpolated,,,,,70,,False,False
156.0,,own,999170601,USS FITZGERALD,1.2148581563231418,4.172333333333526,34.59120555555556,139.09624166666669,19.4,189.03,189.03,18,,,,,jtsb_arpa_interpolated_heading_proxy,,,,,35,,False,False
156.0,,target,999170602,ACX CRYSTAL,-3.610031197979193,-1.2175617283950244,34.501373971193416,138.99864043209874,18.048148148148147,81.01296296296296,74.92592592592592,18,,safe,0.21277641156516403,858.8315293900878,jtsb_ais_interpolated,,,,,70,,False,False
156.0,,target,999170603,WAN HAI 266,-3.6872556041900943,0.5228787878785436,34.53038131313131,138.99707828282826,16.46212121212121,92.0,91.62121212121212,18,,safe,0.7407530812827219,810.7749211901828,jtsb_ais_interpolated,,,,,70,,False,False
157.0,,own,999170601,USS FITZGERALD,1.2140456876040069,4.167027777777971,34.59111712962964,139.0962252314815,19.4,189.03083333333333,189.03083333333333,18,,,,,jtsb_arpa_interpolated_heading_proxy,,,,,35,,False,False
157.0,,target,999170602,ACX CRYSTAL,-3.6050724687074447,-1.2168518518518094,34.50138580246914,138.99874074074071,18.044444444444444,80.88888888888889,74.77777777777777,18,,safe,0.2049487847544149,857.2747993187577,jtsb_ais_interpolated,,,,,70,,False,False
157.0,,target,999170603,WAN HAI 266,-3.6827615390598694,0.5227272727270299,34.53037878787879,138.99716919191917,16.46060606060606,92.0,91.60606060606061,18,,safe,0.7410155235881432,809.8098271108602,jtsb_ais_interpolated,,,,,70,,False,False
158.0,,own,999170601,USS FITZGERALD,1.2132332188848722,4.161722222222416,34.59102870370371,139.0962087962963,19.4,189.03166666666667,189.03166666666667,18,,,,,jtsb_arpa_interpolated_heading_proxy,,,,,35,,False,False
158.0,,target,999170602,ACX CRYSTAL,-3.6001137394356966,-1.2161419753085942,34.50139763374486,138.9988410493827,18.04074074074074,80.76481481481481,74.62962962962963,18,,safe,0.19714074723170244,855.7203673147225,jtsb_ais_interpolated,,,,,70,,False,False
158.0,,target,999170603,WAN HAI 266,-3.678267473929644,0.5225757575755161,34.53037626262626,138.99726010101008,16.459090909090907,92.0,91.5909090909091,18,,safe,0.7412775056379046,808.8446670305478,jtsb_ais_interpolated,,,,,70,,False,False
159.0,,own,999170601,USS FITZGERALD,1.2124207501657374,4.1564166666668605,34.59094027777778,139.09619236111112,19.4,189.0325,189.0325,18,,,,,jtsb_arpa_interpolated_heading_proxy,,,,,35,,False,False
159.0,,target,999170602,ACX CRYSTAL,-3.595155010163948,-1.2154320987653793,34.50140946502058,138.99894135802467,18.037037037037038,80.64074074074074,74.48148148148148,18,,safe,0.18935230004747067,854.1682269844417,jtsb_ais_interpolated,,,,,70,,False,False
159.0,,target,999170603,WAN HAI 266,-3.6737734087994185,0.5224242424240024,34.530373737373736,138.997351010101,16.457575757575757,92.0,91.57575757575758,18,,safe,0.7415390273877293,807.8794409480278,jtsb_ais_interpolated,,,,,70,,False,False
160.0,,own,999170601,USS FITZGERALD,1.2116082814466025,4.151111111111305,34.59085185185186,139.09617592592593,19.4,189.03333333333333,189.03333333333333,18,,,,,jtsb_arpa_interpolated_heading_proxy,,,,,35,,False,False
160.0,,target,999170602,ACX CRYSTAL,-3.5901962808922,-1.2147222222221643,34.5014212962963,138.99904166666664,18.03333333333333,80.51666666666667,74.33333333333333,18,,safe,0.1815834442250887,852.6183719619222,jtsb_ais_interpolated,,,,,70,,False,False
160.0,,target,999170603,WAN HAI 266,-3.669279343669193,0.5222727272724886,34.53037121212121,138.9974419191919,16.456060606060607,92.0,91.56060606060606,18,,safe,0.7418000887933318,806.9141488620819,jtsb_ais_interpolated,,,,,70,,False,False
161.0,,own,999170601,USS FITZGERALD,1.2107958127274676,4.14580555555575,34.59076342592593,139.09615949074075,19.4,189.03416666666666,189.03416666666666,18,,,,,jtsb_arpa_interpolated_heading_proxy,,,,,35,,False,False
161.0,,target,999170602,ACX CRYSTAL,-3.5852375516204518,-1.2140123456789493,34.50143312757202,138.99914197530862,18.02962962962963,80.39259259259259,74.18518518518519,18,,safe,0.17383418076076662,851.0707959085769,jtsb_ais_interpolated,,,,,70,,False,False
161.0,,target,999170603,WAN HAI 266,-3.6647852785389676,0.522121212120975,34.530368686868684,138.99753282828283,16.454545454545453,92.0,91.54545454545455,18,,safe,0.7420606898104284,805.9487907714948,jtsb_ais_interpolated,,,,,70,,False,False
162.0,,own,999170601,USS FITZGERALD,1.2099833440083327,4.140500000000195,34.590675000000005,139.09614305555556,19.4,189.035,189.035,18,,,,,jtsb_arpa_interpolated_heading_proxy,,,,,35,,False,False
162.0,,target,999170602,ACX CRYSTAL,-3.5802788223487036,-1.2133024691357344,34.50144495884774,138.9992422839506,18.025925925925925,80.26851851851852,74.03703703703704,18,,safe,0.16610451062348092,849.5254925130835,jtsb_ais_interpolated,,,,,70,,False,False
162.0,,target,999170603,WAN HAI 266,-3.6602912134087426,0.5219696969694613,34.53036616161616,138.99762373737371,16.453030303030303,92.0,91.53030303030303,18,,safe,0.7423208303947282,804.9833666750515,jtsb_ais_interpolated,,,,,70,,False,False
163.0,,own,999170601,USS FITZGERALD,1.209170875289198,4.13519444444464,34.59058657407408,139.09612662037037,19.4,189.03583333333333,189.03583333333333,18,,,,,jtsb_arpa_interpolated_heading_proxy,,,,,35,,False,False
163.0,,target,999170602,ACX CRYSTAL,-3.5753200930769555,-1.2125925925925192,34.50145679012346,138.99934259259257,18.022222222222222,80.14444444444445,73.88888888888889,18,,safe,0.1583944347548853,847.9824554912447,jtsb_ais_interpolated,,,,,70,,False,False
163.0,,target,999170603,WAN HAI 266,-3.655797148278517,0.5218181818179475,34.53036363636363,138.99771464646463,16.45151515151515,92.0,91.51515151515152,18,,safe,0.7425805105019357,804.0178765715381,jtsb_ais_interpolated,,,,,70,,False,False
164.0,,own,999170601,USS FITZGERALD,1.2083584065700632,4.129888888889084,34.59049814814815,139.09611018518518,19.4,189.03666666666666,189.03666666666666,18,,,,,jtsb_arpa_interpolated_heading_proxy,,,,,35,,False,False
164.0,,target,999170602,ACX CRYSTAL,-3.570361363805207,-1.2118827160493042,34.50146862139918,138.99944290123454,18.01851851851852,80.02037037037037,73.74074074074073,18,,safe,0.1507039540692384,846.4416785858475,jtsb_ais_interpolated,,,,,70,,False,False
164.0,,target,999170603,WAN HAI 266,-3.6513030831482918,0.5216666666664338,34.530361111111105,138.99780555555554,16.45,92.0,91.5,18,,safe,0.7428397300877554,803.0523204597422,jtsb_ais_interpolated,,,,,70,,False,False
165.0,,own,999170601,USS FITZGERALD,1.2075459378509283,4.124583333333529,34.590409722222226,139.09609375000002,19.4,189.0375,189.0375,18,,,,,jtsb_arpa_interpolated_heading_proxy,,,,,35,,False,False
165.0,,target,999170602,ACX CRYSTAL,-3.565402634533459,-1.2111728395060892,34.5014804526749,138.99954320987652,18.014814814814816,79.8962962962963,73.5925925925926,18,,safe,0.14303306945331978,844.9031555665262,jtsb_ais_interpolated,,,,,70,,False,False
165.0,,target,999170603,WAN HAI 266,-3.6468090180180663,0.5215151515149201,34.530358585858586,138.99789646464646,16.44848484848485,92.0,91.48484848484848,18,,safe,0.7430984891078873,802.0866983384532,jtsb_ais_interpolated,,,,,70,,False,False
166.0,,own,999170601,USS FITZGERALD,1.2067334691317935,4.119277777777974,34.5903212962963,139.09607731481483,19.4,189.03833333333333,189.03833333333333,18,,,,,jtsb_arpa_interpolated_heading_proxy,,,,,35,,False,False
166.0,,target,999170602,ACX CRYSTAL,-3.5604439052617107,-1.2104629629628743,34.50149228395062,138.9996435185185,18.011111111111113,79.77222222222223,73.44444444444444,18,,safe,0.1353817817663571,843.3668802296241,jtsb_ais_interpolated,,,,,70,,False,False
166.0,,target,999170603,WAN HAI 266,-3.642314952887841,0.5213636363634063,34.53035606060606,138.99798737373737,16.446969696969695,92.0,91.46969696969697,18,,safe,0.7433567875180298,801.1210102064609,jtsb_ais_interpolated,,,,,70,,False,False
167.0,,own,999170601,USS FITZGERALD,1.2059210004126588,4.113972222222419,34.59023287037038,139.09606087962965,19.4,189.03916666666666,189.03916666666666,18,,,,,jtsb_arpa_interpolated_heading_proxy,,,,,35,,False,False
167.0,,target,999170602,ACX CRYSTAL,-3.555485175989962,-1.209753086419659,34.50150411522634,138.99974382716047,18.007407407407406,79.64814814814815,73.29629629629629,18,,safe,0.12775009183994593,841.8328463980569,jtsb_ais_interpolated,,,,,70,,False,False
167.0,,target,999170603,WAN HAI 266,-3.637820887757616,0.5212121212118926,34.530353535353534,138.99807828282826,16.445454545454545,92.0,91.45454545454545,18,,safe,0.7436146252738707,800.1552560625577,jtsb_ais_interpolated,,,,,70,,False,False
168.0,,own,999170601,USS FITZGERALD,1.205108531693524,4.108666666666863,34.59014444444445,139.09604444444446,19.4,189.04,189.04,18,,,,,jtsb_arpa_interpolated_heading_proxy,,,,,35,,False,False
168.0,,target,999170602,ACX CRYSTAL,-3.550526446718214,-1.209043209876444,34.50151594650206,138.99984413580245,18.003703703703703,79.52407407407408,73.14814814814815,18,,safe,0.12013800047797601,840.3010479211755,jtsb_ais_interpolated,,,,,70,,False,False
168.0,,target,999170603,WAN HAI 266,-3.6333268226273905,0.521060606060379,34.53035101010101,138.99816919191917,16.44393939393939,92.0,91.43939393939394,18,,safe,0.7438720023311025,799.1894359055351,jtsb_ais_interpolated,,,,,70,,False,False
169.0,,own,999170601,USS FITZGERALD,1.204296062974389,4.103361111111308,34.590056018518524,139.09602800925927,19.4,189.04083333333332,189.04083333333332,18,,,,,jtsb_arpa_interpolated_heading_proxy,,,,,35,,False,False
169.0,,target,999170602,ACX CRYSTAL,-3.545567717446466,-1.2083333333332291,34.50152777777778,138.99994444444442,18.0,79.4,73.0,18,,safe,0.11254550845654512,838.7714786746329,jtsb_ais_fix,,,,,70,,False,False
169.0,,target,999170603,WAN HAI 266,-3.628832757497165,0.5209090909088652,34.53034848484848,138.9982601010101,16.44242424242424,92.0,91.42424242424242,18,,safe,0.7441289186454073,798.2235497341878,jtsb_ais_interpolated,,,,,70,,False,False
170.0,,own,999170601,USS FITZGERALD,1.2034835942552542,4.098055555555753,34.5899675925926,139.09601157407408,19.4,189.04166666666666,189.04166666666666,18,,,,,jtsb_arpa_interpolated_heading_proxy,,,,,35,,False,False
170.0,,target,999170602,ACX CRYSTAL,-3.5408073373455577,-1.2068611111110101,34.501552314814816,139.00004074074073,17.998333333333335,79.25166666666667,72.91666666666667,18,,safe,0.10317068709894703,837.0268652626532,jtsb_ais_interpolated,,,,,70,,False,False
170.0,,target,999170603,WAN HAI 266,-3.6243386923669396,0.5207575757573515,34.530345959595955,138.998351010101,16.44090909090909,92.0,91.4090909090909,18,,safe,0.7443853741724715,797.2575975473111,jtsb_ais_interpolated,,,,,70,,False,False
171.0,,own,999170601,USS FITZGERALD,1.2026711255361193,4.092750000000198,34.58987916666667,139.0959951388889,19.4,189.0425,189.0425,18,,,,,jtsb_arpa_interpolated_heading_proxy,,,,,35,,False,False
171.0,,target,999170602,ACX CRYSTAL,-3.53604695724465,-1.2053888888887911,34.50157685185186,139.000137037037,17.996666666666666,79.10333333333334,72.83333333333333,18,,safe,0.09381786210983317,835.2853246615906,jtsb_ais_interpolated,,,,,70,,False,False
171.0,,target,999170603,WAN HAI 266,-3.6198446272367146,0.5206060606058377,34.53034343434343,138.99844191919192,16.439393939393938,92.0,91.39393939393939,18,,safe,0.7446413688679717,796.291579343702,jtsb_ais_interpolated,,,,,70,,False,False
172.0,,own,999170601,USS FITZGERALD,1.2018586568169847,4.0874444444446425,34.589790740740746,139.0959787037037,19.4,189.04333333333332,189.04333333333332,18,,,,,jtsb_arpa_interpolated_heading_proxy,,,,,35,,False,False
172.0,,target,999170602,ACX CRYSTAL,-3.531286577143742,-1.2039166666665722,34.50160138888889,139.0002333333333,17.995,78.95500000000001,72.75,18,,safe,0.08448704942460193,833.5468456193576,jtsb_ais_interpolated,,,,,70,,False,False
172.0,,target,999170603,WAN HAI 266,-3.615350562106489,0.520454545454324,34.53034090909091,138.99853282828283,16.437878787878788,92.0,91.37878787878788,18,,safe,0.7448969026875818,795.3254951221576,jtsb_ais_interpolated,,,,,70,,False,False
173.0,,own,999170601,USS FITZGERALD,1.2010461880978498,4.082138888889087,34.58970231481482,139.09596226851852,19.4,189.04416666666665,189.04416666666665,18,,,,,jtsb_arpa_interpolated_heading_proxy,,,,,35,,False,False
173.0,,target,999170602,ACX CRYSTAL,-3.526526197042834,-1.2024444444443532,34.50162592592593,139.00032962962962,17.993333333333332,78.80666666666667,72.66666666666667,18,,safe,0.07517826490134971,831.8114169460454,jtsb_ais_interpolated,,,,,70,,False,False
173.0,,target,999170603,WAN HAI 266,-3.6108564969762638,0.5203030303028103,34.530338383838384,138.99862373737372,16.436363636363634,92.0,91.36363636363636,18,,safe,0.745151975586973,794.3593448814775,jtsb_ais_interpolated,,,,,70,,False,False
174.0,,own,999170601,USS FITZGERALD,1.200233719378715,4.076833333333532,34.58961388888889,139.09594583333333,19.4,189.045,189.045,18,,,,,jtsb_arpa_interpolated_heading_proxy,,,,,35,,False,False
174.0,,target,999170602,ACX CRYSTAL,-3.521765816941926,-1.2009722222221342,34.501650462962964,139.0004259259259,17.991666666666667,78.65833333333333,72.58333333333333,18,,safe,0.06589152432088739,830.079027513505,jtsb_ais_interpolated,,,,,70,,False,False
174.0,,target,999170603,WAN HAI 266,-3.6063624318460383,0.5201515151512965,34.53033585858586,138.99871464646463,16.434848484848484,92.0,91.34848484848484,18,,safe,0.7454065875218149,793.3931286204619,jtsb_ais_interpolated,,,,,70,,False,False
175.0,,own,999170601,USS FITZGERALD,1.19942125065958,4.071527777777977,34.58952546296297,139.09592939814814,19.4,189.04583333333332,189.04583333333332,18,,,,,jtsb_arpa_interpolated_heading_proxy,,,,,35,,False,False
175.0,,target,999170602,ACX CRYSTAL,-3.517005436841018,-1.1994999999999152,34.501675000000006,139.0005222222222,17.99,78.51,72.5,18,,safe,0.05662684338673608,828.3496662549325,jtsb_ais_interpolated,,,,,70,,False,False
175.0,,target,999170603,WAN HAI 266,-3.601868366715813,0.5199999999997829,34.53033333333333,138.99880555555555,16.433333333333334,92.0,91.33333333333333,18,,safe,0.7456607384477704,792.4268463379125,jtsb_ais_interpolated,,,,,70,,False,False
176.0,,own,999170601,USS FITZGERALD,1.1986087819404454,4.066222222222422,34.589437037037044,139.09591296296298,19.4,189.04666666666665,189.04666666666665,18,,,,,jtsb_arpa_interpolated_heading_proxy,,,,,35,,False,False
176.0,,target,999170602,ACX CRYSTAL,-3.51224505674011,-1.1980277777776962,34.50169953703704,139.0006185185185,17.988333333333333,78.36166666666668,72.41666666666667,18,,safe,0.047384237725140235,826.6233221644542,jtsb_ais_interpolated,,,,,70,,False,False
176.0,,target,999170603,WAN HAI 266,-3.597374301585588,0.5198484848482692,34.530330808080805,138.99889646464646,16.43181818181818,92.0,91.31818181818181,18,,safe,0.7459144283205037,791.4604980326326,jtsb_ais_interpolated,,,,,70,,False,False
177.0,,own,999170601,USS FITZGERALD,1.1977963132213105,4.060916666666866,34.58934861111111,139.0958965277778,19.4,189.04749999999999,189.04749999999999,18,,,,,jtsb_arpa_interpolated_heading_proxy,,,,,35,,False,False
177.0,,target,999170602,ACX CRYSTAL,-3.5074846766392023,-1.1965555555554772,34.501724074074076,139.00071481481478,17.986666666666668,78.21333333333334,72.33333333333333,18,,safe,0.038163722885061827,824.8999842967197,jtsb_ais_interpolated,,,,,70,,False,False
177.0,,target,999170603,WAN HAI 266,-3.5928802364553625,0.5196969696967554,34.53032828282828,138.99898737373738,16.43030303030303,92.0,91.3030303030303,18,,safe,0.7461676570956669,790.4940837034262,jtsb_ais_interpolated,,,,,70,,False,False
178.0,,own,999170601,USS FITZGERALD,1.1969838445021757,4.055611111111311,34.58926018518519,139.0958800925926,19.4,189.04833333333332,189.04833333333332,18,,,,,jtsb_arpa_interpolated_heading_proxy,,,,,35,,False,False
178.0,,target,999170602,ACX CRYSTAL,-3.502724296538294,-1.1950833333332582,34.50174861111111,139.0008111111111,17.985,78.065,72.25,18,,safe,0.028965314338192792,823.1796417664966,jtsb_ais_interpolated,,,,,70,,False,False
178.0,,target,999170603,WAN HAI 266,-3.588386171325137,0.5195454545452417,34.53032575757575,138.99907828282826,16.428787878787876,92.0,91.28787878787878,18,,safe,0.7464204247289166,789.5276033490985,jtsb_ais_interpolated,,,,,70,,False,False
179.0,,own,999170601,USS FITZGERALD,1.1961713757830408,4.050305555555756,34.589171759259266,139.09586365740742,19.4,189.04916666666665,189.04916666666665,18,,,,,jtsb_arpa_interpolated_heading_proxy,,,,,35,,False,False
179.0,,target,999170602,ACX CRYSTAL,-3.4979639164373864,-1.1936111111110392,34.50177314814815,139.0009074074074,17.983333333333334,77.91666666666667,72.16666666666667,18,,safe,0.019789027478953298,821.4622837482674,jtsb_ais_interpolated,,,,,70,,False,False
179.0,,target,999170603,WAN HAI 266,-3.5838921061949116,0.519393939393728,34.530323232323234,138.99916919191918,16.427272727272726,92.0,91.27272727272727,18,,safe,0.7466727311759029,788.5610569684568,jtsb_ais_interpolated,,,,,70,,False,False
180.0,,own,999170601,USS FITZGERALD,1.195358907063906,4.045000000000201,34.589083333333335,139.09584722222223,19.4,189.05,189.05,18,,,,,jtsb_arpa_interpolated_heading_proxy,,,,,35,,False,False
180.0,,target,999170602,ACX CRYSTAL,-3.493203536336478,-1.1921388888888202,34.50179768518519,139.0010037037037,17.981666666666666,77.76833333333335,72.08333333333333,18,,safe,0.010634877624499802,819.7478994758303,jtsb_ais_interpolated,,,,,70,,False,False
180.0,,target,999170603,WAN HAI 266,-3.579398041064686,0.5192424242422142,34.53032070707071,138.9992601010101,16.425757575757576,92.0,91.25757575757575,18,,safe,0.7469245763922701,787.5944445603088,jtsb_ais_interpolated,,,,,70,,False,False
181.0,,own,999170601,USS FITZGERALD,1.1945464383447713,4.039694444444645,34.58899490740741,139.09583078703704,19.4,189.05083333333334,189.05083333333334,18,,,,,jtsb_arpa_interpolated_heading_proxy,,,,,35,,False,False
181.0,,target,999170602,ACX CRYSTAL,-3.4884431562355704,-1.1906666666666013,34.50182222222222,139.00109999999998,17.98,77.62,72.0,18,,safe,0.0015028800147269235,818.0364782419036,jtsb_ais_interpolated,,,,,70,,False,False
181.0,,target,999170603,WAN HAI 266,-3.574903975934461,0.5190909090907005,34.53031818181818,138.999351010101,16.424242424242422,92.0,91.24242424242425,18,,safe,0.7471759603336666,786.6277661234642,jtsb_ais_interpolated,,,,,70,,False,False
182.0,,own,999170601,USS FITZGERALD,1.1937339696256364,4.03438888888909,34.58890648148149,139.09581435185186,19.4,189.05166666666668,189.05166666666668,18,,,,,jtsb_arpa_interpolated_heading_proxy,,,,,35,,False,False
182.0,,target,999170602,ACX CRYSTAL,-3.4836827761346623,-1.1891944444443823,34.50184675925926,139.00119629629629,17.97833333333333,77.47166666666666,71.91666666666667,18,,safe,0.007606950187728717,816.3280093977344,jtsb_ais_interpolated,,,,,70,,False,False
182.0,,target,999170603,WAN HAI 266,-3.5704099108042358,0.5189393939391868,34.530315656565655,138.99944191919192,16.422727272727272,92.0,91.22727272727273,18,,safe,0.7474268829557313,785.6610216567336,jtsb_ais_interpolated,,,,,70,,False,False
183.0,,own,999170601,USS FITZGERALD,1.1929215009065015,4.029083333333535,34.58881805555556,139.09579791666667,19.4,189.0525,189.0525,18,,,,,jtsb_arpa_interpolated_heading_proxy,,,,,35,,False,False
183.0,,target,999170602,ACX CRYSTAL,-3.4789223960337545,-1.1877222222221633,34.5018712962963,139.0012925925926,17.976666666666667,77.32333333333334,71.83333333333333,18,,safe,0.016694597897472414,814.6224823527065,jtsb_ais_interpolated,,,,,70,,False,False
183.0,,target,999170603,WAN HAI 266,-3.5659158456740103,0.5187878787876731,34.53031313131313,138.99953282828284,16.421212121212122,92.0,91.21212121212122,18,,safe,0.7476773442140963,784.6942111589287,jtsb_ais_interpolated,,,,,70,,False,False
184.0,,own,999170601,USS FITZGERALD,1.1921090321873666,4.02377777777798,34.58872962962963,139.09578148148148,19.4,189.05333333333334,189.05333333333334,18,,,,,jtsb_arpa_interpolated_heading_proxy,,,,,35,,False,False
184.0,,target,999170602,ACX CRYSTAL,-3.4741620159328463,-1.1862499999999443,34.501895833333336,139.00138888888887,17.975,77.17500000000001,71.75,18,,safe,0.025760048106365226,812.919886573957,jtsb_ais_interpolated,,,,,70,,False,False
184.0,,target,999170603,WAN HAI 266,-3.561421780543785,0.5186363636361594,34.5303106060606,138.99962373737372,16.419696969696968,92.0,91.1969696969697,18,,safe,0.7479273440643966,783.7273346288629,jtsb_ais_interpolated,,,,,70,,False,False
185.0,,own,999170601,USS FITZGERALD,1.191296563468232,4.0184722222224245,34.58864120370371,139.09576504629632,19.4,189.05416666666667,189.05416666666667,18,,,,,jtsb_arpa_interpolated_heading_proxy,,,,,35,,False,False
185.0,,target,999170602,ACX CRYSTAL,-3.4694016358319386,-1.1847777777777253,34.50192037037037,139.00148518518517,17.973333333333333,77.02666666666667,71.66666666666667,18,,safe,0.0348032858835134,811.2202115859916,jtsb_ais_interpolated,,,,,70,,False,False
185.0,,target,999170603,WAN HAI 266,-3.5569277154135595,0.5184848484846456,34.53030808080808,138.99971464646464,16.418181818181818,92.0,91.18181818181819,18,,safe,0.7481768824622618,782.7603920653504,jtsb_ais_interpolated,,,,,70,,False,False
186.0,,own,999170601,USS FITZGERALD,1.190484094749097,4.013166666666869,34.588552777777785,139.09574861111113,19.4,189.055,189.055,18,,,,,jtsb_arpa_interpolated_heading_proxy,,,,,35,,False,False
186.0,,target,999170602,ACX CRYSTAL,-3.4646412557310304,-1.1833055555555063,34.50194490740741,139.00158148148148,17.971666666666668,76.87833333333333,71.58333333333333,18,,safe,0.04382429637525259,809.5234469703046,jtsb_ais_interpolated,,,,,70,,False,False
186.0,,target,999170603,WAN HAI 266,-3.5524336502833345,0.5183333333331319,34.53030555555556,138.99980555555555,16.416666666666664,92.0,91.16666666666667,18,,safe,0.7484259593633176,781.7933834672073,jtsb_ais_interpolated,,,,,70,,False,False
187.0,,own,999170601,USS FITZGERALD,1.1896716260299622,4.007861111111314,34.588464351851854,139.09573217592595,19.4,189.05583333333334,189.05583333333334,18,,,,,jtsb_arpa_interpolated_heading_proxy,,,,,35,,False,False
187.0,,target,999170602,ACX CRYSTAL,-3.4598808756301227,-1.1818333333332873,34.50196944444445,139.00167777777776,17.97,76.73,71.5,18,,safe,0.05282306480515952,807.8295823650027,jtsb_ais_interpolated,,,,,70,,False,False
187.0,,target,999170603,WAN HAI 266,-3.547939585153109,0.5181818181816182,34.53030303030303,138.99989646464647,16.415151515151514,92.0,91.15151515151516,18,,safe,0.7486745747231867,780.82630883325,jtsb_ais_interpolated,,,,,70,,False,False
188.0,,own,999170601,USS FITZGERALD,1.1888591573108274,4.002555555555759,34.58837592592593,139.09571574074076,19.4,189.05666666666667,189.05666666666667,18,,,,,jtsb_arpa_interpolated_heading_proxy,,,,,35,,False,False
188.0,,target,999170602,ACX CRYSTAL,-3.4551204955292145,-1.1803611111110683,34.50199398148148,139.00177407407406,17.968333333333334,76.58166666666668,71.41666666666667,18,,safe,0.061799576474030726,806.1386074644296,jtsb_ais_interpolated,,,,,70,,False,False
188.0,,target,999170603,WAN HAI 266,-3.5434455200228836,0.5180303030301044,34.530300505050505,138.99998737373738,16.413636363636364,92.0,91.13636363636364,18,,safe,0.7489227284974841,779.8591681622976,jtsb_ais_interpolated,,,,,70,,False,False
189.0,,own,999170601,USS FITZGERALD,1.1880466885916927,3.9972500000002036,34.58828750000001,139.09569930555557,19.4,189.0575,189.0575,18,,,,,jtsb_arpa_interpolated_heading_proxy,,,,,35,,False,False
189.0,,target,999170602,ACX CRYSTAL,-3.450360115428307,-1.1788888888888494,34.50201851851852,139.00187037037037,17.966666666666665,76.43333333333334,71.33333333333333,18,,safe,0.07075381675990039,804.4505120187968,jtsb_ais_interpolated,,,,,70,,False,False
189.0,,target,999170603,WAN HAI 266,-3.538951454892658,0.5178787878785908,34.53029797979798,139.00007828282827,16.41212121212121,92.0,91.12121212121212,18,,safe,0.7491704206418297,778.8919614531691,jtsb_ais_interpolated,,,,,70,,False,False
190.0,,own,999170601,USS FITZGERALD,1.1872342198725578,3.9919444444446484,34.588199074074076,139.09568287037038,19.4,189.05833333333334,189.05833333333334,18,,,,,jtsb_arpa_interpolated_heading_proxy,,,,,35,,False,False
190.0,,target,999170602,ACX CRYSTAL,-3.4455997353273986,-1.1774166666666304,34.50204305555556,139.00196666666665,17.965,76.285,71.25,18,,safe,0.07968577111800673,802.7652858338136,jtsb_ais_interpolated,,,,,70,,False,False
190.0,,target,999170603,WAN HAI 266,-3.5344573897624327,0.5177272727270771,34.53029545454545,139.00016919191918,16.41060606060606,92.0,91.10606060606061,18,,safe,0.7494176511118311,777.9246887046854,jtsb_ais_interpolated,,,,,70,,False,False
191.0,,own,999170601,USS FITZGERALD,1.186421751153423,3.986638888889093,34.58811064814815,139.0956664351852,19.4,189.05916666666667,189.05916666666667,18,,,,,jtsb_arpa_interpolated_heading_proxy,,,,,35,,False,False
191.0,,target,999170602,ACX CRYSTAL,-3.440839355226491,-1.1759444444444114,34.502067592592596,139.00206296296295,17.96333333333333,76.13666666666667,71.16666666666667,18,,safe,0.08859542508081426,801.0829187703246,jtsb_ais_interpolated,,,,,70,,False,False
191.0,,target,999170603,WAN HAI 266,-3.5299633246322077,0.5175757575755633,34.530292929292926,139.0002601010101,16.409090909090907,92.0,91.0909090909091,18,,safe,0.7496644198631003,776.9573499156692,jtsb_ais_interpolated,,,,,70,,False,False
192.0,,own,999170601,USS FITZGERALD,1.185609282434288,3.981333333333538,34.58802222222223,139.09565,19.4,189.06,189.06,18,,,,,jtsb_arpa_interpolated_heading_proxy,,,,,35,,False,False
192.0,,target,999170602,ACX CRYSTAL,-3.4360789751255827,-1.1744722222221924,34.50209212962963,139.00215925925926,17.961666666666666,75.98833333333333,71.08333333333333,18,,safe,0.09748276425799325,799.403400743945,jtsb_ais_interpolated,,,,,70,,False,False
192.0,,target,999170603,WAN HAI 266,-3.5254692595019823,0.5174242424240496,34.5302904040404,139.000351010101,16.407575757575756,92.0,91.07575757575758,18,,safe,0.7499107268512395,775.9899450849435,jtsb_ais_interpolated,,,,,70,,False,False
193.0,,own,999170601,USS FITZGERALD,1.1847968137151532,3.9760277777779827,34.5879337962963,139.09563356481482,19.4,189.06083333333333,189.06083333333333,18,,,,,jtsb_arpa_interpolated_heading_proxy,,,,,35,,False,False
193.0,,target,999170602,ACX CRYSTAL,-3.431318595024675,-1.1729999999999734,34.502116666666666,139.00225555555554,17.96,75.84,71.0,18,,safe,0.10634777433641088,797.7267217247025,jtsb_ais_interpolated,,,,,70,,False,False
193.0,,target,999170603,WAN HAI 266,-3.520975194371757,0.5172727272725358,34.530287878787874,139.00044191919193,16.406060606060606,92.0,91.06060606060606,18,,safe,0.7501565720318488,775.0224742113328,jtsb_ais_interpolated,,,,,70,,False,False
194.0,,own,999170601,USS FITZGERALD,1.1839843449960186,3.9707222222224274,34.587845370370374,139.09561712962963,19.4,189.06166666666667,189.06166666666667,18,,,,,jtsb_arpa_interpolated_heading_proxy,,,,,35,,False,False
194.0,,target,999170602,ACX CRYSTAL,-3.4265582149237668,-1.1715277777777544,34.50214120370371,139.00235185185184,17.958333333333332,75.69166666666666,70.91666666666667,18,,safe,0.11519044108014792,796.0528717366818,jtsb_ais_interpolated,,,,,70,,False,False
194.0,,target,999170603,WAN HAI 266,-3.5164811292415314,0.5171212121210221,34.530285353535355,139.00053282828284,16.404545454545453,92.0,91.04545454545455,18,,safe,0.7504019553605282,774.0549372936638,jtsb_ais_interpolated,,,,,70,,False,False
195.0,,own,999170601,USS FITZGERALD,1.1831718762768837,3.965416666666872,34.58775694444445,139.09560069444444,19.4,189.0625,189.0625,18,,,,,jtsb_arpa_interpolated_heading_proxy,,,,,35,,False,False
195.0,,target,999170602,ACX CRYSTAL,-3.421797834822859,-1.1700555555555354,34.50216574074074,139.00244814814815,17.956666666666667,75.54333333333334,70.83333333333333,18,,safe,0.12401075033046734,794.3818408576684,jtsb_ais_interpolated,,,,,70,,False,False
195.0,,target,999170603,WAN HAI 266,-3.511987064111306,0.5169696969695085,34.53028282828283,139.00062373737373,16.403030303030302,92.0,91.03030303030303,18,,safe,0.7506468767928695,773.087334330763,jtsb_ais_interpolated,,,,,70,,False,False
196.0,,own,999170601,USS FITZGERALD,1.1823594075577488,3.960111111111317,34.58766851851853,139.09558425925928,19.4,189.06333333333333,189.06333333333333,18,,,,,jtsb_arpa_interpolated_heading_proxy,,,,,35,,False,False
196.0,,target,999170602,ACX CRYSTAL,-3.417037454721951,-1.1685833333333164,34.50219027777778,139.00254444444442,17.955,75.39500000000001,70.75,18,,safe,0.1328086880058287,792.7136192188012,jtsb_ais_interpolated,,,,,70,,False,False
196.0,,target,999170603,WAN HAI 266,-3.507492998981081,0.5168181818179947,34.5302803030303,139.00071464646464,16.40151515151515,92.0,91.01515151515152,18,,safe,0.7508913362844643,772.1196653214598,jtsb_ais_interpolated,,,,,70,,False,False
197.0,,own,999170601,USS FITZGERALD,1.181546938838614,3.9548055555557617,34.587580092592596,139.0955678240741,19.4,189.06416666666667,189.06416666666667,18,,,,,jtsb_arpa_interpolated_heading_proxy,,,,,35,,False,False
197.0,,target,999170602,ACX CRYSTAL,-3.412277074621043,-1.1671111111110974,34.50221481481481,139.00264074074073,17.953333333333333,75.24666666666667,70.66666666666667,18,,safe,0.14158424010187715,791.0481970042218,jtsb_ais_interpolated,,,,,70,,False,False
197.0,,target,999170603,WAN HAI 266,-3.5029989338508556,0.516666666666481,34.530277777777776,139.00080555555556,16.4,92.0,91.0,18,,safe,0.7511353337909016,771.1519302645834,jtsb_ais_fix,,,,,70,,False,False
198.0,,own,999170601,USS FITZGERALD,1.1807344701194793,3.9495000000002065,34.58749166666667,139.0955513888889,19.4,189.065,189.065,18,,,,,jtsb_arpa_interpolated_heading_proxy,,,,,35,,False,False
198.0,,target,999170602,ACX CRYSTAL,-3.407516694520135,-1.1656388888888785,34.502239351851856,139.00273703703704,17.951666666666664,75.09833333333333,70.58333333333333,18,,safe,0.15033739269143012,789.3855644507304,jtsb_ais_interpolated,,,,,70,,False,False
198.0,,target,999170603,WAN HAI 266,-3.4985360775062824,0.516638888888707,34.53027731481481,139.00089583333335,16.398333333333333,91.93333333333334,90.93333333333334,18,,safe,0.754363915496222,769.7377212802272,jtsb_ais_interpolated,,,,,70,,False,False
199.0,,own,999170601,USS FITZGERALD,1.1799220014003444,3.9441944444446513,34.58740324074075,139.09553495370372,19.4,189.06583333333333,189.06583333333333,18,,,,,jtsb_arpa_interpolated_heading_proxy,,,,,35,,False,False
199.0,,target,999170602,ACX CRYSTAL,-3.4027563144192268,-1.1641666666666595,34.50226388888889,139.00283333333334,17.95,74.95,70.5,18,,safe,0.15906813192447844,787.7257118474444,jtsb_ais_interpolated,,,,,70,,False,False
199.0,,target,999170603,WAN HAI 266,-3.4940732211617087,0.516611111110933,34.53027685185185,139.0009861111111,16.396666666666665,91.86666666666666,90.86666666666666,18,,safe,0.7575842950569489,768.3249073626467,jtsb_ais_interpolated,,,,,70,,False,False
200.0,,own,999170601,USS FITZGERALD,1.1791095326812095,3.938888888889096,34.58731481481482,139.09551851851853,19.4,189.06666666666666,189.06666666666666,18,,,,,jtsb_arpa_interpolated_heading_proxy,,,,,35,,False,False
200.0,,target,999170602,ACX CRYSTAL,-3.397995934318319,-1.1626944444444405,34.502288425925926,139.00292962962962,17.948333333333334,74.80166666666666,70.41666666666667,18,,safe,0.16777644402819197,786.0686295354556,jtsb_ais_interpolated,,,,,70,,False,False
200.0,,target,999170603,WAN HAI 266,-3.4896103648171355,0.5165833333331591,34.530276388888886,139.0010763888889,16.395,91.8,90.8,18,,safe,0.7607964714164517,766.9134858418066,jtsb_ais_interpolated,,,,,70,,False,False
201.0,,own,999170601,USS FITZGERALD,1.1782970639620747,3.933583333333541,34.587226388888894,139.09550208333334,19.4,189.0675,189.0675,18,,,,,jtsb_arpa_interpolated_heading_proxy,,,,,35,,False,False
201.0,,target,999170602,ACX CRYSTAL,-3.3932355542174113,-1.1612222222222215,34.50231296296297,139.00302592592593,17.946666666666665,74.65333333333334,70.33333333333333,18,,safe,0.17646231530689224,784.4143079074973,jtsb_ais_interpolated,,,,,70,,False,False
201.0,,target,999170603,WAN HAI 266,-3.485147508472562,0.5165555555553851,34.53027592592593,139.00116666666668,16.39333333333333,91.73333333333333,90.73333333333333,18,,safe,0.7640004435249007,765.5034540552306,jtsb_ais_interpolated,,,,,70,,False,False
202.0,,own,999170601,USS FITZGERALD,1.1774845952429398,3.9282777777779856,34.58713796296297,139.09548564814816,19.4,189.06833333333333,189.06833333333333,18,,,,,jtsb_arpa_interpolated_heading_proxy,,,,,35,,False,False
202.0,,target,999170602,ACX CRYSTAL,-3.388475174116503,-1.1597500000000025,34.5023375,139.00312222222223,17.945,74.505,70.25,18,,safe,0.1851257321420618,782.7627374076056,jtsb_ais_interpolated,,,,,70,,False,False
202.0,,target,999170603,WAN HAI 266,-3.4806846521279886,0.5165277777776112,34.53027546296296,139.00125694444444,16.391666666666666,91.66666666666667,90.66666666666667,18,,safe,0.7671962103392498,764.0948093479753,jtsb_ais_interpolated,,,,,70,,False,False
203.0,,own,999170601,USS FITZGERALD,1.1766721265238052,3.9229722222224304,34.58704953703704,139.09546921296297,19.4,189.06916666666666,189.06916666666666,18,,,,,jtsb_arpa_interpolated_heading_proxy,,,,,35,,False,False
203.0,,target,999170602,ACX CRYSTAL,-3.383714794015595,-1.1582777777777835,34.50236203703704,139.0032185185185,17.94333333333333,74.35666666666667,70.16666666666667,18,,safe,0.1937666809923355,781.113908530791,jtsb_ais_interpolated,,,,,70,,False,False
203.0,,target,999170603,WAN HAI 266,-3.476221795783415,0.5164999999998372,34.530274999999996,139.00134722222222,16.39,91.6,90.6,18,,safe,0.7703837708232424,762.6875490726036,jtsb_ais_interpolated,,,,,70,,False,False
204.0,,own,999170601,USS FITZGERALD,1.1758596578046703,3.917666666666875,34.586961111111115,139.09545277777778,19.4,189.07,189.07,18,,,,,jtsb_arpa_interpolated_heading_proxy,,,,,35,,False,False
204.0,,target,999170602,ACX CRYSTAL,-3.378954413914687,-1.1568055555555645,34.50238657407407,139.00331481481481,17.941666666666666,74.20833333333334,70.08333333333333,18,,safe,0.20238514839349545,779.4678118227066,jtsb_ais_interpolated,,,,,70,,False,False
204.0,,target,999170603,WAN HAI 266,-3.4717589394388417,0.5164722222220632,34.53027453703704,139.0014375,16.388333333333332,91.53333333333333,90.53333333333333,18,,safe,0.773563123947402,761.2816705891593,jtsb_ais_interpolated,,,,,70,,False,False
205.0,,own,999170601,USS FITZGERALD,1.1750471890855354,3.91236111111132,34.58687268518519,139.09543634259262,19.4,189.07083333333333,189.07083333333333,18,,,,,jtsb_arpa_interpolated_heading_proxy,,,,,35,,False,False
205.0,,target,999170602,ACX CRYSTAL,-3.374194033813779,-1.1553333333333455,34.502411111111115,139.00341111111112,17.939999999999998,74.06,70.0,18,,safe,0.21098112095846133,777.824437879324,jtsb_ais_interpolated,,,,,70,,False,False
205.0,,target,999170603,WAN HAI 266,-3.4672960830942685,0.5164444444442893,34.53027407407407,139.00152777777777,16.386666666666667,91.46666666666667,90.46666666666667,18,,safe,0.7767342686890226,759.8771712651399,jtsb_ais_interpolated,,,,,70,,False,False
206.0,,own,999170601,USS FITZGERALD,1.1742347203664005,3.9070555555557647,34.58678425925926,139.09541990740743,19.4,189.07166666666666,189.07166666666666,18,,,,,jtsb_arpa_interpolated_heading_proxy,,,,,35,,False,False
206.0,,target,999170602,ACX CRYSTAL,-3.3694336537128713,-1.1538611111111265,34.50243564814815,139.0035074074074,17.938333333333333,73.91166666666666,69.91666666666667,18,,safe,0.21955458537729022,776.1837773466073,jtsb_ais_interpolated,,,,,70,,False,False
206.0,,target,999170603,WAN HAI 266,-3.462833226749695,0.5164166666665153,34.53027361111111,139.00161805555555,16.384999999999998,91.4,90.4,18,,safe,0.7798972040321752,758.4740484754703,jtsb_ais_interpolated,,,,,70,,False,False
207.0,,own,999170601,USS FITZGERALD,1.1734222516472659,3.9017500000002094,34.58669583333334,139.09540347222224,19.4,189.0725,189.0725,18,,,,,jtsb_arpa_interpolated_heading_proxy,,,,,35,,False,False
207.0,,target,999170602,ACX CRYSTAL,-3.364673273611963,-1.1523888888889076,34.502460185185186,139.0036037037037,17.936666666666667,73.76333333333334,69.83333333333333,18,,safe,0.22810552841716625,774.5458209201926,jtsb_ais_interpolated,,,,,70,,False,False
207.0,,target,999170603,WAN HAI 266,-3.4583703704051216,0.5163888888887413,34.53027314814815,139.00170833333334,16.383333333333333,91.33333333333333,90.33333333333333,18,,safe,0.7830519289676918,757.0722996024784,jtsb_ais_interpolated,,,,,70,,False,False
208.0,,own,999170601,USS FITZGERALD,1.172609782928131,3.896444444444654,34.58660740740741,139.09538703703706,19.4,189.07333333333332,189.07333333333332,18,,,,,jtsb_arpa_interpolated_heading_proxy,,,,,35,,False,False
208.0,,target,999170602,ACX CRYSTAL,-3.3599128935110554,-1.1509166666666886,34.50248472222222,139.0037,17.935,73.61500000000001,69.75,18,,safe,0.23663393692239723,772.9105593450682,jtsb_ais_interpolated,,,,,70,,False,False
208.0,,target,999170603,WAN HAI 266,-3.453907514060548,0.5163611111109674,34.53027268518518,139.00179861111113,16.381666666666664,91.26666666666667,90.26666666666667,18,,safe,0.7861984424931637,755.6719220358686,jtsb_ais_interpolated,,,,,70,,False,False
209.0,,own,999170601,USS FITZGERALD,1.1717973142089961,3.891138888889099,34.58651898148149,139.09537060185187,19.4,189.07416666666666,189.07416666666666,18,,,,,jtsb_arpa_interpolated_heading_proxy,,,,,35,,False,False
209.0,,target,999170602,ACX CRYSTAL,-3.355152513410147,-1.1494444444444696,34.50250925925926,139.0037962962963,17.933333333333334,73.46666666666667,69.66666666666667,18,,safe,0.2451397978144063,771.2779834152598,jtsb_ais_interpolated,,,,,70,,False,False
209.0,,target,999170603,WAN HAI 266,-3.4494446577159747,0.5163333333331934,34.53027222222222,139.00188888888889,16.38,91.2,90.2,18,,safe,0.789336743612943,754.2729131726945,jtsb_ais_interpolated,,,,,70,,False,False
210.0,,own,999170601,USS FITZGERALD,1.1709848454898613,3.8858333333335437,34.58643055555556,139.09535416666668,19.4,189.075,189.075,18,,,,,jtsb_arpa_interpolated_heading_proxy,,,,,35,,False,False
210.0,,target,999170602,ACX CRYSTAL,-3.3503921333092395,-1.1479722222222506,34.5025337962963,139.0038925925926,17.931666666666665,73.31833333333333,69.58333333333333,18,,safe,0.2536230980917309,769.6480839735137,jtsb_ais_interpolated,,,,,70,,False,False
210.0,,target,999170603,WAN HAI 266,-3.4449818013714015,0.5163055555554195,34.53027175925926,139.00197916666667,16.378333333333334,91.13333333333334,90.13333333333334,18,,safe,0.7924668313381262,752.8752704173355,jtsb_ais_interpolated,,,,,70,,False,False
211.0,,own,999170601,USS FITZGERALD,1.1701723767707266,3.8805277777779885,34.586342129629635,139.0953377314815,19.4,189.07583333333332,189.07583333333332,18,,,,,jtsb_arpa_interpolated_heading_proxy,,,,,35,,False,False
211.0,,target,999170602,ACX CRYSTAL,-3.3456317532083313,-1.1465000000000316,34.50255833333333,139.0039888888889,17.93,73.17,69.5,18,,safe,0.2620838248300063,768.0208519109888,jtsb_ais_interpolated,,,,,70,,False,False
211.0,,target,999170603,WAN HAI 266,-3.440518945026828,0.5162777777776455,34.5302712962963,139.00206944444446,16.376666666666665,91.06666666666666,90.06666666666666,18,,safe,0.7955887046865623,751.4789911814703,jtsb_ais_interpolated,,,,,70,,False,False
212.0,,own,999170601,USS FITZGERALD,1.1693599080515917,3.8752222222224333,34.58625370370371,139.0953212962963,19.4,189.07666666666665,189.07666666666665,18,,,,,jtsb_arpa_interpolated_heading_proxy,,,,,35,,False,False
212.0,,target,999170602,ACX CRYSTAL,-3.3408713731074235,-1.1450277777778126,34.50258287037037,139.00408518518518,17.92833333333333,73.02166666666668,69.41666666666667,18,,safe,0.2705219651819768,766.3962781669438,jtsb_ais_interpolated,,,,,70,,False,False
212.0,,target,999170603,WAN HAI 266,-3.4360560886822547,0.5162499999998715,34.53027083333333,139.00215972222222,16.375,91.0,90.0,18,,safe,0.7987023626828348,750.0840728840514,jtsb_ais_interpolated,,,,,70,,False,False
213.0,,own,999170601,USS FITZGERALD,1.1685474393324569,3.869916666666878,34.58616527777778,139.09530486111112,19.4,189.0775,189.0775,18,,,,,jtsb_arpa_interpolated_heading_proxy,,,,,35,,False,False
213.0,,target,999170602,ACX CRYSTAL,-3.3361109930065154,-1.1435555555555936,34.50260740740741,139.00418148148148,17.926666666666666,72.87333333333333,69.33333333333333,18,,safe,0.27893750637746884,764.7743537284334,jtsb_ais_interpolated,,,,,70,,False,False
213.0,,target,999170603,WAN HAI 266,-3.431593232337681,0.5162222222220976,34.53027037037037,139.00225,16.37333333333333,90.93333333333334,89.93333333333334,18,,safe,0.8018078043582699,748.6905129512803,jtsb_ais_interpolated,,,,,70,,False,False
214.0,,own,999170601,USS FITZGERALD,1.167734970613322,3.864611111111323,34.58607685185186,139.09528842592593,19.4,189.07833333333332,189.07833333333332,18,,,,,jtsb_arpa_interpolated_heading_proxy,,,,,35,,False,False
214.0,,target,999170602,ACX CRYSTAL,-3.3313506129056076,-1.1420833333333746,34.502631944444445,139.0042777777778,17.924999999999997,72.725,69.25,18,,safe,0.2873304357233972,763.1550696300021,jtsb_ais_interpolated,,,,,70,,False,False
214.0,,target,999170603,WAN HAI 266,-3.4271303759931078,0.5161944444443236,34.53026990740741,139.0023402777778,16.371666666666666,90.86666666666666,89.86666666666666,18,,safe,0.8049050287509204,747.2983088165815,jtsb_ais_interpolated,,,,,70,,False,False
215.0,,own,999170601,USS FITZGERALD,1.1669225018941871,3.8593055555557676,34.58598842592593,139.09527199074074,19.4,189.07916666666665,189.07916666666665,18,,,,,jtsb_arpa_interpolated_heading_proxy,,,,,35,,False,False
215.0,,target,999170602,ACX CRYSTAL,-3.3265902328046995,-1.1406111111111557,34.50265648148148,139.00437407407406,17.923333333333332,72.57666666666667,69.16666666666667,18,,safe,0.2957007406037557,761.5384169533835,jtsb_ais_interpolated,,,,,70,,False,False
215.0,,target,999170603,WAN HAI 266,-3.4226675196485346,0.5161666666665496,34.53026944444444,139.00243055555555,16.369999999999997,90.8,89.8,18,,safe,0.807994034905566,745.9074579205783,jtsb_ais_interpolated,,,,,70,,False,False
216.0,,own,999170601,USS FITZGERALD,1.1661100331750525,3.8540000000002124,34.5859,139.09525555555558,19.4,189.07999999999998,189.07999999999998,18,,,,,jtsb_arpa_interpolated_heading_proxy,,,,,35,,False,False
216.0,,target,999170602,ACX CRYSTAL,-3.3218298527037917,-1.1391388888889367,34.50268101851852,139.00447037037037,17.921666666666667,72.42833333333334,69.08333333333333,18,,safe,0.3040484084796135,759.9243868271994,jtsb_ais_interpolated,,,,,70,,False,False
216.0,,target,999170603,WAN HAI 266,-3.418204663303961,0.5161388888887757,34.530268981481484,139.00252083333334,16.368333333333332,90.73333333333333,89.73333333333333,18,,safe,0.8110748218737125,744.5179577110672,jtsb_ais_interpolated,,,,,70,,False,False
217.0,,own,999170601,USS FITZGERALD,1.1652975644559176,3.848694444444657,34.58581157407408,139.0952391203704,19.4,189.08083333333332,189.08083333333332,18,,,,,jtsb_arpa_interpolated_heading_proxy,,,,,35,,False,False
217.0,,target,999170602,ACX CRYSTAL,-3.3170694726028835,-1.1376666666667177,34.50270555555556,139.00456666666668,17.919999999999998,72.28,69.0,18,,safe,0.3123734268891065,758.3129704266636,jtsb_ais_interpolated,,,,,70,,False,False
217.0,,target,999170603,WAN HAI 266,-3.4137418069593877,0.5161111111110017,34.53026851851852,139.00261111111112,16.366666666666667,90.66666666666667,89.66666666666667,18,,safe,0.8141473887135784,743.1298056429935,jtsb_ais_interpolated,,,,,70,,False,False
218.0,,own,999170601,USS FITZGERALD,1.1644850957367827,3.843388888889102,34.585723148148155,139.0952226851852,19.4,189.08166666666665,189.08166666666665,18,,,,,jtsb_arpa_interpolated_heading_proxy,,,,,35,,False,False
218.0,,target,999170602,ACX CRYSTAL,-3.312309092501976,-1.1361944444444987,34.50273009259259,139.00466296296295,17.918333333333333,72.13166666666666,68.91666666666667,18,,safe,0.3206757834474257,756.704158973286,jtsb_ais_interpolated,,,,,70,,False,False
218.0,,target,999170603,WAN HAI 266,-3.409278950614814,0.5160833333332278,34.53026805555555,139.00270138888888,16.365,90.6,89.6,18,,safe,0.8172117344900991,741.7429991784259,jtsb_ais_interpolated,,,,,70,,False,False
219.0,,own,999170601,USS FITZGERALD,1.1636726270176478,3.8380833333335467,34.585634722222224,139.09520625000002,19.4,189.08249999999998,189.08249999999998,18,,,,,jtsb_arpa_interpolated_heading_proxy,,,,,35,,False,False
219.0,,target,999170602,ACX CRYSTAL,-3.3075487124010676,-1.1347222222222797,34.50275462962963,139.00475925925926,17.916666666666664,71.98333333333333,68.83333333333333,18,,safe,0.3289554658468141,755.0979437345801,jtsb_ais_interpolated,,,,,70,,False,False
219.0,,target,999170603,WAN HAI 266,-3.404816094270241,0.5160555555554538,34.530267592592594,139.00279166666667,16.363333333333333,90.53333333333333,89.53333333333333,18,,safe,0.8202678582749118,740.3575357865324,jtsb_ais_interpolated,,,,,70,,False,False
220.0,,own,999170601,USS FITZGERALD,1.1628601582985132,3.8327777777779914,34.5855462962963,139.09518981481483,19.4,189.08333333333331,189.08333333333331,18,,,,,jtsb_arpa_interpolated_heading_proxy,,,,,35,,False,False
220.0,,target,999170602,ACX CRYSTAL,-3.30278833230016,-1.1332500000000607,34.50277916666667,139.00485555555557,17.915,71.83500000000001,68.75,18,,safe,0.3372124618565615,753.4943160237734,jtsb_ais_interpolated,,,,,70,,False,False
220.0,,target,999170603,WAN HAI 266,-3.400353237925667,0.5160277777776798,34.53026712962963,139.00288194444445,16.361666666666665,90.46666666666667,89.46666666666667,18,,safe,0.8233157591463603,738.9734129435554,jtsb_ais_interpolated,,,,,70,,False,False
221.0,,own,999170601,USS FITZGERALD,1.1620476895793783,3.827472222222436,34.58545787037038,139.09517337962964,19.4,189.08416666666668,189.08416666666668,18,,,,,jtsb_arpa_interpolated_heading_proxy,,,,,35,,False,False
221.0,,target,999170602,ACX CRYSTAL,-3.2980279521992517,-1.1317777777778417,34.502803703703705,139.00495185185187,17.91333333333333,71.68666666666667,68.66666666666667,18,,safe,0.34544675932299945,751.8932671995176,jtsb_ais_interpolated,,,,,70,,False,False
221.0,,target,999170603,WAN HAI 266,-3.395890381581094,0.5159999999999059,34.53026666666667,139.0029722222222,16.36,90.4,89.4,18,,safe,0.8263554361894874,737.5906281327875,jtsb_ais_interpolated,,,,,70,,False,False
222.0,,own,999170601,USS FITZGERALD,1.1612352208602434,3.822166666666881,34.58536944444445,139.09515694444445,19.4,189.085,189.085,18,,,,,jtsb_arpa_interpolated_heading_proxy,,,,,35,,False,False
222.0,,target,999170602,ACX CRYSTAL,-3.293267572098344,-1.1303055555556227,34.50282824074074,139.00504814814815,17.911666666666665,71.53833333333333,68.58333333333333,18,,safe,0.3536583461694869,750.2947886656036,jtsb_ais_interpolated,,,,,70,,False,False
222.0,,target,999170603,WAN HAI 266,-3.3914275252365207,0.5159722222221319,34.530266203703704,139.0030625,16.358333333333334,90.33333333333333,89.33333333333333,18,,safe,0.82938688849603,736.209178844547,jtsb_ais_interpolated,,,,,70,,False,False
223.0,,own,999170601,USS FITZGERALD,1.1604227521411086,3.8168611111113258,34.58528101851852,139.09514050925927,19.4,189.08583333333334,189.08583333333334,18,,,,,jtsb_arpa_interpolated_heading_proxy,,,,,35,,False,False
223.0,,target,999170602,ACX CRYSTAL,-3.288507191997436,-1.1288333333334037,34.502852777777775,139.00514444444445,17.91,71.39,68.5,18,,safe,0.361847210396411,748.6988718706777,jtsb_ais_interpolated,,,,,70,,False,False
223.0,,target,999170603,WAN HAI 266,-3.386964668891947,0.5159444444443579,34.53026574074074,139.00315277777779,16.356666666666666,90.26666666666667,89.26666666666667,18,,safe,0.8324101151644111,734.8290625761539,jtsb_ais_interpolated,,,,,70,,False,False
224.0,,own,999170601,USS FITZGERALD,1.1596102834219737,3.8115555555557705,34.5851925925926,139.09512407407408,19.4,189.08666666666667,189.08666666666667,18,,,,,jtsb_arpa_interpolated_heading_proxy,,,,,35,,False,False
224.0,,target,999170602,ACX CRYSTAL,-3.283746811896528,-1.1273611111111848,34.50287731481482,139.00524074074076,17.90833333333333,71.24166666666667,68.41666666666667,18,,safe,0.37001334008116993,747.1055083079588,jtsb_ais_interpolated,,,,,70,,False,False
224.0,,target,999170603,WAN HAI 266,-3.382501812547374,0.515916666666584,34.53026527777778,139.00324305555554,16.355,90.2,89.2,18,,safe,0.8354251152997383,733.4502768319044,jtsb_ais_interpolated,,,,,70,,False,False
225.0,,own,999170601,USS FITZGERALD,1.158797814702839,3.8062500000002153,34.585104166666675,139.09510763888892,19.4,189.0875,189.0875,18,,,,,jtsb_arpa_interpolated_heading_proxy,,,,,35,,False,False
225.0,,target,999170602,ACX CRYSTAL,-3.27898643179562,-1.1258888888889658,34.50290185185185,139.00533703703704,17.906666666666666,71.09333333333333,68.33333333333333,18,,safe,0.37815672337817535,745.5146895149603,jtsb_ais_interpolated,,,,,70,,False,False
225.0,,target,999170603,WAN HAI 266,-3.3780389562028,0.51588888888881,34.530264814814814,139.00333333333333,16.35333333333333,90.13333333333334,89.13333333333334,18,,safe,0.8384318880137994,732.0728191230493,jtsb_ais_interpolated,,,,,70,,False,False
226.0,,own,999170601,USS FITZGERALD,1.1579853459837042,3.80094444444466,34.585015740740744,139.09509120370373,19.4,189.08833333333334,189.08833333333334,18,,,,,jtsb_arpa_interpolated_heading_proxy,,,,,35,,False,False
226.0,,target,999170602,ACX CRYSTAL,-3.274226051694712,-1.1244166666667468,34.50292638888889,139.00543333333334,17.904999999999998,70.945,68.25,18,,safe,0.3862773485188431,743.9264070732124,jtsb_ais_interpolated,,,,,70,,False,False
226.0,,target,999170603,WAN HAI 266,-3.373576099858227,0.515861111111036,34.530264351851855,139.00342361111112,16.351666666666667,90.06666666666666,89.06666666666666,18,,safe,0.8414304324250578,730.6966869677674,jtsb_ais_interpolated,,,,,70,,False,False
227.0,,own,999170601,USS FITZGERALD,1.1571728772645693,3.795638888889105,34.58492731481482,139.09507476851854,19.4,189.08916666666667,189.08916666666667,18,,,,,jtsb_arpa_interpolated_heading_proxy,,,,,35,,False,False
227.0,,target,999170602,ACX CRYSTAL,-3.269465671593804,-1.1229444444445278,34.50295092592592,139.00552962962965,17.903333333333332,70.79666666666667,68.16666666666667,18,,safe,0.3943752038115774,742.3406526079858,jtsb_ais_interpolated,,,,,70,,False,False
227.0,,target,999170603,WAN HAI 266,-3.3691132435136533,0.5158333333332621,34.53026388888889,139.0035138888889,16.35,90.0,89.0,18,,safe,0.8444207476586483,729.3218778911437,jtsb_ais_interpolated,,,,,70,,False,False
228.0,,own,999170601,USS FITZGERALD,1.1563604085454344,3.7903333333335496,34.584838888888896,139.09505833333336,19.4,189.09,189.09,18,,,,,jtsb_arpa_interpolated_heading_proxy,,,,,35,,False,False
228.0,,target,999170602,ACX CRYSTAL,-3.264705291492896,-1.1214722222223088,34.502975462962965,139.00562592592593,17.901666666666664,70.64833333333334,68.08333333333333,18,,safe,0.40245027764177566,740.7574177880202,jtsb_ais_interpolated,,,,,70,,False,False
228.0,,target,999170603,WAN HAI 266,-3.36465038716908,0.5158055555554881,34.530263425925924,139.00360416666666,16.348333333333333,89.93333333333334,88.93333333333334,18,,safe,0.8474028328463684,727.9483894251446,jtsb_ais_interpolated,,,,,70,,False,False
229.0,,own,999170601,USS FITZGERALD,1.1555479398262998,3.7850277777779944,34.584750462962965,139.09504189814817,19.4,189.09083333333334,189.09083333333334,18,,,,,jtsb_arpa_interpolated_heading_proxy,,,,,35,,False,False
229.0,,target,999170602,ACX CRYSTAL,-3.259944911391988,-1.1200000000000898,34.503,139.00572222222223,17.9,70.5,68.0,18,,safe,0.4105025584718143,739.1766943252516,jtsb_ais_fix,,,,,70,,False,False
229.0,,target,999170603,WAN HAI 266,-3.360187530824507,0.5157777777777142,34.530262962962965,139.00369444444445,16.346666666666668,89.86666666666666,88.86666666666666,18,,safe,0.8503766871266821,726.5762191085939,jtsb_ais_interpolated,,,,,70,,False,False
230.0,,own,999170601,USS FITZGERALD,1.154735471107165,3.779722222222439,34.58466203703704,139.09502546296298,19.4,189.09166666666667,189.09166666666667,18,,,,,jtsb_arpa_interpolated_heading_proxy,,,,,35,,False,False
230.0,,target,999170602,ACX CRYSTAL,-3.2553075928195794,-1.1183060109290535,34.503028233151184,139.00581602914392,17.904918032786885,70.5,68.0327868852459,18,,safe,0.4099977415155697,738.0862805118936,jtsb_ais_interpolated,,,,,70,,False,False
230.0,,target,999170603,WAN HAI 266,-3.355724674479933,0.5157499999999402,34.5302625,139.00378472222224,16.345,89.8,88.8,18,,safe,0.8533423096446997,725.2053644871507,jtsb_ais_interpolated,,,,,70,,False,False
231.0,,own,999170601,USS FITZGERALD,1.15392300238803,3.774416666666884,34.58457361111112,139.0950090277778,19.4,189.0925,189.0925,18,,,,,jtsb_arpa_interpolated_heading_proxy,,,,,35,,False,False
231.0,,target,999170602,ACX CRYSTAL,-3.250670274247171,-1.1166120218580173,34.50305646630237,139.00590983606557,17.90983606557377,70.5,68.06557377049181,18,,safe,0.4094946579292699,736.9961482555051,jtsb_ais_interpolated,,,,,70,,False,False
231.0,,target,999170603,WAN HAI 266,-3.35126181813536,0.5157222222221662,34.53026203703704,139.003875,16.343333333333334,89.73333333333333,88.73333333333333,18,,safe,0.8562996995521946,723.8358231132842,jtsb_ais_interpolated,,,,,70,,False,False
232.0,,own,999170601,USS FITZGERALD,1.1531105336688952,3.7691111111113287,34.58448518518519,139.0949925925926,19.4,189.09333333333333,189.09333333333333,18,,,,,jtsb_arpa_interpolated_heading_proxy,,,,,35,,False,False
232.0,,target,999170602,ACX CRYSTAL,-3.2460329556747625,-1.114918032786981,34.50308469945355,139.00600364298725,17.914754098360653,70.5,68.09836065573771,18,,safe,0.4089933070299438,735.906297498696,jtsb_ais_interpolated,,,,,70,,False,False
232.0,,target,999170603,WAN HAI 266,-3.3467989617907863,0.5156944444443923,34.530261574074075,139.00396527777778,16.341666666666665,89.66666666666667,88.66666666666667,18,,safe,0.8592488560075818,722.4675925462516,jtsb_ais_interpolated,,,,,70,,False,False
233.0,,own,999170601,USS FITZGERALD,1.1522980649497603,3.7638055555557735,34.58439675925926,139.09497615740742,19.4,189.09416666666667,189.09416666666667,18,,,,,jtsb_arpa_interpolated_heading_proxy,,,,,35,,False,False
233.0,,target,999170602,ACX CRYSTAL,-3.241395637102354,-1.1132240437159449,34.503112932604736,139.00609744990894,17.91967213114754,70.5,68.1311475409836,18,,safe,0.40849368813489434,734.8167281840496,jtsb_ais_interpolated,,,,,70,,False,False
233.0,,target,999170603,WAN HAI 266,-3.342336105446213,0.5156666666666183,34.53026111111111,139.00405555555557,16.34,89.6,88.6,18,,safe,0.8621897781759215,721.1006703520738,jtsb_ais_interpolated,,,,,70,,False,False
234.0,,own,999170601,USS FITZGERALD,1.1514855962306256,3.758500000000218,34.58430833333334,139.09495972222223,19.4,189.095,189.095,18,,,,,jtsb_arpa_interpolated_heading_proxy,,,,,35,,False,False
234.0,,target,999170602,ACX CRYSTAL,-3.2367583185299456,-1.1115300546449085,34.50314116575592,139.00619125683062,17.924590163934425,70.5,68.1639344262295,18,,safe,0.40799580056171,733.7274402541241,jtsb_ais_interpolated,,,,,70,,False,False
234.0,,target,999170603,WAN HAI 266,-3.33787324910164,0.5156388888888443,34.53026064814815,139.00414583333333,16.338333333333335,89.53333333333333,88.53333333333333,18,,safe,0.8651224652289101,719.7350541035137,jtsb_ais_interpolated,,,,,70,,False,False
235.0,,own,999170601,USS FITZGERALD,1.1506731275114908,3.753194444444663,34.584219907407416,139.09494328703704,19.4,189.09583333333333,189.09583333333333,18,,,,,jtsb_arpa_interpolated_heading_proxy,,,,,35,,False,False
235.0,,target,999170602,ACX CRYSTAL,-3.232120999957537,-1.1098360655738724,34.503169398907104,139.00628506375227,17.92950819672131,70.5,68.19672131147541,18,,safe,0.4074996436282464,732.6384336514512,jtsb_ais_interpolated,,,,,70,,False,False
235.0,,target,999170603,WAN HAI 266,-3.333410392757066,0.5156111111110704,34.530260185185185,139.0042361111111,16.336666666666666,89.46666666666667,88.46666666666667,18,,safe,0.8680469163448785,718.3707413800508,jtsb_ais_interpolated,,,,,70,,False,False
236.0,,own,999170601,USS FITZGERALD,1.1498606587923559,3.7478888888891078,34.584131481481485,139.09492685185188,19.4,189.09666666666666,189.09666666666666,18,,,,,jtsb_arpa_interpolated_heading_proxy,,,,,35,,False,False
236.0,,target,999170602,ACX CRYSTAL,-3.227483681385128,-1.108142076502836,34.50319763205829,139.00637887067396,17.934426229508194,70.5,68.22950819672131,18,,safe,0.4070052166526481,731.5497083185381,jtsb_ais_interpolated,,,,,70,,False,False
236.0,,target,999170603,WAN HAI 266,-3.328947536412493,0.5155833333332964,34.530259722222226,139.0043263888889,16.335,89.4,88.4,18,,safe,0.8709631307087861,717.0077297678607,jtsb_ais_interpolated,,,,,70,,False,False
237.0,,own,999170601,USS FITZGERALD,1.149048190073221,3.7425833333335525,34.58404305555556,139.0949104166667,19.4,189.0975,189.0975,18,,,,,jtsb_arpa_interpolated_heading_proxy,,,,,35,,False,False
237.0,,target,999170602,ACX CRYSTAL,-3.22284636281272,-1.1064480874318,34.50322586520947,139.00647267759564,17.93934426229508,70.5,68.26229508196721,18,,safe,0.40651251895333157,730.4612641978651,jtsb_ais_interpolated,,,,,70,,False,False
237.0,,target,999170603,WAN HAI 266,-3.3244846800679193,0.5155555555555225,34.53025925925926,139.00441666666666,16.333333333333332,89.33333333333333,88.33333333333333,18,,safe,0.8738711075122209,715.6460168597907,jtsb_ais_interpolated,,,,,70,,False,False
238.0,,own,999170601,USS FITZGERALD,1.1482357213540864,3.7372777777779973,34.58395462962964,139.0948939814815,19.4,189.09833333333333,189.09833333333333,18,,,,,jtsb_arpa_interpolated_heading_proxy,,,,,35,,False,False
238.0,,target,999170602,ACX CRYSTAL,-3.2182090442403113,-1.1047540983607635,34.50325409836066,139.00656648451732,17.944262295081966,70.5,68.29508196721312,18,,safe,0.40602154984899325,729.3731012318883,jtsb_ais_interpolated,,,,,70,,False,False
238.0,,target,999170603,WAN HAI 266,-3.320021823723346,0.5155277777777485,34.530258796296295,139.00450694444444,16.331666666666667,89.26666666666667,88.26666666666667,18,,safe,0.8767708459533862,714.2856002553374,jtsb_ais_interpolated,,,,,70,,False,False
239.0,,own,999170601,USS FITZGERALD,1.1474232526349515,3.731972222222442,34.58386620370371,139.09487754629632,19.4,189.09916666666666,189.09916666666666,18,,,,,jtsb_arpa_interpolated_heading_proxy,,,,,35,,False,False
239.0,,target,999170602,ACX CRYSTAL,-3.2135717256679026,-1.1030601092897274,34.50328233151184,139.00666029143898,17.949180327868852,70.5,68.32786885245902,18,,safe,0.4055323086586074,728.2852193630372,jtsb_ais_interpolated,,,,,70,,False,False
239.0,,target,999170603,WAN HAI 266,-3.315558967378773,0.5154999999999745,34.530258333333336,139.00459722222223,16.33,89.2,88.2,18,,safe,0.8796623452371068,712.9264775606235,jtsb_ais_interpolated,,,,,70,,False,False
240.0,,own,999170601,USS FITZGERALD,1.1466107839158166,3.726666666666887,34.58377777777778,139.09486111111113,19.4,189.1,189.1,18,,,,,jtsb_arpa_fix_heading_proxy,,,,,35,,False,False
240.0,,target,999170602,ACX CRYSTAL,-3.2089344070954944,-1.101366120218691,34.503310564663025,139.00675409836066,17.954098360655735,70.5,68.36065573770492,18,,safe,0.40504479470142496,727.1976185337166,jtsb_ais_interpolated,,,,,70,,False,False
240.0,,target,999170603,WAN HAI 266,-3.311096111034199,0.5154722222222006,34.53025787037037,139.0046875,16.328333333333333,89.13333333333334,88.13333333333334,18,,safe,0.8825456045748101,711.5686463883765,jtsb_ais_interpolated,,,,,70,,False,False
241.0,,own,999170601,USS FITZGERALD,1.145420688890572,3.7212592592594738,34.58368765432099,139.09483703703705,19.404444444444444,189.0911111111111,189.0911111111111,18,,,,,jtsb_arpa_interpolated_heading_proxy,,,,,35,,False,False
241.0,,target,999170602,ACX CRYSTAL,-3.2042970885230857,-1.099672131147655,34.50333879781421,139.00684790528234,17.95901639344262,70.5,68.39344262295081,18,,safe,0.40534521260906015,726.0169124183057,jtsb_ais_interpolated,,,,,70,,False,False
241.0,,target,999170603,WAN HAI 266,-3.306633254689626,0.5154444444444266,34.53025740740741,139.00477777777778,16.326666666666668,89.06666666666666,88.06666666666666,18,,safe,0.8862652626422114,710.1020347545489,jtsb_ais_interpolated,,,,,70,,False,False
242.0,,own,999170601,USS FITZGERALD,1.1442305938653274,3.7158518518520602,34.5835975308642,139.09481296296298,19.40888888888889,189.0822222222222,189.0822222222222,18,,,,,jtsb_arpa_interpolated_heading_proxy,,,,,35,,False,False
242.0,,target,999170602,ACX CRYSTAL,-3.199659769950677,-1.0979781420766186,34.50336703096539,139.00694171220402,17.963934426229507,70.5,68.42622950819673,18,,safe,0.40564438811454406,724.8367084247659,jtsb_ais_interpolated,,,,,70,,False,False
242.0,,target,999170603,WAN HAI 266,-3.3021703983450523,0.5154166666666526,34.530256944444446,139.00486805555556,16.325,89.0,88.0,18,,safe,0.8899718774416955,708.6367393360791,jtsb_ais_interpolated,,,,,70,,False,False
243.0,,own,999170601,USS FITZGERALD,1.1430404988400829,3.710444444444647,34.58350740740741,139.0947888888889,19.41333333333333,189.07333333333332,189.07333333333332,18,,,,,jtsb_arpa_interpolated_heading_proxy,,,,,35,,False,False
243.0,,target,999170602,ACX CRYSTAL,-3.195022451378269,-1.0962841530055825,34.50339526411658,139.00703551912568,17.968852459016393,70.5,68.45901639344262,18,,safe,0.4059423211403289,723.6570061600413,jtsb_ais_interpolated,,,,,70,,False,False
243.0,,target,999170603,WAN HAI 266,-3.297707542000479,0.5153888888888787,34.53025648148148,139.00495833333332,16.323333333333334,88.93333333333334,87.93333333333334,18,,safe,0.8936654550464163,707.1727593837849,jtsb_ais_interpolated,,,,,70,,False,False
244.0,,own,999170601,USS FITZGERALD,1.1418504038148385,3.705037037037234,34.583417283950624,139.09476481481482,19.417777777777776,189.06444444444443,189.06444444444443,18,,,,,jtsb_arpa_interpolated_heading_proxy,,,,,35,,False,False
244.0,,target,999170602,ACX CRYSTAL,-3.19038513280586,-1.0945901639345461,34.50342349726776,139.00712932604736,17.97377049180328,70.5,68.49180327868852,18,,safe,0.4062390116089607,722.4778052314653,jtsb_ais_interpolated,,,,,70,,False,False
244.0,,target,999170603,WAN HAI 266,-3.2932446856559054,0.5153611111111047,34.53025601851852,139.0050486111111,16.321666666666665,88.86666666666666,87.86666666666666,18,,safe,0.8973460015301339,705.7100941474622,jtsb_ais_interpolated,,,,,70,,False,False
245.0,,own,999170601,USS FITZGERALD,1.140660308789594,3.6996296296298206,34.58332716049383,139.09474074074075,19.42222222222222,189.05555555555554,189.05555555555554,18,,,,,jtsb_arpa_interpolated_heading_proxy,,,,,35,,False,False
245.0,,target,999170602,ACX CRYSTAL,-3.1857478142334514,-1.09289617486351,34.503451730418945,139.00722313296905,17.97868852459016,70.5,68.52459016393442,18,,safe,0.40653445944309213,721.2991052467615,jtsb_ais_interpolated,,,,,70,,False,False
245.0,,target,999170603,WAN HAI 266,-3.2887818293113322,0.5153333333333308,34.530255555555556,139.0051388888889,16.32,88.8,87.8,18,,safe,0.9010135229672152,704.2487428759011,jtsb_ais_interpolated,,,,,70,,False,False
246.0,,own,999170601,USS FITZGERALD,1.1394702137643493,3.6942222222224075,34.583237037037044,139.09471666666667,19.426666666666666,189.04666666666665,189.04666666666665,18,,,,,jtsb_arpa_interpolated_heading_proxy,,,,,35,,False,False
246.0,,target,999170602,ACX CRYSTAL,-3.181110495661043,-1.0912021857924736,34.50347996357013,139.00731693989073,17.983606557377048,70.5,68.55737704918033,18,,safe,0.4068286645654683,720.1209058140431,jtsb_ais_interpolated,,,,,70,,False,False
246.0,,target,999170603,WAN HAI 266,-3.284318972966759,0.5153055555555568,34.5302550925926,139.00522916666665,16.318333333333335,88.73333333333333,87.73333333333333,18,,safe,0.9046680254326442,702.7887048168935,jtsb_ais_interpolated,,,,,70,,False,False
247.0,,own,999170601,USS FITZGERALD,1.1382801187391047,3.6888148148149944,34.58314691358025,139.0946925925926,19.43111111111111,189.03777777777776,189.03777777777776,18,,,,,jtsb_arpa_interpolated_heading_proxy,,,,,35,,False,False
247.0,,target,999170602,ACX CRYSTAL,-3.1764731770886345,-1.0895081967214375,34.50350819672131,139.00741074681238,17.988524590163934,70.5,68.59016393442623,18,,safe,0.40712162689893006,718.9432065418112,jtsb_ais_interpolated,,,,,70,,False,False
247.0,,target,999170603,WAN HAI 266,-3.2798561166221853,0.5152777777777828,34.53025462962963,139.00531944444444,16.316666666666666,88.66666666666667,87.66666666666667,18,,safe,0.9083095150020177,701.329979217246,jtsb_ais_interpolated,,,,,70,,False,False
248.0,,own,999170601,USS FITZGERALD,1.1370900237138601,3.683407407407581,34.583056790123464,139.09466851851855,19.435555555555556,189.02888888888887,189.02888888888887,18,,,,,jtsb_arpa_interpolated_heading_proxy,,,,,35,,False,False
248.0,,target,999170602,ACX CRYSTAL,-3.1718358585162263,-1.0878142076504012,34.5035364298725,139.00750455373407,17.99344262295082,70.5,68.62295081967213,18,,safe,0.4074133463664237,717.7660070389554,jtsb_ais_interpolated,,,,,70,,False,False
248.0,,target,999170603,WAN HAI 266,-3.275393260277612,0.5152500000000089,34.530254166666666,139.00540972222223,16.315,88.6,87.6,18,,safe,0.9119379977515584,699.8725653227912,jtsb_ais_interpolated,,,,,70,,False,False
249.0,,own,999170601,USS FITZGERALD,1.1358999286886156,3.678000000000168,34.58296666666667,139.09464444444447,19.439999999999998,189.01999999999998,189.01999999999998,18,,,,,jtsb_arpa_interpolated_heading_proxy,,,,,35,,False,False
249.0,,target,999170602,ACX CRYSTAL,-3.1671985399438176,-1.086120218579365,34.50356466302368,139.00759836065575,17.998360655737702,70.5,68.65573770491804,18,,safe,0.40770382289098783,716.5893069147543,jtsb_ais_interpolated,,,,,70,,False,False
249.0,,target,999170603,WAN HAI 266,-3.2709304039330385,0.5152222222222349,34.53025370370371,139.0055,16.313333333333333,88.53333333333333,87.53333333333333,18,,safe,0.9155534797581141,698.4164623783992,jtsb_ais_interpolated,,,,,70,,False,False
250.0,,own,999170601,USS FITZGERALD,1.1347098336633712,3.6725925925927547,34.58287654320988,139.0946203703704,19.444444444444443,189.0111111111111,189.0111111111111,18,,,,,jtsb_arpa_interpolated_heading_proxy,,,,,35,,False,False
250.0,,target,999170602,ACX CRYSTAL,-3.162561221371409,-1.0844262295083287,34.503592896174865,139.0076921675774,18.00327868852459,70.5,68.68852459016394,18,,safe,0.4079930563957591,715.4131057788713,jtsb_ais_interpolated,,,,,70,,False,False
250.0,,target,999170603,WAN HAI 266,-3.2664675475884652,0.5151944444444609,34.53025324074074,139.00559027777777,16.311666666666667,88.46666666666667,87.46666666666667,18,,safe,0.9191559670991643,696.9616696279863,jtsb_ais_interpolated,,,,,70,,False,False
251.0,,own,999170601,USS FITZGERALD,1.1335197386381266,3.667185185185341,34.58278641975309,139.09459629629632,19.448888888888888,189.0022222222222,189.0022222222222,18,,,,,jtsb_arpa_interpolated_heading_proxy,,,,,35,,False,False
251.0,,target,999170602,ACX CRYSTAL,-3.1579239027990007,-1.0827322404372923,34.50362112932605,139.0077859744991,18.008196721311474,70.5,68.72131147540983,18,,safe,0.4082810468039739,714.237403241359,jtsb_ais_interpolated,,,,,70,,False,False
251.0,,target,999170603,WAN HAI 266,-3.2620046912438916,0.515166666666687,34.53025277777778,139.00568055555556,16.310000000000002,88.4,87.4,18,,safe,0.9227454658528271,695.5081863145309,jtsb_ais_interpolated,,,,,70,,False,False
252.0,,own,999170601,USS FITZGERALD,1.132329643612882,3.661777777777928,34.5826962962963,139.09457222222224,19.453333333333333,188.99333333333334,188.99333333333334,18,,,,,jtsb_arpa_interpolated_heading_proxy,,,,,35,,False,False
252.0,,target,999170602,ACX CRYSTAL,-3.153286584226592,-1.0810382513662562,34.50364936247723,139.00787978142077,18.01311475409836,70.5,68.75409836065573,18,,safe,0.4085677940389621,713.0621989126544,jtsb_ais_interpolated,,,,,70,,False,False
252.0,,target,999170603,WAN HAI 266,-3.2575418348993184,0.515138888888913,34.53025231481482,139.00577083333334,16.308333333333334,88.33333333333333,87.33333333333333,18,,safe,0.9263219820978593,694.0560116800796,jtsb_ais_interpolated,,,,,70,,False,False
253.0,,own,999170601,USS FITZGERALD,1.1311395485876374,3.656370370370515,34.58260617283951,139.09454814814816,19.45777777777778,188.98444444444445,188.98444444444445,18,,,,,jtsb_arpa_interpolated_heading_proxy,,,,,35,,False,False
253.0,,target,999170602,ACX CRYSTAL,-3.1486492656541833,-1.0793442622952198,34.50367759562842,139.00797358834245,18.018032786885243,70.5,68.78688524590164,18,,safe,0.4088532980241589,711.8874924035817,jtsb_ais_interpolated,,,,,70,,False,False
253.0,,target,999170603,WAN HAI 266,-3.253078978554745,0.515111111111139,34.53025185185185,139.0058611111111,16.30666666666667,88.26666666666667,87.26666666666667,18,,safe,0.9298855219136661,692.6051449657608,jtsb_ais_interpolated,,,,,70,,False,False
254.0,,own,999170601,USS FITZGERALD,1.1299494535623928,3.6509629629631015,34.58251604938272,139.0945240740741,19.462222222222223,188.97555555555556,188.97555555555556,18,,,,,jtsb_arpa_interpolated_heading_proxy,,,,,35,,False,False
254.0,,target,999170602,ACX CRYSTAL,-3.144011947081775,-1.0776502732241837,34.5037058287796,139.0080673952641,18.02295081967213,70.5,68.81967213114754,18,,safe,0.4091375586830873,710.7132833253502,jtsb_ais_interpolated,,,,,70,,False,False
254.0,,target,999170603,WAN HAI 266,-3.2486161222101715,0.5150833333333651,34.53025138888889,139.0059513888889,16.305,88.2,87.2,18,,safe,0.9334360913802978,691.1555854117947,jtsb_ais_interpolated,,,,,70,,False,False
255.0,,own,999170601,USS FITZGERALD,1.1287593585371483,3.6455555555556884,34.58242592592593,139.0945,19.466666666666665,188.96666666666667,188.96666666666667,18,,,,,jtsb_arpa_interpolated_heading_proxy,,,,,35,,False,False
255.0,,target,999170602,ACX CRYSTAL,-3.1393746285093664,-1.0759562841531474,34.503734061930786,139.0081612021858,18.027868852459015,70.5,68.85245901639344,18,,safe,0.4094205759393718,709.5395712895531,jtsb_ais_interpolated,,,,,70,,False,False
255.0,,target,999170603,WAN HAI 266,-3.2441532658655983,0.5150555555555911,34.53025092592593,139.00604166666668,16.303333333333335,88.13333333333334,87.13333333333334,18,,safe,0.9369736965784657,689.7073322575044,jtsb_ais_interpolated,,,,,70,,False,False
256.0,,own,999170601,USS FITZGERALD,1.1275692635119037,3.6401481481482754,34.58233580246914,139.09447592592593,19.47111111111111,188.95777777777778,188.95777777777778,18,,,,,jtsb_arpa_interpolated_heading_proxy,,,,,35,,False,False
256.0,,target,999170602,ACX CRYSTAL,-3.1347373099369578,-1.0742622950821112,34.50376229508197,139.00825500910747,18.0327868852459,70.5,68.88524590163935,18,,safe,0.4097023497167357,708.3663559081689,jtsb_ais_interpolated,,,,,70,,False,False
256.0,,target,999170603,WAN HAI 266,-3.2396904095210246,0.5150277777778172,34.53025046296297,139.00613194444443,16.301666666666666,88.06666666666666,87.06666666666666,18,,safe,0.9404983435895365,688.2603847413264,jtsb_ais_interpolated,,,,,70,,False,False
257.0,,own,999170601,USS FITZGERALD,1.1263791684866593,3.634740740740862,34.58224567901235,139.09445185185186,19.475555555555555,188.9488888888889,188.9488888888889,18,,,,,jtsb_arpa_interpolated_heading_proxy,,,,,35,,False,False
257.0,,target,999170602,ACX CRYSTAL,-3.1300999913645495,-1.072568306011075,34.503790528233154,139.00834881602916,18.037704918032787,70.5,68.91803278688525,18,,safe,0.4099828799389986,707.1936367935594,jtsb_ais_interpolated,,,,,70,,False,False
257.0,,target,999170603,WAN HAI 266,-3.2352275531764514,0.5150000000000432,34.53025,139.00622222222222,16.3,88.0,87.0,18,,safe,0.9440100384955455,686.814742100822,jtsb_ais_fix,,,,,70,,False,False
258.0,,own,999170601,USS FITZGERALD,1.1251890734614147,3.6293333333334488,34.58215555555556,139.09442777777778,19.48,188.94,188.94,18,,,,,jtsb_arpa_interpolated_heading_proxy,,,,,35,,False,False
258.0,,target,999170602,ACX CRYSTAL,-3.125462672792141,-1.0708743169400388,34.50381876138434,139.0084426229508,18.04262295081967,70.5,68.95081967213115,18,,safe,0.4102621665300745,706.0214135584704,jtsb_ais_interpolated,,,,,70,,False,False
258.0,,target,999170603,WAN HAI 266,-3.230650264617907,0.5153333333333734,34.530255555555556,139.0063148148148,16.298333333333336,87.93333333333334,86.91666666666667,18,,safe,0.9476787669988753,685.3263795412753,jtsb_ais_interpolated,,,,,70,,False,False
259.0,,own,999170601,USS FITZGERALD,1.1239989784361701,3.6239259259260357,34.582065432098766,139.0944037037037,19.484444444444446,188.9311111111111,188.9311111111111,18,,,,,jtsb_arpa_interpolated_heading_proxy,,,,,35,,False,False
259.0,,target,999170602,ACX CRYSTAL,-3.120825354219732,-1.0691803278690024,34.50384699453552,139.0085364298725,18.047540983606556,70.5,68.98360655737704,18,,safe,0.4105402094139748,704.8496858160299,jtsb_ais_interpolated,,,,,70,,False,False
259.0,,target,999170603,WAN HAI 266,-3.226072976059362,0.5156666666667036,34.530261111111116,139.0064074074074,16.296666666666667,87.86666666666666,86.83333333333333,18,,safe,0.9513340688691608,683.8393323754693,jtsb_ais_interpolated,,,,,70,,False,False
260.0,,own,999170601,USS FITZGERALD,1.1228088834109256,3.618518518518622,34.58197530864198,139.09437962962963,19.488888888888887,188.92222222222222,188.92222222222222,18,,,,,jtsb_arpa_interpolated_heading_proxy,,,,,35,,False,False
260.0,,target,999170602,ACX CRYSTAL,-3.116188035647324,-1.0674863387979663,34.5038752276867,139.00863023679418,18.052459016393442,70.5,69.01639344262296,18,,safe,0.4108170085148114,703.6784531797489,jtsb_ais_interpolated,,,,,70,,False,False
260.0,,target,999170603,WAN HAI 266,-3.2214956875008176,0.5160000000000338,34.53026666666667,139.0065,16.295,87.8,86.75,18,,safe,0.9549759501661735,682.3535998778522,jtsb_ais_interpolated,,,,,70,,False,False
261.0,,own,999170601,USS FITZGERALD,1.121618788385681,3.613111111111209,34.581885185185186,139.09435555555555,19.493333333333332,188.91333333333333,188.91333333333333,18,,,,,jtsb_arpa_interpolated_heading_proxy,,,,,35,,False,False
261.0,,target,999170602,ACX CRYSTAL,-3.1115507170749153,-1.06579234972693,34.50390346083788,139.00872404371586,18.057377049180328,70.5,69.04918032786885,18,,safe,0.4110925637567854,702.5077152635199,jtsb_ais_interpolated,,,,,70,,False,False
261.0,,target,999170603,WAN HAI 266,-3.2169183989422727,0.516333333333364,34.53027222222222,139.0065925925926,16.293333333333333,87.73333333333333,86.66666666666667,18,,safe,0.9586044169508041,680.8691813218545,jtsb_ais_interpolated,,,,,70,,False,False
262.0,,own,999170601,USS FITZGERALD,1.1204286933604364,3.607703703703796,34.5817950617284,139.09433148148148,19.497777777777777,188.90444444444444,188.90444444444444,18,,,,,jtsb_arpa_interpolated_heading_proxy,,,,,35,,False,False
262.0,,target,999170602,ACX CRYSTAL,-3.1069133985025066,-1.0640983606558938,34.50393169398907,139.0088178506375,18.06229508196721,70.5,69.08196721311475,18,,safe,0.4113668750642023,701.3374716816172,jtsb_ais_interpolated,,,,,70,,False,False
262.0,,target,999170603,WAN HAI 266,-3.2123411103837283,0.5166666666666941,34.53027777777778,139.00668518518518,16.291666666666668,87.66666666666667,86.58333333333333,18,,safe,0.9622194752850677,679.3860759799003,jtsb_ais_interpolated,,,,,70,,False,False
263.0,,own,999170601,USS FITZGERALD,1.119238598335192,3.6022962962963825,34.581704938271606,139.09430740740743,19.502222222222223,188.89555555555555,188.89555555555555,18,,,,,jtsb_arpa_interpolated_heading_proxy,,,,,35,,False,False
263.0,,target,999170602,ACX CRYSTAL,-3.1022760799300984,-1.0624043715848575,34.50395992714025,139.0089116575592,18.067213114754097,70.5,69.11475409836065,18,,safe,0.4116399423614607,700.1677220486959,jtsb_ais_interpolated,,,,,70,,False,False
263.0,,target,999170603,WAN HAI 266,-3.207763821825184,0.5170000000000243,34.53028333333334,139.00677777777778,16.29,87.6,86.5,18,,safe,0.9658211312321061,677.90428312342,jtsb_ais_interpolated,,,,,70,,False,False
264.0,,own,999170601,USS FITZGERALD,1.1180485033099474,3.5968888888889694,34.58161481481482,139.09428333333335,19.506666666666668,188.88666666666666,188.88666666666666,18,,,,,jtsb_arpa_interpolated_heading_proxy,,,,,35,,False,False
264.0,,target,999170602,ACX CRYSTAL,-3.0976387613576897,-1.0607103825138213,34.503988160291435,139.00900546448088,18.072131147540983,70.5,69.14754098360656,18,,safe,0.4119117655730518,698.9984659797915,jtsb_ais_interpolated,,,,,70,,False,False
264.0,,target,999170603,WAN HAI 266,-3.203186533266639,0.5173333333333545,34.53028888888889,139.00687037037036,16.288333333333334,87.53333333333333,86.41666666666667,18,,safe,0.9694093908561874,676.4238020228582,jtsb_ais_interpolated,,,,,70,,False,False
265.0,,own,999170601,USS FITZGERALD,1.1168584082847028,3.5914814814815563,34.58152469135803,139.09425925925927,19.511111111111113,188.87777777777777,188.87777777777777,18,,,,,jtsb_arpa_interpolated_heading_proxy,,,,,35,,False,False
265.0,,target,999170602,ACX CRYSTAL,-3.093001442785281,-1.059016393442785,34.50401639344262,139.00909927140256,18.07704918032787,70.5,69.18032786885246,18,,safe,0.41218234462357023,697.8297030903201,jtsb_ais_interpolated,,,,,70,,False,False
265.0,,target,999170603,WAN HAI 266,-3.1986092447080945,0.5176666666666847,34.53029444444444,139.00696296296297,16.28666666666667,87.46666666666667,86.33333333333333,18,,safe,0.9729842602227188,674.9446319476875,jtsb_ais_interpolated,,,,,70,,False,False
266.0,,own,999170601,USS FITZGERALD,1.1156683132594583,3.586074074074143,34.58143456790124,139.0942351851852,19.515555555555554,188.86888888888888,188.86888888888888,18,,,,,jtsb_arpa_interpolated_heading_proxy,,,,,35,,False,False
266.0,,target,999170602,ACX CRYSTAL,-3.0883641242128728,-1.0573224043717488,34.5040446265938,139.00919307832422,18.081967213114755,70.5,69.21311475409836,18,,safe,0.4124516794377013,696.6614329960765,jtsb_ais_interpolated,,,,,70,,False,False
266.0,,target,999170603,WAN HAI 266,-3.1940319561495496,0.5180000000000149,34.530300000000004,139.00705555555555,16.285,87.4,86.25,18,,safe,0.9765457453982446,673.4667721664182,jtsb_ais_interpolated,,,,,70,,False,False
267.0,,own,999170601,USS FITZGERALD,1.1144782182342137,3.5806666666667297,34.58134444444445,139.09421111111112,19.52,188.85999999999999,188.85999999999999,18,,,,,jtsb_arpa_interpolated_heading_proxy,,,,,35,,False,False
267.0,,target,999170602,ACX CRYSTAL,-3.083726805640464,-1.0556284153007125,34.50407285974499,139.0092868852459,18.086885245901637,70.5,69.24590163934427,18,,safe,0.41271976994023074,695.4936553132353,jtsb_ais_interpolated,,,,,70,,False,False
267.0,,target,999170603,WAN HAI 266,-3.189454667591005,0.5183333333333451,34.53030555555556,139.00714814814813,16.283333333333335,87.33333333333333,86.16666666666667,18,,safe,0.9800938524504557,671.9902219466086,jtsb_ais_interpolated,,,,,70,,False,False
268.0,,own,999170601,USS FITZGERALD,1.113288123208969,3.5752592592593166,34.581254320987654,139.09418703703705,19.524444444444445,188.8511111111111,188.8511111111111,18,,,,,jtsb_arpa_interpolated_heading_proxy,,,,,35,,False,False
268.0,,target,999170602,ACX CRYSTAL,-3.0790894870680554,-1.0539344262296764,34.50410109289617,139.00938069216758,18.091803278688523,70.5,69.27868852459017,18,,safe,0.41298661605603243,694.3263696583491,jtsb_ais_interpolated,,,,,70,,False,False
268.0,,target,999170603,WAN HAI 266,-3.1848773790324603,0.5186666666666753,34.53031111111111,139.00724074074074,16.281666666666666,87.26666666666667,86.08333333333333,18,,safe,0.9836285874481779,670.5149805548762,jtsb_ais_interpolated,,,,,70,,False,False
269.0,,own,999170601,USS FITZGERALD,1.1120980281837247,3.569851851851903,34.58116419753087,139.09416296296297,19.52888888888889,188.8422222222222,188.8422222222222,18,,,,,jtsb_arpa_interpolated_heading_proxy,,,,,35,,False,False
269.0,,target,999170602,ACX CRYSTAL,-3.074452168495647,-1.05224043715864,34.504129326047355,139.00947449908927,18.09672131147541,70.5,69.31147540983606,18,,safe,0.41325221771008636,693.1595756483496,jtsb_ais_interpolated,,,,,70,,False,False
269.0,,target,999170603,WAN HAI 266,-3.180300090473916,0.5190000000000055,34.53031666666667,139.00733333333332,16.28,87.2,86.0,18,,safe,0.9871499564613991,669.0410472569087,jtsb_ais_interpolated,,,,,70,,False,False
270.0,,own,999170601,USS FITZGERALD,1.1109079331584801,3.56444444444449,34.581074074074074,139.0941388888889,19.533333333333335,188.83333333333331,188.83333333333331,18,,,,,jtsb_arpa_interpolated_heading_proxy,,,,,35,,False,False
270.0,,target,999170602,ACX CRYSTAL,-3.0698148499232385,-1.0505464480876037,34.50415755919854,139.00956830601092,18.101639344262296,70.5,69.34426229508196,18,,safe,0.41351657482746096,691.993272900545,jtsb_ais_interpolated,,,,,70,,False,False
270.0,,target,999170603,WAN HAI 266,-3.1757228019153714,0.5193333333333356,34.530322222222225,139.00742592592593,16.278333333333332,87.13333333333334,85.91666666666667,18,,safe,0.9906579655612573,667.5684213174738,jtsb_ais_interpolated,,,,,70,,False,False
271.0,,own,999170601,USS FITZGERALD,1.1097178381332355,3.559037037037077,34.58098395061729,139.09411481481482,19.537777777777777,188.82444444444442,188.82444444444442,18,,,,,jtsb_arpa_interpolated_heading_proxy,,,,,35,,False,False
271.0,,target,999170602,ACX CRYSTAL,-3.06517753135083,-1.0488524590165675,34.50418579234972,139.0096621129326,18.106557377049178,70.5,69.37704918032787,18,,safe,0.4137796873333219,690.827461032621,jtsb_ais_interpolated,,,,,70,,False,False
271.0,,target,999170603,WAN HAI 266,-3.1711455133568265,0.5196666666666658,34.53032777777778,139.0075185185185,16.276666666666667,87.06666666666666,85.83333333333333,18,,safe,0.9941526208200464,666.0971020004304,jtsb_ais_interpolated,,,,,70,,False,False
272.0,,own,999170601,USS FITZGERALD,1.108527743107991,3.5536296296296634,34.580893827160494,139.09409074074074,19.54222222222222,188.81555555555553,188.81555555555553,18,,,,,jtsb_arpa_interpolated_heading_proxy,,,,,35,,False,False
272.0,,target,999170602,ACX CRYSTAL,-3.0605402127784216,-1.0471584699455312,34.50421402550091,139.00975591985429,18.111475409836064,70.5,69.40983606557377,18,,safe,0.41404155515293034,689.6621396626407,jtsb_ais_interpolated,,,,,70,,False,False
272.0,,target,999170603,WAN HAI 266,-3.166568224798282,0.519999999999996,34.53033333333333,139.00761111111112,16.275,87.0,85.75,18,,safe,0.9976339283112247,664.6270885687385,jtsb_ais_interpolated,,,,,70,,False,False
273.0,,own,999170601,USS FITZGERALD,1.1073376480827464,3.5482222222222504,34.58080370370371,139.09406666666666,19.546666666666667,188.80666666666664,188.80666666666664,18,,,,,jtsb_arpa_interpolated_heading_proxy,,,,,35,,False,False
273.0,,target,999170602,ACX CRYSTAL,-3.055902894206013,-1.045464480874495,34.50424225865209,139.00984972677594,18.11639344262295,70.5,69.44262295081967,18,,safe,0.4143021782116461,688.4973084090425,jtsb_ais_interpolated,,,,,70,,False,False
273.0,,target,999170603,WAN HAI 266,-3.161990936239737,0.5203333333333262,34.53033888888889,139.0077037037037,16.273333333333333,86.93333333333334,85.66666666666667,18,,safe,1.0011018941094156,663.1583802844704,jtsb_ais_interpolated,,,,,70,,False,False
274.0,,own,999170601,USS FITZGERALD,1.1061475530575018,3.5428148148148373,34.580713580246915,139.0940425925926,19.551111111111112,188.79777777777778,188.79777777777778,18,,,,,jtsb_arpa_interpolated_heading_proxy,,,,,35,,False,False
274.0,,target,999170602,ACX CRYSTAL,-3.0512655756336042,-1.0437704918034587,34.504270491803275,139.00994353369762,18.121311475409836,70.5,69.47540983606558,18,,safe,0.41456155643491566,687.3329668906413,jtsb_ais_interpolated,,,,,70,,False,False
274.0,,target,999170603,WAN HAI 266,-3.1574136476811927,0.5206666666666564,34.530344444444445,139.0077962962963,16.27166666666667,86.86666666666666,85.58333333333333,18,,safe,1.0045565242904115,661.6909764088196,jtsb_ais_interpolated,,,,,70,,False,False
275.0,,own,999170601,USS FITZGERALD,1.1049574580322572,3.5374074074074238,34.58062345679013,139.0940185185185,19.555555555555557,188.7888888888889,188.7888888888889,18,,,,,jtsb_arpa_interpolated_heading_proxy,,,,,35,,False,False
275.0,,target,999170602,ACX CRYSTAL,-3.046628257061196,-1.0420765027324226,34.50429872495446,139.0100373406193,18.12622950819672,70.5,69.50819672131148,18,,safe,0.4148196897482959,686.1691147266266,jtsb_ais_interpolated,,,,,70,,False,False
275.0,,target,999170603,WAN HAI 266,-3.152836359122648,0.5209999999999866,34.53035,139.00788888888889,16.27,86.8,85.5,18,,safe,1.007997824931182,660.2248762021128,jtsb_ais_interpolated,,,,,70,,False,False
276.0,,own,999170601,USS FITZGERALD,1.1037673630070128,3.5320000000000107,34.580533333333335,139.09399444444443,19.560000000000002,188.78,188.78,18,,,,,jtsb_arpa_interpolated_heading_proxy,,,,,35,,False,False
276.0,,target,999170602,ACX CRYSTAL,-3.0419909384887873,-1.0403825136613862,34.50432695810564,139.010131147541,18.131147540983605,70.5,69.54098360655738,18,,safe,0.415076578077421,685.0057515365635,jtsb_ais_interpolated,,,,,70,,False,False
276.0,,target,999170603,WAN HAI 266,-3.1482590705641034,0.5213333333333168,34.53035555555556,139.0079814814815,16.268333333333334,86.73333333333333,85.41666666666667,18,,safe,1.0114258021098714,658.7600789238189,jtsb_ais_interpolated,,,,,70,,False,False
277.0,,own,999170601,USS FITZGERALD,1.1025772679817682,3.5265925925925976,34.58044320987654,139.09397037037036,19.564444444444444,188.7711111111111,188.7711111111111,18,,,,,jtsb_arpa_interpolated_heading_proxy,,,,,35,,False,False
277.0,,target,999170602,ACX CRYSTAL,-3.037353619916379,-1.03868852459035,34.50435519125683,139.01022495446264,18.13606557377049,70.5,69.57377049180327,18,,safe,0.4153322213480358,683.8428769403911,jtsb_ais_interpolated,,,,,70,,False,False
277.0,,target,999170603,WAN HAI 266,-3.143681782005559,0.521666666666647,34.53036111111111,139.00807407407407,16.266666666666666,86.66666666666667,85.33333333333333,18,,safe,1.0148404619058067,657.2965838325598,jtsb_ais_interpolated,,,,,70,,False,False
278.0,,own,999170601,USS FITZGERALD,1.1013871729565237,3.521185185185184,34.580353086419755,139.0939462962963,19.56888888888889,188.76222222222222,188.76222222222222,18,,,,,jtsb_arpa_interpolated_heading_proxy,,,,,35,,False,False
278.0,,target,999170602,ACX CRYSTAL,-3.0327163013439704,-1.0369945355193138,34.50438342440801,139.01031876138433,18.140983606557377,70.5,69.60655737704919,18,,safe,0.4155866194859678,682.6804905584219,jtsb_ais_interpolated,,,,,70,,False,False
278.0,,target,999170603,WAN HAI 266,-3.139104493447014,0.5219999999999771,34.530366666666666,139.00816666666665,16.265,86.6,85.25,18,,safe,1.018241810399497,655.8343901861186,jtsb_ais_interpolated,,,,,70,,False,False
279.0,,own,999170601,USS FITZGERALD,1.100197077931279,3.515777777777771,34.58026296296296,139.09392222222223,19.573333333333334,188.75333333333333,188.75333333333333,18,,,,,jtsb_arpa_interpolated_heading_proxy,,,,,35,,False,False
279.0,,target,999170602,ACX CRYSTAL,-3.0280789827715617,-1.0353005464482776,34.504411657559196,139.010412568306,18.145901639344263,70.5,69.63934426229508,18,,safe,0.4158397724171465,681.5185920113428,jtsb_ais_interpolated,,,,,70,,False,False
279.0,,target,999170603,WAN HAI 266,-3.1345272048884696,0.5223333333333073,34.530372222222226,139.00825925925926,16.263333333333332,86.53333333333333,85.16666666666667,18,,safe,1.0216298536726451,654.3734972414537,jtsb_ais_interpolated,,,,,70,,False,False
280.0,,own,999170601,USS FITZGERALD,1.0990069829060345,3.510370370370358,34.580172839506176,139.09389814814816,19.57777777777778,188.74444444444444,188.74444444444444,18,,,,,jtsb_arpa_interpolated_heading_proxy,,,,,35,,False,False
280.0,,target,999170602,ACX CRYSTAL,-3.0234416641991535,-1.0336065573772413,34.50443989071038,139.0105063752277,18.150819672131146,70.5,69.67213114754098,18,,safe,0.4160916800675967,680.3571809202128,jtsb_ais_interpolated,,,,,70,,False,False
280.0,,target,999170603,WAN HAI 266,-3.1299499163299247,0.5226666666666375,34.53037777777778,139.00835185185184,16.261666666666667,86.46666666666667,85.08333333333333,18,,safe,1.0250045978081461,652.9139042547041,jtsb_ais_interpolated,,,,,70,,False,False
281.0,,own,999170601,USS FITZGERALD,1.09781688788079,3.5049629629629444,34.58008271604938,139.09387407407408,19.582222222222224,188.73555555555555,188.73555555555555,18,,,,,jtsb_arpa_interpolated_heading_proxy,,,,,35,,False,False
281.0,,target,999170602,ACX CRYSTAL,-3.018804345626745,-1.0319125683062051,34.504468123861564,139.01060018214935,18.15573770491803,70.5,69.70491803278688,18,,safe,0.41634234236343154,679.1962569064639,jtsb_ais_interpolated,,,,,70,,False,False
281.0,,target,999170603,WAN HAI 266,-3.1253726277713803,0.5229999999999677,34.53038333333333,139.00844444444445,16.26,86.4,85.0,18,,safe,1.0283660488900894,651.4556104812025,jtsb_ais_interpolated,,,,,70,,False,False
282.0,,own,999170601,USS FITZGERALD,1.0966267928555455,3.4995555555555313,34.579992592592596,139.09385,19.58666666666667,188.72666666666666,188.72666666666666,18,,,,,jtsb_arpa_interpolated_heading_proxy,,,,,35,,False,False
282.0,,target,999170602,ACX CRYSTAL,-3.014167027054336,-1.0302185792351688,34.50449635701275,139.01069398907103,18.160655737704918,70.5,69.73770491803279,18,,safe,0.4165917592308643,678.0358195918997,jtsb_ais_interpolated,,,,,70,,False,False
282.0,,target,999170603,WAN HAI 266,-3.120795339212836,0.5233333333332979,34.53038888888889,139.00853703703703,16.258333333333333,86.33333333333333,84.91666666666667,18,,safe,1.0317142130037675,649.9986151754835,jtsb_ais_interpolated,,,,,70,,False,False
283.0,,own,999170601,USS FITZGERALD,1.095436697830301,3.4941481481481182,34.5799024691358,139.09382592592593,19.59111111111111,188.71777777777777,188.71777777777777,18,,,,,jtsb_arpa_interpolated_heading_proxy,,,,,35,,False,False
283.0,,target,999170602,ACX CRYSTAL,-3.009529708481928,-1.0285245901641327,34.50452459016393,139.0107877959927,18.165573770491804,70.5,69.77049180327869,18,,safe,0.4168399305962025,676.8758685986958,jtsb_ais_interpolated,,,,,70,,False,False
283.0,,target,999170603,WAN HAI 266,-3.116218050654291,0.5236666666666281,34.53039444444445,139.00862962962964,16.256666666666668,86.26666666666667,84.83333333333333,18,,safe,1.0350490962356775,648.5429175912947,jtsb_ais_interpolated,,,,,70,,False,False
284.0,,own,999170601,USS FITZGERALD,1.0942466028050564,3.4887407407407047,34.57981234567902,139.09380185185185,19.595555555555556,188.70888888888888,188.70888888888888,18,,,,,jtsb_arpa_interpolated_heading_proxy,,,,,35,,False,False
284.0,,target,999170602,ACX CRYSTAL,-3.0048923899095192,-1.0268306010930963,34.504552823315116,139.0108816029144,18.170491803278686,70.5,69.80327868852459,18,,safe,0.4170868563858456,675.7164035493988,jtsb_ais_interpolated,,,,,70,,False,False
284.0,,target,999170603,WAN HAI 266,-3.1116407620957465,0.5239999999999583,34.5304,139.00872222222222,16.255,86.2,84.75,18,,safe,1.0383707046735262,647.0885169816044,jtsb_ais_interpolated,,,,,70,,False,False
285.0,,own,999170601,USS FITZGERALD,1.0930565077798118,3.4833333333332916,34.57972222222222,139.09377777777777,19.6,188.7,188.7,18,,,,,jtsb_arpa_fix_heading_proxy,,,,,35,,False,False
285.0,,target,999170602,ACX CRYSTAL,-3.0002550713371106,-1.0251366120220602,34.5045810564663,139.01097540983605,18.175409836065572,70.5,69.8360655737705,18,,safe,0.41733253652628666,674.5574240669256,jtsb_ais_interpolated,,,,,70,,False,False
285.0,,target,999170603,WAN HAI 266,-3.1070634735372016,0.5243333333332885,34.530405555555554,139.00881481481483,16.253333333333334,86.13333333333334,84.66666666666667,18,,safe,1.0416790444062272,645.6354125986137,jtsb_ais_interpolated,,,,,70,,False,False
286.0,,own,999170601,USS FITZGERALD,1.0936973281780131,3.4782222222222003,34.57963703703704,139.09379074074073,19.6,188.7,188.7,18,,,,,jtsb_arpa_interpolated_heading_proxy,,,,,35,,False,False
286.0,,target,999170602,ACX CRYSTAL,-2.9956177527647023,-1.0234426229510238,34.504609289617484,139.01106921675773,18.18032786885246,70.5,69.8688524590164,18,,safe,0.41792452774456756,673.6067059744312,jtsb_ais_interpolated,,,,,70,,False,False
286.0,,target,999170603,WAN HAI 266,-3.102486184978657,0.5246666666666187,34.530411111111114,139.0089074074074,16.251666666666665,86.06666666666666,84.58333333333333,18,,safe,1.0452099589718602,644.4405428070596,jtsb_ais_interpolated,,,,,70,,False,False
287.0,,own,999170601,USS FITZGERALD,1.0943381485762145,3.473111111111109,34.57955185185185,139.0938037037037,19.6,188.7,188.7,18,,,,,jtsb_arpa_interpolated_heading_proxy,,,,,35,,False,False
287.0,,target,999170602,ACX CRYSTAL,-2.9909804341922936,-1.0217486338799877,34.50463752276867,139.01116302367942,18.185245901639345,70.5,69.90163934426229,18,,safe,0.41851790525288796,672.6562415831071,jtsb_ais_interpolated,,,,,70,,False,False
287.0,,target,999170603,WAN HAI 266,-3.0979088964201127,0.5249999999999488,34.53041666666667,139.00900000000001,16.25,86.0,84.5,18,,safe,1.0487334107560489,643.2466151019681,jtsb_ais_interpolated,,,,,70,,False,False
288.0,,own,999170601,USS FITZGERALD,1.094978968974416,3.4680000000000177,34.57946666666667,139.09381666666667,19.6,188.7,188.7,18,,,,,jtsb_arpa_interpolated_heading_proxy,,,,,35,,False,False
288.0,,target,999170602,ACX CRYSTAL,-2.986343115619885,-1.0200546448089514,34.50466575591985,139.0112568306011,18.190163934426227,70.5,69.93442622950819,18,,safe,0.41911266850698836,671.7060308287662,jtsb_ais_interpolated,,,,,70,,False,False
288.0,,target,999170603,WAN HAI 266,-3.093331607861568,0.525333333333279,34.53042222222222,139.0090925925926,16.248333333333335,85.93333333333334,84.41666666666667,18,,safe,1.0522493982341623,642.0536277783623,jtsb_ais_interpolated,,,,,70,,False,False
289.0,,own,999170601,USS FITZGERALD,1.0956197893726174,3.4628888888889264,34.579381481481484,139.09382962962962,19.6,188.7,188.7,18,,,,,jtsb_arpa_interpolated_heading_proxy,,,,,35,,False,False
289.0,,target,999170602,ACX CRYSTAL,-2.9817057970474767,-1.0183606557379152,34.504693989071036,139.01135063752275,18.195081967213113,70.5,69.9672131147541,18,,safe,0.41970881696283296,670.7560736472158,jtsb_ais_interpolated,,,,,70,,False,False
289.0,,target,999170603,WAN HAI 266,-3.0887543193030234,0.5256666666666092,34.53042777777778,139.00918518518517,16.246666666666666,85.86666666666666,84.33333333333333,18,,safe,1.0557579198877827,640.8615791357903,jtsb_ais_interpolated,,,,,70,,False,False
290.0,,own,999170601,USS FITZGERALD,1.0962606097708187,3.457777777777835,34.5792962962963,139.09384259259258,19.6,188.7,188.7,18,,,,,jtsb_arpa_interpolated_heading_proxy,,,,,35,,False,False
290.0,,target,999170602,ACX CRYSTAL,-2.977068478475068,-1.0166666666668789,34.50472222222222,139.01144444444444,18.2,70.5,70.0,18,,safe,0.42030635007662265,669.8063699742603,jtsb_ais_fix,,,,,70,,False,False
290.0,,target,999170603,WAN HAI 266,-3.0841770307444785,0.5259999999999394,34.530433333333335,139.00927777777778,16.245,85.8,84.25,18,,safe,1.0592589742047076,639.6704674783101,jtsb_ais_interpolated,,,,,70,,False,False
291.0,,own,999170601,USS FITZGERALD,1.09690143016902,3.452666666666744,34.579211111111114,139.09385555555556,19.6,188.7,188.7,18,,,,,jtsb_arpa_interpolated_heading_proxy,,,,,35,,False,False
291.0,,target,999170602,ACX CRYSTAL,-2.9722852119313705,-1.0150277777779877,34.504749537037036,139.0115412037037,18.201666666666664,70.50166666666667,69.98333333333333,18,,safe,0.4209949484803137,668.9123764829852,jtsb_ais_interpolated,,,,,70,,False,False
291.0,,target,999170603,WAN HAI 266,-3.079599742185934,0.5263333333332696,34.53043888888889,139.00937037037036,16.243333333333332,85.73333333333333,84.16666666666667,18,,safe,1.0627525596789458,638.4802911144747,jtsb_ais_interpolated,,,,,70,,False,False
292.0,,own,999170601,USS FITZGERALD,1.0975422505672214,3.4475555555556525,34.57912592592593,139.09386851851852,19.6,188.7,188.7,18,,,,,jtsb_arpa_interpolated_heading_proxy,,,,,35,,False,False
292.0,,target,999170602,ACX CRYSTAL,-2.967501945387673,-1.0133888888890965,34.50477685185185,139.01163796296296,18.203333333333333,70.50333333333333,69.96666666666667,18,,safe,0.42168419716222505,668.0184528023888,jtsb_ais_interpolated,,,,,70,,False,False
292.0,,target,999170603,WAN HAI 266,-3.075022453627389,0.5266666666665998,34.53044444444444,139.00946296296297,16.241666666666667,85.66666666666667,84.08333333333333,18,,safe,1.0662386748107098,637.2910483573156,jtsb_ais_interpolated,,,,,70,,False,False
293.0,,own,999170601,USS FITZGERALD,1.098183070965423,3.442444444444561,34.579040740740744,139.09388148148147,19.6,188.7,188.7,18,,,,,jtsb_arpa_interpolated_heading_proxy,,,,,35,,False,False
293.0,,target,999170602,ACX CRYSTAL,-2.9627186788439754,-1.0117500000002053,34.504804166666666,139.01173472222223,18.205,70.505,69.95,18,,safe,0.42237409610365895,667.1245989286847,jtsb_ais_interpolated,,,,,70,,False,False
293.0,,target,999170603,WAN HAI 266,-3.0704451650688447,0.52699999999993,34.53045,139.00955555555555,16.24,85.6,84.0,18,,safe,1.0697173181064217,636.1027375243309,jtsb_ais_interpolated,,,,,70,,False,False
294.0,,own,999170601,USS FITZGERALD,1.0988238913636243,3.43733333333347,34.57895555555556,139.09389444444443,19.6,188.7,188.7,18,,,,,jtsb_arpa_interpolated_heading_proxy,,,,,35,,False,False
294.0,,target,999170602,ACX CRYSTAL,-2.957935412300278,-1.0101111111113141,34.50483148148148,139.01183148148147,18.206666666666667,70.50666666666666,69.93333333333334,18,,safe,0.4230646452859174,666.2308148580869,jtsb_ais_interpolated,,,,,70,,False,False
294.0,,target,999170603,WAN HAI 266,-3.0658678765103002,0.5273333333332602,34.530455555555555,139.00964814814816,16.238333333333333,85.53333333333333,83.91666666666667,18,,safe,1.073188488078697,634.9153569374683,jtsb_ais_interpolated,,,,,70,,False,False
295.0,,own,999170601,USS FITZGERALD,1.0994647117618257,3.4322222222223786,34.578870370370375,139.09390740740741,19.6,188.7,188.7,18,,,,,jtsb_arpa_interpolated_heading_proxy,,,,,35,,False,False
295.0,,target,999170602,ACX CRYSTAL,-2.9531521457565804,-1.008472222222423,34.5048587962963,139.01192824074073,18.208333333333332,70.50833333333333,69.91666666666667,18,,safe,0.4237558446903016,665.3371005868096,jtsb_ais_interpolated,,,,,70,,False,False
295.0,,target,999170603,WAN HAI 266,-3.0612905879517553,0.5276666666665903,34.53046111111111,139.00974074074074,16.236666666666668,85.46666666666667,83.83333333333333,18,,safe,1.0766521832463534,633.7289049231108,jtsb_ais_interpolated,,,,,70,,False,False
296.0,,own,999170601,USS FITZGERALD,1.100105532160027,3.4271111111112873,34.57878518518519,139.09392037037037,19.6,188.7,188.7,18,,,,,jtsb_arpa_interpolated_heading_proxy,,,,,35,,False,False
296.0,,target,999170602,ACX CRYSTAL,-2.948368879212883,-1.0068333333335318,34.50488611111111,139.012025,18.21,70.51,69.9,18,,safe,0.42444769429811396,664.4434561110675,jtsb_ais_interpolated,,,,,70,,False,False
296.0,,target,999170603,WAN HAI 266,-3.056713299393211,0.5279999999999205,34.53046666666667,139.00983333333335,16.235,85.4,83.75,18,,safe,1.0801084021344018,632.5433798120633,jtsb_ais_interpolated,,,,,70,,False,False
297.0,,own,999170601,USS FITZGERALD,1.1007463525582284,3.422000000000196,34.578700000000005,139.09393333333333,19.6,188.7,188.7,18,,,,,jtsb_arpa_interpolated_heading_proxy,,,,,35,,False,False
297.0,,target,999170602,ACX CRYSTAL,-2.9435856126691853,-1.0051944444446406,34.50491342592593,139.01212175925926,18.211666666666666,70.51166666666667,69.88333333333334,18,,safe,0.42514019409066117,663.5498814270762,jtsb_ais_interpolated,,,,,70,,False,False
297.0,,target,999170603,WAN HAI 266,-3.052136010834666,0.5283333333332507,34.53047222222222,139.00992592592593,16.233333333333334,85.33333333333333,83.66666666666667,18,,safe,1.083557143274042,631.3587799395357,jtsb_ais_interpolated,,,,,70,,False,False
298.0,,own,999170601,USS FITZGERALD,1.10138717295643,3.4168888888891047,34.57861481481482,139.09394629629628,19.6,188.7,188.7,18,,,,,jtsb_arpa_interpolated_heading_proxy,,,,,35,,False,False
298.0,,target,999170602,ACX CRYSTAL,-2.9388023461254877,-1.0035555555557494,34.504940740740736,139.01221851851852,18.21333333333333,70.51333333333334,69.86666666666666,18,,safe,0.4258333440492459,662.6563765310509,jtsb_ais_interpolated,,,,,70,,False,False
298.0,,target,999170603,WAN HAI 266,-3.0475587222761216,0.5286666666665809,34.530477777777776,139.0100185185185,16.231666666666666,85.26666666666667,83.58333333333333,18,,safe,1.0869984052026656,630.175103645131,jtsb_ais_interpolated,,,,,70,,False,False
299.0,,own,999170601,USS FITZGERALD,1.1020279933546313,3.4117777777780134,34.578529629629635,139.09395925925926,19.6,188.7,188.7,18,,,,,jtsb_arpa_interpolated_heading_proxy,,,,,35,,False,False
299.0,,target,999170602,ACX CRYSTAL,-2.93401907958179,-1.0019166666668582,34.50496805555555,139.01231527777776,18.215,70.515,69.85,18,,safe,0.4265271441551752,661.7629414192076,jtsb_ais_interpolated,,,,,70,,False,False
299.0,,target,999170603,WAN HAI 266,-3.0429814337175767,0.5289999999999111,34.530483333333336,139.01011111111112,16.23,85.2,83.5,18,,safe,1.0904321864638427,628.9923492728285,jtsb_ais_interpolated,,,,,70,,False,False
300.0,,own,999170601,USS FITZGERALD,1.1026688137528327,3.406666666666922,34.57844444444445,139.09397222222222,19.6,188.7,188.7,18,,,,,jtsb_arpa_fix_heading_proxy,,,,,35,,False,False
300.0,,target,999170602,ACX CRYSTAL,-2.9292358130380927,-1.000277777777967,34.50499537037037,139.01241203703702,18.216666666666665,70.51666666666667,69.83333333333333,18,,safe,0.42722159438975454,660.8695760877627,jtsb_ais_interpolated,,,,,70,,False,False
300.0,,target,999170603,WAN HAI 266,-3.0384041451590322,0.5293333333332413,34.53048888888889,139.0102037037037,16.22833333333333,85.13333333333334,83.41666666666667,18,,safe,1.093858485607331,627.8105151709715,jtsb_ais_interpolated,,,,,70,,False,False
301.0,,own,999170601,USS FITZGERALD,1.1016007797558616,3.401111111111362,34.578351851851856,139.09395061728395,19.6,188.69777777777776,188.69777777777776,18,,,,,jtsb_arpa_interpolated_heading_proxy,,,,,35,,False,False
301.0,,target,999170602,ACX CRYSTAL,-2.924452546494395,-0.9986388888890758,34.50502268518518,139.0125087962963,18.218333333333334,70.51833333333333,69.81666666666666,18,,safe,0.4269735420930848,659.8266807972677,jtsb_ais_interpolated,,,,,70,,False,False
301.0,,target,999170603,WAN HAI 266,-3.033826856600488,0.5296666666665715,34.53049444444444,139.0102962962963,16.226666666666667,85.06666666666666,83.33333333333333,18,,safe,1.0964312364670579,626.4466235288556,jtsb_ais_interpolated,,,,,70,,False,False
302.0,,own,999170601,USS FITZGERALD,1.1005327457588905,3.395555555555802,34.57825925925926,139.09392901234568,19.6,188.69555555555556,188.69555555555556,18,,,,,jtsb_arpa_interpolated_heading_proxy,,,,,35,,False,False
302.0,,target,999170602,ACX CRYSTAL,-2.9196692799506976,-0.9970000000001846,34.50505,139.01260555555555,18.22,70.52,69.8,18,,safe,0.42672586498332954,658.783834650198,jtsb_ais_interpolated,,,,,70,,False,False
302.0,,target,999170603,WAN HAI 266,-3.029249568041943,0.5299999999999017,34.5305,139.01038888888888,16.225,85.0,83.25,18,,safe,1.0989945176379337,625.0838582271905,jtsb_ais_interpolated,,,,,70,,False,False
303.0,,own,999170601,USS FITZGERALD,1.0994647117619194,3.390000000000242,34.578166666666675,139.09390740740741,19.6,188.69333333333333,188.69333333333333,18,,,,,jtsb_arpa_interpolated_heading_proxy,,,,,35,,False,False
303.0,,target,999170602,ACX CRYSTAL,-2.914886013407,-0.9953611111112934,34.50507731481481,139.01270231481482,18.221666666666668,70.52166666666666,69.78333333333333,18,,safe,0.42647856310973936,657.7410376369394,jtsb_ais_interpolated,,,,,70,,False,False
303.0,,target,999170603,WAN HAI 266,-3.0246722794833985,0.5303333333332318,34.53050555555556,139.0104814814815,16.223333333333333,84.93333333333334,83.16666666666667,18,,safe,1.1015483285656775,623.7222175385147,jtsb_ais_interpolated,,,,,70,,False,False
304.0,,own,999170601,USS FITZGERALD,1.0983966777649483,3.384444444444682,34.57807407407408,139.09388580246915,19.6,188.6911111111111,188.6911111111111,18,,,,,jtsb_arpa_interpolated_heading_proxy,,,,,35,,False,False
304.0,,target,999170602,ACX CRYSTAL,-2.9101027468633025,-0.9937222222224023,34.50510462962963,139.01279907407408,18.223333333333333,70.52333333333333,69.76666666666667,18,,safe,0.42623163652157164,656.6982897478807,jtsb_ais_interpolated,,,,,70,,False,False
304.0,,target,999170603,WAN HAI 266,-3.0200949909248536,0.530666666666562,34.53051111111111,139.01057407407407,16.221666666666668,84.86666666666666,83.08333333333333,18,,safe,1.1040926687036237,622.3616997399043,jtsb_ais_interpolated,,,,,70,,False,False
305.0,,own,999170601,USS FITZGERALD,1.097328643767977,3.378888888889122,34.57798148148149,139.09386419753088,19.6,188.68888888888887,188.68888888888887,18,,,,,jtsb_arpa_interpolated_heading_proxy,,,,,35,,False,False
305.0,,target,999170602,ACX CRYSTAL,-2.905319480319605,-0.9920833333335111,34.50513194444444,139.01289583333335,18.225,70.525,69.75,18,,safe,0.42598508526807133,655.6555909734124,jtsb_ais_interpolated,,,,,70,,False,False
305.0,,target,999170603,WAN HAI 266,-3.015517702366309,0.5309999999998922,34.530516666666664,139.01066666666668,16.22,84.8,83.0,18,,safe,1.1066275375127252,621.0023031129599,jtsb_ais_interpolated,,,,,70,,False,False
306.0,,own,999170601,USS FITZGERALD,1.096260609771006,3.3733333333335622,34.57788888888889,139.09384259259258,19.6,188.68666666666667,188.68666666666667,18,,,,,jtsb_arpa_interpolated_heading_proxy,,,,,35,,False,False
306.0,,target,999170602,ACX CRYSTAL,-2.900536213775908,-0.9904444444446199,34.50515925925926,139.01299259259258,18.226666666666667,70.52666666666667,69.73333333333333,18,,safe,0.42573890939848985,654.6129413039274,jtsb_ais_interpolated,,,,,70,,False,False
306.0,,target,999170603,WAN HAI 266,-3.0109404138077647,0.5313333333332224,34.530522222222224,139.01075925925926,16.218333333333334,84.73333333333333,82.91666666666667,18,,safe,1.109152934461546,619.6440259437915,jtsb_ais_interpolated,,,,,70,,False,False
307.0,,own,999170601,USS FITZGERALD,1.0951925757740348,3.3677777777780022,34.5777962962963,139.0938209876543,19.6,188.68444444444444,188.68444444444444,18,,,,,jtsb_arpa_interpolated_heading_proxy,,,,,35,,False,False
307.0,,target,999170602,ACX CRYSTAL,-2.8957529472322103,-0.9888055555557287,34.505186574074074,139.01308935185185,18.22833333333333,70.52833333333334,69.71666666666667,18,,safe,0.4254931089620787,653.5703407298204,jtsb_ais_interpolated,,,,,70,,False,False
307.0,,target,999170603,WAN HAI 266,-3.00636312524922,0.5316666666665526,34.53052777777778,139.01085185185184,16.216666666666665,84.66666666666667,82.83333333333333,18,,safe,1.111668859026264,618.2868665230048,jtsb_ais_interpolated,,,,,70,,False,False
308.0,,own,999170601,USS FITZGERALD,1.0941245417770638,3.3622222222224423,34.57770370370371,139.09379938271604,19.6,188.6822222222222,188.6822222222222,18,,,,,jtsb_arpa_interpolated_heading_proxy,,,,,35,,False,False
308.0,,target,999170602,ACX CRYSTAL,-2.890969680688513,-0.9871666666668375,34.50521388888889,139.0131861111111,18.23,70.53,69.7,18,,safe,0.4252476840080831,652.527789241489,jtsb_ais_interpolated,,,,,70,,False,False
308.0,,target,999170603,WAN HAI 266,-3.0017858366906753,0.5319999999998828,34.53053333333333,139.01094444444445,16.215,84.6,82.75,18,,safe,1.1141753106906607,616.9308231456873,jtsb_ais_interpolated,,,,,70,,False,False
309.0,,own,999170601,USS FITZGERALD,1.0930565077800927,3.3566666666668823,34.57761111111112,139.09377777777777,19.6,188.67999999999998,188.67999999999998,18,,,,,jtsb_arpa_interpolated_heading_proxy,,,,,35,,False,False
309.0,,target,999170602,ACX CRYSTAL,-2.8861864141448152,-0.9855277777779463,34.505241203703704,139.01328287037038,18.231666666666666,70.53166666666667,69.68333333333334,18,,safe,0.42500263458574833,651.4852868293328,jtsb_ais_interpolated,,,,,70,,False,False
309.0,,target,999170603,WAN HAI 266,-2.9972085481321304,0.532333333333213,34.53053888888889,139.01103703703703,16.21333333333333,84.53333333333333,82.66666666666667,18,,safe,1.1166722889461151,615.5758941113935,jtsb_ais_interpolated,,,,,70,,False,False
310.0,,own,999170601,USS FITZGERALD,1.0919884737831216,3.3511111111113223,34.577518518518524,139.0937561728395,19.6,188.67777777777778,188.67777777777778,18,,,,,jtsb_arpa_interpolated_heading_proxy,,,,,35,,False,False
310.0,,target,999170602,ACX CRYSTAL,-2.8814031476011177,-0.9838888888890551,34.50526851851852,139.01337962962964,18.233333333333334,70.53333333333333,69.66666666666667,18,,safe,0.424757960744321,650.4428334837537,jtsb_ais_interpolated,,,,,70,,False,False
310.0,,target,999170603,WAN HAI 266,-2.992631259573586,0.5326666666665432,34.530544444444445,139.01112962962964,16.211666666666666,84.46666666666667,82.58333333333333,18,,safe,1.1191597932916093,614.2220777241325,jtsb_ais_interpolated,,,,,70,,False,False
311.0,,own,999170601,USS FITZGERALD,1.0909204397861505,3.3455555555557623,34.57742592592593,139.09373456790124,19.6,188.67555555555555,188.67555555555555,18,,,,,jtsb_arpa_interpolated_heading_proxy,,,,,35,,False,False
311.0,,target,999170602,ACX CRYSTAL,-2.87661988105742,-0.9822500000001639,34.505295833333335,139.01347638888888,18.235,70.535,69.65,18,,safe,0.424513662533048,649.4004291951558,jtsb_ais_interpolated,,,,,70,,False,False
311.0,,target,999170603,WAN HAI 266,-2.9880539710150416,0.5329999999998734,34.53055,139.01122222222222,16.21,84.4,82.5,18,,safe,1.1216378232337214,612.869372292352,jtsb_ais_interpolated,,,,,70,,False,False
312.0,,own,999170601,USS FITZGERALD,1.0898524057891794,3.3400000000002024,34.577333333333335,139.09371296296297,19.6,188.67333333333332,188.67333333333332,18,,,,,jtsb_arpa_interpolated_heading_proxy,,,,,35,,False,False
312.0,,target,999170602,ACX CRYSTAL,-2.8718366145137226,-0.9806111111112727,34.50532314814815,139.01357314814814,18.236666666666668,70.53666666666666,69.63333333333334,18,,safe,0.424269740001172,648.3580739539452,jtsb_ais_interpolated,,,,,70,,False,False
312.0,,target,999170603,WAN HAI 266,-2.9834766824564967,0.5333333333332035,34.53055555555555,139.01131481481482,16.208333333333332,84.33333333333333,82.41666666666667,18,,safe,1.1241063782866143,611.5177761289264,jtsb_ais_interpolated,,,,,70,,False,False
313.0,,own,999170601,USS FITZGERALD,1.0887843717922083,3.3344444444446424,34.57724074074075,139.0936913580247,19.6,188.6711111111111,188.6711111111111,18,,,,,jtsb_arpa_interpolated_heading_proxy,,,,,35,,False,False
313.0,,target,999170602,ACX CRYSTAL,-2.867053347970025,-0.9789722222223816,34.50535046296296,139.0136699074074,18.238333333333333,70.53833333333333,69.61666666666666,18,,safe,0.42402619319793566,647.315767750531,jtsb_ais_interpolated,,,,,70,,False,False
313.0,,target,999170603,WAN HAI 266,-2.978899393897952,0.5336666666665337,34.53056111111111,139.0114074074074,16.206666666666667,84.26666666666667,82.33333333333333,18,,safe,1.1265654579720417,610.1672875511417,jtsb_ais_interpolated,,,,,70,,False,False
314.0,,own,999170601,USS FITZGERALD,1.087716337795237,3.3288888888890824,34.577148148148154,139.09366975308643,19.6,188.6688888888889,188.6688888888889,18,,,,,jtsb_arpa_interpolated_heading_proxy,,,,,35,,False,False
314.0,,target,999170602,ACX CRYSTAL,-2.8622700814263276,-0.9773333333334904,34.505377777777774,139.01376666666667,18.24,70.53999999999999,69.6,18,,safe,0.42378302217257885,646.2735105753235,jtsb_ais_interpolated,,,,,70,,False,False
314.0,,target,999170603,WAN HAI 266,-2.9743221053394073,0.5339999999998639,34.530566666666665,139.0115,16.205,84.2,82.25,18,,safe,1.129015061819335,608.8179048806826,jtsb_ais_interpolated,,,,,70,,False,False
315.0,,own,999170601,USS FITZGERALD,1.086648303798266,3.3233333333335224,34.57705555555556,139.09364814814816,19.6,188.66666666666666,188.66666666666666,18,,,,,jtsb_arpa_interpolated_heading_proxy,,,,,35,,False,False
315.0,,target,999170602,ACX CRYSTAL,-2.85748681488263,-0.9756944444445992,34.50540509259259,139.01386342592593,18.241666666666667,70.54166666666666,69.58333333333333,18,,safe,0.4235402269743418,645.2313024187357,jtsb_ais_interpolated,,,,,70,,False,False
315.0,,target,999170603,WAN HAI 266,-2.969744816780863,0.5343333333331941,34.53057222222222,139.0115925925926,16.203333333333333,84.13333333333334,82.16666666666667,18,,safe,1.1314551893654101,607.4696264436183,jtsb_ais_interpolated,,,,,70,,False,False
316.0,,own,999170601,USS FITZGERALD,1.0855802698012949,3.3177777777779625,34.576962962962966,139.0936265432099,19.6,188.66444444444443,188.66444444444443,18,,,,,jtsb_arpa_interpolated_heading_proxy,,,,,35,,False,False
316.0,,target,999170602,ACX CRYSTAL,-2.8527035483389325,-0.974055555555708,34.505432407407405,139.0139601851852,18.243333333333332,70.54333333333334,69.56666666666666,18,,safe,0.4232978076524669,644.1891432711836,jtsb_ais_interpolated,,,,,70,,False,False
316.0,,target,999170603,WAN HAI 266,-2.9651675282223184,0.5346666666665243,34.53057777777778,139.0116851851852,16.201666666666664,84.06666666666666,82.08333333333333,18,,safe,1.1338858401547587,606.122450570389,jtsb_ais_interpolated,,,,,70,,False,False
317.0,,own,999170601,USS FITZGERALD,1.0845122358043238,3.3122222222224025,34.57687037037037,139.0936049382716,19.6,188.66222222222223,188.66222222222223,18,,,,,jtsb_arpa_interpolated_heading_proxy,,,,,35,,False,False
317.0,,target,999170602,ACX CRYSTAL,-2.847920281795235,-0.9724166666668168,34.50545972222222,139.01405694444446,18.245,70.545,69.55,18,,safe,0.4230557642561909,643.1470331230842,jtsb_ais_interpolated,,,,,70,,False,False
317.0,,target,999170603,WAN HAI 266,-2.9605902396637735,0.5349999999998545,34.53058333333333,139.01177777777778,16.2,84.0,82.0,18,,safe,1.1363070137394389,604.7763755957926,jtsb_ais_fix,,,,,70,,False,False
318.0,,own,999170601,USS FITZGERALD,1.0834442018073527,3.3066666666668425,34.576777777777785,139.09358333333333,19.6,188.66,188.66,18,,,,,jtsb_arpa_interpolated_heading_proxy,,,,,35,,False,False
318.0,,target,999170602,ACX CRYSTAL,-2.8431370152515374,-0.9707777777779256,34.505487037037035,139.0141537037037,18.246666666666666,70.54666666666667,69.53333333333333,18,,safe,0.4228140968347539,642.1049719648576,jtsb_ais_interpolated,,,,,70,,False,False
318.0,,target,999170603,WAN HAI 266,-2.9562132074796845,0.5355902777776311,34.530593171296296,139.01186631944444,16.2,83.9375,81.97916666666667,18,,safe,1.1387061200096527,603.4246699420972,jtsb_ais_interpolated,,,,,70,,False,False
319.0,,own,999170601,USS FITZGERALD,1.0823761678103816,3.3011111111112825,34.57668518518519,139.09356172839506,19.6,188.65777777777777,188.65777777777777,18,,,,,jtsb_arpa_interpolated_heading_proxy,,,,,35,,False,False
319.0,,target,999170602,ACX CRYSTAL,-2.83835374870784,-0.9691388888890344,34.50551435185185,139.01425046296296,18.248333333333335,70.54833333333333,69.51666666666667,18,,safe,0.42257280543738795,641.0629597869254,jtsb_ais_interpolated,,,,,70,,False,False
319.0,,target,999170603,WAN HAI 266,-2.951836175295595,0.5361805555554078,34.53060300925926,139.01195486111112,16.2,83.875,81.95833333333333,18,,safe,1.141097286221636,602.0740465568666,jtsb_ais_interpolated,,,,,70,,False,False
320.0,,own,999170601,USS FITZGERALD,1.0813081338134105,3.2955555555557225,34.5765925925926,139.0935401234568,19.6,188.65555555555554,188.65555555555554,18,,,,,jtsb_arpa_interpolated_heading_proxy,,,,,35,,False,False
320.0,,target,999170602,ACX CRYSTAL,-2.8335704821641423,-0.9675000000001432,34.505541666666666,139.01434722222223,18.25,70.55,69.5,18,,safe,0.42233189011333266,640.0209965797126,jtsb_ais_interpolated,,,,,70,,False,False
320.0,,target,999170603,WAN HAI 266,-2.947459143111506,0.5367708333331844,34.53061284722222,139.01204340277778,16.2,83.8125,81.9375,18,,safe,1.143480509544096,600.7245038305882,jtsb_ais_interpolated,,,,,70,,False,False
321.0,,own,999170601,USS FITZGERALD,1.0802400998164394,3.2900000000001626,34.5765,139.09351851851852,19.6,188.65333333333334,188.65333333333334,18,,,,,jtsb_arpa_interpolated_heading_proxy,,,,,35,,False,False
321.0,,target,999170602,ACX CRYSTAL,-2.8287872156204448,-0.9658611111112521,34.50556898148148,139.0144439814815,18.251666666666665,70.55166666666666,69.48333333333333,18,,safe,0.42209135091181765,638.9790823336451,jtsb_ais_interpolated,,,,,70,,False,False
321.0,,target,999170603,WAN HAI 266,-2.943082110927417,0.5373611111109611,34.530622685185186,139.01213194444443,16.2,83.75,81.91666666666667,18,,safe,1.1458557871544701,599.3760401579112,jtsb_ais_interpolated,,,,,70,,False,False
322.0,,own,999170601,USS FITZGERALD,1.0791720658194683,3.2844444444446026,34.57640740740741,139.09349691358025,19.6,188.6511111111111,188.6511111111111,18,,,,,jtsb_arpa_interpolated_heading_proxy,,,,,35,,False,False
322.0,,target,999170602,ACX CRYSTAL,-2.8240039490767472,-0.9642222222223609,34.5055962962963,139.01454074074076,18.253333333333334,70.55333333333333,69.46666666666667,18,,safe,0.4218511878820811,637.9372170391518,jtsb_ais_interpolated,,,,,70,,False,False
322.0,,target,999170603,WAN HAI 266,-2.938705078743328,0.5379513888887377,34.53063252314815,139.01222048611112,16.2,83.6875,81.89583333333333,18,,safe,1.1482231162389294,598.0286539376349,jtsb_ais_interpolated,,,,,70,,False,False
323.0,,own,999170601,USS FITZGERALD,1.078104031822497,3.2788888888890426,34.57631481481482,139.09347530864198,19.6,188.64888888888888,188.64888888888888,18,,,,,jtsb_arpa_interpolated_heading_proxy,,,,,35,,False,False
323.0,,target,999170602,ACX CRYSTAL,-2.8192206825330497,-0.9625833333334697,34.50562361111111,139.01463750000002,18.255,70.55499999999999,69.45,18,,safe,0.4216114010733539,636.8954006866642,jtsb_ais_interpolated,,,,,70,,False,False
323.0,,target,999170603,WAN HAI 266,-2.934328046559239,0.5385416666665144,34.53064236111111,139.01230902777777,16.2,83.625,81.875,18,,safe,1.1505824939923537,596.6823435726956,jtsb_ais_interpolated,,,,,70,,False,False
324.0,,own,999170601,USS FITZGERALD,1.077035997825526,3.2733333333334826,34.57622222222223,139.09345370370372,19.6,188.64666666666665,188.64666666666665,18,,,,,jtsb_arpa_interpolated_heading_proxy,,,,,35,,False,False
324.0,,target,999170602,ACX CRYSTAL,-2.814437415989352,-0.9609444444445785,34.50565092592593,139.01473425925926,18.256666666666668,70.55666666666666,69.43333333333334,18,,safe,0.42137199053486685,635.853633266615,jtsb_ais_interpolated,,,,,70,,False,False
324.0,,target,999170603,WAN HAI 266,-2.9299510143751495,0.539131944444291,34.530652199074076,139.01239756944443,16.2,83.5625,81.85416666666667,18,,safe,1.152933917618329,595.3371074701552,jtsb_ais_interpolated,,,,,70,,False,False
325.0,,own,999170601,USS FITZGERALD,1.0759679638285549,3.2677777777779227,34.576129629629634,139.09343209876545,19.6,188.64444444444445,188.64444444444445,18,,,,,jtsb_arpa_interpolated_heading_proxy,,,,,35,,False,False
325.0,,target,999170602,ACX CRYSTAL,-2.8096541494456546,-0.9593055555556873,34.50567824074074,139.01483101851852,18.258333333333333,70.55833333333334,69.41666666666667,18,,safe,0.4211329563158491,634.8119147694402,jtsb_ais_interpolated,,,,,70,,False,False
325.0,,target,999170603,WAN HAI 266,-2.9255739821910605,0.5397222222220677,34.53066203703703,139.01248611111112,16.2,83.5,81.83333333333333,18,,safe,1.1552773843291417,593.9929440411878,jtsb_ais_interpolated,,,,,70,,False,False
326.0,,own,999170601,USS FITZGERALD,1.0748999298315838,3.2622222222223627,34.57603703703704,139.09341049382718,19.6,188.64222222222222,188.64222222222222,18,,,,,jtsb_arpa_interpolated_heading_proxy,,,,,35,,False,False
326.0,,target,999170602,ACX CRYSTAL,-2.804870882901957,-0.9576666666667961,34.50570555555556,139.01492777777779,18.26,70.56,69.4,18,,safe,0.4208942984655323,633.7702451855772,jtsb_ais_interpolated,,,,,70,,False,False
326.0,,target,999170603,WAN HAI 266,-2.9211969500069714,0.5403124999998443,34.530671874999996,139.01257465277777,16.2,83.4375,81.8125,18,,safe,1.1576128913457648,592.6498517010687,jtsb_ais_interpolated,,,,,70,,False,False
327.0,,own,999170601,USS FITZGERALD,1.0738318958346127,3.2566666666668027,34.575944444444445,139.0933888888889,19.6,188.64,188.64,18,,,,,jtsb_arpa_interpolated_heading_proxy,,,,,35,,False,False
327.0,,target,999170602,ACX CRYSTAL,-2.8000876163582595,-0.9560277777779049,34.50573287037037,139.01502453703705,18.261666666666667,70.56166666666667,69.38333333333334,18,,safe,0.42065601703314526,632.7286245054662,jtsb_ais_interpolated,,,,,70,,False,False
327.0,,target,999170603,WAN HAI 266,-2.916819917822882,0.540902777777621,34.53068171296296,139.01266319444446,16.2,83.375,81.79166666666667,18,,safe,1.1599404358978527,591.3078288691612,jtsb_ais_interpolated,,,,,70,,False,False
328.0,,own,999170601,USS FITZGERALD,1.0727638618376416,3.2511111111112427,34.57585185185186,139.09336728395064,19.6,188.63777777777776,188.63777777777776,18,,,,,jtsb_arpa_interpolated_heading_proxy,,,,,35,,False,False
328.0,,target,999170602,ACX CRYSTAL,-2.795304349814562,-0.9543888888890137,34.50576018518518,139.01512129629631,18.263333333333332,70.56333333333333,69.36666666666666,18,,safe,0.42041811206791346,631.6870527195493,jtsb_ais_interpolated,,,,,70,,False,False
328.0,,target,999170603,WAN HAI 266,-2.912442885638793,0.5414930555553976,34.53069155092592,139.0127517361111,16.2,83.3125,81.77083333333333,18,,safe,1.1622600152237228,589.966873968905,jtsb_ais_interpolated,,,,,70,,False,False
329.0,,own,999170601,USS FITZGERALD,1.0716958278406705,3.2455555555556828,34.575759259259264,139.09334567901234,19.6,188.63555555555556,188.63555555555556,18,,,,,jtsb_arpa_interpolated_heading_proxy,,,,,35,,False,False
329.0,,target,999170602,ACX CRYSTAL,-2.7905210832708645,-0.9527500000001226,34.5057875,139.01521805555558,18.265,70.565,69.35,18,,safe,0.4201805836190628,630.6455298182709,jtsb_ais_interpolated,,,,,70,,False,False
329.0,,target,999170603,WAN HAI 266,-2.908065853454704,0.5420833333331743,34.530701388888886,139.01284027777777,16.2,83.25,81.75,18,,safe,1.164571626570358,588.6269854278047,jtsb_ais_interpolated,,,,,70,,False,False
330.0,,own,999170601,USS FITZGERALD,1.0706277938436994,3.240000000000123,34.57566666666667,139.09332407407408,19.6,188.63333333333333,188.63333333333333,18,,,,,jtsb_arpa_interpolated_heading_proxy,,,,,35,,False,False
330.0,,target,999170602,ACX CRYSTAL,-2.785737816727167,-0.9511111111112314,34.50581481481481,139.01531481481481,18.266666666666666,70.56666666666666,69.33333333333333,18,,safe,0.4199434317358212,629.6040557920779,jtsb_ais_interpolated,,,,,70,,False,False
330.0,,target,999170603,WAN HAI 266,-2.903688821270615,0.5426736111109509,34.53071122685185,139.01292881944445,16.2,83.1875,81.72916666666667,18,,safe,1.1668752671933902,587.288161677416,jtsb_ais_interpolated,,,,,70,,False,False
331.0,,own,999170601,USS FITZGERALD,1.0695597598467284,3.234444444444563,34.575574074074076,139.0933024691358,19.6,188.6311111111111,188.6311111111111,18,,,,,jtsb_arpa_interpolated_heading_proxy,,,,,35,,False,False
331.0,,target,999170602,ACX CRYSTAL,-2.7809545501834694,-0.9494722222223402,34.50584212962963,139.01541157407408,18.268333333333334,70.56833333333333,69.31666666666666,18,,safe,0.41970665646741073,628.5626306314193,jtsb_ais_interpolated,,,,,70,,False,False
331.0,,target,999170603,WAN HAI 266,-2.8993117890865254,0.5432638888887276,34.53072106481481,139.0130173611111,16.2,83.125,81.70833333333333,18,,safe,1.169170934357093,585.9504011533355,jtsb_ais_interpolated,,,,,70,,False,False
332.0,,own,999170601,USS FITZGERALD,1.068491725849757,3.228888888889003,34.57548148148148,139.09328086419754,19.6,188.6288888888889,188.6288888888889,18,,,,,jtsb_arpa_interpolated_heading_proxy,,,,,35,,False,False
332.0,,target,999170602,ACX CRYSTAL,-2.776171283639772,-0.947833333333449,34.50586944444444,139.01550833333334,18.27,70.57,69.3,18,,safe,0.41947025786305364,627.5212543267461,jtsb_ais_interpolated,,,,,70,,False,False
332.0,,target,999170603,WAN HAI 266,-2.8949347569024364,0.5438541666665042,34.530730902777776,139.01310590277777,16.2,83.0625,81.6875,18,,safe,1.1714586253343726,584.6137022951882,jtsb_ais_interpolated,,,,,70,,False,False
333.0,,own,999170601,USS FITZGERALD,1.067423691852786,3.223333333333443,34.575388888888895,139.09325925925927,19.6,188.62666666666667,188.62666666666667,18,,,,,jtsb_arpa_interpolated_heading_proxy,,,,,35,,False,False
333.0,,target,999170602,ACX CRYSTAL,-2.7713880170960743,-0.9461944444445578,34.50589675925926,139.0156050925926,18.27166666666667,70.57166666666666,69.28333333333333,18,,safe,0.41923423597197595,626.4799268685119,jtsb_ais_interpolated,,,,,70,,False,False
333.0,,target,999170603,WAN HAI 266,-2.8905577247183474,0.5444444444442809,34.53074074074074,139.01319444444445,16.2,83.0,81.66666666666667,18,,safe,1.1737383374067607,583.2780635466154,jtsb_ais_interpolated,,,,,70,,False,False
334.0,,own,999170601,USS FITZGERALD,1.0663556578558149,3.217777777777883,34.5752962962963,139.093237654321,19.6,188.62444444444444,188.62444444444444,18,,,,,jtsb_arpa_interpolated_heading_proxy,,,,,35,,False,False
334.0,,target,999170602,ACX CRYSTAL,-2.7666047505523768,-0.9445555555556666,34.50592407407407,139.01570185185187,18.273333333333333,70.57333333333332,69.26666666666667,18,,safe,0.4189985908433975,625.4386482471723,jtsb_ais_interpolated,,,,,70,,False,False
334.0,,target,999170603,WAN HAI 266,-2.8861806925342584,0.5450347222220575,34.5307505787037,139.0132829861111,16.2,82.9375,81.64583333333333,18,,safe,1.1760100678644012,581.9434833552622,jtsb_ais_interpolated,,,,,70,,False,False
335.0,,own,999170601,USS FITZGERALD,1.0652876238588438,3.212222222222323,34.57520370370371,139.09321604938273,19.6,188.6222222222222,188.6222222222222,18,,,,,jtsb_arpa_interpolated_heading_proxy,,,,,35,,False,False
335.0,,target,999170602,ACX CRYSTAL,-2.7618214840086797,-0.9429166666667754,34.50595138888889,139.0157986111111,18.275,70.57499999999999,69.25,18,,safe,0.41876332252653875,624.3974184531853,jtsb_ais_interpolated,,,,,70,,False,False
335.0,,target,999170603,WAN HAI 266,-2.881803660350169,0.5456249999998342,34.530760416666666,139.01337152777776,16.2,82.875,81.625,18,,safe,1.1782738140060438,580.6099601727675,jtsb_ais_interpolated,,,,,70,,False,False
336.0,,own,999170601,USS FITZGERALD,1.0642195898618727,3.206666666666763,34.57511111111111,139.09319444444446,19.6,188.62,188.62,18,,,,,jtsb_arpa_interpolated_heading_proxy,,,,,35,,False,False
336.0,,target,999170602,ACX CRYSTAL,-2.7570382174649817,-0.9412777777778842,34.505978703703704,139.01589537037037,18.276666666666667,70.57666666666667,69.23333333333333,18,,safe,0.4185284310706134,623.3562374770107,jtsb_ais_interpolated,,,,,70,,False,False
336.0,,target,999170603,WAN HAI 266,-2.87742662816608,0.5462152777776108,34.53077025462963,139.01346006944445,16.2,82.8125,81.60416666666667,18,,safe,1.1805295731390337,579.2774924547505,jtsb_ais_interpolated,,,,,70,,False,False
337.0,,own,999170601,USS FITZGERALD,1.0631515558649016,3.201111111111203,34.57501851851852,139.0931728395062,19.6,188.61777777777777,188.61777777777777,18,,,,,jtsb_arpa_interpolated_heading_proxy,,,,,35,,False,False
337.0,,target,999170602,ACX CRYSTAL,-2.7522549509212846,-0.939638888888993,34.50600601851852,139.01599212962964,18.278333333333332,70.57833333333333,69.21666666666667,18,,safe,0.41829391652484826,622.3151053091113,jtsb_ais_interpolated,,,,,70,,False,False
337.0,,target,999170603,WAN HAI 266,-2.873049595981991,0.5468055555553875,34.53078009259259,139.0135486111111,16.2,82.75,81.58333333333333,18,,safe,1.1827773425793073,577.9460786607995,jtsb_ais_interpolated,,,,,70,,False,False
338.0,,own,999170601,USS FITZGERALD,1.0620835218679305,3.195555555555643,34.57492592592593,139.09315123456793,19.6,188.61555555555555,188.61555555555555,18,,,,,jtsb_arpa_interpolated_heading_proxy,,,,,35,,False,False
338.0,,target,999170602,ACX CRYSTAL,-2.747471684377587,-0.9380000000001019,34.506033333333335,139.0160888888889,18.28,70.58,69.2,18,,safe,0.41805977893845686,621.2740219399516,jtsb_ais_interpolated,,,,,70,,False,False
338.0,,target,999170603,WAN HAI 266,-2.868672563797902,0.5473958333331641,34.53078993055556,139.01363715277776,16.2,82.6875,81.5625,18,,safe,1.185017119651378,576.6157172544606,jtsb_ais_interpolated,,,,,70,,False,False
339.0,,own,999170601,USS FITZGERALD,1.0610154878709595,3.190000000000083,34.57483333333334,139.09312962962966,19.6,188.61333333333332,188.61333333333332,18,,,,,jtsb_arpa_interpolated_heading_proxy,,,,,35,,False,False
339.0,,target,999170602,ACX CRYSTAL,-2.7426884178338895,-0.9363611111112107,34.50606064814815,139.01618564814817,18.281666666666666,70.58166666666666,69.18333333333334,18,,safe,0.41782601836065625,620.2329873599984,jtsb_ais_interpolated,,,,,70,,False,False
339.0,,target,999170603,WAN HAI 266,-2.864295531613813,0.5479861111109408,34.53079976851852,139.01372569444445,16.2,82.625,81.54166666666667,18,,safe,1.1872489016883254,575.2864067032256,jtsb_ais_interpolated,,,,,70,,False,False
340.0,,own,999170601,USS FITZGERALD,1.0599474538739884,3.184444444444523,34.574740740740744,139.09310802469136,19.6,188.61111111111111,188.61111111111111,18,,,,,jtsb_arpa_interpolated_heading_proxy,,,,,35,,False,False
340.0,,target,999170602,ACX CRYSTAL,-2.737905151290192,-0.9347222222223195,34.506087962962965,139.01628240740743,18.283333333333335,70.58333333333333,69.16666666666667,18,,safe,0.41759263484066,619.1920015597208,jtsb_ais_interpolated,,,,,70,,False,False
340.0,,target,999170603,WAN HAI 266,-2.8599184994297233,0.5485763888887174,34.53080960648148,139.0138142361111,16.2,82.5625,81.52083333333333,18,,safe,1.189472686031793,573.9581454785205,jtsb_ais_interpolated,,,,,70,,False,False
341.0,,own,999170601,USS FITZGERALD,1.058879419877017,3.178888888888963,34.57464814814815,139.0930864197531,19.6,188.60888888888888,188.60888888888888,18,,,,,jtsb_arpa_interpolated_heading_proxy,,,,,35,,False,False
341.0,,target,999170602,ACX CRYSTAL,-2.7331218847464944,-0.9330833333334283,34.50611527777778,139.0163791666667,18.285,70.585,69.15,18,,safe,0.41735962842768315,618.1510645295901,jtsb_ais_interpolated,,,,,70,,False,False
341.0,,target,999170603,WAN HAI 266,-2.8555414672456343,0.549166666666494,34.53081944444445,139.0139027777778,16.2,82.5,81.5,18,,safe,1.1916884700319779,572.6309320556941,jtsb_ais_interpolated,,,,,70,,False,False
342.0,,own,999170601,USS FITZGERALD,1.057811385880046,3.173333333333403,34.574555555555555,139.09306481481482,19.6,188.60666666666665,188.60666666666665,18,,,,,jtsb_arpa_interpolated_heading_proxy,,,,,35,,False,False
342.0,,target,999170602,ACX CRYSTAL,-2.728338618202797,-0.9314444444445371,34.506142592592596,139.01647592592593,18.28666666666667,70.58666666666666,69.13333333333334,18,,safe,0.41712699917094004,617.11017626008,jtsb_ais_interpolated,,,,,70,,False,False
342.0,,target,999170603,WAN HAI 266,-2.8511644350615453,0.5497569444442707,34.5308292824074,139.01399131944444,16.2,82.4375,81.47916666666667,18,,safe,1.1938962510476174,571.3047649140062,jtsb_ais_interpolated,,,,,70,,False,False
343.0,,own,999170601,USS FITZGERALD,1.0567433518830749,3.167777777777843,34.57446296296297,139.09304320987656,19.6,188.60444444444443,188.60444444444443,18,,,,,jtsb_arpa_interpolated_heading_proxy,,,,,35,,False,False
343.0,,target,999170602,ACX CRYSTAL,-2.7235553516590993,-0.9298055555556459,34.506169907407404,139.0165726851852,18.288333333333334,70.58833333333332,69.11666666666666,18,,safe,0.416894747119641,616.0693367416662,jtsb_ais_interpolated,,,,,70,,False,False
343.0,,target,999170603,WAN HAI 266,-2.8467874028774562,0.5503472222220473,34.530839120370366,139.0140798611111,16.2,82.375,81.45833333333333,18,,safe,1.1960960264459828,569.9796425366163,jtsb_ais_interpolated,,,,,70,,False,False
344.0,,own,999170601,USS FITZGERALD,1.0556753178861038,3.162222222222283,34.574370370370374,139.0930216049383,19.6,188.60222222222222,188.60222222222222,18,,,,,jtsb_arpa_interpolated_heading_proxy,,,,,35,,False,False
344.0,,target,999170602,ACX CRYSTAL,-2.718772085115402,-0.9281666666667547,34.50619722222222,139.01666944444446,18.29,70.58999999999999,69.1,18,,safe,0.4166628723229983,615.0285459648268,jtsb_ais_interpolated,,,,,70,,False,False
344.0,,target,999170603,WAN HAI 266,-2.8424103706933668,0.550937499999824,34.53084895833333,139.01416840277778,16.2,82.3125,81.4375,18,,safe,1.1982877936028724,568.6555634105721,jtsb_ais_interpolated,,,,,70,,False,False
345.0,,own,999170601,USS FITZGERALD,1.0546072838891327,3.156666666666723,34.57427777777778,139.09300000000002,19.6,188.6,188.6,18,,,,,jtsb_arpa_fix_heading_proxy,,,,,35,,False,False
345.0,,target,999170602,ACX CRYSTAL,-2.7139888185717043,-0.9265277777778635,34.506224537037035,139.01676620370372,18.291666666666668,70.59166666666667,69.08333333333333,18,,safe,0.41643137483022286,613.987803920042,jtsb_ais_interpolated,,,,,70,,False,False
345.0,,target,999170603,WAN HAI 266,-2.8380333385092777,0.5515277777776006,34.53085879629629,139.01425694444444,16.2,82.25,81.41666666666667,18,,safe,1.2004715499026046,567.3325260267978,jtsb_ais_interpolated,,,,,70,,False,False
346.0,,own,999170601,USS FITZGERALD,1.0549734669737658,3.1510000000000673,34.57418333333334,139.0930074074074,19.593333333333334,188.62,188.62,18,,,,,jtsb_arpa_interpolated_heading_proxy,,,,,35,,False,False
346.0,,target,999170602,ACX CRYSTAL,-2.7092055520280067,-0.9248888888889724,34.50625185185185,139.016862962963,18.293333333333333,70.59333333333333,69.06666666666666,18,,safe,0.41570568456457097,613.0881356574182,jtsb_ais_interpolated,,,,,70,,False,False
346.0,,target,999170603,WAN HAI 266,-2.8336563063251887,0.5521180555553773,34.53086863425926,139.0143454861111,16.2,82.1875,81.39583333333333,18,,safe,1.2022252475136184,566.20066304042,jtsb_ais_interpolated,,,,,70,,False,False
347.0,,own,999170601,USS FITZGERALD,1.0553396500583987,3.1453333333334115,34.574088888888895,139.09301481481484,19.58666666666667,188.64,188.64,18,,,,,jtsb_arpa_interpolated_heading_proxy,,,,,35,,False,False
347.0,,target,999170602,ACX CRYSTAL,-2.704422285484309,-0.9232500000000812,34.506279166666666,139.01695972222223,18.295,70.595,69.05,18,,safe,0.4149858027801585,612.1884267376806,jtsb_ais_interpolated,,,,,70,,False,False
347.0,,target,999170603,WAN HAI 266,-2.8292792741410997,0.552708333333154,34.53087847222222,139.01443402777778,16.2,82.125,81.375,18,,safe,1.2039788424940066,565.0698089206824,jtsb_ais_interpolated,,,,,70,,False,False
348.0,,own,999170601,USS FITZGERALD,1.0557058331430318,3.1396666666667556,34.573994444444445,139.09302222222223,19.580000000000002,188.66,188.66,18,,,,,jtsb_arpa_interpolated_heading_proxy,,,,,35,,False,False
348.0,,target,999170602,ACX CRYSTAL,-2.6996390189406116,-0.92161111111119,34.50630648148148,139.0170564814815,18.296666666666667,70.59666666666666,69.03333333333333,18,,safe,0.4142717278274445,611.288677396286,jtsb_ais_interpolated,,,,,70,,False,False
348.0,,target,999170603,WAN HAI 266,-2.8249022419570102,0.5532986111109306,34.53088831018518,139.01452256944444,16.2,82.0625,81.35416666666667,18,,safe,1.2057323220090461,563.9399604541843,jtsb_ais_interpolated,,,,,70,,False,False
349.0,,own,999170601,USS FITZGERALD,1.0560720162276647,3.1340000000001,34.5739,139.09302962962965,19.573333333333334,188.68,188.68,18,,,,,jtsb_arpa_interpolated_heading_proxy,,,,,35,,False,False
349.0,,target,999170602,ACX CRYSTAL,-2.694855752396914,-0.9199722222222988,34.506333796296296,139.01715324074075,18.298333333333336,70.59833333333333,69.01666666666667,18,,safe,0.41356345805571537,610.3888878684076,jtsb_ais_interpolated,,,,,70,,False,False
349.0,,target,999170603,WAN HAI 266,-2.820525209772921,0.5538888888887072,34.53089814814815,139.0146111111111,16.2,82.0,81.33333333333333,18,,safe,1.2074856732516677,562.8111144347574,jtsb_ais_interpolated,,,,,70,,False,False
350.0,,own,999170601,USS FITZGERALD,1.0564381993122978,3.128333333333444,34.57380555555556,139.09303703703705,19.566666666666666,188.7,188.7,18,,,,,jtsb_arpa_interpolated_heading_proxy,,,,,35,,False,False
350.0,,target,999170602,ACX CRYSTAL,-2.6900724858532166,-0.9183333333334076,34.50636111111111,139.01725000000002,18.3,70.6,69.0,18,,safe,0.41286099181310465,609.489058388938,jtsb_ais_fix,,,,,70,,False,False
350.0,,target,999170603,WAN HAI 266,-2.816148177588832,0.5544791666664839,34.53090798611111,139.01469965277778,16.2,81.9375,81.3125,18,,safe,1.2092388834423577,561.6832676634427,jtsb_ais_interpolated,,,,,70,,False,False
351.0,,own,999170601,USS FITZGERALD,1.0568043823969306,3.122666666666788,34.573711111111116,139.09304444444444,19.560000000000002,188.72,188.72,18,,,,,jtsb_arpa_interpolated_heading_proxy,,,,,35,,False,False
351.0,,target,999170602,ACX CRYSTAL,-2.6852663328667647,-0.9165972222222951,34.506390046296296,139.01734722222224,18.302083333333336,70.58958333333332,69.0,18,,safe,0.4127224073462733,608.5298677027122,jtsb_ais_interpolated,,,,,70,,False,False
351.0,,target,999170603,WAN HAI 266,-2.8117711454047427,0.5550694444442605,34.53091782407407,139.01478819444444,16.2,81.875,81.29166666666667,18,,safe,1.2109919398290272,560.5564169484671,jtsb_ais_interpolated,,,,,70,,False,False
352.0,,own,999170601,USS FITZGERALD,1.0571705654815637,3.1170000000001323,34.57361666666667,139.09305185185187,19.553333333333335,188.74,188.74,18,,,,,jtsb_arpa_interpolated_heading_proxy,,,,,35,,False,False
352.0,,target,999170602,ACX CRYSTAL,-2.6804601798803125,-0.9148611111111826,34.50641898148148,139.01744444444446,18.304166666666667,70.57916666666667,69.0,18,,safe,0.41258849984926765,607.570815327886,jtsb_ais_interpolated,,,,,70,,False,False
352.0,,target,999170603,WAN HAI 266,-2.8073941132206537,0.5556597222220372,34.53092766203704,139.0148767361111,16.2,81.8125,81.27083333333333,18,,safe,1.212744829686928,559.4305591052224,jtsb_ais_interpolated,,,,,70,,False,False
353.0,,own,999170601,USS FITZGERALD,1.0575367485661966,3.1113333333334765,34.57352222222222,139.09305925925926,19.546666666666667,188.76,188.76,18,,,,,jtsb_arpa_interpolated_heading_proxy,,,,,35,,False,False
353.0,,target,999170602,ACX CRYSTAL,-2.6756540268938607,-0.9131250000000701,34.506447916666666,139.0175416666667,18.306250000000002,70.56875,69.0,18,,safe,0.4124592656729158,606.611901191179,jtsb_ais_interpolated,,,,,70,,False,False
353.0,,target,999170603,WAN HAI 266,-2.8030170810365647,0.5562499999998138,34.5309375,139.01496527777778,16.2,81.75,81.25,18,,safe,1.2144975403185345,558.3056909562416,jtsb_ais_interpolated,,,,,70,,False,False
354.0,,own,999170601,USS FITZGERALD,1.0579029316508297,3.1056666666668207,34.57342777777778,139.0930666666667,19.54,188.78,188.78,18,,,,,jtsb_arpa_interpolated_heading_proxy,,,,,35,,False,False
354.0,,target,999170602,ACX CRYSTAL,-2.670847873907409,-0.9113888888889576,34.50647685185185,139.0176388888889,18.308333333333334,70.55833333333332,69.0,18,,safe,0.4123347011688888,605.6531252188031,jtsb_ais_interpolated,,,,,70,,False,False
354.0,,target,999170603,WAN HAI 266,-2.7986400488524756,0.5568402777775905,34.530947337962964,139.01505381944443,16.2,81.6875,81.22916666666667,18,,safe,1.2162500590534322,557.1818093311765,jtsb_ais_interpolated,,,,,70,,False,False
355.0,,own,999170601,USS FITZGERALD,1.0582691147354626,3.100000000000165,34.57333333333334,139.09307407407408,19.533333333333335,188.8,188.8,18,,,,,jtsb_arpa_interpolated_heading_proxy,,,,,35,,False,False
355.0,,target,999170602,ACX CRYSTAL,-2.6660417209209566,-0.9096527777778451,34.506505787037035,139.01773611111113,18.31041666666667,70.54791666666667,69.0,18,,safe,0.412214802689712,604.6944873364638,jtsb_ais_interpolated,,,,,70,,False,False
355.0,,target,999170603,WAN HAI 266,-2.7942630166683866,0.5574305555553671,34.53095717592593,139.0151423611111,16.2,81.625,81.20833333333333,18,,safe,1.218002373248222,556.058911066775,jtsb_ais_interpolated,,,,,70,,False,False
356.0,,own,999170601,USS FITZGERALD,1.0586352978200957,3.094333333333509,34.573238888888895,139.09308148148148,19.526666666666667,188.82,188.82,18,,,,,jtsb_arpa_interpolated_heading_proxy,,,,,35,,False,False
356.0,,target,999170602,ACX CRYSTAL,-2.6612355679345048,-0.9079166666667327,34.50653472222222,139.01783333333336,18.3125,70.5375,69.0,18,,safe,0.41209956658876185,603.73598746936,jtsb_ais_interpolated,,,,,70,,False,False
356.0,,target,999170603,WAN HAI 266,-2.789885984484297,0.5580208333331438,34.53096701388889,139.01523090277777,16.2,81.5625,81.1875,18,,safe,1.219754470286404,554.9369930068606,jtsb_ais_interpolated,,,,,70,,False,False
357.0,,own,999170601,USS FITZGERALD,1.0590014809047286,3.088666666666853,34.57314444444445,139.0930888888889,19.52,188.84,188.84,18,,,,,jtsb_arpa_interpolated_heading_proxy,,,,,35,,False,False
357.0,,target,999170602,ACX CRYSTAL,-2.656429414948053,-0.9061805555556202,34.506563657407405,139.01793055555558,18.314583333333335,70.52708333333332,69.0,18,,safe,0.41198898922025623,602.7776255421849,jtsb_ais_interpolated,,,,,70,,False,False
357.0,,target,999170603,WAN HAI 266,-2.785508952300208,0.5586111111109204,34.53097685185185,139.01531944444443,16.2,81.5,81.16666666666667,18,,safe,1.221506337578275,553.8160520023065,jtsb_ais_interpolated,,,,,70,,False,False
358.0,,own,999170601,USS FITZGERALD,1.0593676639893617,3.0830000000001974,34.57305,139.0930962962963,19.513333333333332,188.86,188.86,18,,,,,jtsb_arpa_interpolated_heading_proxy,,,,,35,,False,False
358.0,,target,999170602,ACX CRYSTAL,-2.6516232619616007,-0.9044444444445077,34.5065925925926,139.0180277777778,18.316666666666666,70.51666666666667,69.0,18,,safe,0.41188306693927035,601.8194014791275,jtsb_ais_interpolated,,,,,70,,False,False
358.0,,target,999170603,WAN HAI 266,-2.781131920116119,0.5592013888886971,34.53098668981481,139.01540798611111,16.2,81.4375,81.14583333333333,18,,safe,1.2232579625608315,552.6960849110174,jtsb_ais_interpolated,,,,,70,,False,False
359.0,,own,999170601,USS FITZGERALD,1.0597338470739945,3.0773333333335415,34.57295555555556,139.09310370370372,19.506666666666668,188.88,188.88,18,,,,,jtsb_arpa_interpolated_heading_proxy,,,,,35,,False,False
359.0,,target,999170602,ACX CRYSTAL,-2.646817108975149,-0.9027083333333952,34.50662152777778,139.01812500000003,18.31875,70.50625,69.0,18,,safe,0.4117817961017281,600.861315203872,jtsb_ais_interpolated,,,,,70,,False,False
359.0,,target,999170603,WAN HAI 266,-2.7767548879320296,0.5597916666664737,34.53099652777777,139.01549652777777,16.2,81.375,81.125,18,,safe,1.2250093326976492,551.5770885979035,jtsb_ais_interpolated,,,,,70,,False,False
360.0,,own,999170601,USS FITZGERALD,1.0601000301586276,3.0716666666668857,34.572861111111116,139.0931111111111,19.5,188.9,188.9,18,,,,,jtsb_arpa_fix_heading_proxy,,,,,35,,False,False
360.0,,target,999170602,ACX CRYSTAL,-2.642010955988697,-0.9009722222222827,34.506650462962966,139.01822222222225,18.320833333333333,70.49583333333332,69.0,18,,caution,0.41168517306439995,599.9033666396003,jtsb_ais_interpolated,,,,,70,,False,False
360.0,,target,999170603,WAN HAI 266,-2.7723778557479406,0.5603819444442504,34.53100636574074,139.01558506944443,16.2,81.3125,81.10416666666667,18,,safe,1.2267604354787893,550.4590599348618,jtsb_ais_interpolated,,,,,70,,False,False
361.0,,own,999170601,USS FITZGERALD,1.0591235419328149,3.066407407407619,34.57277345679013,139.0930913580247,19.497777777777777,188.9088888888889,188.9088888888889,18,,,,,jtsb_arpa_interpolated_heading_proxy,,,,,35,,False,False
361.0,,target,999170602,ACX CRYSTAL,-2.6372048030022452,-0.8992361111111702,34.50667939814815,139.01831944444447,18.322916666666668,70.48541666666667,69.0,18,,caution,0.4112028889090807,598.8436462767171,jtsb_ais_interpolated,,,,,70,,False,False
361.0,,target,999170603,WAN HAI 266,-2.7680008235638516,0.560972222222027,34.5310162037037,139.0156736111111,16.2,81.25,81.08333333333333,18,,safe,1.2280828380617792,549.2073684070734,jtsb_ais_interpolated,,,,,70,,False,False
362.0,,own,999170601,USS FITZGERALD,1.058147053707002,3.061148148148353,34.57268580246914,139.09307160493827,19.495555555555555,188.9177777777778,188.9177777777778,18,,,,,jtsb_arpa_interpolated_heading_proxy,,,,,35,,False,False
362.0,,target,999170602,ACX CRYSTAL,-2.632398650015793,-0.8975000000000577,34.506708333333336,139.01841666666667,18.325,70.475,69.0,18,,caution,0.41072200381000873,597.784134897087,jtsb_ais_interpolated,,,,,70,,False,False
362.0,,target,999170603,WAN HAI 266,-2.7636237913797626,0.5615624999998037,34.531026041666664,139.01576215277777,16.2,81.1875,81.0625,18,,safe,1.229400521939293,547.9567951115737,jtsb_ais_interpolated,,,,,70,,False,False
363.0,,own,999170601,USS FITZGERALD,1.0571705654811892,3.0558888888890863,34.57259814814815,139.09305185185187,19.493333333333332,188.92666666666668,188.92666666666668,18,,,,,jtsb_arpa_interpolated_heading_proxy,,,,,35,,False,False
363.0,,target,999170602,ACX CRYSTAL,-2.627592497029341,-0.8957638888889452,34.50673726851852,139.0185138888889,18.327083333333334,70.46458333333332,69.0,18,,caution,0.4102425162626871,596.7248323964676,jtsb_ais_interpolated,,,,,70,,False,False
363.0,,target,999170603,WAN HAI 266,-2.7592467591956735,0.5621527777775803,34.53103587962963,139.01585069444442,16.2,81.125,81.04166666666667,18,,safe,1.230713481209285,546.7073375591257,jtsb_ais_interpolated,,,,,70,,False,False
364.0,,own,999170601,USS FITZGERALD,1.0561940772553762,3.0506296296298197,34.57251049382717,139.09303209876543,19.49111111111111,188.93555555555557,188.93555555555557,18,,,,,jtsb_arpa_interpolated_heading_proxy,,,,,35,,False,False
364.0,,target,999170602,ACX CRYSTAL,-2.6227863440428894,-0.8940277777778327,34.506766203703705,139.0186111111111,18.329166666666666,70.45416666666667,69.0,18,,caution,0.4097644247631655,595.6657386705782,jtsb_ais_interpolated,,,,,70,,False,False
364.0,,target,999170603,WAN HAI 266,-2.754869727011584,0.562743055555357,34.53104571759259,139.0159392361111,16.2,81.0625,81.02083333333333,18,,safe,1.2320217099835546,545.4589932670007,jtsb_ais_interpolated,,,,,70,,False,False
365.0,,own,999170601,USS FITZGERALD,1.0552175890295634,3.0453703703705535,34.572422839506174,139.09301234567903,19.488888888888887,188.94444444444446,188.94444444444446,18,,,,,jtsb_arpa_interpolated_heading_proxy,,,,,35,,False,False
365.0,,target,999170602,ACX CRYSTAL,-2.617980191056437,-0.8922916666667202,34.50679513888889,139.01870833333334,18.33125,70.44375,69.0,18,,caution,0.4092877278080427,594.6068536151012,jtsb_ais_interpolated,,,,,70,,False,False
365.0,,target,999170603,WAN HAI 266,-2.750492694827495,0.5633333333331336,34.531055555555554,139.01602777777777,16.2,81.0,81.0,18,,safe,1.2333252023877073,544.2117597589581,jtsb_ais_fix,,,,,70,,False,False
366.0,,own,999170601,USS FITZGERALD,1.0542411008037504,3.040111111111287,34.57233518518519,139.0929925925926,19.486666666666668,188.95333333333335,188.95333333333335,18,,,,,jtsb_arpa_interpolated_heading_proxy,,,,,35,,False,False
366.0,,target,999170602,ACX CRYSTAL,-2.6131740380699853,-0.8905555555556077,34.506824074074075,139.01880555555556,18.333333333333332,70.43333333333332,69.0,18,,caution,0.4088124238944733,593.5481771256816,jtsb_ais_interpolated,,,,,70,,False,False
366.0,,target,999170603,WAN HAI 266,-2.7459294902337277,0.5641794871792893,34.531069658119655,139.01612008547008,16.201538461538462,80.93846153846154,80.93846153846154,18,,safe,1.2344719006649432,542.913857699216,jtsb_ais_interpolated,,,,,70,,False,False
367.0,,own,999170601,USS FITZGERALD,1.0532646125779377,3.03485185185202,34.5722475308642,139.0929728395062,19.484444444444446,188.96222222222224,188.96222222222224,18,,,,,jtsb_arpa_interpolated_heading_proxy,,,,,35,,False,False
367.0,,target,999170602,ACX CRYSTAL,-2.6083678850835335,-0.8888194444444952,34.50685300925926,139.01890277777778,18.335416666666667,70.42291666666667,69.0,18,,caution,0.4083385115201533,592.4897090979276,jtsb_ais_interpolated,,,,,70,,False,False
367.0,,target,999170603,WAN HAI 266,-2.7413662856399603,0.5650256410254451,34.53108376068376,139.0162123931624,16.20307692307692,80.87692307692308,80.87692307692308,18,,safe,1.2356147211617758,541.6171546208992,jtsb_ais_interpolated,,,,,70,,False,False
368.0,,own,999170601,USS FITZGERALD,1.0522881243521247,3.029592592592754,34.57215987654322,139.09295308641975,19.482222222222223,188.97111111111113,188.97111111111113,18,,,,,jtsb_arpa_interpolated_heading_proxy,,,,,35,,False,False
368.0,,target,999170602,ACX CRYSTAL,-2.603561732097081,-0.8870833333333827,34.506881944444444,139.019,18.3375,70.4125,69.0,18,,caution,0.4078659891833322,591.4314494274104,jtsb_ais_interpolated,,,,,70,,False,False
368.0,,target,999170603,WAN HAI 266,-2.7368030810461934,0.5658717948716008,34.531097863247865,139.01630470085468,16.204615384615384,80.81538461538462,80.81538461538462,18,,safe,1.2367536552836875,540.321647979639,jtsb_ais_interpolated,,,,,70,,False,False
369.0,,own,999170601,USS FITZGERALD,1.051311636126312,3.0243333333334874,34.572072222222225,139.09293333333335,19.48,188.98000000000002,188.98000000000002,18,,,,,jtsb_arpa_interpolated_heading_proxy,,,,,35,,False,False
369.0,,target,999170602,ACX CRYSTAL,-2.5987555791106294,-0.8853472222222702,34.50691087962963,139.01909722222223,18.339583333333334,70.40208333333332,69.0,18,,caution,0.40739485538281117,590.3733980096645,jtsb_ais_interpolated,,,,,70,,False,False
369.0,,target,999170603,WAN HAI 266,-2.732239876452426,0.5667179487177564,34.53111196581197,139.016397008547,16.206153846153846,80.75384615384615,80.75384615384615,18,,safe,1.237888694454136,539.0273352374315,jtsb_ais_interpolated,,,,,70,,False,False
370.0,,own,999170601,USS FITZGERALD,1.050335147900499,3.019074074074221,34.57198456790124,139.09291358024691,19.477777777777778,188.9888888888889,188.9888888888889,18,,,,,jtsb_arpa_interpolated_heading_proxy,,,,,35,,False,False
370.0,,target,999170602,ACX CRYSTAL,-2.5939494261241776,-0.8836111111111578,34.506939814814814,139.01919444444445,18.341666666666665,70.39166666666667,69.0,18,,caution,0.40692510861793457,589.3155547401874,jtsb_ais_interpolated,,,,,70,,False,False
370.0,,target,999170603,WAN HAI 266,-2.7276766718586587,0.5675641025639121,34.53112606837607,139.0164893162393,16.20769230769231,80.6923076923077,80.6923076923077,18,,safe,1.2390198301144932,537.7342138626198,jtsb_ais_interpolated,,,,,70,,False,False
371.0,,own,999170601,USS FITZGERALD,1.0493586596746862,3.0138148148149546,34.571896913580254,139.0928938271605,19.475555555555555,188.9977777777778,188.9977777777778,18,,,,,jtsb_arpa_interpolated_heading_proxy,,,,,35,,False,False
371.0,,target,999170602,ACX CRYSTAL,-2.5891432731377253,-0.8818750000000453,34.50696875,139.01929166666667,18.34375,70.38125,69.0,18,,caution,0.4064567473885966,588.2579195144403,jtsb_ais_interpolated,,,,,70,,False,False
371.0,,target,999170603,WAN HAI 266,-2.7231134672648913,0.5684102564100678,34.53114017094017,139.01658162393161,16.209230769230768,80.63076923076923,80.63076923076923,18,,safe,1.2401470537240031,536.442281329876,jtsb_ais_interpolated,,,,,70,,False,False
372.0,,own,999170601,USS FITZGERALD,1.0483821714488732,3.008555555555688,34.57180925925926,139.09287407407407,19.473333333333333,189.00666666666666,189.00666666666666,18,,,,,jtsb_arpa_interpolated_heading_proxy,,,,,35,,False,False
372.0,,target,999170602,ACX CRYSTAL,-2.5843371201512735,-0.8801388888889328,34.50699768518518,139.0193888888889,18.34583333333333,70.37083333333332,69.0,18,,caution,0.40598977019524135,587.2004922278481,jtsb_ais_interpolated,,,,,70,,False,False
372.0,,target,999170603,WAN HAI 266,-2.718550262671124,0.5692564102562235,34.53115427350427,139.01667393162393,16.21076923076923,80.56923076923077,80.56923076923077,18,,safe,1.2412703567597345,535.1515351201822,jtsb_ais_interpolated,,,,,70,,False,False
373.0,,own,999170601,USS FITZGERALD,1.0474056832230605,3.0032962962964214,34.571721604938276,139.09285432098767,19.47111111111111,189.01555555555555,189.01555555555555,18,,,,,jtsb_arpa_interpolated_heading_proxy,,,,,35,,False,False
373.0,,target,999170602,ACX CRYSTAL,-2.5795309671648217,-0.8784027777778203,34.50702662037037,139.01948611111112,18.347916666666666,70.36041666666667,69.0,18,,caution,0.40552417553885745,586.1432727757995,jtsb_ais_interpolated,,,,,70,,False,False
373.0,,target,999170603,WAN HAI 266,-2.713987058077357,0.5701025641023793,34.53116837606837,139.01676623931624,16.212307692307693,80.50769230769231,80.50769230769231,18,,safe,1.2423897307165308,533.8619727208139,jtsb_ais_interpolated,,,,,70,,False,False
374.0,,own,999170601,USS FITZGERALD,1.0464291949972475,2.998037037037155,34.57163395061729,139.09283456790124,19.468888888888888,189.02444444444444,189.02444444444444,18,,,,,jtsb_arpa_interpolated_heading_proxy,,,,,35,,False,False
374.0,,target,999170602,ACX CRYSTAL,-2.57472481417837,-0.8766666666667078,34.50705555555555,139.01958333333334,18.35,70.35,69.0,18,,caution,0.4050599619209832,585.0862610536466,jtsb_ais_interpolated,,,,,70,,False,False
374.0,,target,999170603,WAN HAI 266,-2.7094238534835897,0.570948717948535,34.53118247863248,139.01685854700852,16.213846153846152,80.44615384615385,80.44615384615385,18,,safe,1.2435051671069612,532.5735916253213,jtsb_ais_interpolated,,,,,70,,False,False
375.0,,own,999170601,USS FITZGERALD,1.0454527067714348,2.9927777777778886,34.5715462962963,139.09281481481483,19.466666666666665,189.03333333333333,189.03333333333333,18,,,,,jtsb_arpa_interpolated_heading_proxy,,,,,35,,False,False
375.0,,target,999170602,ACX CRYSTAL,-2.5699186611919176,-0.8749305555555953,34.507084490740745,139.01968055555557,18.352083333333333,70.33958333333332,69.0,18,,caution,0.40459712784370333,584.0294569567059,jtsb_ais_interpolated,,,,,70,,False,False
375.0,,target,999170603,WAN HAI 266,-2.7048606488898224,0.5717948717946906,34.53119658119658,139.01695085470084,16.215384615384615,80.38461538461539,80.38461538461539,18,,safe,1.244616657461276,531.286389333511,jtsb_ais_interpolated,,,,,70,,False,False
376.0,,own,999170601,USS FITZGERALD,1.0444762185456218,2.987518518518622,34.57145864197531,139.0927950617284,19.464444444444442,189.04222222222222,189.04222222222222,18,,,,,jtsb_arpa_interpolated_heading_proxy,,,,,35,,False,False
376.0,,target,999170602,ACX CRYSTAL,-2.5651125082054658,-0.8731944444444828,34.50711342592593,139.0197777777778,18.354166666666668,70.32916666666667,69.0,18,,caution,0.40413567180964904,582.972860380258,jtsb_ais_interpolated,,,,,70,,False,False
376.0,,target,999170603,WAN HAI 266,-2.700297444296055,0.5726410256408463,34.53121068376068,139.01704316239315,16.216923076923077,80.32307692307693,80.32307692307693,18,,safe,1.2457241933273617,530.0003633514285,jtsb_ais_interpolated,,,,,70,,False,False
377.0,,own,999170601,USS FITZGERALD,1.043499730319809,2.9822592592593558,34.571370987654326,139.092775308642,19.462222222222223,189.0511111111111,189.0511111111111,18,,,,,jtsb_arpa_interpolated_heading_proxy,,,,,35,,False,False
377.0,,target,999170602,ACX CRYSTAL,-2.560306355219014,-0.8714583333333703,34.507142361111114,139.019875,18.35625,70.31875,69.0,18,,caution,0.403675592321999,581.9164712195476,jtsb_ais_interpolated,,,,,70,,False,False
377.0,,target,999170603,WAN HAI 266,-2.6957342397022876,0.573487179487002,34.531224786324785,139.01713547008546,16.218461538461536,80.26153846153846,80.26153846153846,18,,safe,1.2468277662706875,528.7155111913409,jtsb_ais_interpolated,,,,,70,,False,False
378.0,,own,999170601,USS FITZGERALD,1.042523242093996,2.977000000000089,34.571283333333334,139.09275555555556,19.46,189.06,189.06,18,,,,,jtsb_arpa_interpolated_heading_proxy,,,,,35,,False,False
378.0,,target,999170602,ACX CRYSTAL,-2.5555002022325617,-0.8697222222222578,34.5071712962963,139.01997222222224,18.358333333333334,70.30833333333332,69.0,18,,caution,0.40321688788447546,580.860289369784,jtsb_ais_interpolated,,,,,70,,False,False
378.0,,target,999170603,WAN HAI 266,-2.6911710351085207,0.5743333333331577,34.531238888888886,139.01722777777778,16.22,80.2,80.2,18,,safe,1.24792736787426,527.4318303717184,jtsb_ais_interpolated,,,,,70,,False,False
379.0,,own,999170601,USS FITZGERALD,1.0415467538681833,2.9717407407408225,34.57119567901235,139.09273580246915,19.45777777777778,189.0688888888889,189.0688888888889,18,,,,,jtsb_arpa_interpolated_heading_proxy,,,,,35,,False,False
379.0,,target,999170602,ACX CRYSTAL,-2.55069404924611,-0.8679861111111453,34.507200231481484,139.02006944444446,18.360416666666666,70.29791666666667,69.0,18,,caution,0.40275955700134736,579.8043147261409,jtsb_ais_interpolated,,,,,70,,False,False
379.0,,target,999170603,WAN HAI 266,-2.6866078305147534,0.5751794871793134,34.53125299145299,139.0173200854701,16.22153846153846,80.13846153846154,80.13846153846154,18,,safe,1.2490229897385796,526.1493184172173,jtsb_ais_interpolated,,,,,70,,False,False
380.0,,own,999170601,USS FITZGERALD,1.0405702656423703,2.9664814814815563,34.57110802469136,139.09271604938272,19.455555555555556,189.07777777777778,189.07777777777778,18,,,,,jtsb_arpa_interpolated_heading_proxy,,,,,35,,False,False
380.0,,target,999170602,ACX CRYSTAL,-2.545887896259658,-0.8662500000000328,34.50722916666667,139.02016666666668,18.3625,70.2875,69.0,18,,caution,0.40230359817743305,578.7485471837563,jtsb_ais_interpolated,,,,,70,,False,False
380.0,,target,999170603,WAN HAI 266,-2.682044625920986,0.5760256410254692,34.531267094017096,139.01741239316237,16.223076923076924,80.07692307692308,80.07692307692308,18,,safe,1.2501146234815943,524.8679728586619,jtsb_ais_interpolated,,,,,70,,False,False
381.0,,own,999170601,USS FITZGERALD,1.0395937774165576,2.9612222222222897,34.57102037037037,139.0926962962963,19.453333333333333,189.08666666666667,189.08666666666667,18,,,,,jtsb_arpa_interpolated_heading_proxy,,,,,35,,False,False
381.0,,target,999170602,ACX CRYSTAL,-2.541081743273206,-0.8645138888889203,34.50725810185185,139.0202638888889,18.364583333333332,70.27708333333332,69.0,18,,caution,0.40184900991809097,577.6929866377336,jtsb_ais_interpolated,,,,,70,,False,False
381.0,,target,999170603,WAN HAI 266,-2.6774814213272187,0.5768717948716249,34.5312811965812,139.0175047008547,16.224615384615383,80.01538461538462,80.01538461538462,18,,safe,1.25120226073865,523.5877912330269,jtsb_ais_interpolated,,,,,70,,False,False
382.0,,own,999170601,USS FITZGERALD,1.0386172891907446,2.955962962963023,34.570932716049384,139.09267654320988,19.45111111111111,189.09555555555556,189.09555555555556,18,,,,,jtsb_arpa_interpolated_heading_proxy,,,,,35,,False,False
382.0,,target,999170602,ACX CRYSTAL,-2.536275590286754,-0.8627777777778078,34.50728703703704,139.02036111111113,18.366666666666667,70.26666666666667,69.0,18,,caution,0.40139579072922377,576.6376329831406,jtsb_ais_interpolated,,,,,70,,False,False
382.0,,target,999170603,WAN HAI 266,-2.6729182167334513,0.5777179487177805,34.5312952991453,139.017597008547,16.226153846153846,79.95384615384616,79.95384615384616,18,,safe,1.252285893162441,522.30877108342,jtsb_ais_interpolated,,,,,70,,False,False
383.0,,own,999170601,USS FITZGERALD,1.0376408009649318,2.950703703703757,34.5708450617284,139.09265679012347,19.448888888888888,189.10444444444445,189.10444444444445,18,,,,,jtsb_arpa_interpolated_heading_proxy,,,,,35,,False,False
383.0,,target,999170602,ACX CRYSTAL,-2.531469437300302,-0.8610416666666953,34.50731597222222,139.02045833333335,18.36875,70.25625,69.0,18,,caution,0.4009439391172852,575.5824861150105,jtsb_ais_interpolated,,,,,70,,False,False
383.0,,target,999170603,WAN HAI 266,-2.6683550121396844,0.5785641025639362,34.5313094017094,139.0176893162393,16.22769230769231,79.8923076923077,79.8923076923077,18,,safe,1.2533655124229757,521.0309099590652,jtsb_ais_interpolated,,,,,70,,False,False
384.0,,own,999170601,USS FITZGERALD,1.0366643127391189,2.9454444444444903,34.57075740740741,139.09263703703704,19.446666666666665,189.11333333333334,189.11333333333334,18,,,,,jtsb_arpa_interpolated_heading_proxy,,,,,35,,False,False
384.0,,target,999170602,ACX CRYSTAL,-2.52666328431385,-0.8593055555555829,34.50734490740741,139.02055555555557,18.370833333333334,70.24583333333332,69.0,18,,caution,0.4004934535892683,574.527545928341,jtsb_ais_interpolated,,,,,70,,False,False
384.0,,target,999170603,WAN HAI 266,-2.663791807545917,0.5794102564100919,34.5313235042735,139.01778162393163,16.229230769230767,79.83076923076923,79.83076923076923,18,,safe,1.2544411102075188,519.7542054152838,jtsb_ais_interpolated,,,,,70,,False,False
385.0,,own,999170601,USS FITZGERALD,1.035687824513306,2.9401851851852236,34.57066975308642,139.09261728395063,19.444444444444443,189.12222222222223,189.12222222222223,18,,,,,jtsb_arpa_interpolated_heading_proxy,,,,,35,,False,False
385.0,,target,999170602,ACX CRYSTAL,-2.521857131327398,-0.8575694444444704,34.50737384259259,139.0206527777778,18.372916666666665,70.23541666666667,69.0,18,,caution,0.40004433265271044,573.4728123180962,jtsb_ais_interpolated,,,,,70,,False,False
385.0,,target,999170603,WAN HAI 266,-2.6592286029521497,0.5802564102562476,34.5313376068376,139.01787393162394,16.23076923076923,79.76923076923077,79.76923076923077,18,,safe,1.2555126782205508,518.4786550134786,jtsb_ais_interpolated,,,,,70,,False,False
386.0,,own,999170601,USS FITZGERALD,1.0347113362874931,2.9349259259259575,34.570582098765435,139.0925975308642,19.44222222222222,189.13111111111112,189.13111111111112,18,,,,,jtsb_arpa_interpolated_heading_proxy,,,,,35,,False,False
386.0,,target,999170602,ACX CRYSTAL,-2.5170509783409463,-0.8558333333333579,34.50740277777778,139.02075000000002,18.375,70.225,69.0,18,,caution,0.39959657481568994,572.4182851792042,jtsb_ais_interpolated,,,,,70,,False,False
386.0,,target,999170603,WAN HAI 266,-2.6546653983583823,0.5811025641024034,34.53135170940171,139.01796623931622,16.232307692307693,79.70769230769231,79.70769230769231,18,,safe,1.256580208183721,517.204256321116,jtsb_ais_interpolated,,,,,70,,False,False
387.0,,own,999170601,USS FITZGERALD,1.0337348480616804,2.929666666666691,34.57049444444445,139.0925777777778,19.439999999999998,189.14000000000001,189.14000000000001,18,,,,,jtsb_arpa_interpolated_heading_proxy,,,,,35,,False,False
387.0,,target,999170602,ACX CRYSTAL,-2.512244825354494,-0.8540972222222454,34.50743171296296,139.02084722222222,18.37708333333333,70.21458333333332,69.0,18,,caution,0.3991501785868371,571.3639644065596,jtsb_ais_interpolated,,,,,70,,False,False
387.0,,target,999170603,WAN HAI 266,-2.650102193764615,0.5819487179485591,34.53136581196581,139.01805854700854,16.233846153846155,79.64615384615385,79.64615384615385,18,,safe,1.2576436918358063,515.9310069117081,jtsb_ais_interpolated,,,,,70,,False,False
388.0,,own,999170601,USS FITZGERALD,1.0327583598358674,2.924407407407424,34.57040679012346,139.09255802469136,19.437777777777775,189.1488888888889,189.1488888888889,18,,,,,jtsb_arpa_interpolated_heading_proxy,,,,,35,,False,False
388.0,,target,999170602,ACX CRYSTAL,-2.507438672368042,-0.8523611111111329,34.50746064814815,139.02094444444444,18.379166666666666,70.20416666666667,69.0,18,,caution,0.3987051424753167,570.3098498950227,jtsb_ais_interpolated,,,,,70,,False,False
388.0,,target,999170603,WAN HAI 266,-2.645538989170848,0.5827948717947147,34.531379914529914,139.01815085470085,16.235384615384614,79.58461538461539,79.58461538461539,18,,safe,1.2587031209326611,514.6589043647972,jtsb_ais_interpolated,,,,,70,,False,False
389.0,,own,999170601,USS FITZGERALD,1.0317818716100546,2.919148148148158,34.57031913580247,139.09253827160495,19.435555555555556,189.1577777777778,189.1577777777778,18,,,,,jtsb_arpa_interpolated_heading_proxy,,,,,35,,False,False
389.0,,target,999170602,ACX CRYSTAL,-2.5026325193815904,-0.8506250000000204,34.50748958333333,139.02104166666666,18.381249999999998,70.19375,69.0,18,,caution,0.39826146499084064,569.2559415394188,jtsb_ais_interpolated,,,,,70,,False,False
389.0,,target,999170603,WAN HAI 266,-2.6409757845770807,0.5836410256408704,34.531394017094016,139.01824316239316,16.236923076923077,79.52307692307693,79.52307692307693,18,,safe,1.2597584872471694,513.3879462659365,jtsb_ais_interpolated,,,,,70,,False,False
390.0,,own,999170601,USS FITZGERALD,1.0308053833842417,2.9138888888888914,34.570231481481486,139.09251851851852,19.433333333333334,189.16666666666669,189.16666666666669,18,,,,,jtsb_arpa_interpolated_heading_proxy,,,,,35,,False,False
390.0,,target,999170602,ACX CRYSTAL,-2.497826366395138,-0.8488888888889079,34.50751851851852,139.02113888888888,18.383333333333333,70.18333333333332,69.0,18,,caution,0.3978191446436612,568.20223923454,jtsb_ais_interpolated,,,,,70,,False,False
390.0,,target,999170603,WAN HAI 266,-2.6364125799833134,0.5844871794870261,34.53140811965812,139.01833547008547,16.23846153846154,79.46153846153847,79.46153846153847,18,,safe,1.2608097825692115,512.1181302066751,jtsb_ais_interpolated,,,,,70,,False,False
391.0,,own,999170601,USS FITZGERALD,1.029828895158429,2.908629629629625,34.57014382716049,139.0924987654321,19.43111111111111,189.17555555555558,189.17555555555558,18,,,,,jtsb_arpa_interpolated_heading_proxy,,,,,35,,False,False
391.0,,target,999170602,ACX CRYSTAL,-2.4930202134086863,-0.8471527777777954,34.50754745370371,139.0212361111111,18.385416666666664,70.17291666666667,69.0,18,,caution,0.39737817994457286,567.148742875144,jtsb_ais_interpolated,,,,,70,,False,False
391.0,,target,999170603,WAN HAI 266,-2.631849375389546,0.5853333333331818,34.53142222222222,139.0184277777778,16.24,79.4,79.4,18,,safe,1.2618569987056072,510.8494537845401,jtsb_ais_interpolated,,,,,70,,False,False
392.0,,own,999170601,USS FITZGERALD,1.028852406932616,2.9033703703703586,34.57005617283951,139.09247901234568,19.42888888888889,189.18444444444447,189.18444444444447,18,,,,,jtsb_arpa_interpolated_heading_proxy,,,,,35,,False,False
392.0,,target,999170602,ACX CRYSTAL,-2.4882140604222345,-0.8454166666666829,34.50757638888889,139.02133333333333,18.3875,70.1625,69.0,18,,caution,0.3969385694049134,566.0954523559543,jtsb_ais_interpolated,,,,,70,,False,False
392.0,,target,999170603,WAN HAI 266,-2.6272861707957786,0.5861794871793375,34.53143632478633,139.01852008547007,16.24153846153846,79.33846153846154,79.33846153846154,18,,safe,1.2629001274800762,509.5819146030187,jtsb_ais_interpolated,,,,,70,,False,False
393.0,,own,999170601,USS FITZGERALD,1.0278759187068032,2.898111111111092,34.56996851851852,139.09245925925927,19.426666666666666,189.19333333333336,189.19333333333336,18,,,,,jtsb_arpa_interpolated_heading_proxy,,,,,35,,False,False
393.0,,target,999170602,ACX CRYSTAL,-2.4834079074357827,-0.8436805555555704,34.50760532407408,139.02143055555555,18.38958333333333,70.15208333333332,69.0,18,,caution,0.39650031153656284,565.0423675716613,jtsb_ais_interpolated,,,,,70,,False,False
393.0,,target,999170603,WAN HAI 266,-2.6227229662020117,0.5870256410254933,34.53145042735043,139.01861239316239,16.243076923076924,79.27692307692308,79.27692307692308,18,,safe,1.263939160733198,508.3155102715433,jtsb_ais_interpolated,,,,,70,,False,False
394.0,,own,999170601,USS FITZGERALD,1.0268994304809902,2.8928518518518254,34.56988086419753,139.09243950617284,19.424444444444443,189.20222222222222,189.20222222222222,18,,,,,jtsb_arpa_interpolated_heading_proxy,,,,,35,,False,False
394.0,,target,999170602,ACX CRYSTAL,-2.4786017544493304,-0.8419444444444579,34.50763425925926,139.02152777777778,18.391666666666666,70.14166666666667,69.0,18,,caution,0.39606340485193886,563.9894884169215,jtsb_ais_interpolated,,,,,70,,False,False
394.0,,target,999170603,WAN HAI 266,-2.6181597616082444,0.587871794871649,34.53146452991453,139.0187047008547,16.244615384615386,79.21538461538462,79.21538461538462,18,,safe,1.264974090322359,507.0502384054729,jtsb_ais_interpolated,,,,,70,,False,False
395.0,,own,999170601,USS FITZGERALD,1.0259229422551774,2.887592592592559,34.56979320987654,139.09241975308643,19.42222222222222,189.2111111111111,189.2111111111111,18,,,,,jtsb_arpa_interpolated_heading_proxy,,,,,35,,False,False
395.0,,target,999170602,ACX CRYSTAL,-2.4737956014628786,-0.8402083333333454,34.50766319444445,139.021625,18.393749999999997,70.13125,69.0,18,,caution,0.39562784786400207,562.9368147863585,jtsb_ais_interpolated,,,,,70,,False,False
395.0,,target,999170603,WAN HAI 266,-2.613596557014477,0.5887179487178046,34.53147863247863,139.018797008547,16.246153846153845,79.15384615384616,79.15384615384616,18,,safe,1.2660049081217128,505.7860966260771,jtsb_ais_interpolated,,,,,70,,False,False
396.0,,own,999170601,USS FITZGERALD,1.0249464540293645,2.8823333333332926,34.56970555555556,139.0924,19.419999999999998,189.22,189.22,18,,,,,jtsb_arpa_interpolated_heading_proxy,,,,,35,,False,False
396.0,,target,999170602,ACX CRYSTAL,-2.4689894484764268,-0.8384722222222329,34.50769212962963,139.02172222222222,18.395833333333332,70.12083333333332,69.0,18,,caution,0.3951936390862525,561.8843465745613,jtsb_ais_interpolated,,,,,70,,False,False
396.0,,target,999170603,WAN HAI 266,-2.6090333524207097,0.5895641025639603,34.53149273504273,139.01888931623932,16.247692307692308,79.0923076923077,79.0923076923077,18,,safe,1.2670316060221374,504.5230825605192,jtsb_ais_interpolated,,,,,70,,False,False
397.0,,own,999170601,USS FITZGERALD,1.0239699658035517,2.877074074074026,34.569617901234565,139.0923802469136,19.417777777777776,189.2288888888889,189.2288888888889,18,,,,,jtsb_arpa_interpolated_heading_proxy,,,,,35,,False,False
397.0,,target,999170602,ACX CRYSTAL,-2.4641832954899745,-0.8367361111111205,34.50772106481482,139.02181944444445,18.397916666666664,70.11041666666667,69.0,18,,caution,0.3947607770327333,560.8320836760868,jtsb_ais_interpolated,,,,,70,,False,False
397.0,,target,999170603,WAN HAI 266,-2.6044701478269423,0.590410256410116,34.531506837606834,139.01898162393164,16.24923076923077,79.03076923076924,79.03076923076924,18,,safe,1.2680541759311936,503.2611938418397,jtsb_ais_interpolated,,,,,70,,False,False
398.0,,own,999170601,USS FITZGERALD,1.0229934775777387,2.8718148148147598,34.56953024691358,139.09236049382716,19.415555555555553,189.23777777777778,189.23777777777778,18,,,,,jtsb_arpa_interpolated_heading_proxy,,,,,35,,False,False
398.0,,target,999170602,ACX CRYSTAL,-2.4593771425035227,-0.835000000000008,34.50775,139.02191666666667,18.4,70.1,69.0,18,,caution,0.39432926021802606,559.7800259854586,jtsb_ais_fix,,,,,70,,False,False
398.0,,target,999170603,WAN HAI 266,-2.5999069432331754,0.5912564102562717,34.53152094017094,139.01907393162392,16.25076923076923,78.96923076923076,78.96923076923076,18,,safe,1.269072609773073,502.00042810893933,jtsb_ais_interpolated,,,,,70,,False,False
399.0,,own,999170601,USS FITZGERALD,1.022016989351926,2.866555555555493,34.569442592592594,139.09234074074075,19.41333333333333,189.24666666666667,189.24666666666667,18,,,,,jtsb_arpa_interpolated_heading_proxy,,,,,35,,False,False
399.0,,target,999170602,ACX CRYSTAL,-2.45447290476222,-0.833190476190489,34.507780158730164,139.02201587301587,18.4,70.0942857142857,69.0,18,,caution,0.3938364477359622,558.7592938756223,jtsb_ais_interpolated,,,,,70,,False,False
399.0,,target,999170603,WAN HAI 266,-2.595343738639408,0.5921025641024275,34.531535042735044,139.01916623931623,16.252307692307692,78.9076923076923,78.9076923076923,18,,safe,1.2700868994885601,500.7407830065627,jtsb_ais_interpolated,,,,,70,,False,False
400.0,,own,999170601,USS FITZGERALD,1.021040501126113,2.8612962962962265,34.56935493827161,139.09232098765432,19.41111111111111,189.25555555555556,189.25555555555556,18,,,,,jtsb_arpa_interpolated_heading_proxy,,,,,35,,False,False
400.0,,target,999170602,ACX CRYSTAL,-2.449568667020917,-0.8313809523809701,34.50781031746032,139.02211507936508,18.4,70.08857142857143,69.0,18,,caution,0.3933449272807261,557.7386009449106,jtsb_ais_interpolated,,,,,70,,False,False
400.0,,target,999170603,WAN HAI 266,-2.5907805340456407,0.5929487179485832,34.531549145299145,139.01925854700855,16.253846153846155,78.84615384615384,78.84615384615384,18,,safe,1.271097037034994,499.48225618528176,jtsb_ais_interpolated,,,,,70,,False,False
401.0,,own,999170601,USS FITZGERALD,1.0200640129003002,2.8560370370369603,34.569267283950616,139.0923012345679,19.40888888888889,189.26444444444445,189.26444444444445,18,,,,,jtsb_arpa_interpolated_heading_proxy,,,,,35,,False,False
401.0,,target,999170602,ACX CRYSTAL,-2.444664429279614,-0.8295714285714512,34.50784047619048,139.02221428571428,18.4,70.08285714285714,69.0,18,,caution,0.3928546983987384,556.7179471360295,jtsb_ais_interpolated,,,,,70,,False,False
401.0,,target,999170603,WAN HAI 266,-2.5862173294518733,0.5937948717947388,34.53156324786325,139.01935085470086,16.255384615384614,78.78461538461538,78.78461538461538,18,,safe,1.272103014386216,498.22484530147926,jtsb_ais_interpolated,,,,,70,,False,False
402.0,,own,999170601,USS FITZGERALD,1.0190875246744873,2.8507777777776937,34.56917962962963,139.09228148148148,19.406666666666666,189.27333333333334,189.27333333333334,18,,,,,jtsb_arpa_interpolated_heading_proxy,,,,,35,,False,False
402.0,,target,999170602,ACX CRYSTAL,-2.439760191538311,-0.8277619047619323,34.507870634920636,139.0223134920635,18.4,70.07714285714285,69.0,18,,caution,0.3923657606364801,555.6973323916792,jtsb_ais_interpolated,,,,,70,,False,False
402.0,,target,999170603,WAN HAI 266,-2.581654124858106,0.5946410256408945,34.53157735042735,139.01944316239317,16.256923076923076,78.72307692307692,78.72307692307692,18,,safe,1.2731048235325308,496.9685480173318,jtsb_ais_interpolated,,,,,70,,False,False
403.0,,own,999170601,USS FITZGERALD,1.0181110364486745,2.845518518518427,34.569091975308645,139.09226172839507,19.404444444444444,189.28222222222223,189.28222222222223,18,,,,,jtsb_arpa_interpolated_heading_proxy,,,,,35,,False,False
403.0,,target,999170602,ACX CRYSTAL,-2.4348559537970087,-0.8259523809524134,34.5079007936508,139.0224126984127,18.4,70.07142857142857,69.0,18,,caution,0.39187811354048896,554.6767566545536,jtsb_ais_interpolated,,,,,70,,False,False
403.0,,target,999170603,WAN HAI 266,-2.577090920264339,0.5954871794870502,34.53159145299145,139.0195354700855,16.25846153846154,78.66153846153846,78.66153846153846,18,,safe,1.2741024564806633,495.7133620007949,jtsb_ais_interpolated,,,,,70,,False,False
404.0,,own,999170601,USS FITZGERALD,1.0171345482228618,2.840259259259161,34.56900432098765,139.09224197530864,19.40222222222222,189.29111111111112,189.29111111111112,18,,,,,jtsb_arpa_interpolated_heading_proxy,,,,,35,,False,False
404.0,,target,999170602,ACX CRYSTAL,-2.429951716055706,-0.8241428571428945,34.50793095238095,139.0225119047619,18.4,70.06571428571428,69.0,18,,caution,0.3913917566573691,553.6562198673402,jtsb_ais_interpolated,,,,,70,,False,False
404.0,,target,999170603,WAN HAI 266,-2.5725277156705717,0.5963333333332059,34.53160555555556,139.01962777777777,16.26,78.6,78.6,18,,safe,1.2750959052537203,494.459284925585,jtsb_ais_interpolated,,,,,70,,False,False
405.0,,own,999170601,USS FITZGERALD,1.0161580599970488,2.8349999999998943,34.56891666666667,139.09222222222223,19.4,189.3,189.3,18,,,,,jtsb_arpa_fix_heading_proxy,,,,,35,,False,False
405.0,,target,999170602,ACX CRYSTAL,-2.425047478314403,-0.8223333333333755,34.507961111111115,139.0226111111111,18.4,70.06,69.0,18,,caution,0.3909066895337801,552.6357219727208,jtsb_ais_interpolated,,,,,70,,False,False
405.0,,target,999170603,WAN HAI 266,-2.5679645110768043,0.5971794871793616,34.53161965811966,139.01972008547008,16.26153846153846,78.53846153846153,78.53846153846153,18,,safe,1.2760851618911395,493.2063144711646,jtsb_ais_interpolated,,,,,70,,False,False
406.0,,own,999170601,USS FITZGERALD,1.014052507260128,2.830444444444339,34.56884074074074,139.09217962962964,19.4,189.30666666666667,189.30666666666667,18,,,,,jtsb_arpa_interpolated_heading_proxy,,,,,35,,False,False
406.0,,target,999170602,ACX CRYSTAL,-2.4201432405731,-0.8205238095238566,34.50799126984127,139.0227103174603,18.4,70.05428571428571,69.0,18,,caution,0.38936996940703933,551.568963444295,jtsb_ais_interpolated,,,,,70,,False,False
406.0,,target,999170603,WAN HAI 266,-2.563401306483037,0.5980256410255174,34.53163376068376,139.0198123931624,16.263076923076923,78.47692307692307,78.47692307692307,18,,safe,1.2759993247351245,491.89557415466385,jtsb_ais_interpolated,,,,,70,,False,False
407.0,,own,999170601,USS FITZGERALD,1.0119469545232074,2.825888888888784,34.56876481481481,139.09213703703705,19.4,189.31333333333333,189.31333333333333,18,,,,,jtsb_arpa_interpolated_heading_proxy,,,,,35,,False,False
407.0,,target,999170602,ACX CRYSTAL,-2.415239002831797,-0.8187142857143377,34.50802142857143,139.02280952380954,18.4,70.04857142857142,69.0,18,,caution,0.3878334789264587,550.5023422501042,jtsb_ais_interpolated,,,,,70,,False,False
407.0,,target,999170603,WAN HAI 266,-2.5588381018892696,0.5988717948716731,34.53164786324786,139.0199047008547,16.264615384615386,78.41538461538461,78.41538461538461,18,,safe,1.2759076655828796,490.58620660204895,jtsb_ais_interpolated,,,,,70,,False,False
408.0,,own,999170601,USS FITZGERALD,1.0098414017862867,2.8213333333332287,34.568688888888886,139.09209444444446,19.4,189.32000000000002,189.32000000000002,18,,,,,jtsb_arpa_interpolated_heading_proxy,,,,,35,,False,False
408.0,,target,999170602,ACX CRYSTAL,-2.4103347650904943,-0.8169047619048188,34.50805158730159,139.02290873015875,18.4,70.04285714285714,69.0,18,,caution,0.38629721807817013,549.4358583279069,jtsb_ais_interpolated,,,,,70,,False,False
408.0,,target,999170603,WAN HAI 266,-2.5542748972955027,0.5997179487178287,34.53166196581196,139.01999700854702,16.266153846153845,78.35384615384615,78.35384615384615,18,,safe,1.275810180016571,489.27820936211214,jtsb_ais_interpolated,,,,,70,,False,False
409.0,,own,999170601,USS FITZGERALD,1.007735849049366,2.8167777777776735,34.568612962962966,139.09205185185186,19.4,189.32666666666668,189.32666666666668,18,,,,,jtsb_arpa_interpolated_heading_proxy,,,,,35,,False,False
409.0,,target,999170602,ACX CRYSTAL,-2.4054305273491914,-0.8150952380952999,34.50808174603175,139.02300793650795,18.4,70.03714285714285,69.0,18,,caution,0.38476118684832245,548.3695116154831,jtsb_ais_interpolated,,,,,70,,False,False
409.0,,target,999170603,WAN HAI 266,-2.5497116927017354,0.6005641025639844,34.531676068376065,139.02008931623934,16.267692307692307,78.29230769230769,78.29230769230769,18,,safe,1.2757068636312163,487.9715799898197,jtsb_ais_interpolated,,,,,70,,False,False
410.0,,own,999170601,USS FITZGERALD,1.0056302963124453,2.8122222222221183,34.56853703703704,139.09200925925927,19.4,189.33333333333334,189.33333333333334,18,,,,,jtsb_arpa_interpolated_heading_proxy,,,,,35,,False,False
410.0,,target,999170602,ACX CRYSTAL,-2.4005262896078885,-0.813285714285781,34.508111904761904,139.02310714285716,18.4,70.03142857142856,69.0,18,,caution,0.3832253852230601,547.3033020506352,jtsb_ais_interpolated,,,,,70,,False,False
410.0,,target,999170603,WAN HAI 266,-2.545148488107968,0.6014102564101401,34.53169017094017,139.02018162393162,16.26923076923077,78.23076923076923,78.23076923076923,18,,safe,1.2755977120346411,486.66631604629396,jtsb_ais_interpolated,,,,,70,,False,False
411.0,,own,999170601,USS FITZGERALD,1.0035247435755246,2.807666666666563,34.56846111111111,139.09196666666668,19.4,189.34,189.34,18,,,,,jtsb_arpa_interpolated_heading_proxy,,,,,35,,False,False
411.0,,target,999170602,ACX CRYSTAL,-2.3956220518665856,-0.8114761904762621,34.508142063492066,139.02320634920636,18.4,70.02571428571429,69.0,18,,caution,0.3816898131885421,546.237229571187,jtsb_ais_interpolated,,,,,70,,False,False
411.0,,target,999170603,WAN HAI 266,-2.5405852835142007,0.6022564102562958,34.531704273504275,139.02027393162393,16.270769230769233,78.16923076923077,78.16923076923077,18,,safe,1.2754827208474626,485.3624150987952,jtsb_ais_interpolated,,,,,70,,False,False
412.0,,own,999170601,USS FITZGERALD,1.0014191908386039,2.803111111111008,34.568385185185186,139.0919240740741,19.4,189.34666666666666,189.34666666666666,18,,,,,jtsb_arpa_interpolated_heading_proxy,,,,,35,,False,False
412.0,,target,999170602,ACX CRYSTAL,-2.390717814125283,-0.8096666666667431,34.50817222222222,139.02330555555557,18.4,70.02,69.0,18,,caution,0.3801544707309287,545.1712941149842,jtsb_ais_interpolated,,,,,70,,False,False
412.0,,target,999170603,WAN HAI 266,-2.5360220789204333,0.6031025641024516,34.531718376068376,139.02036623931625,16.27230769230769,78.1076923076923,78.1076923076923,18,,safe,1.2753618857030582,484.059874720703,jtsb_ais_interpolated,,,,,70,,False,False
413.0,,own,999170601,USS FITZGERALD,0.9993136381016833,2.7985555555554527,34.56830925925926,139.0918814814815,19.4,189.35333333333335,189.35333333333335,18,,,,,jtsb_arpa_interpolated_heading_proxy,,,,,35,,False,False
413.0,,target,999170602,ACX CRYSTAL,-2.3858135763839803,-0.8078571428572242,34.50820238095238,139.02340476190477,18.4,70.01428571428572,69.0,18,,caution,0.37861935783639156,544.1054956198949,jtsb_ais_interpolated,,,,,70,,False,False
413.0,,target,999170603,WAN HAI 266,-2.5314588743266664,0.6039487179486073,34.53173247863248,139.02045854700856,16.273846153846154,78.04615384615384,78.04615384615384,18,,safe,1.2752352022475368,482.75869249149827,jtsb_ais_interpolated,,,,,70,,False,False
414.0,,own,999170601,USS FITZGERALD,0.9972080853647626,2.7939999999998975,34.56823333333333,139.0918388888889,19.4,189.36,189.36,18,,,,,jtsb_arpa_interpolated_heading_proxy,,,,,35,,False,False
414.0,,target,999170602,ACX CRYSTAL,-2.3809093386426774,-0.8060476190477053,34.50823253968254,139.02350396825398,18.4,70.00857142857143,69.0,18,,caution,0.37708447449110893,543.0398340238083,jtsb_ais_interpolated,,,,,70,,False,False
414.0,,target,999170603,WAN HAI 266,-2.526895669732899,0.6047948717947629,34.53174658119658,139.02055085470087,16.275384615384617,77.98461538461538,77.98461538461538,18,,safe,1.2751026661397165,481.458865996745,jtsb_ais_interpolated,,,,,70,,False,False
415.0,,own,999170601,USS FITZGERALD,0.9951025326278419,2.7894444444443423,34.568157407407405,139.0917962962963,19.4,189.36666666666667,189.36666666666667,18,,,,,jtsb_arpa_interpolated_heading_proxy,,,,,35,,False,False
415.0,,target,999170602,ACX CRYSTAL,-2.3760051009013745,-0.8042380952381863,34.5082626984127,139.02360317460318,18.4,70.00285714285714,69.0,18,,caution,0.37554982068126397,541.9743092646363,jtsb_ais_interpolated,,,,,70,,False,False
415.0,,target,999170603,WAN HAI 266,-2.5223324651391317,0.6056410256409186,34.53176068376068,139.02064316239318,16.276923076923076,77.92307692307692,77.92307692307692,18,,safe,1.2749642730510937,480.160392828073,jtsb_ais_interpolated,,,,,70,,False,False
416.0,,own,999170601,USS FITZGERALD,0.9929969798909212,2.784888888888787,34.56808148148148,139.09175370370372,19.4,189.37333333333333,189.37333333333333,18,,,,,jtsb_arpa_interpolated_heading_proxy,,,,,35,,False,False
416.0,,target,999170602,ACX CRYSTAL,-2.3711008631600716,-0.8024285714286675,34.508292857142855,139.0237023809524,18.4,69.99714285714286,69.0,18,,caution,0.3740153963930476,540.9089212803119,jtsb_ais_interpolated,,,,,70,,False,False
416.0,,target,999170603,WAN HAI 266,-2.5177692605453643,0.6064871794870743,34.53177478632479,139.02073547008547,16.27846153846154,77.86153846153846,77.86153846153846,18,,safe,1.274820018665815,478.86327058315885,jtsb_ais_interpolated,,,,,70,,False,False
417.0,,own,999170601,USS FITZGERALD,0.9908914271540005,2.780333333333232,34.56800555555556,139.09171111111112,19.4,189.38,189.38,18,,,,,jtsb_arpa_interpolated_heading_proxy,,,,,35,,False,False
417.0,,target,999170602,ACX CRYSTAL,-2.3661966254187687,-0.8006190476191486,34.50832301587302,139.0238015873016,18.4,69.99142857142857,69.0,18,,caution,0.37248120161265735,539.8436700087901,jtsb_ais_interpolated,,,,,70,,False,False
417.0,,target,999170603,WAN HAI 266,-2.513206055951597,0.60733333333323,34.53178888888889,139.02082777777778,16.28,77.8,77.8,18,,safe,1.2746698986806515,477.56749686570913,jtsb_ais_interpolated,,,,,70,,False,False
418.0,,own,999170601,USS FITZGERALD,0.9887858744170798,2.7757777777776766,34.56792962962963,139.09166851851853,19.4,189.38666666666668,189.38666666666668,18,,,,,jtsb_arpa_interpolated_heading_proxy,,,,,35,,False,False
418.0,,target,999170602,ACX CRYSTAL,-2.361292387677466,-0.7988095238096297,34.50835317460317,139.0239007936508,18.4,69.98571428571428,69.0,18,,caution,0.37094723632629817,538.7785553880478,jtsb_ais_interpolated,,,,,70,,False,False
418.0,,target,999170603,WAN HAI 266,-2.50864285135783,0.6081794871793857,34.53180299145299,139.0209200854701,16.281538461538464,77.73846153846154,77.73846153846154,18,,safe,1.2745139088049766,476.27306928544147,jtsb_ais_interpolated,,,,,70,,False,False
419.0,,own,999170601,USS FITZGERALD,0.9866803216801591,2.7712222222221214,34.567853703703705,139.09162592592594,19.4,189.39333333333335,189.39333333333335,18,,,,,jtsb_arpa_interpolated_heading_proxy,,,,,35,,False,False
419.0,,target,999170602,ACX CRYSTAL,-2.356388149936163,-0.7970000000001107,34.508383333333335,139.024,18.4,69.98,69.0,18,,caution,0.3694135005201831,537.7135773560836,jtsb_ais_interpolated,,,,,70,,False,False
419.0,,target,999170603,WAN HAI 266,-2.5040796467640627,0.6090256410255415,34.53181709401709,139.0210123931624,16.283076923076923,77.67692307692307,77.67692307692307,18,,safe,1.2743520447607326,474.979985458068,jtsb_ais_interpolated,,,,,70,,False,False
420.0,,own,999170601,USS FITZGERALD,0.9845747689432384,2.7666666666665662,34.56777777777778,139.09158333333335,19.4,189.4,189.4,18,,,,,jtsb_arpa_fix_heading_proxy,,,,,35,,False,False
420.0,,target,999170602,ACX CRYSTAL,-2.3514839121948605,-0.7951904761905918,34.50841349206349,139.0240992063492,18.4,69.97428571428571,69.0,18,,caution,0.3678799941805312,536.6487358509181,jtsb_ais_interpolated,,,,,70,,False,False
420.0,,target,999170603,WAN HAI 266,-2.4995164421702953,0.6098717948716972,34.531831196581194,139.02110470085472,16.284615384615385,77.61538461538461,77.61538461538461,18,,safe,1.2741843022824069,473.68824300527643,jtsb_ais_interpolated,,,,,70,,False,False
421.0,,own,999170601,USS FITZGERALD,0.9837508570026893,2.7606296296295247,34.56767716049383,139.0915666666667,19.4,189.39777777777778,189.39777777777778,18,,,,,jtsb_arpa_interpolated_heading_proxy,,,,,35,,False,False
421.0,,target,999170602,ACX CRYSTAL,-2.3465796744535576,-0.7933809523810729,34.50844365079365,139.0241984126984,18.4,69.96857142857144,69.0,18,,caution,0.3686639538100067,535.5662537386656,jtsb_ais_interpolated,,,,,70,,False,False
421.0,,target,999170603,WAN HAI 266,-2.494953237576528,0.6107179487178528,34.531845299145296,139.02119700854703,16.286153846153848,77.55384615384615,77.55384615384615,18,,safe,1.2762848781672813,472.3713947759365,jtsb_ais_interpolated,,,,,70,,False,False
422.0,,own,999170601,USS FITZGERALD,0.9829269450621402,2.754592592592483,34.567576543209874,139.09155,19.4,189.39555555555557,189.39555555555557,18,,,,,jtsb_arpa_interpolated_heading_proxy,,,,,35,,False,False
422.0,,target,999170602,ACX CRYSTAL,-2.3416754367122548,-0.7915714285715539,34.50847380952381,139.02429761904762,18.4,69.96285714285715,69.0,18,,caution,0.3694465886529343,534.4838013261492,jtsb_ais_interpolated,,,,,70,,False,False
422.0,,target,999170603,WAN HAI 266,-2.4903900329827606,0.6115641025640085,34.531859401709404,139.02128931623932,16.287692307692307,77.49230769230769,77.49230769230769,18,,safe,1.278377621071196,471.0555206729739,jtsb_ais_interpolated,,,,,70,,False,False
423.0,,own,999170601,USS FITZGERALD,0.982103033121591,2.7485555555554413,34.567475925925926,139.09153333333336,19.4,189.39333333333335,189.39333333333335,18,,,,,jtsb_arpa_interpolated_heading_proxy,,,,,35,,False,False
423.0,,target,999170602,ACX CRYSTAL,-2.336771198970952,-0.7897619047620351,34.50850396825397,139.02439682539682,18.4,69.95714285714286,69.0,18,,caution,0.3702278987003321,533.4013786237082,jtsb_ais_interpolated,,,,,70,,False,False
423.0,,target,999170603,WAN HAI 266,-2.4858268283889937,0.6124102564101642,34.531873504273506,139.02138162393163,16.28923076923077,77.43076923076923,77.43076923076923,18,,safe,1.2804625264985983,469.74061936607046,jtsb_ais_interpolated,,,,,70,,False,False
424.0,,own,999170601,USS FITZGERALD,0.9812791211810419,2.7425185185184,34.56737530864198,139.09151666666668,19.4,189.39111111111112,189.39111111111112,18,,,,,jtsb_arpa_interpolated_heading_proxy,,,,,35,,False,False
424.0,,target,999170602,ACX CRYSTAL,-2.331866961229649,-0.7879523809525162,34.508534126984124,139.02449603174603,18.4,69.95142857142858,69.0,18,,caution,0.371007883943233,532.3189856416805,jtsb_ais_interpolated,,,,,70,,False,False
424.0,,target,999170603,WAN HAI 266,-2.4812636237952264,0.6132564102563199,34.53188760683761,139.02147393162394,16.290769230769232,77.36923076923077,77.36923076923077,18,,safe,1.2825395899638319,468.4266895282947,jtsb_ais_interpolated,,,,,70,,False,False
425.0,,own,999170601,USS FITZGERALD,0.9804552092404928,2.736481481481358,34.56727469135802,139.09150000000002,19.4,189.38888888888889,189.38888888888889,18,,,,,jtsb_arpa_interpolated_heading_proxy,,,,,35,,False,False
425.0,,target,999170602,ACX CRYSTAL,-2.326962723488346,-0.7861428571429973,34.508564285714286,139.02459523809526,18.4,69.94571428571429,69.0,18,,caution,0.37178654437268205,531.2366223904039,jtsb_ais_interpolated,,,,,70,,False,False
425.0,,target,999170603,WAN HAI 266,-2.476700419201459,0.6141025641024757,34.53190170940171,139.02156623931626,16.29230769230769,77.3076923076923,77.3076923076923,18,,safe,1.284608806991124,467.1137298360939,jtsb_ais_interpolated,,,,,70,,False,False
426.0,,own,999170601,USS FITZGERALD,0.9796312972999437,2.7304444444443163,34.567174074074074,139.09148333333334,19.4,189.38666666666668,189.38666666666668,18,,,,,jtsb_arpa_interpolated_heading_proxy,,,,,35,,False,False
426.0,,target,999170602,ACX CRYSTAL,-2.322058485747043,-0.7843333333334783,34.50859444444444,139.02469444444446,18.4,69.94,69.0,18,,caution,0.3725638799797343,530.1542888802157,jtsb_ais_interpolated,,,,,70,,False,False
426.0,,target,999170603,WAN HAI 266,-2.4721372146076916,0.6149487179486314,34.53191581196581,139.02165854700857,16.293846153846154,77.24615384615385,77.24615384615385,18,,safe,1.286670173114572,465.8017389692844,jtsb_ais_interpolated,,,,,70,,False,False
427.0,,own,999170601,USS FITZGERALD,0.9788073853593945,2.724407407407275,34.567073456790126,139.0914666666667,19.4,189.38444444444445,189.38444444444445,18,,,,,jtsb_arpa_interpolated_heading_proxy,,,,,35,,False,False
427.0,,target,999170602,ACX CRYSTAL,-2.3171542480057403,-0.7825238095239594,34.5086246031746,139.02479365079367,18.4,69.93428571428572,69.0,18,,caution,0.3733398907554608,529.071985121453,jtsb_ais_interpolated,,,,,70,,False,False
427.0,,target,999170603,WAN HAI 266,-2.4675740100139243,0.615794871794787,34.53192991452991,139.02175085470088,16.295384615384616,77.18461538461538,77.18461538461538,18,,safe,1.288723683878141,464.490715611042,jtsb_ais_interpolated,,,,,70,,False,False
428.0,,own,999170601,USS FITZGERALD,0.9779834734188454,2.718370370370233,34.56697283950617,139.09145,19.4,189.38222222222223,189.38222222222223,18,,,,,jtsb_arpa_interpolated_heading_proxy,,,,,35,,False,False
428.0,,target,999170602,ACX CRYSTAL,-2.3122500102644374,-0.7807142857144405,34.50865476190476,139.02489285714287,18.4,69.92857142857143,69.0,18,,caution,0.3741145766909459,527.9897111244519,jtsb_ais_interpolated,,,,,70,,False,False
428.0,,target,999170603,WAN HAI 266,-2.4630108054201574,0.6166410256409427,34.53194401709402,139.02184316239317,16.29692307692308,77.12307692307692,77.12307692307692,18,,safe,1.2907693348356477,463.18065844789373,jtsb_ais_interpolated,,,,,70,,False,False
429.0,,own,999170601,USS FITZGERALD,0.9771595614782963,2.7123333333331914,34.56687222222222,139.09143333333336,19.4,189.38,189.38,18,,,,,jtsb_arpa_interpolated_heading_proxy,,,,,35,,False,False
429.0,,target,999170602,ACX CRYSTAL,-2.307345772523135,-0.7789047619049215,34.50868492063492,139.02499206349208,18.4,69.92285714285715,69.0,18,,caution,0.37488793777728113,526.9074668995477,jtsb_ais_interpolated,,,,,70,,False,False
429.0,,target,999170603,WAN HAI 266,-2.45844760082639,0.6174871794870984,34.53195811965812,139.02193547008548,16.298461538461538,77.06153846153846,77.06153846153846,18,,safe,1.2928071215507482,461.87156616970805,jtsb_ais_interpolated,,,,,70,,False,False
430.0,,own,999170601,USS FITZGERALD,0.9763356495377472,2.70629629629615,34.56677160493827,139.09141666666667,19.4,189.3777777777778,189.3777777777778,18,,,,,jtsb_arpa_interpolated_heading_proxy,,,,,35,,False,False
430.0,,target,999170602,ACX CRYSTAL,-2.302441534781832,-0.7770952380954027,34.508715079365075,139.02509126984128,18.4,69.91714285714286,69.0,18,,caution,0.37565997400557366,525.8252524570757,jtsb_ais_interpolated,,,,,70,,False,False
430.0,,target,999170603,WAN HAI 266,-2.4538843962326227,0.6183333333332541,34.53197222222222,139.0220277777778,16.3,77.0,77.0,18,,safe,1.294837039596931,460.5634374696863,jtsb_ais_fix,,,,,70,,False,False
431.0,,own,999170601,USS FITZGERALD,0.9755117375971981,2.700259259259108,34.56667098765432,139.09140000000002,19.4,189.37555555555556,189.37555555555556,18,,,,,jtsb_arpa_interpolated_heading_proxy,,,,,35,,False,False
431.0,,target,999170602,ACX CRYSTAL,-2.2975372970405292,-0.7752857142858838,34.50874523809524,139.0251904761905,18.4,69.91142857142857,69.0,18,,caution,0.37643068536694607,524.7430678073707,jtsb_ais_interpolated,,,,,70,,False,False
431.0,,target,999170603,WAN HAI 266,-2.449535972102001,0.6194212962962157,34.53199035493827,139.02211574074076,16.3,76.97222222222223,76.98611111111111,18,,safe,1.2963201076237207,459.39455146113744,jtsb_ais_interpolated,,,,,70,,False,False
432.0,,own,999170601,USS FITZGERALD,0.9746878256566489,2.6942222222220664,34.56657037037037,139.09138333333334,19.4,189.37333333333333,189.37333333333333,18,,,,,jtsb_arpa_interpolated_heading_proxy,,,,,35,,False,False
432.0,,target,999170602,ACX CRYSTAL,-2.2926330592992263,-0.7734761904763648,34.50877539682539,139.0252896825397,18.4,69.9057142857143,69.0,18,,caution,0.3772000718525269,523.6609129607668,jtsb_ais_interpolated,,,,,70,,False,False
432.0,,target,999170603,WAN HAI 266,-2.445187547971379,0.6205092592591773,34.53200848765432,139.02220370370372,16.3,76.94444444444444,76.97222222222223,18,,safe,1.2977990275817548,458.22597300909837,jtsb_ais_interpolated,,,,,70,,False,False
433.0,,own,999170601,USS FITZGERALD,0.9738639137160998,2.688185185185025,34.566469753086416,139.0913666666667,19.4,189.3711111111111,189.3711111111111,18,,,,,jtsb_arpa_interpolated_heading_proxy,,,,,35,,False,False
433.0,,target,999170602,ACX CRYSTAL,-2.2877288215579235,-0.7716666666668459,34.508805555555554,139.0253888888889,18.4,69.9,69.0,18,,caution,0.37796813345346025,522.578787927597,jtsb_ais_fix,,,,,70,,False,False
433.0,,target,999170603,WAN HAI 266,-2.4408391238407576,0.6215972222221389,34.532026620370374,139.0222916666667,16.3,76.91666666666667,76.95833333333333,18,,safe,1.2992737990761303,457.0577019824549,jtsb_ais_interpolated,,,,,70,,False,False
434.0,,own,999170601,USS FITZGERALD,0.9730400017755507,2.682148148147983,34.56636913580247,139.09135,19.4,189.3688888888889,189.3688888888889,18,,,,,jtsb_arpa_interpolated_heading_proxy,,,,,35,,False,False
434.0,,target,999170602,ACX CRYSTAL,-2.2830525645981132,-0.7700450450452165,34.508832582582585,139.0254834834835,18.4,69.92432432432433,69.0,18,,caution,0.37759902809636225,521.6188495551716,jtsb_ais_interpolated,,,,,70,,False,False
434.0,,target,999170603,WAN HAI 266,-2.436490699710136,0.6226851851851004,34.53204475308642,139.02237962962965,16.3,76.88888888888889,76.94444444444444,18,,safe,1.3007444217126305,455.8897382502573,jtsb_ais_interpolated,,,,,70,,False,False
435.0,,own,999170601,USS FITZGERALD,0.9722160898350016,2.6761111111109415,34.56626851851852,139.09133333333335,19.4,189.36666666666667,189.36666666666667,18,,,,,jtsb_arpa_interpolated_heading_proxy,,,,,35,,False,False
435.0,,target,999170602,ACX CRYSTAL,-2.2783763076383035,-0.7684234234235872,34.50885960960961,139.0255780780781,18.4,69.94864864864866,69.0,18,,caution,0.3772333977095336,520.6586824213773,jtsb_ais_interpolated,,,,,70,,False,False
435.0,,target,999170603,WAN HAI 266,-2.432142275579514,0.6237731481480621,34.53206288580247,139.02246759259262,16.3,76.86111111111111,76.93055555555556,18,,safe,1.302210895097717,454.7220816817195,jtsb_ais_interpolated,,,,,70,,False,False
436.0,,own,999170601,USS FITZGERALD,0.9713921778944524,2.6700740740739,34.566167901234564,139.09131666666667,19.4,189.36444444444444,189.36444444444444,18,,,,,jtsb_arpa_interpolated_heading_proxy,,,,,35,,False,False
436.0,,target,999170602,ACX CRYSTAL,-2.2737000506784932,-0.7668018018019578,34.50888663663664,139.02567267267267,18.4,69.97297297297298,69.0,18,,caution,0.3768712422170049,519.698286381385,jtsb_ais_interpolated,,,,,70,,False,False
436.0,,target,999170603,WAN HAI 266,-2.4277938514488926,0.6248611111110236,34.53208101851852,139.02255555555558,16.3,76.83333333333333,76.91666666666667,18,,safe,1.3036732188385347,453.5547321462192,jtsb_ais_interpolated,,,,,70,,False,False
437.0,,own,999170601,USS FITZGERALD,0.9705682659539033,2.664037037036858,34.566067283950616,139.09130000000002,19.4,189.36222222222224,189.36222222222224,18,,,,,jtsb_arpa_interpolated_heading_proxy,,,,,35,,False,False
437.0,,target,999170602,ACX CRYSTAL,-2.269023793718683,-0.7651801801803284,34.50891366366366,139.02576726726727,18.4,69.9972972972973,69.0,18,,caution,0.37651256154251245,518.7376612902341,jtsb_ais_interpolated,,,,,70,,False,False
437.0,,target,999170603,WAN HAI 266,-2.4234454273182706,0.6259490740739851,34.53209915123457,139.02264351851855,16.3,76.80555555555556,76.90277777777777,18,,safe,1.305131392542906,452.3876895132981,jtsb_ais_interpolated,,,,,70,,False,False
438.0,,own,999170601,USS FITZGERALD,0.9697443540133542,2.6579999999998165,34.56596666666667,139.09128333333334,19.4,189.36,189.36,18,,,,,jtsb_arpa_interpolated_heading_proxy,,,,,35,,False,False
438.0,,target,999170602,ACX CRYSTAL,-2.264347536758873,-0.7635585585586991,34.50894069069069,139.02586186186187,18.4,70.02162162162162,69.0,18,,caution,0.37615735560949515,517.776807002833,jtsb_ais_interpolated,,,,,70,,False,False
438.0,,target,999170603,WAN HAI 266,-2.419097003187649,0.6270370370369468,34.53211728395062,139.0227314814815,16.3,76.77777777777777,76.88888888888889,18,,safe,1.3065854158193397,451.22095365266097,jtsb_ais_interpolated,,,,,70,,False,False
439.0,,own,999170601,USS FITZGERALD,0.9689204420728051,2.651962962962775,34.56586604938271,139.09126666666668,19.4,189.35777777777778,189.35777777777778,18,,,,,jtsb_arpa_interpolated_heading_proxy,,,,,35,,False,False
439.0,,target,999170602,ACX CRYSTAL,-2.259671279799063,-0.7619369369370698,34.50896771771772,139.02595645645647,18.4,70.04594594594595,69.0,18,,caution,0.3758056243410987,516.8157233739588,jtsb_ais_interpolated,,,,,70,,False,False
439.0,,target,999170603,WAN HAI 266,-2.4147485790570276,0.6281249999999083,34.53213541666667,139.02281944444445,16.3,76.75,76.875,18,,safe,1.3080352882770214,450.05452443417624,jtsb_ais_interpolated,,,,,70,,False,False
440.0,,own,999170601,USS FITZGERALD,0.968096530132256,2.645925925925733,34.565765432098765,139.09125,19.4,189.35555555555555,189.35555555555555,18,,,,,jtsb_arpa_interpolated_heading_proxy,,,,,35,,False,False
440.0,,target,999170602,ACX CRYSTAL,-2.254995022839253,-0.7603153153154404,34.50899474474475,139.02605105105107,18.4,70.07027027027027,69.0,18,,caution,0.3754573676601689,515.8544102582562,jtsb_ais_interpolated,,,,,70,,False,False
440.0,,target,999170603,WAN HAI 266,-2.4104001549264056,0.6292129629628699,34.53215354938271,139.02290740740742,16.3,76.72222222222223,76.86111111111111,18,,safe,1.3094810095258198,448.8884017278747,jtsb_ais_interpolated,,,,,70,,False,False
441.0,,own,999170601,USS FITZGERALD,0.9672726181917068,2.6398888888886916,34.56566481481482,139.09123333333335,19.4,189.35333333333335,189.35333333333335,18,,,,,jtsb_arpa_interpolated_heading_proxy,,,,,35,,False,False
441.0,,target,999170602,ACX CRYSTAL,-2.2503187658794426,-0.758693693693811,34.50902177177177,139.02614564564564,18.4,70.0945945945946,69.0,18,,caution,0.37511258548925547,514.8928675102385,jtsb_ais_interpolated,,,,,70,,False,False
441.0,,target,999170603,WAN HAI 266,-2.406051730795784,0.6303009259258315,34.53217168209876,139.02299537037038,16.3,76.69444444444444,76.84722222222223,18,,safe,1.310922579176283,447.7225854039503,jtsb_ais_interpolated,,,,,70,,False,False
442.0,,own,999170601,USS FITZGERALD,0.9664487062511578,2.63385185185165,34.56556419753086,139.09121666666667,19.4,189.35111111111112,189.35111111111112,18,,,,,jtsb_arpa_interpolated_heading_proxy,,,,,35,,False,False
442.0,,target,999170602,ACX CRYSTAL,-2.245642508919633,-0.7570720720721816,34.5090487987988,139.02624024024024,18.4,70.11891891891892,69.0,18,,caution,0.3747712777506153,513.9310949842875,jtsb_ais_interpolated,,,,,70,,False,False
442.0,,target,999170603,WAN HAI 266,-2.4017033066651625,0.6313888888887931,34.532189814814814,139.02308333333335,16.3,76.66666666666667,76.83333333333333,18,,safe,1.3123599968396413,446.5570753327602,jtsb_ais_interpolated,,,,,70,,False,False
443.0,,own,999170601,USS FITZGERALD,0.9656247943106087,2.627814814814608,34.56546358024691,139.09120000000001,19.4,189.3488888888889,189.3488888888889,18,,,,,jtsb_arpa_interpolated_heading_proxy,,,,,35,,False,False
443.0,,target,999170602,ACX CRYSTAL,-2.2409662519598226,-0.7554504504505523,34.509075825825825,139.02633483483484,18.4,70.14324324324325,69.0,18,,caution,0.3744334443662064,512.9690925346523,jtsb_ais_interpolated,,,,,70,,False,False
443.0,,target,999170603,WAN HAI 266,-2.3973548825345405,0.6324768518517546,34.532207947530864,139.0231712962963,16.3,76.63888888888889,76.81944444444444,18,,safe,1.3137932621278057,445.3918713848231,jtsb_ais_interpolated,,,,,70,,False,False
444.0,,own,999170601,USS FITZGERALD,0.9648008823700596,2.6217777777775666,34.56536296296296,139.09118333333333,19.4,189.34666666666666,189.34666666666666,18,,,,,jtsb_arpa_interpolated_heading_proxy,,,,,35,,False,False
444.0,,target,999170602,ACX CRYSTAL,-2.2362899950000124,-0.7538288288289229,34.509102852852855,139.02642942942944,18.4,70.16756756756757,69.0,18,,caution,0.374099085257687,512.00686001545,jtsb_ais_interpolated,,,,,70,,False,False
444.0,,target,999170603,WAN HAI 266,-2.393006458403919,0.6335648148147163,34.532226080246915,139.02325925925928,16.3,76.61111111111111,76.80555555555556,18,,safe,1.3152223746533653,444.22697343082046,jtsb_ais_interpolated,,,,,70,,False,False
445.0,,own,999170601,USS FITZGERALD,0.9639769704295104,2.615740740740525,34.56526234567901,139.09116666666668,19.4,189.34444444444446,189.34444444444446,18,,,,,jtsb_arpa_interpolated_heading_proxy,,,,,35,,False,False
445.0,,target,999170602,ACX CRYSTAL,-2.2316137380402026,-0.7522072072072935,34.50912987987988,139.02652402402404,18.4,70.19189189189188,69.0,18,,caution,0.3737682003464252,511.04439728066524,jtsb_ais_interpolated,,,,,70,,False,False
445.0,,target,999170603,WAN HAI 266,-2.3886580342732975,0.6346527777776778,34.532244212962965,139.02334722222224,16.3,76.58333333333333,76.79166666666667,18,,safe,1.3166473340295903,443.06238134159577,jtsb_ais_interpolated,,,,,70,,False,False
446.0,,own,999170601,USS FITZGERALD,0.9631530584889613,2.609703703703483,34.56516172839506,139.09115,19.4,189.34222222222223,189.34222222222223,18,,,,,jtsb_arpa_interpolated_heading_proxy,,,,,35,,False,False
446.0,,target,999170602,ACX CRYSTAL,-2.2269374810803924,-0.7505855855856641,34.50915690690691,139.02661861861864,18.4,70.21621621621621,69.0,18,,caution,0.37344078955349164,510.0817041841504,jtsb_ais_interpolated,,,,,70,,False,False
446.0,,target,999170603,WAN HAI 266,-2.3843096101426755,0.6357407407406394,34.532262345679015,139.0234351851852,16.3,76.55555555555556,76.77777777777777,18,,safe,1.3180681398704353,441.8980949881543,jtsb_ais_interpolated,,,,,70,,False,False
447.0,,own,999170601,USS FITZGERALD,0.9623291465484122,2.6036666666664416,34.565061111111106,139.09113333333335,19.4,189.34,189.34,18,,,,,jtsb_arpa_interpolated_heading_proxy,,,,,35,,False,False
447.0,,target,999170602,ACX CRYSTAL,-2.222261224120582,-0.7489639639640349,34.50918393393393,139.0267132132132,18.4,70.24054054054054,69.0,18,,caution,0.3731168527996552,509.1187805796252,jtsb_ais_interpolated,,,,,70,,False,False
447.0,,target,999170603,WAN HAI 266,-2.379961186012054,0.636828703703601,34.53228047839506,139.02352314814817,16.3,76.52777777777777,76.76388888888889,18,,safe,1.3194847917905304,440.7341142416631,jtsb_ais_interpolated,,,,,70,,False,False
448.0,,own,999170601,USS FITZGERALD,0.9615052346078631,2.5976296296294,34.56496049382716,139.09111666666666,19.4,189.33777777777777,189.33777777777777,18,,,,,jtsb_arpa_interpolated_heading_proxy,,,,,35,,False,False
448.0,,target,999170602,ACX CRYSTAL,-2.217584967160772,-0.7473423423424055,34.509210960960964,139.0268078078078,18.4,70.26486486486486,69.0,18,,caution,0.37279639000539194,508.1556263206757,jtsb_ais_interpolated,,,,,70,,False,False
448.0,,target,999170603,WAN HAI 266,-2.375612761881432,0.6379166666665625,34.53229861111111,139.02361111111114,16.3,76.5,76.75,18,,safe,1.3208972894051862,439.5704389734507,jtsb_ais_interpolated,,,,,70,,False,False
449.0,,own,999170601,USS FITZGERALD,0.960681322667314,2.591592592592358,34.56485987654321,139.0911,19.4,189.33555555555557,189.33555555555557,18,,,,,jtsb_arpa_interpolated_heading_proxy,,,,,35,,False,False
449.0,,target,999170602,ACX CRYSTAL,-2.212908710200962,-0.7457207207207761,34.50923798798799,139.0269024024024,18.4,70.28918918918919,69.0,18,,caution,0.3724794010908804,507.192241260756,jtsb_ais_interpolated,,,,,70,,False,False
449.0,,target,999170603,WAN HAI 266,-2.3712643377508105,0.6390046296295241,34.53231674382716,139.0236990740741,16.3,76.47222222222223,76.73611111111111,18,,safe,1.3223056323303939,438.4070690550069,jtsb_ais_interpolated,,,,,70,,False,False
450.0,,own,999170601,USS FITZGERALD,0.9598574107267648,2.5855555555553167,34.564759259259255,139.09108333333333,19.4,189.33333333333334,189.33333333333334,18,,,,,jtsb_arpa_interpolated_heading_proxy,,,,,35,,False,False
450.0,,target,999170602,ACX CRYSTAL,-2.208232453241152,-0.7440990990991467,34.50926501501502,139.026996996997,18.4,70.31351351351351,69.0,18,,caution,0.3721658859760064,506.2286252531867,jtsb_ais_interpolated,,,,,70,,False,False
450.0,,target,999170603,WAN HAI 266,-2.366915913620189,0.6400925925924857,34.53233487654321,139.02378703703707,16.3,76.44444444444444,76.72222222222223,18,,safe,1.32370982018283,437.2440043579824,jtsb_ais_interpolated,,,,,70,,False,False
451.0,,own,999170601,USS FITZGERALD,0.9590334987862157,2.579518518518275,34.564658641975306,139.09106666666668,19.4,189.3311111111111,189.3311111111111,18,,,,,jtsb_arpa_interpolated_heading_proxy,,,,,35,,False,False
451.0,,target,999170602,ACX CRYSTAL,-2.2035561962813417,-0.7424774774775174,34.50929204204204,139.0270915915916,18.4,70.33783783783784,69.0,18,,caution,0.37185584458035204,505.264778151155,jtsb_ais_interpolated,,,,,70,,False,False
451.0,,target,999170603,WAN HAI 266,-2.362567489489567,0.6411805555554473,34.53235300925926,139.02387500000003,16.3,76.41666666666667,76.70833333333333,18,,safe,1.32510985257984,436.08124475418936,jtsb_ais_interpolated,,,,,70,,False,False
452.0,,own,999170601,USS FITZGERALD,0.9582095868456666,2.5734814814812332,34.56455802469136,139.09105,19.4,189.3288888888889,189.3288888888889,18,,,,,jtsb_arpa_interpolated_heading_proxy,,,,,35,,False,False
452.0,,target,999170602,ACX CRYSTAL,-2.198879939321532,-0.740855855855888,34.50931906906907,139.02718618618619,18.4,70.36216216216215,69.0,18,,caution,0.3715492768232087,504.30069980771464,jtsb_ais_interpolated,,,,,70,,False,False
452.0,,target,999170603,WAN HAI 266,-2.3582190653589454,0.6422685185184088,34.53237114197531,139.02396296296297,16.3,76.38888888888889,76.69444444444444,18,,safe,1.3265057291394584,434.9187901156004,jtsb_ais_interpolated,,,,,70,,False,False
453.0,,own,999170601,USS FITZGERALD,0.9573856749051175,2.5674444444441917,34.5644574074074,139.09103333333334,19.4,189.32666666666668,189.32666666666668,18,,,,,jtsb_arpa_interpolated_heading_proxy,,,,,35,,False,False
453.0,,target,999170602,ACX CRYSTAL,-2.1942036823617217,-0.7392342342342586,34.509346096096095,139.02728078078079,18.4,70.38648648648648,69.0,18,,caution,0.3712461826235666,503.336390075786,jtsb_ais_interpolated,,,,,70,,False,False
453.0,,target,999170603,WAN HAI 266,-2.353870641228324,0.6433564814813705,34.532389274691354,139.02405092592593,16.3,76.36111111111111,76.68055555555556,18,,safe,1.3278974494803948,433.75664031434826,jtsb_ais_interpolated,,,,,70,,False,False
454.0,,own,999170601,USS FITZGERALD,0.9565617629645683,2.5614074074071502,34.564356790123455,139.09101666666666,19.4,189.32444444444445,189.32444444444445,18,,,,,jtsb_arpa_interpolated_heading_proxy,,,,,35,,False,False
454.0,,target,999170602,ACX CRYSTAL,-2.1895274254019115,-0.7376126126126292,34.509373123123126,139.02737537537539,18.4,70.4108108108108,69.0,18,,caution,0.37094656190012215,502.37184880815573,jtsb_ais_interpolated,,,,,70,,False,False
454.0,,target,999170603,WAN HAI 266,-2.349522217097702,0.644444444444332,34.532407407407405,139.0241388888889,16.3,76.33333333333333,76.66666666666667,18,,safe,1.329285013222039,432.5947952227267,jtsb_ais_interpolated,,,,,70,,False,False
455.0,,own,999170601,USS FITZGERALD,0.9557378510240192,2.5553703703701083,34.56425617283951,139.091,19.4,189.32222222222222,189.32222222222222,18,,,,,jtsb_arpa_interpolated_heading_proxy,,,,,35,,False,False
455.0,,target,999170602,ACX CRYSTAL,-2.1848511684421017,-0.7359909909909998,34.50940015015015,139.02746996996999,18.4,70.43513513513513,69.0,18,,caution,0.37065041457127323,501.4070758574762,jtsb_ais_interpolated,,,,,70,,False,False
455.0,,target,999170603,WAN HAI 266,-2.3451737929670804,0.6455324074072936,34.532425540123455,139.02422685185186,16.3,76.30555555555556,76.65277777777777,18,,safe,1.3306684199844605,431.4332547131895,jtsb_ais_interpolated,,,,,70,,False,False
456.0,,own,999170601,USS FITZGERALD,0.9549139390834701,2.5493333333330668,34.56415555555555,139.09098333333333,19.4,189.32000000000002,189.32000000000002,18,,,,,jtsb_arpa_interpolated_heading_proxy,,,,,35,,False,False
456.0,,target,999170602,ACX CRYSTAL,-2.1801749114822915,-0.7343693693693705,34.50942717717718,139.02756456456459,18.4,70.45945945945945,69.0,18,,caution,0.3703577405551204,500.4420710762663,jtsb_ais_interpolated,,,,,70,,False,False
456.0,,target,999170603,WAN HAI 266,-2.340825368836459,0.6466203703702552,34.532443672839506,139.02431481481483,16.3,76.27777777777777,76.63888888888889,18,,safe,1.3320476693884087,430.27201865835,jtsb_ais_interpolated,,,,,70,,False,False
457.0,,own,999170601,USS FITZGERALD,0.954090027142921,2.5432962962960253,34.5640549382716,139.09096666666667,19.4,189.3177777777778,189.3177777777778,18,,,,,jtsb_arpa_interpolated_heading_proxy,,,,,35,,False,False
457.0,,target,999170602,ACX CRYSTAL,-2.1754986545224813,-0.7327477477477412,34.509454204204204,139.02765915915916,18.4,70.48378378378378,69.0,18,,caution,0.37006853976947246,499.47683431691013,jtsb_ais_interpolated,,,,,70,,False,False
457.0,,target,999170603,WAN HAI 266,-2.336476944705837,0.6477083333332168,34.532461805555556,139.0244027777778,16.3,76.25,76.625,18,,safe,1.3334227610553107,429.1110869309819,jtsb_ais_interpolated,,,,,70,,False,False
458.0,,own,999170601,USS FITZGERALD,0.9532661152023719,2.5372592592589833,34.56395432098765,139.09095,19.4,189.31555555555556,189.31555555555556,18,,,,,jtsb_arpa_interpolated_heading_proxy,,,,,35,,False,False
458.0,,target,999170602,ACX CRYSTAL,-2.170822397562671,-0.7311261261261118,34.509481231231234,139.02775375375376,18.4,70.5081081081081,69.0,18,,caution,0.36978281213183384,498.5113654316579,jtsb_ais_interpolated,,,,,70,,False,False
458.0,,target,999170603,WAN HAI 266,-2.3321285205752154,0.6487962962961783,34.53247993827161,139.02449074074076,16.3,76.22222222222223,76.61111111111111,18,,safe,1.3347936946072751,427.95045940401815,jtsb_ais_interpolated,,,,,70,,False,False
459.0,,own,999170601,USS FITZGERALD,0.9524422032618227,2.531222222221942,34.5638537037037,139.09093333333334,19.4,189.31333333333333,189.31333333333333,18,,,,,jtsb_arpa_interpolated_heading_proxy,,,,,35,,False,False
459.0,,target,999170602,ACX CRYSTAL,-2.1661461406028613,-0.7295045045044825,34.50950825825826,139.02784834834836,18.4,70.53243243243242,69.0,18,,caution,0.36950055755941824,497.5456642726254,jtsb_ais_interpolated,,,,,70,,False,False
459.0,,target,999170603,WAN HAI 266,-2.3277800964445934,0.64988425925914,34.53249807098766,139.02457870370372,16.3,76.19444444444444,76.59722222222223,18,,safe,1.3361604696670866,426.79013595055096,jtsb_ais_interpolated,,,,,70,,False,False
460.0,,own,999170601,USS FITZGERALD,0.9516182913212736,2.5251851851849003,34.56375308641975,139.09091666666666,19.4,189.31111111111113,189.31111111111113,18,,,,,jtsb_arpa_interpolated_heading_proxy,,,,,35,,False,False
460.0,,target,999170602,ACX CRYSTAL,-2.161469883643051,-0.7278828828828531,34.50953528528529,139.02794294294296,18.4,70.55675675675674,69.0,18,,caution,0.36922177596913547,496.5797306917931,jtsb_ais_interpolated,,,,,70,,False,False
460.0,,target,999170603,WAN HAI 266,-2.323431672313972,0.6509722222221015,34.5325162037037,139.0246666666667,16.3,76.16666666666667,76.58333333333333,18,,safe,1.3375230858582088,425.6301164438322,jtsb_ais_interpolated,,,,,70,,False,False
461.0,,own,999170601,USS FITZGERALD,0.9507943793807245,2.5191481481478584,34.563652469135796,139.0909,19.4,189.3088888888889,189.3088888888889,18,,,,,jtsb_arpa_interpolated_heading_proxy,,,,,35,,False,False
461.0,,target,999170602,ACX CRYSTAL,-2.156793626683241,-0.7262612612612237,34.50956231231231,139.02803753753756,18.4,70.58108108108107,69.0,18,,caution,0.3689464672776044,495.61356454100735,jtsb_ais_interpolated,,,,,70,,False,False
461.0,,target,999170603,WAN HAI 266,-2.3190832481833503,0.652060185185063,34.53253433641975,139.02475462962965,16.3,76.13888888888889,76.56944444444444,18,,safe,1.3388815428047869,424.4704007572726,jtsb_ais_interpolated,,,,,70,,False,False
462.0,,own,999170601,USS FITZGERALD,0.9499704674401754,2.513111111110817,34.56355185185185,139.09088333333332,19.4,189.30666666666667,189.30666666666667,18,,,,,jtsb_arpa_interpolated_heading_proxy,,,,,35,,False,False
462.0,,target,999170602,ACX CRYSTAL,-2.152117369723431,-0.7246396396395943,34.50958933933934,139.02813213213216,18.4,70.60540540540539,69.0,18,,caution,0.36867463140114665,494.64716567197945,jtsb_ais_interpolated,,,,,70,,False,False
462.0,,target,999170603,WAN HAI 266,-2.3147348240527283,0.6531481481480247,34.5325524691358,139.02484259259262,16.3,76.11111111111111,76.55555555555556,18,,safe,1.3402358401316443,423.31098876444173,jtsb_ais_interpolated,,,,,70,,False,False
463.0,,own,999170601,USS FITZGERALD,0.9491465554996262,2.5070740740737754,34.5634512345679,139.09086666666667,19.4,189.30444444444444,189.30444444444444,18,,,,,jtsb_arpa_interpolated_heading_proxy,,,,,35,,False,False
463.0,,target,999170602,ACX CRYSTAL,-2.147441112763621,-0.723018018017965,34.509616366366366,139.02822672672673,18.4,70.62972972972972,69.0,18,,caution,0.3684062682557829,493.6805339362853,jtsb_ais_interpolated,,,,,70,,False,False
463.0,,target,999170603,WAN HAI 266,-2.310386399922107,0.6542361111109862,34.53257060185185,139.02493055555558,16.3,76.08333333333333,76.54166666666667,18,,safe,1.3415859774642802,422.1518803390676,jtsb_ais_interpolated,,,,,70,,False,False
464.0,,own,999170601,USS FITZGERALD,0.9483226435590771,2.5010370370367334,34.563350617283945,139.09085,19.4,189.30222222222224,189.30222222222224,18,,,,,jtsb_arpa_interpolated_heading_proxy,,,,,35,,False,False
464.0,,target,999170602,ACX CRYSTAL,-2.1427648558038106,-0.7213963963963356,34.5096433933934,139.02832132132133,18.4,70.65405405405404,69.0,18,,caution,0.3681413777572379,492.7136691853656,jtsb_ais_interpolated,,,,,70,,False,False
464.0,,target,999170603,WAN HAI 266,-2.3060379757914853,0.6553240740739478,34.5325887345679,139.02501851851855,16.3,76.05555555555556,76.52777777777777,18,,safe,1.342931954428873,420.9930753550371,jtsb_ais_interpolated,,,,,70,,False,False
465.0,,own,999170601,USS FITZGERALD,0.947498731618528,2.494999999999692,34.56325,139.09083333333334,19.4,189.3,189.3,18,,,,,jtsb_arpa_fix_heading_proxy,,,,,35,,False,False
465.0,,target,999170602,ACX CRYSTAL,-2.138088598844001,-0.7197747747747062,34.50967042042042,139.02841591591593,18.4,70.67837837837837,69.0,18,,caution,0.3678799598209415,491.7465712705259,jtsb_ais_interpolated,,,,,70,,False,False
465.0,,target,999170603,WAN HAI 266,-2.3016895516608633,0.6564120370369094,34.53260686728395,139.02510648148152,16.3,76.02777777777777,76.51388888888889,18,,safe,1.3442737706522818,419.8345736863951,jtsb_ais_interpolated,,,,,70,,False,False
466.0,,own,999170601,USS FITZGERALD,0.9474071858473698,2.490888888888577,34.56318148148148,139.09083148148147,19.4,189.34666666666666,189.34666666666666,18,,,,,jtsb_arpa_interpolated_heading_proxy,,,,,35,,False,False
466.0,,target,999170602,ACX CRYSTAL,-2.1334123418841906,-0.7181531531530769,34.50969744744745,139.02851051051053,18.4,70.7027027027027,69.0,18,,caution,0.3650166041697895,490.88963254498566,jtsb_ais_interpolated,,,,,70,,False,False
466.0,,target,999170603,WAN HAI 266,-2.2973411275302418,0.657499999999871,34.532624999999996,139.02519444444448,16.3,76.0,76.5,18,,safe,1.3432887343788467,418.8731732254876,jtsb_ais_interpolated,,,,,70,,False,False
467.0,,own,999170601,USS FITZGERALD,0.9473156400762115,2.486777777777462,34.56311296296296,139.09082962962964,19.4,189.39333333333335,189.39333333333335,18,,,,,jtsb_arpa_interpolated_heading_proxy,,,,,35,,False,False
467.0,,target,999170602,ACX CRYSTAL,-2.1287360849243804,-0.7165315315314476,34.509724474474474,139.02860510510513,18.4,70.727027027027,69.0,18,,caution,0.3621624543420234,490.03270650639445,jtsb_ais_interpolated,,,,,70,,False,False
467.0,,target,999170603,WAN HAI 266,-2.2929927033996202,0.6585879629628325,34.532643132716046,139.02528240740742,16.3,75.97222222222223,76.48611111111111,18,,safe,1.3423072085029077,417.9127150205722,jtsb_ais_interpolated,,,,,70,,False,False
468.0,,own,999170601,USS FITZGERALD,0.9472240943050533,2.482666666666347,34.563044444444444,139.09082777777778,19.4,189.44,189.44,18,,,,,jtsb_arpa_interpolated_heading_proxy,,,,,35,,False,False
468.0,,target,999170602,ACX CRYSTAL,-2.12405982796457,-0.7149099099098182,34.509751501501505,139.0286996996997,18.4,70.75135135135133,69.0,18,,caution,0.35931751148002306,489.1757940183987,jtsb_ais_interpolated,,,,,70,,False,False
468.0,,target,999170603,WAN HAI 266,-2.2886442792689983,0.6596759259257942,34.5326612654321,139.02537037037038,16.3,75.94444444444444,76.47222222222223,18,,safe,1.3413291912404546,416.95319695509966,jtsb_ais_interpolated,,,,,70,,False,False
469.0,,own,999170601,USS FITZGERALD,0.9471325485338951,2.478555555555232,34.56297592592592,139.09082592592594,19.4,189.48666666666668,189.48666666666668,18,,,,,jtsb_arpa_interpolated_heading_proxy,,,,,35,,False,False
469.0,,target,999170602,ACX CRYSTAL,-2.1193835710047604,-0.7132882882881888,34.50977852852853,139.0287942942943,18.4,70.77567567567566,69.0,18,,caution,0.3564817767189013,488.3188959443056,jtsb_ais_interpolated,,,,,70,,False,False
469.0,,target,999170603,WAN HAI 266,-2.2842958551383767,0.6607638888887557,34.53267939814815,139.02545833333335,16.3,75.91666666666667,76.45833333333333,18,,safe,1.3403546808122064,415.9946169173402,jtsb_ais_interpolated,,,,,70,,False,False
470.0,,own,999170601,USS FITZGERALD,0.9470410027627368,2.474444444444117,34.5629074074074,139.09082407407408,19.4,189.53333333333333,189.53333333333333,18,,,,,jtsb_arpa_interpolated_heading_proxy,,,,,35,,False,False
470.0,,target,999170602,ACX CRYSTAL,-2.11470731404495,-0.7116666666665594,34.50980555555556,139.0288888888889,18.4,70.8,69.0,18,,caution,0.35365525118651475,487.4620131470835,jtsb_ais_fix,,,,,70,,False,False
470.0,,target,999170603,WAN HAI 266,-2.279947431007755,0.6618518518517172,34.5326975308642,139.0255462962963,16.3,75.88888888888889,76.44444444444444,18,,safe,1.3393836754436013,415.03697280036715,jtsb_ais_interpolated,,,,,70,,False,False
471.0,,own,999170601,USS FITZGERALD,0.9469494569915785,2.470333333333002,34.562838888888884,139.09082222222222,19.4,189.58,189.58,18,,,,,jtsb_arpa_interpolated_heading_proxy,,,,,35,,False,False
471.0,,target,999170602,ACX CRYSTAL,-2.1098662495356,-0.7099999999998976,34.50983333333334,139.0289868173258,18.4,70.80338983050846,69.0,18,,caution,0.3515135716440622,486.5303382370231,jtsb_ais_interpolated,,,,,70,,False,False
471.0,,target,999170603,WAN HAI 266,-2.2755990068771332,0.6629398148146789,34.53271566358025,139.02563425925928,16.3,75.86111111111111,76.43055555555556,18,,safe,1.338416173364777,414.08026250204375,jtsb_ais_interpolated,,,,,70,,False,False
472.0,,own,999170601,USS FITZGERALD,0.9468579112204203,2.4662222222218873,34.562770370370366,139.09082037037038,19.4,189.62666666666667,189.62666666666667,18,,,,,jtsb_arpa_interpolated_heading_proxy,,,,,35,,False,False
472.0,,target,999170602,ACX CRYSTAL,-2.1050251850262494,-0.7083333333332359,34.509861111111114,139.02908474576273,18.4,70.80677966101695,69.0,18,,caution,0.34937868777255515,485.5990338692964,jtsb_ais_interpolated,,,,,70,,False,False
472.0,,target,999170603,WAN HAI 266,-2.2712505827465117,0.6640277777776404,34.5327337962963,139.02572222222224,16.3,75.83333333333333,76.41666666666667,18,,safe,1.337452172810561,413.1244839250062,jtsb_ais_interpolated,,,,,70,,False,False
473.0,,own,999170601,USS FITZGERALD,0.9467663654492621,2.4621111111107723,34.56270185185185,139.09081851851852,19.4,189.67333333333335,189.67333333333335,18,,,,,jtsb_arpa_interpolated_heading_proxy,,,,,35,,False,False
473.0,,target,999170602,ACX CRYSTAL,-2.100184120516899,-0.7066666666665741,34.509888888888895,139.02918267419963,18.4,70.81016949152541,69.0,18,,caution,0.34725059989953244,484.668099925643,jtsb_ais_interpolated,,,,,70,,False,False
473.0,,target,999170603,WAN HAI 266,-2.26690215861589,0.665115740740602,34.53275192901234,139.0258101851852,16.3,75.80555555555556,76.40277777777777,18,,safe,1.3364916720204472,412.1696349766497,jtsb_ais_interpolated,,,,,70,,False,False
474.0,,own,999170601,USS FITZGERALD,0.9466748196781039,2.4579999999996573,34.56263333333333,139.09081666666668,19.4,189.72,189.72,18,,,,,jtsb_arpa_interpolated_heading_proxy,,,,,35,,False,False
474.0,,target,999170602,ACX CRYSTAL,-2.095343056007549,-0.7049999999999123,34.50991666666667,139.02928060263653,18.4,70.8135593220339,69.0,18,,caution,0.34512930835001693,483.737536288088,jtsb_ais_interpolated,,,,,70,,False,False
474.0,,target,999170603,WAN HAI 266,-2.262553734485268,0.6662037037035636,34.53277006172839,139.02589814814817,16.3,75.77777777777777,76.38888888888889,18,,safe,1.3355346692385957,411.21571356911346,jtsb_ais_interpolated,,,,,70,,False,False
475.0,,own,999170601,USS FITZGERALD,0.9465832739069455,2.4538888888885424,34.56256481481481,139.09081481481482,19.4,189.76666666666668,189.76666666666668,18,,,,,jtsb_arpa_interpolated_heading_proxy,,,,,35,,False,False
475.0,,target,999170602,ACX CRYSTAL,-2.090501991498199,-0.7033333333332505,34.50994444444445,139.02937853107346,18.4,70.81694915254236,69.0,18,,caution,0.3430148134465097,482.8073428389398,jtsb_ais_interpolated,,,,,70,,False,False
475.0,,target,999170603,WAN HAI 266,-2.2582053103546467,0.6672916666665252,34.53278819444444,139.02598611111114,16.3,75.75,76.375,18,,safe,1.334581162713801,410.2627176192656,jtsb_ais_interpolated,,,,,70,,False,False
476.0,,own,999170601,USS FITZGERALD,0.9464917281357873,2.4497777777774274,34.562496296296295,139.09081296296296,19.4,189.81333333333333,189.81333333333333,18,,,,,jtsb_arpa_interpolated_heading_proxy,,,,,35,,False,False
476.0,,target,999170602,ACX CRYSTAL,-2.085660926988848,-0.7016666666665887,34.509972222222224,139.02947645951036,18.4,70.82033898305085,69.0,18,,caution,0.3409071155089983,481.8775194607906,jtsb_ais_interpolated,,,,,70,,False,False
476.0,,target,999170603,WAN HAI 266,-2.2538568862240247,0.6683796296294867,34.53280632716049,139.0260740740741,16.3,75.72222222222223,76.36111111111111,18,,safe,1.3336311506994916,409.31064504868834,jtsb_ais_interpolated,,,,,70,,False,False
477.0,,own,999170601,USS FITZGERALD,0.9464001823646291,2.4456666666663125,34.56242777777777,139.09081111111112,19.4,189.86,189.86,18,,,,,jtsb_arpa_interpolated_heading_proxy,,,,,35,,False,False
477.0,,target,999170602,ACX CRYSTAL,-2.080819862479498,-0.699999999999927,34.510000000000005,139.02957438794726,18.4,70.82372881355931,69.0,18,,caution,0.3388062148549495,480.94806603651597,jtsb_ais_interpolated,,,,,70,,False,False
477.0,,target,999170603,WAN HAI 266,-2.249508462093403,0.6694675925924484,34.532824459876544,139.02616203703707,16.3,75.69444444444444,76.34722222222223,18,,safe,1.3326846314537077,408.3594937836634,jtsb_ais_interpolated,,,,,70,,False,False
478.0,,own,999170601,USS FITZGERALD,0.9463086365934709,2.4415555555551975,34.56235925925925,139.09080925925926,19.4,189.90666666666667,189.90666666666667,18,,,,,jtsb_arpa_interpolated_heading_proxy,,,,,35,,False,False
478.0,,target,999170602,ACX CRYSTAL,-2.075978797970148,-0.6983333333332652,34.51002777777778,139.0296723163842,18.4,70.8271186440678,69.0,18,,caution,0.33671211179931654,480.0189824492746,jtsb_ais_interpolated,,,,,70,,False,False
478.0,,target,999170603,WAN HAI 266,-2.2451600379627816,0.6705555555554099,34.532842592592594,139.02625000000003,16.3,75.66666666666667,76.33333333333333,18,,safe,1.3317416032390925,407.4092617551575,jtsb_ais_interpolated,,,,,70,,False,False
479.0,,own,999170601,USS FITZGERALD,0.9462170908223125,2.4374444444440826,34.562290740740735,139.09080740740742,19.4,189.95333333333335,189.95333333333335,18,,,,,jtsb_arpa_interpolated_heading_proxy,,,,,35,,False,False
479.0,,target,999170602,ACX CRYSTAL,-2.0711377334607977,-0.6966666666666034,34.51005555555556,139.0297702448211,18.4,70.83050847457626,69.0,18,,caution,0.33462480665452926,479.0902685825072,jtsb_ais_interpolated,,,,,70,,False,False
479.0,,target,999170603,WAN HAI 266,-2.2408116138321597,0.6716435185183715,34.532860725308645,139.026337962963,16.3,75.63888888888889,76.31944444444444,18,,safe,1.3308020643228713,406.45994689880666,jtsb_ais_interpolated,,,,,70,,False,False
480.0,,own,999170601,USS FITZGERALD,0.9461255450511543,2.4333333333329676,34.56222222222222,139.09080555555556,19.4,190.0,190.0,18,,,,,jtsb_arpa_fix_heading_proxy,,,,,35,,False,False
480.0,,target,999170602,ACX CRYSTAL,-2.066296668951447,-0.6949999999999417,34.510083333333334,139.02986817325802,18.4,70.83389830508474,69.0,18,,caution,0.33254429973049987,478.1619243199372,jtsb_ais_interpolated,,,,,70,,False,False
480.0,,target,999170603,WAN HAI 266,-2.236463189701538,0.6727314814813331,34.53287885802469,139.02642592592596,16.3,75.61111111111111,76.30555555555556,18,,safe,1.3298660129768414,405.5115471549031,jtsb_ais_interpolated,,,,,70,,False,False
481.0,,own,999170601,USS FITZGERALD,0.9451795720823942,2.428370370370004,34.562139506172834,139.0907864197531,19.4,190.06222222222223,190.06222222222223,18,,,,,jtsb_arpa_interpolated_heading_proxy,,,,,35,,False,False
481.0,,target,999170602,ACX CRYSTAL,-2.061455604442097,-0.6933333333332798,34.510111111111115,139.02996610169492,18.4,70.83728813559321,69.0,18,,caution,0.32974675129690073,477.0685437346707,jtsb_ais_interpolated,,,,,70,,False,False
481.0,,target,999170603,WAN HAI 266,-2.2321147655709166,0.6738194444442946,34.53289699074074,139.0265138888889,16.3,75.58333333333333,76.29166666666667,18,,safe,1.3283037837658294,404.4095336800811,jtsb_ais_interpolated,,,,,70,,False,False
482.0,,own,999170601,USS FITZGERALD,0.9442335991136341,2.4234074074070406,34.56205679012345,139.0907672839506,19.4,190.12444444444444,190.12444444444444,18,,,,,jtsb_arpa_interpolated_heading_proxy,,,,,35,,False,False
482.0,,target,999170602,ACX CRYSTAL,-2.0566145399327467,-0.691666666666618,34.51013888888889,139.03006403013183,18.4,70.8406779661017,69.0,18,,caution,0.3269595299398967,475.9757481853631,jtsb_ais_interpolated,,,,,70,,False,False
482.0,,target,999170603,WAN HAI 266,-2.2277663414402946,0.6749074074072562,34.53291512345679,139.02660185185186,16.3,75.55555555555556,76.27777777777777,18,,safe,1.3267480473259405,403.308767617538,jtsb_ais_interpolated,,,,,70,,False,False
483.0,,own,999170601,USS FITZGERALD,0.9432876261448739,2.418444444444077,34.56197407407407,139.09074814814815,19.4,190.18666666666667,190.18666666666667,18,,,,,jtsb_arpa_interpolated_heading_proxy,,,,,35,,False,False
483.0,,target,999170602,ACX CRYSTAL,-2.0517734754233965,-0.6899999999999563,34.51016666666667,139.03016195856875,18.4,70.84406779661016,69.0,18,,caution,0.32418263643027073,474.883537339552,jtsb_ais_interpolated,,,,,70,,False,False
483.0,,target,999170603,WAN HAI 266,-2.223417917309673,0.6759953703702178,34.53293325617284,139.02668981481483,16.3,75.52777777777777,76.26388888888889,18,,safe,1.3251988009275228,402.2092457628821,jtsb_ais_interpolated,,,,,70,,False,False
484.0,,own,999170601,USS FITZGERALD,0.9423416531761138,2.4134814814811136,34.56189135802469,139.0907290123457,19.4,190.2488888888889,190.2488888888889,18,,,,,jtsb_arpa_interpolated_heading_proxy,,,,,35,,False,False
484.0,,target,999170602,ACX CRYSTAL,-2.046932410914046,-0.6883333333332945,34.510194444444444,139.03025988700566,18.4,70.84745762711864,69.0,18,,caution,0.3214160715322963,473.79191086569557,jtsb_ais_interpolated,,,,,70,,False,False
484.0,,target,999170603,WAN HAI 266,-2.2190694931790516,0.6770833333331794,34.53295138888889,139.0267777777778,16.3,75.5,76.25,18,,safe,1.323656041848854,401.1109649203304,jtsb_ais_interpolated,,,,,70,,False,False
485.0,,own,999170601,USS FITZGERALD,0.9413956802073538,2.40851851851815,34.561808641975304,139.09070987654323,19.4,190.3111111111111,190.3111111111111,18,,,,,jtsb_arpa_interpolated_heading_proxy,,,,,35,,False,False
485.0,,target,999170602,ACX CRYSTAL,-2.0420913464046957,-0.6866666666666328,34.510222222222225,139.03035781544256,18.4,70.85084745762711,69.0,18,,caution,0.3186598360037325,472.7008684331721,jtsb_ais_interpolated,,,,,70,,False,False
485.0,,target,999170603,WAN HAI 266,-2.2147210690484296,0.6781712962961409,34.53296952160494,139.02686574074076,16.3,75.47222222222223,76.23611111111111,18,,safe,1.3221197673761158,400.0139219026778,jtsb_ais_interpolated,,,,,70,,False,False
486.0,,own,999170601,USS FITZGERALD,0.9404497072385937,2.4035555555551866,34.56172592592592,139.09069074074074,19.4,190.37333333333333,190.37333333333333,18,,,,,jtsb_arpa_interpolated_heading_proxy,,,,,35,,False,False
486.0,,target,999170602,ACX CRYSTAL,-2.0372502818953455,-0.684999999999971,34.51025,139.0304557438795,18.4,70.8542372881356,69.0,18,,caution,0.31591393059582035,471.610409712277,jtsb_ais_interpolated,,,,,70,,False,False
486.0,,target,999170603,WAN HAI 266,-2.210372644917808,0.6792592592591026,34.53298765432098,139.02695370370373,16.3,75.44444444444444,76.22222222222223,18,,safe,1.3205899748033547,398.91811353126513,jtsb_ais_interpolated,,,,,70,,False,False
487.0,,own,999170601,USS FITZGERALD,0.9395037342698335,2.398592592592223,34.561643209876536,139.09067160493828,19.4,190.43555555555557,190.43555555555557,18,,,,,jtsb_arpa_interpolated_heading_proxy,,,,,35,,False,False
487.0,,target,999170602,ACX CRYSTAL,-2.0324092173859953,-0.6833333333333091,34.51027777777778,139.0305536723164,18.4,70.85762711864406,69.0,18,,caution,0.31317835605328764,470.5205343742219,jtsb_ais_interpolated,,,,,70,,False,False
487.0,,target,999170603,WAN HAI 266,-2.206024220787186,0.6803472222220641,34.533005787037034,139.0270416666667,16.3,75.41666666666667,76.20833333333333,18,,safe,1.3190666614324524,397.8235366359491,jtsb_ais_interpolated,,,,,70,,False,False
488.0,,own,999170601,USS FITZGERALD,0.9385577613010734,2.3936296296292596,34.56156049382716,139.09065246913582,19.4,190.49777777777777,190.49777777777777,18,,,,,jtsb_arpa_interpolated_heading_proxy,,,,,35,,False,False
488.0,,target,999170602,ACX CRYSTAL,-2.0275681528766447,-0.6816666666666474,34.510305555555554,139.0306516007533,18.4,70.86101694915254,69.0,18,,caution,0.31045311311434587,469.43124209113284,jtsb_ais_interpolated,,,,,70,,False,False
488.0,,target,999170603,WAN HAI 266,-2.2016757966565645,0.6814351851850257,34.533023919753084,139.02712962962966,16.3,75.38888888888889,76.19444444444444,18,,safe,1.3175498245731017,396.7301880550699,jtsb_ais_interpolated,,,,,70,,False,False
489.0,,own,999170601,USS FITZGERALD,0.9376117883323133,2.388666666666296,34.561477777777775,139.09063333333333,19.4,190.56,190.56,18,,,,,jtsb_arpa_interpolated_heading_proxy,,,,,35,,False,False
489.0,,target,999170602,ACX CRYSTAL,-2.0227270883672945,-0.6799999999999856,34.510333333333335,139.03074952919022,18.4,70.86440677966101,69.0,18,,caution,0.3077382025106858,468.34253253604794,jtsb_ais_interpolated,,,,,70,,False,False
489.0,,target,999170603,WAN HAI 266,-2.197327372525943,0.6825231481479873,34.533042052469135,139.02721759259262,16.3,75.36111111111111,76.18055555555556,18,,safe,1.3160394615427584,395.6380646354215,jtsb_ais_interpolated,,,,,70,,False,False
490.0,,own,999170601,USS FITZGERALD,0.9366658153635532,2.3837037037033326,34.56139506172839,139.09061419753087,19.4,190.62222222222223,190.62222222222223,18,,,,,jtsb_arpa_interpolated_heading_proxy,,,,,35,,False,False
490.0,,target,999170602,ACX CRYSTAL,-2.0178860238579444,-0.6783333333333239,34.510361111111116,139.03084745762712,18.4,70.86779661016948,69.0,18,,caution,0.305033624967481,467.2544053829167,jtsb_ais_interpolated,,,,,70,,False,False
490.0,,target,999170603,WAN HAI 266,-2.192978948395321,0.6836111111109489,34.533060185185185,139.02730555555559,16.3,75.33333333333333,76.16666666666667,18,,safe,1.3145355696666237,394.54716323222,jtsb_ais_interpolated,,,,,70,,False,False
491.0,,own,999170601,USS FITZGERALD,0.9357198423947931,2.378740740740369,34.561312345679006,139.0905950617284,19.4,190.68444444444444,190.68444444444444,18,,,,,jtsb_arpa_interpolated_heading_proxy,,,,,35,,False,False
491.0,,target,999170602,ACX CRYSTAL,-2.013044959348594,-0.6766666666666621,34.51038888888889,139.03094538606402,18.4,70.87118644067796,69.0,18,,caution,0.30233938120338355,466.16686030659747,jtsb_ais_interpolated,,,,,70,,False,False
491.0,,target,999170603,WAN HAI 266,-2.1886305242646995,0.6846990740739104,34.533078317901236,139.02739351851855,16.3,75.30555555555556,76.15277777777777,18,,safe,1.3130381462776097,393.4574807090738,jtsb_ais_interpolated,,,,,70,,False,False
492.0,,own,999170601,USS FITZGERALD,0.9347738694260329,2.3737777777774056,34.56122962962962,139.09057592592595,19.4,190.74666666666667,190.74666666666667,18,,,,,jtsb_arpa_interpolated_heading_proxy,,,,,35,,False,False
492.0,,target,999170602,ACX CRYSTAL,-2.0082038948392436,-0.6750000000000003,34.51041666666667,139.03104331450095,18.4,70.87457627118643,69.0,18,,caution,0.29965547193052755,465.0798969828556,jtsb_ais_interpolated,,,,,70,,False,False
492.0,,target,999170603,WAN HAI 266,-2.184282100134078,0.685787037036872,34.533096450617286,139.02748148148152,16.3,75.27777777777777,76.13888888888889,18,,safe,1.3115471887163022,392.3690139379522,jtsb_ais_interpolated,,,,,70,,False,False
493.0,,own,999170601,USS FITZGERALD,0.9338278964572728,2.368814814814442,34.561146913580245,139.09055679012346,19.4,190.8088888888889,190.8088888888889,18,,,,,jtsb_arpa_interpolated_heading_proxy,,,,,35,,False,False
493.0,,target,999170602,ACX CRYSTAL,-2.0033628303298934,-0.6733333333333386,34.510444444444445,139.03114124293785,18.4,70.87796610169491,69.0,18,,caution,0.2969818978545215,463.993515088363,jtsb_ais_interpolated,,,,,70,,False,False
493.0,,target,999170603,WAN HAI 266,-2.179933676003456,0.6868749999998336,34.53311458333333,139.02756944444448,16.3,75.25,76.125,18,,safe,1.310062694330938,391.2817597991557,jtsb_ais_interpolated,,,,,70,,False,False
494.0,,own,999170601,USS FITZGERALD,0.9328819234885127,2.3638518518514786,34.56106419753086,139.090537654321,19.4,190.8711111111111,190.8711111111111,18,,,,,jtsb_arpa_interpolated_heading_proxy,,,,,35,,False,False
494.0,,target,999170602,ACX CRYSTAL,-1.998521765820543,-0.6716666666666767,34.510472222222226,139.03123917137478,18.4,70.88135593220338,69.0,18,,caution,0.29431865967445586,462.90771430069475,jtsb_ais_interpolated,,,,,70,,False,False
494.0,,target,999170603,WAN HAI 266,-2.1755852518728345,0.6879629629627951,34.53313271604938,139.02765740740745,16.3,75.22222222222223,76.11111111111111,18,,safe,1.3085846604773674,390.19571518128555,jtsb_ais_interpolated,,,,,70,,False,False
495.0,,own,999170601,USS FITZGERALD,0.9319359505197526,2.358888888888515,34.56098148148148,139.09051851851854,19.4,190.93333333333334,190.93333333333334,18,,,,,jtsb_arpa_interpolated_heading_proxy,,,,,35,,False,False
495.0,,target,999170602,ACX CRYSTAL,-1.9936807013111928,-0.6700000000000149,34.5105,139.03133709981168,18.4,70.88474576271186,69.0,18,,caution,0.2916657580828922,461.8224942983288,jtsb_ais_interpolated,,,,,70,,False,False
495.0,,target,999170603,WAN HAI 266,-2.171236827742213,0.6890509259257568,34.53315084876543,139.02774537037038,16.3,75.19444444444444,76.09722222222223,18,,safe,1.3071130845190273,389.11087698121315,jtsb_ais_interpolated,,,,,70,,False,False
496.0,,own,999170601,USS FITZGERALD,0.9309899775509924,2.3539259259255516,34.56089876543209,139.09049938271605,19.4,190.99555555555557,190.99555555555557,18,,,,,jtsb_arpa_interpolated_heading_proxy,,,,,35,,False,False
496.0,,target,999170602,ACX CRYSTAL,-1.9888396368018424,-0.6683333333333532,34.51052777777778,139.03143502824858,18.4,70.88813559322033,69.0,18,,caution,0.2890231937658707,460.73785476064364,jtsb_ais_interpolated,,,,,70,,False,False
496.0,,target,999170603,WAN HAI 266,-2.166888403611591,0.6901388888887183,34.53316898148148,139.02783333333335,16.3,75.16666666666667,76.08333333333333,18,,safe,1.3056479638269056,388.02724210405063,jtsb_ais_interpolated,,,,,70,,False,False
497.0,,own,999170601,USS FITZGERALD,0.9300440045822324,2.348962962962588,34.56081604938271,139.0904802469136,19.4,191.05777777777777,191.05777777777777,18,,,,,jtsb_arpa_interpolated_heading_proxy,,,,,35,,False,False
497.0,,target,999170602,ACX CRYSTAL,-1.9839985722924922,-0.6666666666666914,34.510555555555555,139.0315329566855,18.4,70.89152542372881,69.0,18,,caution,0.2863909674029069,459.65379536791653,jtsb_ais_interpolated,,,,,70,,False,False
497.0,,target,999170603,WAN HAI 266,-2.1625399794809694,0.6912268518516799,34.53318711419753,139.0279212962963,16.3,75.13888888888889,76.06944444444444,18,,safe,1.3041892957795203,386.94480746312075,jtsb_ais_interpolated,,,,,70,,False,False
498.0,,own,999170601,USS FITZGERALD,0.9290980316134723,2.3439999999996246,34.56073333333333,139.09046111111113,19.4,191.12,191.12,18,,,,,jtsb_arpa_interpolated_heading_proxy,,,,,35,,False,False
498.0,,target,999170602,ACX CRYSTAL,-1.9791575077831418,-0.6650000000000296,34.51058333333334,139.0316308851224,18.4,70.89491525423728,69.0,18,,caution,0.2837690796669851,458.5703158013221,jtsb_ais_interpolated,,,,,70,,False,False
498.0,,target,999170603,WAN HAI 266,-2.1581915553503475,0.6923148148146415,34.53320524691358,139.02800925925928,16.3,75.11111111111111,76.05555555555556,18,,safe,1.3027370777628748,385.8635699799268,jtsb_ais_interpolated,,,,,70,,False,False
499.0,,own,999170601,USS FITZGERALD,0.9281520586447122,2.339037037036661,34.56065061728395,139.09044197530866,19.4,191.18222222222224,191.18222222222224,18,,,,,jtsb_arpa_interpolated_heading_proxy,,,,,35,,False,False
499.0,,target,999170602,ACX CRYSTAL,-1.9743164432737916,-0.6633333333333679,34.51061111111111,139.0317288135593,18.4,70.89830508474576,69.0,18,,caution,0.28115753122456844,457.4874157429309,jtsb_ais_interpolated,,,,,70,,False,False
499.0,,target,999170603,WAN HAI 266,-2.153843131219726,0.6934027777776031,34.533223379629625,139.02809722222224,16.3,75.08333333333333,76.04166666666667,18,,safe,1.3012913071704428,384.78352658412365,jtsb_ais_interpolated,,,,,70,,False,False
500.0,,own,999170601,USS FITZGERALD,0.9272060856759521,2.3340740740736976,34.56056790123456,139.09042283950618,19.4,191.24444444444444,191.24444444444444,18,,,,,jtsb_arpa_interpolated_heading_proxy,,,,,35,,False,False
500.0,,target,999170602,ACX CRYSTAL,-1.9694753787644412,-0.661666666666706,34.51063888888889,139.03182674199624,18.4,70.90169491525423,69.0,18,,caution,0.2785563227355889,456.40509487570694,jtsb_ais_interpolated,,,,,70,,False,False
500.0,,target,999170603,WAN HAI 266,-2.1494947070891044,0.6944907407405646,34.533241512345676,139.0281851851852,16.3,75.05555555555556,76.02777777777777,18,,safe,1.2998519814031273,383.70467421348735,jtsb_ais_interpolated,,,,,70,,False,False
501.0,,own,999170601,USS FITZGERALD,0.9262601127071919,2.329111111110734,34.56048518518518,139.0904037037037,19.4,191.30666666666667,191.30666666666667,18,,,,,jtsb_arpa_interpolated_heading_proxy,,,,,35,,False,False
501.0,,target,999170602,ACX CRYSTAL,-1.964634314255091,-0.6600000000000443,34.510666666666665,139.03192467043314,18.4,70.90508474576271,69.0,18,,caution,0.27596545485344576,455.32335288350697,jtsb_ais_interpolated,,,,,70,,False,False
501.0,,target,999170603,WAN HAI 266,-2.1451462829584824,0.6955787037035263,34.533259645061726,139.02827314814817,16.3,75.02777777777777,76.01388888888889,18,,safe,1.2984190978692323,382.627009813886,jtsb_ais_interpolated,,,,,70,,False,False
502.0,,own,999170601,USS FITZGERALD,0.9253141397384318,2.3241481481477706,34.560402469135795,139.09038456790125,19.4,191.3688888888889,191.3688888888889,18,,,,,jtsb_arpa_interpolated_heading_proxy,,,,,35,,False,False
502.0,,target,999170602,ACX CRYSTAL,-1.9597932497457407,-0.6583333333333825,34.51069444444445,139.03202259887004,18.4,70.90847457627117,69.0,18,,caution,0.2733849282250158,454.2421894510777,jtsb_ais_interpolated,,,,,70,,False,False
502.0,,target,999170603,WAN HAI 266,-2.140797858827861,0.6966666666664878,34.533277777777776,139.02836111111114,16.3,75.0,76.0,18,,safe,1.2969926539844383,381.55053033925134,jtsb_ais_fix,,,,,70,,False,False
503.0,,own,999170601,USS FITZGERALD,0.9243681667696717,2.319185185184807,34.56031975308642,139.09036543209876,19.4,191.4311111111111,191.4311111111111,18,,,,,jtsb_arpa_interpolated_heading_proxy,,,,,35,,False,False
503.0,,target,999170602,ACX CRYSTAL,-1.9549521852363905,-0.6566666666667207,34.51072222222222,139.03212052730697,18.4,70.91186440677966,69.0,18,,caution,0.2708147434906386,453.1616042640559,jtsb_ais_interpolated,,,,,70,,False,False
503.0,,target,999170603,WAN HAI 266,-2.1364337590515206,0.6978995433788167,34.53329832572298,139.02844939117202,16.3013698630137,74.98630136986301,75.98630136986301,18,,safe,1.2952239091228328,380.49603924635255,jtsb_ais_interpolated,,,,,70,,False,False
504.0,,own,999170601,USS FITZGERALD,0.9234221938009116,2.3142222222218436,34.560237037037034,139.0903462962963,19.4,191.49333333333334,191.49333333333334,18,,,,,jtsb_arpa_interpolated_heading_proxy,,,,,35,,False,False
504.0,,target,999170602,ACX CRYSTAL,-1.95011112072704,-0.655000000000059,34.51075,139.03221845574387,18.4,70.91525423728812,69.0,18,,caution,0.26825490128412305,452.0815970089645,jtsb_ais_interpolated,,,,,70,,False,False
504.0,,target,999170603,WAN HAI 266,-2.13206965927518,0.6991324200911454,34.533318873668186,139.0285376712329,16.302739726027397,74.97260273972603,75.97260273972603,18,,safe,1.2934638846888638,379.44249572766967,jtsb_ais_interpolated,,,,,70,,False,False
505.0,,own,999170601,USS FITZGERALD,0.9224762208321514,2.30925925925888,34.56015432098765,139.09032716049384,19.4,191.55555555555557,191.55555555555557,18,,,,,jtsb_arpa_interpolated_heading_proxy,,,,,35,,False,False
505.0,,target,999170602,ACX CRYSTAL,-1.94527005621769,-0.6533333333333972,34.510777777777776,139.03231638418077,18.4,70.9186440677966,69.0,18,,caution,0.26570540223274614,451.00216737321335,jtsb_ais_interpolated,,,,,70,,False,False
505.0,,target,999170603,WAN HAI 266,-2.1277055594988394,0.7003652968034743,34.53333942161339,139.02862595129378,16.304109589041097,74.95890410958904,75.95890410958904,18,,safe,1.2917125772376625,378.38989829159686,jtsb_ais_interpolated,,,,,70,,False,False
506.0,,own,999170601,USS FITZGERALD,0.9215302478633913,2.3042962962959166,34.560071604938265,139.09030802469135,19.4,191.61777777777777,191.61777777777777,18,,,,,jtsb_arpa_interpolated_heading_proxy,,,,,35,,False,False
506.0,,target,999170602,ACX CRYSTAL,-1.9404289917083395,-0.6516666666667353,34.51080555555556,139.0324143126177,18.4,70.92203389830507,69.0,18,,caution,0.26316624695725466,449.9233150450955,jtsb_ais_interpolated,,,,,70,,False,False
506.0,,target,999170603,WAN HAI 266,-2.123341459722499,0.701598173515803,34.533359969558596,139.02871423135466,16.305479452054794,74.94520547945206,75.94520547945206,18,,safe,1.2899699833280824,377.3382454491166,jtsb_ais_interpolated,,,,,70,,False,False
507.0,,own,999170601,USS FITZGERALD,0.9205842748946312,2.299333333332953,34.55998888888888,139.0902888888889,19.4,191.68,191.68,18,,,,,jtsb_arpa_interpolated_heading_proxy,,,,,35,,False,False
507.0,,target,999170602,ACX CRYSTAL,-1.9355879271989893,-0.6500000000000736,34.51083333333333,139.0325122410546,18.4,70.92542372881356,69.0,18,,caution,0.2606374360718524,448.8450397137863,jtsb_ais_interpolated,,,,,70,,False,False
507.0,,target,999170603,WAN HAI 266,-2.1189773599461588,0.7028310502281319,34.5333805175038,139.02880251141556,16.306849315068494,74.93150684931507,75.93150684931507,18,,safe,1.2882360995226745,376.2875357137927,jtsb_ais_interpolated,,,,,70,,False,False
508.0,,own,999170601,USS FITZGERALD,0.9196383019258711,2.2943703703699896,34.559906172839504,139.09026975308643,19.4,191.74222222222224,191.74222222222224,18,,,,,jtsb_arpa_interpolated_heading_proxy,,,,,35,,False,False
508.0,,target,999170602,ACX CRYSTAL,-1.930746862689639,-0.6483333333334118,34.51086111111111,139.03261016949153,18.4,70.92881355932202,69.0,18,,caution,0.2581189701842155,447.76734106934293,jtsb_ais_interpolated,,,,,70,,False,False
508.0,,target,999170603,WAN HAI 266,-2.1146132601698184,0.7040639269404607,34.533401065449006,139.02889079147644,16.308219178082194,74.91780821917808,75.91780821917808,18,,safe,1.2865109223876767,375.2377676017672,jtsb_ais_interpolated,,,,,70,,False,False
509.0,,own,999170601,USS FITZGERALD,0.9186923289571111,2.289407407407026,34.55982345679012,139.09025061728397,19.4,191.80444444444444,191.80444444444444,18,,,,,jtsb_arpa_interpolated_heading_proxy,,,,,35,,False,False
509.0,,target,999170602,ACX CRYSTAL,-1.9259057981802887,-0.64666666666675,34.510888888888886,139.03270809792843,18.4,70.9322033898305,69.0,18,,caution,0.2556108498954811,446.6902188027009,jtsb_ais_interpolated,,,,,70,,False,False
509.0,,target,999170603,WAN HAI 266,-2.1102491603934777,0.7052968036527895,34.53342161339422,139.02897907153732,16.30958904109589,74.9041095890411,75.9041095890411,18,,safe,1.2847944484929936,374.1889396317554,jtsb_ais_interpolated,,,,,70,,False,False
510.0,,own,999170601,USS FITZGERALD,0.9177463559883509,2.2844444444440626,34.559740740740736,139.09023148148148,19.4,191.86666666666667,191.86666666666667,18,,,,,jtsb_arpa_interpolated_heading_proxy,,,,,35,,False,False
510.0,,target,999170602,ACX CRYSTAL,-1.9210647336709383,-0.6450000000000883,34.51091666666667,139.03280602636534,18.4,70.93559322033897,69.0,18,,caution,0.25311307580024883,445.61367260567346,jtsb_ais_interpolated,,,,,70,,False,False
510.0,,target,999170603,WAN HAI 266,-2.1058850606171373,0.7065296803651183,34.53344216133942,139.0290673515982,16.31095890410959,74.89041095890411,75.89041095890411,18,,safe,1.283086674412183,373.14105032504074,jtsb_ais_interpolated,,,,,70,,False,False
511.0,,own,999170601,USS FITZGERALD,0.9168003830195908,2.279481481481099,34.55965802469135,139.09021234567902,19.4,191.9288888888889,191.9288888888889,18,,,,,jtsb_arpa_interpolated_heading_proxy,,,,,35,,False,False
511.0,,target,999170602,ACX CRYSTAL,-1.916223669161588,-0.6433333333334265,34.51094444444445,139.03290395480226,18.4,70.93898305084744,69.0,18,,caution,0.2506256484865794,444.53770217094984,jtsb_ais_interpolated,,,,,70,,False,False
511.0,,target,999170603,WAN HAI 266,-2.101520960840797,0.7077625570774472,34.53346270928463,139.02915563165908,16.312328767123287,74.87671232876713,75.87671232876713,18,,safe,1.2813875967224335,372.0940982054704,jtsb_ais_interpolated,,,,,70,,False,False
512.0,,own,999170601,USS FITZGERALD,0.9158544100508307,2.2745185185181356,34.55957530864197,139.09019320987656,19.4,191.9911111111111,191.9911111111111,18,,,,,jtsb_arpa_interpolated_heading_proxy,,,,,35,,False,False
512.0,,target,999170602,ACX CRYSTAL,-1.9113826046522377,-0.6416666666667648,34.51097222222222,139.03300188323917,18.4,70.94237288135592,69.0,18,,caution,0.2481485685359991,443.4623071920941,jtsb_ais_interpolated,,,,,70,,False,False
512.0,,target,999170603,WAN HAI 266,-2.0971568610644566,0.7089954337897759,34.53348325722983,139.02924391171996,16.313698630136987,74.86301369863014,75.86301369863014,18,,safe,1.279697212004557,371.0480817994505,jtsb_ais_interpolated,,,,,70,,False,False
513.0,,own,999170601,USS FITZGERALD,0.9149084370820706,2.269555555555172,34.55949259259259,139.09017407407407,19.4,192.05333333333334,192.05333333333334,18,,,,,jtsb_arpa_interpolated_heading_proxy,,,,,35,,False,False
513.0,,target,999170602,ACX CRYSTAL,-1.9065415401428876,-0.6400000000001029,34.511,139.03309981167607,18.4,70.94576271186439,69.0,18,,caution,0.2456818365234885,442.3874873635426,jtsb_ais_interpolated,,,,,70,,False,False
513.0,,target,999170603,WAN HAI 266,-2.0927927612881163,0.7102283105021048,34.53350380517504,139.02933219178084,16.315068493150687,74.84931506849315,75.84931506849315,18,,safe,1.2780155168429592,370.00299963594165,jtsb_ais_interpolated,,,,,70,,False,False
514.0,,own,999170601,USS FITZGERALD,0.9139624641133104,2.2645925925922086,34.55940987654321,139.0901549382716,19.4,192.11555555555557,192.11555555555557,18,,,,,jtsb_arpa_interpolated_heading_proxy,,,,,35,,False,False
514.0,,target,999170602,ACX CRYSTAL,-1.9017004756335372,-0.6383333333334411,34.51102777777778,139.033197740113,18.4,70.94915254237287,69.0,18,,caution,0.2432254530174913,441.3132423806026,jtsb_ais_interpolated,,,,,70,,False,False
514.0,,target,999170603,WAN HAI 266,-2.0884286615117755,0.7114611872144335,34.53352435312024,139.02942047184172,16.316438356164383,74.83561643835617,75.83561643835617,18,,safe,1.2763425078256363,368.95885024645395,jtsb_ais_interpolated,,,,,70,,False,False
515.0,,own,999170601,USS FITZGERALD,0.9130164911445503,2.259629629629245,34.55932716049382,139.09013580246915,19.4,192.17777777777778,192.17777777777778,18,,,,,jtsb_arpa_interpolated_heading_proxy,,,,,35,,False,False
515.0,,target,999170602,ACX CRYSTAL,-1.8968594111241868,-0.6366666666667794,34.51105555555556,139.0332956685499,18.4,70.95254237288134,69.0,18,,caution,0.2407794185799108,440.2395719394517,jtsb_ais_interpolated,,,,,70,,False,False
515.0,,target,999170603,WAN HAI 266,-2.084064561735435,0.7126940639267624,34.53354490106545,139.0295087519026,16.317808219178083,74.82191780821918,75.82191780821918,18,,safe,1.2746781815441506,367.91563216504255,jtsb_ais_interpolated,,,,,70,,False,False
516.0,,own,999170601,USS FITZGERALD,0.9120705181757902,2.2546666666662816,34.55924444444444,139.0901166666667,19.4,192.24,192.24,18,,,,,jtsb_arpa_interpolated_heading_proxy,,,,,35,,False,False
516.0,,target,999170602,ACX CRYSTAL,-1.8920183466148366,-0.6350000000001176,34.51108333333333,139.0333935969868,18.4,70.95593220338982,69.0,18,,caution,0.23834373376610407,439.1664757371349,jtsb_ais_interpolated,,,,,70,,False,False
516.0,,target,999170603,WAN HAI 266,-2.079700461959095,0.7139269406390912,34.53356544901065,139.0295970319635,16.31917808219178,74.8082191780822,75.8082191780822,18,,safe,1.2730225345936148,366.873343928303,jtsb_ais_interpolated,,,,,70,,False,False
517.0,,own,999170601,USS FITZGERALD,0.9111245452070301,2.249703703703318,34.559161728395054,139.0900975308642,19.4,192.30222222222224,192.30222222222224,18,,,,,jtsb_arpa_interpolated_heading_proxy,,,,,35,,False,False
517.0,,target,999170602,ACX CRYSTAL,-1.8871772821054862,-0.6333333333334559,34.51111111111111,139.03349152542373,18.4,70.95932203389829,69.0,18,,caution,0.23591839912488782,438.0939534715638,jtsb_ais_interpolated,,,,,70,,False,False
517.0,,target,999170603,WAN HAI 266,-2.0753363621827545,0.71515981735142,34.53358599695586,139.02968531202438,16.32054794520548,74.79452054794521,75.79452054794521,18,,safe,1.2713755635726767,365.8319840753661,jtsb_ais_interpolated,,,,,70,,False,False
518.0,,own,999170601,USS FITZGERALD,0.91017857223827,2.2447407407403546,34.55907901234568,139.09007839506174,19.4,192.36444444444444,192.36444444444444,18,,,,,jtsb_arpa_interpolated_heading_proxy,,,,,35,,False,False
518.0,,target,999170602,ACX CRYSTAL,-1.882336217596136,-0.631666666666794,34.51113888888889,139.03358945386063,18.4,70.96271186440677,69.0,18,,caution,0.23350341519853807,437.0220048415147,jtsb_ais_interpolated,,,,,70,,False,False
518.0,,target,999170603,WAN HAI 266,-2.0709722624064137,0.7163926940637488,34.53360654490106,139.02977359208526,16.32191780821918,74.78082191780823,75.78082191780823,18,,safe,1.2697372650835057,364.7915511478942,jtsb_ais_interpolated,,,,,70,,False,False
519.0,,own,999170601,USS FITZGERALD,0.9092325992695098,2.239777777777391,34.55899629629629,139.09005925925928,19.4,192.42666666666668,192.42666666666668,18,,,,,jtsb_arpa_interpolated_heading_proxy,,,,,35,,False,False
519.0,,target,999170602,ACX CRYSTAL,-1.8774951530867856,-0.6300000000001322,34.51116666666667,139.03368738229753,18.4,70.96610169491524,69.0,18,,caution,0.23109878252277943,435.95062954662745,jtsb_ais_interpolated,,,,,70,,False,False
519.0,,target,999170603,WAN HAI 266,-2.0666081626300734,0.7176255707760776,34.53362709284627,139.02986187214614,16.323287671232876,74.76712328767124,75.76712328767124,18,,safe,1.2681076357317715,363.75204369007565,jtsb_ais_interpolated,,,,,70,,False,False
520.0,,own,999170601,USS FITZGERALD,0.9082866263007497,2.2348148148144276,34.55891358024691,139.0900401234568,19.4,192.4888888888889,192.4888888888889,18,,,,,jtsb_arpa_interpolated_heading_proxy,,,,,35,,False,False
520.0,,target,999170602,ACX CRYSTAL,-1.8726540885774354,-0.6283333333334705,34.51119444444444,139.03378531073446,18.4,70.96949152542372,69.0,18,,caution,0.2287045016267945,434.8798272874034,jtsb_ais_interpolated,,,,,70,,False,False
520.0,,target,999170603,WAN HAI 266,-2.062244062853733,0.7188584474884064,34.53364764079147,139.02995015220702,16.324657534246576,74.75342465753425,75.75342465753425,18,,safe,1.26648667212663,362.71346024862044,jtsb_ais_interpolated,,,,,70,,False,False
521.0,,own,999170601,USS FITZGERALD,0.9073406533319897,2.229851851851464,34.558830864197525,139.09002098765433,19.4,192.5511111111111,192.5511111111111,18,,,,,jtsb_arpa_interpolated_heading_proxy,,,,,35,,False,False
521.0,,target,999170602,ACX CRYSTAL,-1.867813024068085,-0.6266666666668087,34.51122222222222,139.03388323917136,18.4,70.97288135593219,69.0,18,,caution,0.22632057303322226,433.80959776520376,jtsb_ais_interpolated,,,,,70,,False,False
521.0,,target,999170603,WAN HAI 266,-2.0578799630773927,0.7200913242007353,34.533668188736684,139.0300384322679,16.326027397260273,74.73972602739725,75.73972602739725,18,,safe,1.2648743708807084,361.67579937275553,jtsb_ais_interpolated,,,,,70,,False,False
522.0,,own,999170601,USS FITZGERALD,0.9063946803632296,2.2248888888885006,34.55874814814814,139.09000185185187,19.4,192.61333333333334,192.61333333333334,18,,,,,jtsb_arpa_interpolated_heading_proxy,,,,,35,,False,False
522.0,,target,999170602,ACX CRYSTAL,-1.8629719595587348,-0.6250000000001469,34.51125,139.0339811676083,18.4,70.97627118644067,69.0,18,,caution,0.22394699725814868,432.739940682249,jtsb_ais_interpolated,,,,,70,,False,False
522.0,,target,999170603,WAN HAI 266,-2.053515863301052,0.721324200913064,34.53368873668189,139.03012671232878,16.327397260273973,74.72602739726027,75.72602739726027,18,,safe,1.2632707286100835,360.6390596142204,jtsb_ais_interpolated,,,,,70,,False,False
523.0,,own,999170601,USS FITZGERALD,0.9054487073944694,2.219925925925537,34.55866543209876,139.0899827160494,19.4,192.67555555555558,192.67555555555558,18,,,,,jtsb_arpa_interpolated_heading_proxy,,,,,35,,False,False
523.0,,target,999170602,ACX CRYSTAL,-1.8581308950493844,-0.6233333333334852,34.51127777777778,139.0340790960452,18.4,70.97966101694914,69.0,18,,caution,0.22158377481111655,431.6708557416158,jtsb_ais_interpolated,,,,,70,,False,False
523.0,,target,999170603,WAN HAI 266,-2.0491517635247116,0.7225570776253929,34.53370928462709,139.03021499238966,16.328767123287673,74.71232876712328,75.71232876712328,18,,safe,1.2616757419342768,359.6032395272623,jtsb_ais_interpolated,,,,,70,,False,False
524.0,,own,999170601,USS FITZGERALD,0.9045027344257093,2.2149629629625736,34.55858271604938,139.08996358024692,19.4,192.73777777777778,192.73777777777778,18,,,,,jtsb_arpa_interpolated_heading_proxy,,,,,35,,False,False
524.0,,target,999170602,ACX CRYSTAL,-1.8532898305400343,-0.6216666666668234,34.51130555555555,139.0341770244821,18.4,70.98305084745762,69.0,18,,caution,0.2192309061951186,430.6023426472369,jtsb_ais_interpolated,,,,,70,,False,False
524.0,,target,999170603,WAN HAI 266,-2.0447876637483713,0.7237899543377218,34.5337298325723,139.03030327245054,16.33013698630137,74.6986301369863,75.6986301369863,18,,safe,1.2600894074762274,358.5683376686311,jtsb_ais_interpolated,,,,,70,,False,False
525.0,,own,999170601,USS FITZGERALD,0.9035567614569492,2.20999999999961,34.558499999999995,139.08994444444446,19.4,192.8,192.8,18,,,,,jtsb_arpa_fix_heading_proxy,,,,,35,,False,False
525.0,,target,999170602,ACX CRYSTAL,-1.8484487660306839,-0.6200000000001615,34.51133333333333,139.03427495291902,18.4,70.98644067796609,69.0,18,,caution,0.2168883919065976,429.53440110389846,jtsb_ais_interpolated,,,,,70,,False,False
525.0,,target,999170603,WAN HAI 266,-2.040423563972031,0.7250228310500505,34.5337503805175,139.03039155251145,16.33150684931507,74.68493150684931,75.68493150684931,18,,safe,1.25851172186228,357.5343525975755,jtsb_ais_interpolated,,,,,70,,False,False
526.0,,own,999170601,USS FITZGERALD,0.901634300262345,2.2043333333329542,34.55840555555555,139.08990555555556,19.4,192.61333333333334,192.61333333333334,18,,,,,jtsb_arpa_interpolated_heading_proxy,,,,,35,,False,False
526.0,,target,999170602,ACX CRYSTAL,-1.8436077015213335,-0.6183333333334998,34.51136111111111,139.03437288135592,18.4,70.98983050847457,69.0,18,,caution,0.22311749430449024,428.80393419020857,jtsb_ais_interpolated,,,,,70,,False,False
526.0,,target,999170603,WAN HAI 266,-2.0360594641956906,0.7262557077623794,34.53377092846271,139.03047983257233,16.332876712328765,74.67123287671232,75.67123287671232,18,,safe,1.264029266317618,356.4652589910341,jtsb_ais_interpolated,,,,,70,,False,False
527.0,,own,999170601,USS FITZGERALD,0.8997118390677408,2.1986666666662984,34.55831111111111,139.08986666666667,19.4,192.42666666666668,192.42666666666668,18,,,,,jtsb_arpa_interpolated_heading_proxy,,,,,35,,False,False
527.0,,target,999170602,ACX CRYSTAL,-1.8387666370119833,-0.616666666666838,34.51138888888889,139.03447080979282,18.4,70.99322033898304,69.0,18,,caution,0.22931335825619684,428.0722209883399,jtsb_ais_interpolated,,,,,70,,False,False
527.0,,target,999170603,WAN HAI 266,-2.03169536441935,0.7274885844747081,34.53379147640791,139.0305681126332,16.334246575342465,74.65753424657534,75.65753424657534,18,,safe,1.2695072549504174,355.393963375379,jtsb_ais_interpolated,,,,,70,,False,False
528.0,,own,999170601,USS FITZGERALD,0.8977893778731366,2.1929999999996426,34.55821666666666,139.0898277777778,19.4,192.24,192.24,18,,,,,jtsb_arpa_interpolated_heading_proxy,,,,,35,,False,False
528.0,,target,999170602,ACX CRYSTAL,-1.833925572502633,-0.6150000000001763,34.51141666666666,139.03456873822975,18.4,70.99661016949152,69.0,18,,caution,0.23547596754293693,427.3392597436796,jtsb_ais_interpolated,,,,,70,,False,False
528.0,,target,999170603,WAN HAI 266,-2.0273312646430095,0.728721461187037,34.53381202435312,139.03065639269408,16.335616438356166,74.64383561643835,75.64383561643835,18,,safe,1.2749456684354403,354.3204643255068,jtsb_ais_interpolated,,,,,70,,False,False
529.0,,own,999170601,USS FITZGERALD,0.8958669166785324,2.1873333333329867,34.55812222222222,139.0897888888889,19.4,192.05333333333334,192.05333333333334,18,,,,,jtsb_arpa_interpolated_heading_proxy,,,,,35,,False,False
529.0,,target,999170602,ACX CRYSTAL,-1.8290845079932827,-0.6133333333335145,34.51144444444444,139.03466666666665,18.4,71.0,69.0,18,,caution,0.2416053061109716,426.60504868193283,jtsb_ais_fix,,,,,70,,False,False
529.0,,target,999170603,WAN HAI 266,-2.022967164866669,0.7299543378993658,34.53383257229832,139.03074467275496,16.336986301369862,74.63013698630137,75.63013698630137,18,,safe,1.2803444876710053,353.24476039015065,jtsb_ais_interpolated,,,,,70,,False,False
530.0,,own,999170601,USS FITZGERALD,0.8939444554839282,2.181666666666331,34.558027777777774,139.08975,19.4,191.86666666666667,191.86666666666667,18,,,,,jtsb_arpa_interpolated_heading_proxy,,,,,35,,False,False
530.0,,target,999170602,ACX CRYSTAL,-1.8242020668641663,-0.6115432098767255,34.51147427983539,139.03476543209874,18.401851851851852,70.97037037037038,68.98148148148148,18,,caution,0.24872096308704114,425.7593882970966,jtsb_ais_interpolated,,,,,70,,False,False
530.0,,target,999170603,WAN HAI 266,-2.018603065090329,0.7311872146116946,34.53385312024353,139.03083295281584,16.338356164383562,74.61643835616438,75.61643835616438,18,,safe,1.285703693778896,352.1668500917652,jtsb_ais_interpolated,,,,,70,,False,False
531.0,,own,999170601,USS FITZGERALD,0.8920219942893239,2.175999999999675,34.55793333333333,139.08971111111111,19.4,191.68,191.68,18,,,,,jtsb_arpa_interpolated_heading_proxy,,,,,35,,False,False
531.0,,target,999170602,ACX CRYSTAL,-1.81931962573505,-0.6097530864199364,34.51150411522634,139.03486419753085,18.4037037037037,70.94074074074074,68.96296296296296,18,,caution,0.25579682729761904,424.911917270001,jtsb_ais_interpolated,,,,,70,,False,False
531.0,,target,999170603,WAN HAI 266,-2.014238965313988,0.7324200913240234,34.53387366818873,139.03092123287672,16.33972602739726,74.6027397260274,75.6027397260274,18,,safe,1.2910232681042544,351.08673192640913,jtsb_ais_interpolated,,,,,70,,False,False
532.0,,own,999170601,USS FITZGERALD,0.8900995330947198,2.1703333333330193,34.55783888888889,139.08967222222222,19.4,191.49333333333334,191.49333333333334,18,,,,,jtsb_arpa_interpolated_heading_proxy,,,,,35,,False,False
532.0,,target,999170602,ACX CRYSTAL,-1.8144371846059337,-0.6079629629631474,34.511533950617284,139.03496296296294,18.405555555555555,70.91111111111111,68.94444444444444,18,,caution,0.26283287857316656,424.0626386580763,jtsb_ais_interpolated,,,,,70,,False,False
532.0,,target,999170603,WAN HAI 266,-2.0098748655376477,0.7336529680363522,34.53389421613394,139.0310095129376,16.34109589041096,74.58904109589041,75.58904109589041,18,,safe,1.296303192215481,350.00440436362794,jtsb_ais_interpolated,,,,,70,,False,False
533.0,,own,999170601,USS FITZGERALD,0.8881770719001155,2.1646666666663634,34.55774444444444,139.08963333333335,19.4,191.30666666666667,191.30666666666667,18,,,,,jtsb_arpa_interpolated_heading_proxy,,,,,35,,False,False
533.0,,target,999170602,ACX CRYSTAL,-1.8095547434768173,-0.6061728395063584,34.51156378600823,139.03506172839505,18.407407407407405,70.88148148148149,68.92592592592592,18,,caution,0.26982909703359054,423.2115555108443,jtsb_ais_interpolated,,,,,70,,False,False
533.0,,target,999170603,WAN HAI 266,-2.0055107657613074,0.734885844748681,34.53391476407915,139.03109779299848,16.34246575342466,74.57534246575342,75.57534246575342,18,,safe,1.3015434479041257,348.91986584633423,jtsb_ais_interpolated,,,,,70,,False,False
534.0,,own,999170601,USS FITZGERALD,0.8862546107055114,2.1589999999997076,34.557649999999995,139.08959444444446,19.4,191.12,191.12,18,,,,,jtsb_arpa_interpolated_heading_proxy,,,,,35,,False,False
534.0,,target,999170602,ACX CRYSTAL,-1.804672302347701,-0.6043827160495694,34.51159362139918,139.03516049382714,18.409259259259258,70.85185185185185,68.9074074074074,18,,caution,0.27678546308823815,422.3586708699131,jtsb_ais_interpolated,,,,,70,,False,False
534.0,,target,999170603,WAN HAI 266,-2.001146665984967,0.7361187214610099,34.533935312024354,139.0311860730594,16.343835616438355,74.56164383561644,75.56164383561644,18,,safe,1.3067440171847833,347.83311479068715,jtsb_ais_interpolated,,,,,70,,False,False
535.0,,own,999170601,USS FITZGERALD,0.8843321495109071,2.1533333333330518,34.55755555555555,139.08955555555556,19.4,190.93333333333334,190.93333333333334,18,,,,,jtsb_arpa_interpolated_heading_proxy,,,,,35,,False,False
535.0,,target,999170602,ACX CRYSTAL,-1.7997898612185845,-0.6025925925927803,34.51162345679012,139.03525925925925,18.41111111111111,70.82222222222222,68.88888888888889,18,,caution,0.2837019574358931,421.50398776897265,jtsb_ais_interpolated,,,,,70,,False,False
535.0,,target,999170603,WAN HAI 266,-1.9967825662086265,0.7373515981733386,34.53395585996956,139.03127435312027,16.345205479452055,74.54794520547945,75.54794520547945,18,,safe,1.3119048822949828,346.7441495859709,jtsb_ais_interpolated,,,,,70,,False,False
536.0,,own,999170601,USS FITZGERALD,0.882409688316303,2.147666666666396,34.55746111111111,139.08951666666667,19.4,190.74666666666667,190.74666666666667,18,,,,,jtsb_arpa_interpolated_heading_proxy,,,,,35,,False,False
536.0,,target,999170602,ACX CRYSTAL,-1.7949074200894681,-0.6008024691359913,34.511653292181066,139.03535802469133,18.41296296296296,70.7925925925926,68.87037037037037,18,,caution,0.29057856106476915,420.6475092337879,jtsb_ais_interpolated,,,,,70,,False,False
536.0,,target,999170603,WAN HAI 266,-1.9924184664322862,0.7385844748856675,34.533976407914764,139.03136263318115,16.34657534246575,74.53424657534246,75.53424657534246,18,,safe,1.3170260256950777,345.6529685944728,jtsb_ais_interpolated,,,,,70,,False,False
537.0,,own,999170601,USS FITZGERALD,0.8804872271216987,2.14199999999974,34.55736666666667,139.08947777777777,19.4,190.56,190.56,18,,,,,jtsb_arpa_interpolated_heading_proxy,,,,,35,,False,False
537.0,,target,999170602,ACX CRYSTAL,-1.790024978960352,-0.5990123456792023,34.51168312757201,139.03545679012345,18.414814814814815,70.76296296296296,68.85185185185185,18,,caution,0.29741525525250867,419.7892382821938,jtsb_ais_interpolated,,,,,70,,False,False
537.0,,target,999170603,WAN HAI 266,-1.9880543666559456,0.7398173515979963,34.53399695585997,139.03145091324203,16.34794520547945,74.52054794520548,75.52054794520548,18,,safe,1.322107430068134,344.55957015135795,jtsb_ais_interpolated,,,,,70,,False,False
538.0,,own,999170601,USS FITZGERALD,0.8785647659270945,2.1363333333330843,34.55727222222222,139.0894388888889,19.4,190.37333333333333,190.37333333333333,18,,,,,jtsb_arpa_interpolated_heading_proxy,,,,,35,,False,False
538.0,,target,999170602,ACX CRYSTAL,-1.7851425378312356,-0.5972222222224133,34.51171296296296,139.03555555555553,18.416666666666664,70.73333333333333,68.83333333333333,18,,caution,0.30421202156616955,418.92917792408895,jtsb_ais_interpolated,,,,,70,,False,False
538.0,,target,999170603,WAN HAI 266,-1.9836902668796053,0.7410502283103251,34.534017503805174,139.0315391933029,16.34931506849315,74.5068493150685,75.5068493150685,18,,safe,1.3271490783198152,343.46395256454485,jtsb_ais_interpolated,,,,,70,,False,False
539.0,,own,999170601,USS FITZGERALD,0.8766423047324903,2.1306666666664285,34.557177777777774,139.0894,19.4,190.18666666666667,190.18666666666667,18,,,,,jtsb_arpa_interpolated_heading_proxy,,,,,35,,False,False
539.0,,target,999170602,ACX CRYSTAL,-1.7802600967021192,-0.5954320987656243,34.51174279835391,139.03565432098765,18.418518518518518,70.70370370370371,68.81481481481481,18,,caution,0.31096884186221596,418.06733116142937,jtsb_ais_interpolated,,,,,70,,False,False
539.0,,target,999170603,WAN HAI 266,-1.9793261671032647,0.7422831050226539,34.53403805175038,139.03162747336378,16.350684931506848,74.4931506849315,75.4931506849315,18,,safe,1.3321509535782678,342.36611411457903,jtsb_ais_interpolated,,,,,70,,False,False
540.0,,own,999170601,USS FITZGERALD,0.8747198435378861,2.1249999999997726,34.55708333333333,139.08936111111112,19.4,190.0,190.0,18,,,,,jtsb_arpa_fix_heading_proxy,,,,,35,,False,False
540.0,,target,999170602,ACX CRYSTAL,-1.7753776555730028,-0.5936419753088352,34.511772633744854,139.03575308641973,18.42037037037037,70.67407407407407,68.79629629629629,18,,caution,0.3176856982865101,417.20370098822144,jtsb_ais_interpolated,,,,,70,,False,False
540.0,,target,999170603,WAN HAI 266,-1.9749620673269244,0.7435159817349827,34.534058599695584,139.03171575342466,16.352054794520548,74.47945205479452,75.47945205479452,18,,safe,1.3371130391940012,341.26605305450516,jtsb_ais_interpolated,,,,,70,,False,False
541.0,,own,999170601,USS FITZGERALD,0.8734382027414833,2.119999999999768,34.556999999999995,139.08933518518518,19.395555555555553,190.06222222222223,190.06222222222223,18,,,,,jtsb_arpa_interpolated_heading_proxy,,,,,35,,False,False
541.0,,target,999170602,ACX CRYSTAL,-1.7704952144438864,-0.5918518518520463,34.5118024691358,139.03585185185185,18.42222222222222,70.64444444444445,68.77777777777777,18,,caution,0.315701722799349,416.0421109481336,jtsb_ais_interpolated,,,,,70,,False,False
541.0,,target,999170603,WAN HAI 266,-1.9705979675505838,0.7447488584473115,34.53407914764079,139.03180403348554,16.353424657534248,74.46575342465754,75.46575342465754,18,,safe,1.3349549739332083,340.25333090824927,jtsb_ais_interpolated,,,,,70,,False,False
542.0,,own,999170601,USS FITZGERALD,0.8721565619450805,2.1149999999997626,34.556916666666666,139.08930925925927,19.39111111111111,190.12444444444444,190.12444444444444,18,,,,,jtsb_arpa_interpolated_heading_proxy,,,,,35,,False,False
542.0,,target,999170602,ACX CRYSTAL,-1.7656127733147702,-0.5900617283952572,34.51183230452675,139.03595061728393,18.424074074074074,70.61481481481482,68.75925925925925,18,,caution,0.3137265574349306,414.8816090313978,jtsb_ais_interpolated,,,,,70,,False,False
542.0,,target,999170603,WAN HAI 266,-1.9662338677742435,0.7459817351596404,34.534099695585994,139.03189231354642,16.354794520547944,74.45205479452055,75.45205479452055,18,,safe,1.3328074492843884,339.24118248950526,jtsb_ais_interpolated,,,,,70,,False,False
543.0,,own,999170601,USS FITZGERALD,0.8708749211486777,2.109999999999758,34.55683333333333,139.08928333333333,19.386666666666667,190.18666666666667,190.18666666666667,18,,,,,jtsb_arpa_interpolated_heading_proxy,,,,,35,,False,False
543.0,,target,999170602,ACX CRYSTAL,-1.7607303321856538,-0.5882716049384682,34.511862139917696,139.03604938271604,18.425925925925924,70.58518518518518,68.74074074074075,18,,caution,0.3117601908989531,413.72219242526666,jtsb_ais_interpolated,,,,,70,,False,False
543.0,,target,999170603,WAN HAI 266,-1.961869767997903,0.7472146118719691,34.5341202435312,139.0319805936073,16.356164383561644,74.43835616438356,75.43835616438356,18,,safe,1.330670457594115,338.2296072542583,jtsb_ais_interpolated,,,,,70,,False,False
544.0,,own,999170601,USS FITZGERALD,0.8695932803522749,2.104999999999753,34.55675,139.08925740740742,19.38222222222222,190.2488888888889,190.2488888888889,18,,,,,jtsb_arpa_interpolated_heading_proxy,,,,,35,,False,False
544.0,,target,999170602,ACX CRYSTAL,-1.7558478910565374,-0.5864814814816791,34.51189197530864,139.03614814814813,18.427777777777777,70.55555555555556,68.72222222222223,18,,caution,0.3098026119169431,412.5638583218402,jtsb_ais_interpolated,,,,,70,,False,False
544.0,,target,999170603,WAN HAI 266,-1.9575056682215626,0.748447488584298,34.5341407914764,139.0320688736682,16.35753424657534,74.42465753424658,75.42465753424658,18,,safe,1.3285439912141939,337.21860465689105,jtsb_ais_interpolated,,,,,70,,False,False
545.0,,own,999170601,USS FITZGERALD,0.8683116395558721,2.099999999999748,34.556666666666665,139.08923148148148,19.377777777777776,190.3111111111111,190.3111111111111,18,,,,,jtsb_arpa_interpolated_heading_proxy,,,,,35,,False,False
545.0,,target,999170602,ACX CRYSTAL,-1.750965449927421,-0.5846913580248901,34.51192181069959,139.03624691358024,18.429629629629627,70.52592592592593,68.70370370370371,18,,caution,0.30785380923417865,411.4066039180533,jtsb_ais_interpolated,,,,,70,,False,False
545.0,,target,999170603,WAN HAI 266,-1.953141568445222,0.7496803652966268,34.534161339421615,139.0321571537291,16.35890410958904,74.41095890410959,75.41095890410959,18,,safe,1.3264280425016453,336.2081741501939,jtsb_ais_interpolated,,,,,70,,False,False
546.0,,own,999170601,USS FITZGERALD,0.8670299987594693,2.094999999999743,34.55658333333333,139.08920555555557,19.37333333333333,190.37333333333333,190.37333333333333,18,,,,,jtsb_arpa_interpolated_heading_proxy,,,,,35,,False,False
546.0,,target,999170602,ACX CRYSTAL,-1.7460830087983046,-0.5829012345681011,34.51195164609053,139.03634567901233,18.43148148148148,70.4962962962963,68.68518518518519,18,,caution,0.3059137716156054,410.2504264156636,jtsb_ais_interpolated,,,,,70,,False,False
546.0,,target,999170603,WAN HAI 266,-1.9487774686688817,0.7509132420089556,34.53418188736682,139.03224543378997,16.36027397260274,74.3972602739726,75.3972602739726,18,,safe,1.3243226038186915,335.1983151853774,jtsb_ais_interpolated,,,,,70,,False,False
547.0,,own,999170601,USS FITZGERALD,0.8657483579630665,2.0899999999997383,34.5565,139.08917962962963,19.368888888888886,190.43555555555557,190.43555555555557,18,,,,,jtsb_arpa_interpolated_heading_proxy,,,,,35,,False,False
547.0,,target,999170602,ACX CRYSTAL,-1.7412005676691884,-0.5811111111113121,34.51198148148148,139.03644444444444,18.433333333333334,70.46666666666667,68.66666666666667,18,,caution,0.30398248784576043,409.09532302124,jtsb_ais_interpolated,,,,,70,,False,False
547.0,,target,999170603,WAN HAI 266,-1.9444133688925413,0.7521461187212845,34.534202435312025,139.03233371385085,16.361643835616437,74.38356164383562,75.38356164383562,18,,safe,1.3222276675327451,334.1890272120838,jtsb_ais_interpolated,,,,,70,,False,False
548.0,,own,999170601,USS FITZGERALD,0.8644667171666637,2.084999999999733,34.556416666666664,139.08915370370372,19.364444444444445,190.49777777777777,190.49777777777777,18,,,,,jtsb_arpa_interpolated_heading_proxy,,,,,35,,False,False
548.0,,target,999170602,ACX CRYSTAL,-1.736318126540072,-0.5793209876545231,34.512011316872425,139.03654320987653,18.435185185185183,70.43703703703704,68.64814814814815,18,,caution,0.30205994672869746,407.94129094615005,jtsb_ais_interpolated,,,,,70,,False,False
548.0,,target,999170603,WAN HAI 266,-1.9400492691162008,0.7533789954336132,34.53422298325723,139.03242199391173,16.363013698630137,74.36986301369863,75.36986301369863,18,,safe,1.3201432260163986,333.1803096783975,jtsb_ais_interpolated,,,,,70,,False,False
549.0,,own,999170601,USS FITZGERALD,0.8631850763702609,2.0799999999997283,34.55633333333333,139.08912777777778,19.36,190.56,190.56,18,,,,,jtsb_arpa_interpolated_heading_proxy,,,,,35,,False,False
549.0,,target,999170602,ACX CRYSTAL,-1.7314356854109556,-0.577530864197734,34.51204115226337,139.03664197530864,18.437037037037037,70.4074074074074,68.62962962962963,18,,caution,0.3001461370879025,406.7883274065484,jtsb_ais_interpolated,,,,,70,,False,False
549.0,,target,999170603,WAN HAI 266,-1.9356851693398605,0.754611872145942,34.534243531202435,139.0325102739726,16.364383561643834,74.35616438356165,75.35616438356165,18,,safe,1.3180692716474023,332.1721620308585,jtsb_ais_interpolated,,,,,70,,False,False
550.0,,own,999170601,USS FITZGERALD,0.8619034355738581,2.0749999999997235,34.55625,139.08910185185186,19.355555555555554,190.62222222222223,190.62222222222223,18,,,,,jtsb_arpa_interpolated_heading_proxy,,,,,35,,False,False
550.0,,target,999170602,ACX CRYSTAL,-1.7265532442818392,-0.5757407407409451,34.51207098765432,139.03674074074073,18.438888888888886,70.37777777777778,68.61111111111111,18,,caution,0.29824104776621996,405.6364296233644,jtsb_ais_interpolated,,,,,70,,False,False
550.0,,target,999170603,WAN HAI 266,-1.93132106956352,0.7558447488582709,34.53426407914764,139.03259855403348,16.365753424657534,74.34246575342466,75.34246575342466,18,,safe,1.31600579680866,331.16458371447135,jtsb_ais_interpolated,,,,,70,,False,False
551.0,,own,999170601,USS FITZGERALD,0.8606217947774553,2.0699999999997183,34.55616666666666,139.08907592592593,19.35111111111111,190.68444444444444,190.68444444444444,18,,,,,jtsb_arpa_interpolated_heading_proxy,,,,,35,,False,False
551.0,,target,999170602,ACX CRYSTAL,-1.721670803152723,-0.573950617284156,34.512100823045266,139.03683950617284,18.44074074074074,70.34814814814816,68.5925925925926,18,,caution,0.29634466762577816,404.4855948222901,jtsb_ais_interpolated,,,,,70,,False,False
551.0,,target,999170603,WAN HAI 266,-1.9269569697871796,0.7570776255705997,34.534284627092845,139.03268683409436,16.367123287671234,74.32876712328768,75.32876712328768,18,,safe,1.3139527938882138,330.15757417271834,jtsb_ais_interpolated,,,,,70,,False,False
552.0,,own,999170601,USS FITZGERALD,0.8593401539810526,2.0649999999997135,34.55608333333333,139.08905000000001,19.346666666666664,190.74666666666667,190.74666666666667,18,,,,,jtsb_arpa_interpolated_heading_proxy,,,,,35,,False,False
552.0,,target,999170602,ACX CRYSTAL,-1.7167883620236066,-0.572160493827367,34.51213065843621,139.03693827160492,18.442592592592593,70.31851851851852,68.57407407407408,18,,caution,0.2944569855479042,403.3358202337692,jtsb_ais_interpolated,,,,,70,,False,False
552.0,,target,999170603,WAN HAI 266,-1.9225928700108392,0.7583105022829285,34.53430517503805,139.03277511415524,16.36849315068493,74.31506849315069,75.31506849315069,18,,safe,1.3119102552792283,329.1511328475698,jtsb_ais_interpolated,,,,,70,,False,False
553.0,,own,999170601,USS FITZGERALD,0.8580585131846498,2.0599999999997087,34.556,139.08902407407408,19.342222222222222,190.8088888888889,190.8088888888889,18,,,,,jtsb_arpa_interpolated_heading_proxy,,,,,35,,False,False
553.0,,target,999170602,ACX CRYSTAL,-1.7119059208944902,-0.5703703703705779,34.51216049382716,139.03703703703704,18.444444444444443,70.28888888888889,68.55555555555556,18,,caution,0.2925779904330561,402.1871030929831,jtsb_ais_interpolated,,,,,70,,False,False
553.0,,target,999170603,WAN HAI 266,-1.9182287702344987,0.7595433789952573,34.534325722983255,139.03286339421615,16.36986301369863,74.3013698630137,75.3013698630137,18,,safe,1.3098781733799796,328.1452591794948,jtsb_ais_interpolated,,,,,70,,False,False
554.0,,own,999170601,USS FITZGERALD,0.856776872388247,2.0549999999997035,34.55591666666666,139.08899814814816,19.337777777777777,190.8711111111111,190.8711111111111,18,,,,,jtsb_arpa_interpolated_heading_proxy,,,,,35,,False,False
554.0,,target,999170602,ACX CRYSTAL,-1.7070234797653738,-0.568580246913789,34.51219032921811,139.03713580246912,18.446296296296296,70.25925925925927,68.53703703703704,18,,caution,0.2907076712007414,401.03944063984085,jtsb_ais_interpolated,,,,,70,,False,False
554.0,,target,999170603,WAN HAI 266,-1.9138646704581581,0.7607762557075861,34.53434627092846,139.03295167427703,16.371232876712327,74.28767123287672,75.28767123287672,18,,safe,1.3078565405938425,327.1399526074731,jtsb_ais_interpolated,,,,,70,,False,False
555.0,,own,999170601,USS FITZGERALD,0.8554952315918442,2.0499999999996987,34.55583333333333,139.08897222222222,19.333333333333332,190.93333333333334,190.93333333333334,18,,,,,jtsb_arpa_interpolated_heading_proxy,,,,,35,,False,False
555.0,,target,999170602,ACX CRYSTAL,-1.7021410386362574,-0.5667901234569999,34.512220164609055,139.03723456790124,18.448148148148146,70.22962962962963,68.51851851851852,18,,caution,0.2888460167894406,399.89283011896606,jtsb_ais_interpolated,,,,,70,,False,False
555.0,,target,999170603,WAN HAI 266,-1.9095005706818178,0.762009132419915,34.534366818873664,139.0330399543379,16.372602739726027,74.27397260273973,75.27397260273973,18,,safe,1.3058453493292754,326.1352125690058,jtsb_ais_interpolated,,,,,70,,False,False
556.0,,own,999170601,USS FITZGERALD,0.8542135907954413,2.044999999999694,34.555749999999996,139.08894629629629,19.328888888888887,190.99555555555557,190.99555555555557,18,,,,,jtsb_arpa_interpolated_heading_proxy,,,,,35,,False,False
556.0,,target,999170602,ACX CRYSTAL,-1.6972585975071413,-0.5650000000002109,34.512249999999995,139.03733333333332,18.45,70.2,68.5,18,,caution,0.2869930161565329,398.747268779685,jtsb_ais_interpolated,,,,,70,,False,False
556.0,,target,999170603,WAN HAI 266,-1.9051364709054774,0.7632420091322437,34.53438736681887,139.0331282343988,16.373972602739727,74.26027397260275,75.26027397260275,18,,safe,1.30384459199981,325.13103850012556,jtsb_ais_interpolated,,,,,70,,False,False
557.0,,own,999170601,USS FITZGERALD,0.8529319499990385,2.0399999999996887,34.55566666666666,139.08892037037037,19.324444444444442,191.05777777777777,191.05777777777777,18,,,,,jtsb_arpa_interpolated_heading_proxy,,,,,35,,False,False
557.0,,target,999170602,ACX CRYSTAL,-1.6923761563780249,-0.5632098765434219,34.51227983539094,139.0374320987654,18.451851851851853,70.17037037037038,68.48148148148148,18,,caution,0.2851486582782222,397.6027538760146,jtsb_ais_interpolated,,,,,70,,False,False
557.0,,target,999170603,WAN HAI 266,-1.9007723711291369,0.7644748858445726,34.53440791476408,139.03321651445967,16.375342465753423,74.24657534246575,75.24657534246575,18,,safe,1.301854261024038,324.12742983540875,jtsb_ais_interpolated,,,,,70,,False,False
558.0,,own,999170601,USS FITZGERALD,0.8516503092026357,2.034999999999684,34.55558333333333,139.08889444444443,19.32,191.12,191.12,18,,,,,jtsb_arpa_interpolated_heading_proxy,,,,,35,,False,False
558.0,,target,999170602,ACX CRYSTAL,-1.6874937152489085,-0.5614197530866328,34.51230967078189,139.03753086419752,18.453703703703702,70.14074074074074,68.46296296296296,18,,caution,0.2833129321494545,396.4592826666505,jtsb_ais_interpolated,,,,,70,,False,False
558.0,,target,999170603,WAN HAI 266,-1.8964082713527965,0.7657077625569013,34.534428462709286,139.03330479452055,16.376712328767123,74.23287671232876,75.23287671232876,18,,safe,1.2998743488255913,323.1243860079848,jtsb_ais_interpolated,,,,,70,,False,False
559.0,,own,999170601,USS FITZGERALD,0.8503686684062329,2.029999999999679,34.555499999999995,139.08886851851852,19.315555555555555,191.18222222222224,191.18222222222224,18,,,,,jtsb_arpa_interpolated_heading_proxy,,,,,35,,False,False
559.0,,target,999170602,ACX CRYSTAL,-1.682611274119792,-0.5596296296298439,34.512339506172836,139.0376296296296,18.455555555555556,70.11111111111111,68.44444444444444,18,,caution,0.28148582678385153,395.3168524149558,jtsb_ais_interpolated,,,,,70,,False,False
559.0,,target,999170603,WAN HAI 266,-1.892044171576456,0.7669406392692302,34.53444901065449,139.03339307458143,16.37808219178082,74.21917808219177,75.21917808219177,18,,safe,1.2979048478331408,322.121906449548,jtsb_ais_interpolated,,,,,70,,False,False
560.0,,own,999170601,USS FITZGERALD,0.8490870276098301,2.024999999999674,34.555416666666666,139.08884259259258,19.31111111111111,191.24444444444444,191.24444444444444,18,,,,,jtsb_arpa_interpolated_heading_proxy,,,,,35,,False,False
560.0,,target,999170602,ACX CRYSTAL,-1.6777288329906757,-0.5578395061730548,34.51236934156378,139.03772839506172,18.457407407407405,70.08148148148149,68.42592592592592,18,,caution,0.27966733121363424,394.1754603889473,jtsb_ais_interpolated,,,,,70,,False,False
560.0,,target,999170603,WAN HAI 266,-1.8876800718001157,0.768173515981559,34.534469558599696,139.0334813546423,16.37945205479452,74.20547945205479,75.20547945205479,18,,safe,1.2959457504803749,321.1199905903674,jtsb_ais_interpolated,,,,,70,,False,False
561.0,,own,999170601,USS FITZGERALD,0.8478053868134273,2.019999999999669,34.55533333333333,139.08881666666667,19.306666666666665,191.30666666666667,191.30666666666667,18,,,,,jtsb_arpa_interpolated_heading_proxy,,,,,35,,False,False
561.0,,target,999170602,ACX CRYSTAL,-1.6728463918615595,-0.5560493827162658,34.51239917695473,139.0378271604938,18.45925925925926,70.05185185185185,68.4074074074074,18,,caution,0.27785743448953804,393.0351038612851,jtsb_ais_interpolated,,,,,70,,False,False
561.0,,target,999170603,WAN HAI 266,-1.883315972023775,0.7694063926938878,34.5344901065449,139.03356963470318,16.38082191780822,74.1917808219178,75.1917808219178,18,,safe,1.2939970492059856,320.1186378592977,jtsb_ais_interpolated,,,,,70,,False,False
562.0,,own,999170601,USS FITZGERALD,0.8465237460170245,2.0149999999996644,34.555249999999994,139.08879074074073,19.30222222222222,191.3688888888889,191.3688888888889,18,,,,,jtsb_arpa_interpolated_heading_proxy,,,,,35,,False,False
562.0,,target,999170602,ACX CRYSTAL,-1.667963950732443,-0.5542592592594767,34.51242901234568,139.03792592592592,18.461111111111112,70.02222222222223,68.38888888888889,18,,caution,0.2760561256807522,391.89578010925965,jtsb_ais_interpolated,,,,,70,,False,False
562.0,,target,999170603,WAN HAI 266,-1.8789518722474348,0.7706392694062166,34.534510654490106,139.0336579147641,16.382191780821916,74.17808219178082,75.17808219178082,18,,safe,1.2920587364536622,319.1178476837896,jtsb_ais_interpolated,,,,,70,,False,False
563.0,,own,999170601,USS FITZGERALD,0.8452421052206217,2.009999999999659,34.555166666666665,139.08876481481482,19.297777777777778,191.4311111111111,191.4311111111111,18,,,,,jtsb_arpa_interpolated_heading_proxy,,,,,35,,False,False
563.0,,target,999170602,ACX CRYSTAL,-1.6630815096033267,-0.5524691358026877,34.512458847736625,139.038024691358,18.462962962962962,69.9925925925926,68.37037037037037,18,,caution,0.27426339387483895,390.7574864147806,jtsb_ais_interpolated,,,,,70,,False,False
563.0,,target,999170603,WAN HAI 266,-1.8745877724710942,0.7718721461185455,34.53453120243531,139.03374619482497,16.383561643835616,74.16438356164383,75.16438356164383,18,,safe,1.2901308046720732,318.1176194899,jtsb_ais_interpolated,,,,,70,,False,False
564.0,,own,999170601,USS FITZGERALD,0.8439604644242189,2.0049999999996544,34.55508333333333,139.08873888888888,19.293333333333333,191.49333333333334,191.49333333333334,18,,,,,jtsb_arpa_interpolated_heading_proxy,,,,,35,,False,False
564.0,,target,999170602,ACX CRYSTAL,-1.6581990684742103,-0.5506790123458987,34.51248868312757,139.03812345679012,18.464814814814815,69.96296296296296,68.35185185185185,18,,caution,0.2724792281776582,389.6202200643635,jtsb_ais_interpolated,,,,,70,,False,False
564.0,,target,999170603,WAN HAI 266,-1.8702236726947539,0.7731050228308742,34.534551750380516,139.03383447488585,16.384931506849313,74.15068493150685,75.15068493150685,18,,safe,1.288213246314852,317.11795270230294,jtsb_ais_interpolated,,,,,70,,False,False
565.0,,own,999170601,USS FITZGERALD,0.8426788236278161,1.9999999999996494,34.55499999999999,139.08871296296297,19.288888888888888,191.55555555555557,191.55555555555557,18,,,,,jtsb_arpa_interpolated_heading_proxy,,,,,35,,False,False
565.0,,target,999170602,ACX CRYSTAL,-1.6533166273450939,-0.5488888888891097,34.51251851851852,139.0382222222222,18.466666666666665,69.93333333333334,68.33333333333333,18,,caution,0.27070361771329715,388.4839783491193,jtsb_ais_interpolated,,,,,70,,False,False
565.0,,target,999170603,WAN HAI 266,-1.8658595729184135,0.7743378995432031,34.53457229832572,139.03392275494673,16.386301369863013,74.13698630136986,75.13698630136986,18,,safe,1.28630605384059,316.1188467442994,jtsb_ais_interpolated,,,,,70,,False,False
566.0,,own,999170601,USS FITZGERALD,0.8413971828314133,1.9949999999996446,34.554916666666664,139.08868703703703,19.284444444444443,191.61777777777777,191.61777777777777,18,,,,,jtsb_arpa_interpolated_heading_proxy,,,,,35,,False,False
566.0,,target,999170602,ACX CRYSTAL,-1.6484341862159777,-0.5470987654323207,34.512548353909466,139.03832098765432,18.46851851851852,69.90370370370371,68.31481481481481,18,,caution,0.26893655162399577,387.3487585647412,jtsb_ais_interpolated,,,,,70,,False,False
566.0,,target,999170603,WAN HAI 266,-1.861495473142073,0.7755707762555318,34.534592846270925,139.0340110350076,16.387671232876713,74.12328767123287,75.12328767123287,18,,safe,1.2844092197128167,315.1203010378276,jtsb_ais_interpolated,,,,,70,,False,False
567.0,,own,999170601,USS FITZGERALD,0.8401155420350105,1.9899999999996396,34.55483333333333,139.08866111111112,19.279999999999998,191.68,191.68,18,,,,,jtsb_arpa_interpolated_heading_proxy,,,,,35,,False,False
567.0,,target,999170602,ACX CRYSTAL,-1.6435517450868613,-0.5453086419755316,34.512578189300406,139.0384197530864,18.47037037037037,69.87407407407407,68.29629629629629,18,,caution,0.26717801907007294,386.21455801149347,jtsb_ais_interpolated,,,,,70,,False,False
567.0,,target,999170603,WAN HAI 266,-1.8571313733657324,0.7768036529678607,34.53461339421613,139.0340993150685,16.38904109589041,74.10958904109589,75.10958904109589,18,,safe,1.2825227363999916,314.12231500347286,jtsb_ais_interpolated,,,,,70,,False,False
568.0,,own,999170601,USS FITZGERALD,0.8388339012386077,1.9849999999996346,34.55475,139.08863518518518,19.275555555555556,191.74222222222224,191.74222222222224,18,,,,,jtsb_arpa_interpolated_heading_proxy,,,,,35,,False,False
568.0,,target,999170602,ACX CRYSTAL,-1.638669303957745,-0.5435185185187427,34.51260802469135,139.03851851851852,18.47222222222222,69.84444444444445,68.27777777777777,18,,caution,0.2654280092298547,385.08137399419854,jtsb_ais_interpolated,,,,,70,,False,False
568.0,,target,999170603,WAN HAI 266,-1.852767273589392,0.7780365296801895,34.534633942161335,139.03418759512937,16.39041095890411,74.0958904109589,75.0958904109589,18,,safe,1.2806465963754876,313.12488806047844,jtsb_ais_interpolated,,,,,70,,False,False
569.0,,own,999170601,USS FITZGERALD,0.8375522604422049,1.9799999999996298,34.55466666666666,139.08860925925927,19.27111111111111,191.80444444444444,191.80444444444444,18,,,,,jtsb_arpa_interpolated_heading_proxy,,,,,35,,False,False
569.0,,target,999170602,ACX CRYSTAL,-1.6337868628286285,-0.5417283950619536,34.5126378600823,139.0386172839506,18.474074074074075,69.81481481481482,68.25925925925925,18,,caution,0.263686511299601,383.94920382222614,jtsb_ais_interpolated,,,,,70,,False,False
569.0,,target,999170603,WAN HAI 266,-1.8484031738130517,0.7792694063925183,34.53465449010655,139.03427587519025,16.391780821917806,74.08219178082192,75.08219178082192,18,,safe,1.2787807921175833,312.12801962675485,jtsb_ais_interpolated,,,,,70,,False,False
570.0,,own,999170601,USS FITZGERALD,0.8362706196458021,1.9749999999996248,34.554583333333326,139.08858333333333,19.266666666666666,191.86666666666667,191.86666666666667,18,,,,,jtsb_arpa_interpolated_heading_proxy,,,,,35,,False,False
570.0,,target,999170602,ACX CRYSTAL,-1.628904421699512,-0.5399382716051646,34.51266769547325,139.0387160493827,18.475925925925925,69.78518518518518,68.24074074074075,18,,caution,0.26195351449343207,382.81804480948034,jtsb_ais_interpolated,,,,,70,,False,False
570.0,,target,999170603,WAN HAI 266,-1.8440390740367112,0.7805022831048471,34.53467503805175,139.03436415525113,16.393150684931506,74.06849315068493,75.06849315068493,18,,safe,1.2769253161094407,311.1317091188899,jtsb_ais_interpolated,,,,,70,,False,False
571.0,,own,999170601,USS FITZGERALD,0.8349889788493993,1.9699999999996198,34.5545,139.0885574074074,19.26222222222222,191.9288888888889,191.9288888888889,18,,,,,jtsb_arpa_interpolated_heading_proxy,,,,,35,,False,False
571.0,,target,999170602,ACX CRYSTAL,-1.624021980570396,-0.5381481481483755,34.512697530864195,139.0388148148148,18.477777777777778,69.75555555555556,68.22222222222223,18,,caution,0.2602290080432607,381.6878942743879,jtsb_ais_interpolated,,,,,70,,False,False
571.0,,target,999170603,WAN HAI 266,-1.8396749742603709,0.781735159817176,34.53469558599696,139.03445243531203,16.394520547945206,74.05479452054794,75.05479452054794,18,,safe,1.275080160839102,310.13595595215884,jtsb_ais_interpolated,,,,,70,,False,False
572.0,,own,999170601,USS FITZGERALD,0.8337073380529965,1.964999999999615,34.55441666666666,139.08853148148148,19.257777777777775,191.9911111111111,191.9911111111111,18,,,,,jtsb_arpa_interpolated_heading_proxy,,,,,35,,False,False
572.0,,target,999170602,ACX CRYSTAL,-1.6191395394412795,-0.5363580246915866,34.51272736625514,139.0389135802469,18.479629629629628,69.72592592592594,68.20370370370371,18,,caution,0.25851298119871335,380.55874953988666,jtsb_ais_interpolated,,,,,70,,False,False
572.0,,target,999170603,WAN HAI 266,-1.8353108744840303,0.7829680365295048,34.53471613394216,139.0345407153729,16.395890410958902,74.04109589041096,75.04109589041096,18,,safe,1.2732453187994721,309.14075954053396,jtsb_ais_interpolated,,,,,70,,False,False
573.0,,own,999170601,USS FITZGERALD,0.8324256972565938,1.95999999999961,34.554333333333325,139.08850555555554,19.253333333333334,192.05333333333334,192.05333333333334,18,,,,,jtsb_arpa_interpolated_heading_proxy,,,,,35,,False,False
573.0,,target,999170602,ACX CRYSTAL,-1.6142570983121631,-0.5345679012347975,34.51275720164609,139.039012345679,18.48148148148148,69.6962962962963,68.18518518518519,18,,caution,0.25680542322706473,379.4306079334128,jtsb_ais_interpolated,,,,,70,,False,False
573.0,,target,999170603,WAN HAI 266,-1.83094677470769,0.7842009132418336,34.53473668188737,139.0346289954338,16.397260273972602,74.02739726027397,75.02739726027397,18,,safe,1.271420782488303,308.1461192966944,jtsb_ais_interpolated,,,,,70,,False,False
574.0,,own,999170601,USS FITZGERALD,0.8311440564601908,1.954999999999605,34.554249999999996,139.08847962962963,19.24888888888889,192.11555555555557,192.11555555555557,18,,,,,jtsb_arpa_interpolated_heading_proxy,,,,,35,,False,False
574.0,,target,999170602,ACX CRYSTAL,-1.6093746571830467,-0.5327777777780085,34.512787037037036,139.0391111111111,18.483333333333334,69.66666666666667,68.16666666666667,18,,caution,0.25510632341316425,378.3034667868898,jtsb_ais_interpolated,,,,,70,,False,False
574.0,,target,999170603,WAN HAI 266,-1.8265826749313496,0.7854337899541624,34.53475722983257,139.03471727549467,16.3986301369863,74.01369863013699,75.01369863013699,18,,safe,1.2696065444081877,307.1520346320359,jtsb_ais_interpolated,,,,,70,,False,False
575.0,,own,999170601,USS FITZGERALD,0.8298624156637882,1.9499999999996003,34.55416666666666,139.0884537037037,19.244444444444444,192.17777777777778,192.17777777777778,18,,,,,jtsb_arpa_interpolated_heading_proxy,,,,,35,,False,False
575.0,,target,999170602,ACX CRYSTAL,-1.6044922160539303,-0.5309876543212195,34.51281687242798,139.0392098765432,18.485185185185184,69.63703703703705,68.14814814814815,18,,caution,0.25341567105936175,377.17732343671605,jtsb_ais_interpolated,,,,,70,,False,False
575.0,,target,999170603,WAN HAI 266,-1.822218575155009,0.7866666666664912,34.53477777777778,139.03480555555555,16.4,74.0,75.0,18,,safe,1.2678025970665394,306.1585049566802,jtsb_ais_fix,,,,,70,,False,False
576.0,,own,999170601,USS FITZGERALD,0.8285807748673854,1.9449999999995953,34.55408333333333,139.08842777777778,19.24,192.24,192.24,18,,,,,jtsb_arpa_interpolated_heading_proxy,,,,,35,,False,False
576.0,,target,999170602,ACX CRYSTAL,-1.5996097749248142,-0.5291975308644304,34.51284670781893,139.0393086419753,18.487037037037037,69.60740740740741,68.12962962962963,18,,caution,0.2517334554854422,376.0521752237522,jtsb_ais_interpolated,,,,,70,,False,False
576.0,,target,999170603,WAN HAI 266,-1.8177786052532252,0.7879166666664901,34.53479861111111,139.03489537037038,16.401666666666664,74.0,75.0,18,,safe,1.2656714441937091,305.1940479373946,jtsb_ais_interpolated,,,,,70,,False,False
577.0,,own,999170601,USS FITZGERALD,0.8272991340709825,1.9399999999995903,34.553999999999995,139.08840185185184,19.235555555555553,192.30222222222224,192.30222222222224,18,,,,,jtsb_arpa_interpolated_heading_proxy,,,,,35,,False,False
577.0,,target,999170602,ACX CRYSTAL,-1.5947273337956978,-0.5274074074076415,34.51287654320988,139.0394074074074,18.488888888888887,69.57777777777778,68.11111111111111,18,,caution,0.2500596660285506,374.9280194933105,jtsb_ais_interpolated,,,,,70,,False,False
577.0,,target,999170603,WAN HAI 266,-1.8133386353514414,0.7891666666664889,34.534819444444445,139.03498518518518,16.403333333333332,74.0,75.0,18,,safe,1.263552212493196,304.2299081612276,jtsb_ais_interpolated,,,,,70,,False,False
578.0,,own,999170601,USS FITZGERALD,0.8260174932745797,1.9349999999995855,34.55391666666666,139.08837592592593,19.23111111111111,192.36444444444444,192.36444444444444,18,,,,,jtsb_arpa_interpolated_heading_proxy,,,,,35,,False,False
578.0,,target,999170602,ACX CRYSTAL,-1.5898448926665814,-0.5256172839508524,34.51290637860082,139.0395061728395,18.49074074074074,69.54814814814816,68.0925925925926,18,,caution,0.24839429204312627,373.8048535951419,jtsb_ais_interpolated,,,,,70,,False,False
578.0,,target,999170603,WAN HAI 266,-1.8088986654496575,0.7904166666664878,34.534840277777775,139.035075,16.404999999999998,74.0,75.0,18,,safe,1.2614448967027942,303.26608618155814,jtsb_ais_interpolated,,,,,70,,False,False
579.0,,own,999170601,USS FITZGERALD,0.8247358524781769,1.9299999999995805,34.55383333333333,139.08835,19.226666666666667,192.42666666666668,192.42666666666668,18,,,,,jtsb_arpa_interpolated_heading_proxy,,,,,35,,False,False
579.0,,target,999170602,ACX CRYSTAL,-1.584962451537465,-0.5238271604940634,34.512936213991765,139.0396049382716,18.492592592592594,69.51851851851852,68.07407407407408,18,,caution,0.24673732290082453,372.6826748834243,jtsb_ais_interpolated,,,,,70,,False,False
579.0,,target,999170603,WAN HAI 266,-1.8044586955478736,0.7916666666664867,34.53486111111111,139.0351648148148,16.406666666666666,74.0,75.0,18,,safe,1.2593494915546335,302.3025825489039,jtsb_ais_interpolated,,,,,70,,False,False
580.0,,own,999170601,USS FITZGERALD,0.8234542116817741,1.9249999999995755,34.553749999999994,139.08832407407408,19.22222222222222,192.4888888888889,192.4888888888889,18,,,,,jtsb_arpa_interpolated_heading_proxy,,,,,35,,False,False
580.0,,target,999170602,ACX CRYSTAL,-1.5800800104083486,-0.5220370370372743,34.51296604938271,139.0397037037037,18.494444444444444,69.4888888888889,68.05555555555556,18,,caution,0.24508874799045496,371.5614807167512,jtsb_ais_interpolated,,,,,70,,False,False
580.0,,target,999170603,WAN HAI 266,-1.8000187256460898,0.7929166666664855,34.53488194444444,139.03525462962963,16.40833333333333,74.0,75.0,18,,safe,1.2572659917751965,301.339397810932,jtsb_ais_interpolated,,,,,70,,False,False
581.0,,own,999170601,USS FITZGERALD,0.8221725708853713,1.9199999999995707,34.55366666666666,139.08829814814814,19.217777777777776,192.5511111111111,192.5511111111111,18,,,,,jtsb_arpa_interpolated_heading_proxy,,,,,35,,False,False
581.0,,target,999170602,ACX CRYSTAL,-1.5751975692792324,-0.5202469135804854,34.51299588477366,139.0398024691358,18.496296296296297,69.45925925925927,68.03703703703704,18,,caution,0.24344855671790802,370.4412684581188,jtsb_ais_interpolated,,,,,70,,False,False
581.0,,target,999170603,WAN HAI 266,-1.795578755744306,0.7941666666664844,34.53490277777777,139.03534444444443,16.41,74.0,75.0,18,,safe,1.2551943920853303,300.37653251246905,jtsb_ais_interpolated,,,,,70,,False,False
582.0,,own,999170601,USS FITZGERALD,0.8208909300889685,1.9149999999995657,34.55358333333333,139.08827222222223,19.21333333333333,192.61333333333334,192.61333333333334,18,,,,,jtsb_arpa_interpolated_heading_proxy,,,,,35,,False,False
582.0,,target,999170602,ACX CRYSTAL,-1.570315128150116,-0.5184567901236963,34.513025720164606,139.0399012345679,18.498148148148147,69.42962962962963,68.01851851851852,18,,caution,0.2418167385060846,369.3220354749147,jtsb_ais_interpolated,,,,,70,,False,False
582.0,,target,999170603,WAN HAI 266,-1.791138785842522,0.7954166666664833,34.53492361111111,139.03543425925926,16.411666666666665,74.0,75.0,18,,safe,1.2531346872002607,299.4139871955121,jtsb_ais_interpolated,,,,,70,,False,False
583.0,,own,999170601,USS FITZGERALD,0.8196092892925657,1.9099999999995607,34.55349999999999,139.0882462962963,19.20888888888889,192.67555555555558,192.67555555555558,18,,,,,jtsb_arpa_interpolated_heading_proxy,,,,,35,,False,False
583.0,,target,999170602,ACX CRYSTAL,-1.5654326870209996,-0.5166666666669073,34.51305555555555,139.04,18.5,69.4,68.0,18,,caution,0.24019328279482952,368.20377913890576,jtsb_ais_fix,,,,,70,,False,False
583.0,,target,999170603,WAN HAI 266,-1.7866988159407384,0.7966666666664821,34.53494444444444,139.03552407407406,16.41333333333333,74.0,75.0,18,,safe,1.2510868718296062,298.45176239923876,jtsb_ais_interpolated,,,,,70,,False,False
584.0,,own,999170601,USS FITZGERALD,0.8183276484961629,1.904999999999556,34.553416666666664,139.08822037037038,19.204444444444444,192.73777777777778,192.73777777777778,18,,,,,jtsb_arpa_interpolated_heading_proxy,,,,,35,,False,False
584.0,,target,999170602,ACX CRYSTAL,-1.5609962381103746,-0.5150000000002399,34.513083333333334,139.04008974358973,18.5,69.41538461538462,68.0,18,,caution,0.2376307317268291,367.23293968795366,jtsb_ais_interpolated,,,,,70,,False,False
584.0,,target,999170603,WAN HAI 266,-1.7822588460389546,0.797916666666481,34.53496527777778,139.0356138888889,16.415,74.0,75.0,18,,safe,1.2490509406773915,297.4898586600179,jtsb_ais_interpolated,,,,,70,,False,False
585.0,,own,999170601,USS FITZGERALD,0.8170460076997601,1.899999999999551,34.55333333333333,139.08819444444444,19.2,192.8,192.8,18,,,,,jtsb_arpa_fix_heading_proxy,,,,,35,,False,False
585.0,,target,999170602,ACX CRYSTAL,-1.5565597891997494,-0.5133333333335727,34.51311111111111,139.04017948717947,18.5,69.43076923076923,68.0,18,,caution,0.23508159031659262,366.26216394975864,jtsb_ais_interpolated,,,,,70,,False,False
585.0,,target,999170603,WAN HAI 266,-1.7778188761371707,0.7991666666664798,34.53498611111111,139.0357037037037,16.416666666666664,74.0,75.0,18,,safe,1.2470268884420597,296.52827651141934,jtsb_ais_interpolated,,,,,70,,False,False
586.0,,own,999170601,USS FITZGERALD,0.8144827261070482,1.8949999999995555,34.55324999999999,139.0881425925926,19.206666666666667,192.86,192.86,18,,,,,jtsb_arpa_interpolated_heading_proxy,,,,,35,,False,False
586.0,,target,999170602,ACX CRYSTAL,-1.5521233402891244,-0.5116666666669053,34.51313888888889,139.0402692307692,18.5,69.44615384615385,68.0,18,,caution,0.23216360140109477,365.0922375503973,jtsb_ais_interpolated,,,,,70,,False,False
586.0,,target,999170603,WAN HAI 266,-1.7733789062353869,0.8004166666664787,34.53500694444444,139.03579351851852,16.418333333333333,74.0,75.0,18,,safe,1.2445254401352466,295.349853558923,jtsb_ais_interpolated,,,,,70,,False,False
587.0,,own,999170601,USS FITZGERALD,0.8119194445143363,1.88999999999956,34.55316666666666,139.08809074074074,19.21333333333333,192.92000000000002,192.92000000000002,18,,,,,jtsb_arpa_interpolated_heading_proxy,,,,,35,,False,False
587.0,,target,999170602,ACX CRYSTAL,-1.5476868913784991,-0.5100000000002379,34.51316666666666,139.04035897435898,18.5,69.46153846153847,68.0,18,,caution,0.22925588868973834,363.9230060413303,jtsb_ais_interpolated,,,,,70,,False,False
587.0,,target,999170603,WAN HAI 266,-1.768938936333603,0.8016666666664776,34.53502777777778,139.03588333333332,16.419999999999998,74.0,75.0,18,,safe,1.242032673869735,294.17255646067076,jtsb_ais_interpolated,,,,,70,,False,False
588.0,,own,999170601,USS FITZGERALD,0.8093561629216243,1.8849999999995646,34.553083333333326,139.0880388888889,19.22,192.98000000000002,192.98000000000002,18,,,,,jtsb_arpa_interpolated_heading_proxy,,,,,35,,False,False
588.0,,target,999170602,ACX CRYSTAL,-1.5432504424678741,-0.5083333333335707,34.513194444444444,139.04044871794872,18.5,69.47692307692307,68.0,18,,caution,0.2263584602891022,362.7544692482114,jtsb_ais_interpolated,,,,,70,,False,False
588.0,,target,999170603,WAN HAI 266,-1.7644989664318191,0.8029166666664764,34.53504861111111,139.03597314814814,16.421666666666667,74.0,75.0,18,,safe,1.2395485959853603,292.99638362070647,jtsb_ais_interpolated,,,,,70,,False,False
589.0,,own,999170601,USS FITZGERALD,0.8067928813289124,1.8799999999995691,34.553,139.08798703703704,19.226666666666667,193.04,193.04,18,,,,,jtsb_arpa_interpolated_heading_proxy,,,,,35,,False,False
589.0,,target,999170602,ACX CRYSTAL,-1.5388139935572491,-0.5066666666669033,34.51322222222222,139.04053846153846,18.5,69.49230769230769,68.0,18,,caution,0.2234713242919819,361.5866269982945,jtsb_ais_interpolated,,,,,70,,False,False
589.0,,target,999170603,WAN HAI 266,-1.7600589965300353,0.8041666666664753,34.535069444444446,139.03606296296294,16.423333333333332,74.0,75.0,18,,safe,1.2370732128091841,291.8213334476144,jtsb_ais_interpolated,,,,,70,,False,False
590.0,,own,999170601,USS FITZGERALD,0.8042295997362005,1.8749999999995737,34.55291666666666,139.0879351851852,19.233333333333334,193.1,193.1,18,,,,,jtsb_arpa_interpolated_heading_proxy,,,,,35,,False,False
590.0,,target,999170602,ACX CRYSTAL,-1.534377544646624,-0.5050000000002359,34.51325,139.0406282051282,18.5,69.50769230769231,68.0,18,,caution,0.22059448877737195,360.4194791204309,jtsb_ais_interpolated,,,,,70,,False,False
590.0,,target,999170603,WAN HAI 266,-1.7556190266282514,0.8054166666664742,34.535090277777776,139.03615277777777,16.424999999999997,74.0,75.0,18,,safe,1.2346065306555056,290.6474043545041,jtsb_ais_interpolated,,,,,70,,False,False
591.0,,own,999170601,USS FITZGERALD,0.8016663181434885,1.8699999999995782,34.552833333333325,139.08788333333334,19.24,193.16,193.16,18,,,,,jtsb_arpa_interpolated_heading_proxy,,,,,35,,False,False
591.0,,target,999170602,ACX CRYSTAL,-1.529941095735999,-0.5033333333335686,34.51327777777777,139.04071794871794,18.5,69.52307692307693,68.0,18,,caution,0.21772796181047083,359.2530254450644,jtsb_ais_interpolated,,,,,70,,False,False
591.0,,target,999170603,WAN HAI 266,-1.7511790567264676,0.806666666666473,34.53511111111111,139.0362425925926,16.426666666666666,74.0,75.0,18,,safe,1.232148555825872,289.47459475899797,jtsb_ais_interpolated,,,,,70,,False,False
592.0,,own,999170601,USS FITZGERALD,0.7991030365507766,1.8649999999995828,34.552749999999996,139.0878314814815,19.246666666666666,193.22,193.22,18,,,,,jtsb_arpa_interpolated_heading_proxy,,,,,35,,False,False
592.0,,target,999170602,ACX CRYSTAL,-1.525504646825374,-0.5016666666669013,34.513305555555554,139.04080769230768,18.5,69.53846153846153,68.0,18,,caution,0.21487175144266998,358.0872658042286,jtsb_ais_interpolated,,,,,70,,False,False
592.0,,target,999170603,WAN HAI 266,-1.7467390868246837,0.8079166666664719,34.535131944444444,139.0363324074074,16.42833333333333,74.0,75.0,18,,safe,1.2296992946090977,288.3029030832163,jtsb_ais_interpolated,,,,,70,,False,False
593.0,,own,999170601,USS FITZGERALD,0.7965397549580646,1.8599999999995873,34.55266666666666,139.08777962962964,19.253333333333334,193.28,193.28,18,,,,,jtsb_arpa_interpolated_heading_proxy,,,,,35,,False,False
593.0,,target,999170602,ACX CRYSTAL,-1.5210681979147487,-0.5000000000002339,34.51333333333333,139.04089743589745,18.5,69.55384615384615,68.0,18,,caution,0.21202586571154972,356.9222000315419,jtsb_ais_interpolated,,,,,70,,False,False
593.0,,target,999170603,WAN HAI 266,-1.7422991169228998,0.8091666666664707,34.535152777777775,139.03642222222223,16.43,74.0,75.0,18,,safe,1.2272587532812675,287.1323277537642,jtsb_ais_interpolated,,,,,70,,False,False
594.0,,own,999170601,USS FITZGERALD,0.7939764733653527,1.8549999999995919,34.55258333333333,139.0877277777778,19.26,193.34,193.34,18,,,,,jtsb_arpa_interpolated_heading_proxy,,,,,35,,False,False
594.0,,target,999170602,ACX CRYSTAL,-1.5166317490041237,-0.4983333333335666,34.51336111111111,139.0409871794872,18.5,69.56923076923077,68.0,18,,caution,0.2091903126408782,355.7578279622041,jtsb_ais_interpolated,,,,,70,,False,False
594.0,,target,999170603,WAN HAI 266,-1.737859147021116,0.8104166666664696,34.53517361111111,139.03651203703703,16.431666666666665,74.0,75.0,18,,safe,1.2248269381057577,285.9628672017174,jtsb_ais_interpolated,,,,,70,,False,False
595.0,,own,999170601,USS FITZGERALD,0.7914131917726408,1.8499999999995964,34.552499999999995,139.08767592592594,19.266666666666666,193.4,193.4,18,,,,,jtsb_arpa_interpolated_heading_proxy,,,,,35,,False,False
595.0,,target,999170602,ACX CRYSTAL,-1.5121953000934985,-0.49666666666689924,34.51338888888888,139.04107692307693,18.5,69.58461538461538,68.0,18,,caution,0.2063651002405968,354.59414943299277,jtsb_ais_interpolated,,,,,70,,False,False
595.0,,target,999170603,WAN HAI 266,-1.7334191771193321,0.8116666666664685,34.53519444444444,139.03660185185186,16.433333333333334,74.0,75.0,18,,safe,1.2224038553332421,284.79451986260943,jtsb_ais_interpolated,,,,,70,,False,False
596.0,,own,999170601,USS FITZGERALD,0.7888499101799289,1.844999999999601,34.55241666666666,139.08762407407409,19.273333333333333,193.46,193.46,18,,,,,jtsb_arpa_interpolated_heading_proxy,,,,,35,,False,False
596.0,,target,999170602,ACX CRYSTAL,-1.5077588511828734,-0.4950000000002319,34.513416666666664,139.04116666666667,18.5,69.6,68.0,18,,caution,0.203550236506821,353.43116428225875,jtsb_ais_fix,,,,,70,,False,False
596.0,,target,999170603,WAN HAI 266,-1.7289792072175483,0.8129166666664673,34.53521527777777,139.03669166666666,16.435,74.0,75.0,18,,safe,1.2199895112017063,283.6272841764172,jtsb_ais_interpolated,,,,,70,,False,False
597.0,,own,999170601,USS FITZGERALD,0.786286628587217,1.8399999999996055,34.55233333333333,139.08757222222224,19.28,193.51999999999998,193.51999999999998,18,,,,,jtsb_arpa_interpolated_heading_proxy,,,,,35,,False,False
597.0,,target,999170602,ACX CRYSTAL,-1.5029397436061445,-0.4932389937109243,34.51344601677149,139.0412641509434,18.5,69.6188679245283,68.01886792452831,18,,caution,0.20042192824792923,352.2404508416184,jtsb_ais_interpolated,,,,,70,,False,False
597.0,,target,999170603,WAN HAI 266,-1.7245392373157644,0.8141666666664662,34.53523611111111,139.03678148148148,16.436666666666667,74.0,75.0,18,,safe,1.2175839119364606,282.4611585875477,jtsb_ais_interpolated,,,,,70,,False,False
598.0,,own,999170601,USS FITZGERALD,0.783723346994505,1.83499999999961,34.552249999999994,139.08752037037038,19.28666666666667,193.57999999999998,193.57999999999998,18,,,,,jtsb_arpa_interpolated_heading_proxy,,,,,35,,False,False
598.0,,target,999170602,ACX CRYSTAL,-1.4981206360294155,-0.49147798742161664,34.51347536687631,139.04136163522014,18.5,69.6377358490566,68.0377358490566,18,,caution,0.1973049791330648,351.0503596158616,jtsb_ais_interpolated,,,,,70,,False,False
598.0,,target,999170603,WAN HAI 266,-1.7200992674139806,0.8154166666664651,34.53525694444444,139.03687129629628,16.438333333333333,74.0,75.0,18,,safe,1.2151870637501498,281.2961415448248,jtsb_ais_interpolated,,,,,70,,False,False
599.0,,own,999170601,USS FITZGERALD,0.7811600654017931,1.8299999999996146,34.552166666666665,139.08746851851853,19.293333333333333,193.64,193.64,18,,,,,jtsb_arpa_interpolated_heading_proxy,,,,,35,,False,False
599.0,,target,999170602,ACX CRYSTAL,-1.4933015284526865,-0.489716981132309,34.51350471698113,139.04145911949686,18.5,69.6566037735849,68.05660377358491,18,,caution,0.19419939730440297,349.86089074674686,jtsb_ais_interpolated,,,,,70,,False,False
599.0,,target,999170603,WAN HAI 266,-1.715659297512197,0.8166666666664639,34.53527777777778,139.0369611111111,16.439999999999998,74.0,75.0,18,,safe,1.2127989728427695,280.1322315014756,jtsb_ais_interpolated,,,,,70,,False,False
600.0,,own,999170601,USS FITZGERALD,0.7785967838090811,1.8249999999996191,34.55208333333333,139.08741666666668,19.3,193.7,193.7,18,,,,,jtsb_arpa_fix_heading_proxy,,,,,35,,False,False
600.0,,target,999170602,ACX CRYSTAL,-1.4884824208759575,-0.48795597484300135,34.51353406708595,139.04155660377359,18.5,69.6754716981132,68.0754716981132,18,,caution,0.19110519088991593,348.6720443772063,jtsb_ais_interpolated,,,,,70,,False,False
600.0,,target,999170603,WAN HAI 266,-1.711219327610413,0.8179166666664628,34.53529861111111,139.0370509259259,16.441666666666666,74.0,75.0,18,,safe,1.210419645401673,278.9694269151168,jtsb_ais_interpolated,,,,,70,,False,False
601.0,,own,999170601,USS FITZGERALD,0.7765827768433187,1.819555555555174,34.55199259259259,139.08737592592595,19.3,193.78444444444443,193.78444444444443,18,,,,,jtsb_arpa_interpolated_heading_proxy,,,,,35,,False,False
601.0,,target,999170602,ACX CRYSTAL,-1.4836633132992285,-0.4861949685536937,34.513563417190774,139.0416540880503,18.5,69.69433962264151,68.09433962264151,18,,caution,0.18772684240921447,347.5152317640665,jtsb_ais_interpolated,,,,,70,,False,False
601.0,,target,999170603,WAN HAI 266,-1.7067793577086292,0.8191666666664617,34.53531944444444,139.03714074074074,16.44333333333333,74.0,75.0,18,,safe,1.2079538623609378,277.877084972208,jtsb_ais_interpolated,,,,,70,,False,False
602.0,,own,999170601,USS FITZGERALD,0.7745687698775563,1.8141111111107289,34.551901851851845,139.0873351851852,19.3,193.86888888888888,193.86888888888888,18,,,,,jtsb_arpa_interpolated_heading_proxy,,,,,35,,False,False
602.0,,target,999170602,ACX CRYSTAL,-1.4788442057224995,-0.48443396226438606,34.5135927672956,139.04175157232706,18.5,69.7132075471698,68.11320754716981,18,,caution,0.18436656452770528,346.35886080373757,jtsb_ais_interpolated,,,,,70,,False,False
602.0,,target,999170603,WAN HAI 266,-1.7023393878068453,0.8204166666664605,34.53534027777778,139.03723055555554,16.445,74.0,75.0,18,,safe,1.2055033081436197,276.7855946227918,jtsb_ais_interpolated,,,,,70,,False,False
603.0,,own,999170601,USS FITZGERALD,0.7725547629117938,1.8086666666662836,34.55181111111111,139.08729444444447,19.3,193.95333333333332,193.95333333333332,18,,,,,jtsb_arpa_interpolated_heading_proxy,,,,,35,,False,False
603.0,,target,999170602,ACX CRYSTAL,-1.4740250981457705,-0.48267295597507837,34.513622117400416,139.04184905660378,18.5,69.73207547169811,68.13207547169812,18,,caution,0.18102436042335346,345.2029326868007,jtsb_ais_interpolated,,,,,70,,False,False
603.0,,target,999170603,WAN HAI 266,-1.6978994179050615,0.8216666666664594,34.53536111111111,139.03732037037037,16.446666666666665,74.0,75.0,18,,safe,1.2030679802365993,275.69495557701254,jtsb_ais_interpolated,,,,,70,,False,False
604.0,,own,999170601,USS FITZGERALD,0.7705407559460313,1.8032222222218384,34.55172037037037,139.0872537037037,19.3,194.03777777777776,194.03777777777776,18,,,,,jtsb_arpa_interpolated_heading_proxy,,,,,35,,False,False
604.0,,target,999170602,ACX CRYSTAL,-1.4692059905690416,-0.4809119496857707,34.51365146750524,139.0419465408805,18.5,69.7509433962264,68.15094339622641,18,,caution,0.1777002332442911,344.04744860300735,jtsb_ais_interpolated,,,,,70,,False,False
604.0,,target,999170603,WAN HAI 266,-1.6934594480032776,0.8229166666664582,34.535381944444445,139.03741018518517,16.448333333333334,74.0,75.0,18,,safe,1.2006478761145367,274.6051675445162,jtsb_ais_interpolated,,,,,70,,False,False
605.0,,own,999170601,USS FITZGERALD,0.768526748980269,1.7977777777773933,34.55162962962962,139.08721296296298,19.3,194.1222222222222,194.1222222222222,18,,,,,jtsb_arpa_interpolated_heading_proxy,,,,,35,,False,False
605.0,,target,999170602,ACX CRYSTAL,-1.4643868829923126,-0.4791509433964631,34.51368081761006,139.04204402515722,18.5,69.76981132075471,68.16981132075472,18,,caution,0.17439418610881266,342.8924097412834,jtsb_ais_interpolated,,,,,70,,False,False
605.0,,target,999170603,WAN HAI 266,-1.6890194781014938,0.8241666666664571,34.535402777777776,139.0375,16.45,74.0,75.0,18,,safe,1.198242993239877,273.51623023445916,jtsb_ais_interpolated,,,,,70,,False,False
606.0,,own,999170601,USS FITZGERALD,0.7665127420145065,1.792333333332948,34.551538888888885,139.08717222222225,19.3,194.20666666666665,194.20666666666665,18,,,,,jtsb_arpa_interpolated_heading_proxy,,,,,35,,False,False
606.0,,target,999170602,ACX CRYSTAL,-1.4595677754155836,-0.47738993710715544,34.51371016771488,139.04214150943397,18.5,69.788679245283,68.18867924528301,18,,caution,0.1711062221053781,341.7378172897311,jtsb_ais_interpolated,,,,,70,,False,False
606.0,,target,999170603,WAN HAI 266,-1.68457950819971,0.825416666666456,34.535423611111106,139.03758981481482,16.451666666666664,74.0,75.0,18,,safe,1.1958533290628417,272.4281433555172,jtsb_ais_interpolated,,,,,70,,False,False
607.0,,own,999170601,USS FITZGERALD,0.764498735048744,1.7868888888885028,34.55144814814815,139.0871314814815,19.3,194.2911111111111,194.2911111111111,18,,,,,jtsb_arpa_interpolated_heading_proxy,,,,,35,,False,False
607.0,,target,999170602,ACX CRYSTAL,-1.4547486678388546,-0.4756289308178478,34.5137395178197,139.0422389937107,18.5,69.80754716981131,68.20754716981132,18,,caution,0.16783634429260322,340.5836724356322,jtsb_ais_interpolated,,,,,70,,False,False
607.0,,target,999170603,WAN HAI 266,-1.680139538297926,0.8266666666664548,34.535444444444444,139.03767962962962,16.453333333333333,74.0,75.0,18,,safe,1.1934788810214285,271.3409066158938,jtsb_ais_interpolated,,,,,70,,False,False
608.0,,own,999170601,USS FITZGERALD,0.7624847280829815,1.7814444444440578,34.5513574074074,139.08709074074076,19.3,194.37555555555554,194.37555555555554,18,,,,,jtsb_arpa_interpolated_heading_proxy,,,,,35,,False,False
608.0,,target,999170602,ACX CRYSTAL,-1.4499295602621256,-0.47386792452854015,34.513768867924526,139.04233647798742,18.5,69.82641509433962,68.22641509433963,18,,caution,0.1645845556992611,339.4299763654507,jtsb_ais_interpolated,,,,,70,,False,False
608.0,,target,999170603,WAN HAI 266,-1.6756995683961422,0.8279166666664537,34.535465277777774,139.03776944444445,16.455,74.0,75.0,18,,safe,1.191119646541407,270.2545197233287,jtsb_ais_interpolated,,,,,70,,False,False
609.0,,own,999170601,USS FITZGERALD,0.7604707211172191,1.7759999999996126,34.55126666666666,139.08705,19.3,194.45999999999998,194.45999999999998,18,,,,,jtsb_arpa_interpolated_heading_proxy,,,,,35,,False,False
609.0,,target,999170602,ACX CRYSTAL,-1.4451104526853968,-0.4721069182392325,34.51379821802935,139.04243396226414,18.5,69.84528301886792,68.24528301886792,18,,caution,0.1613508593242788,338.2767302648357,jtsb_ais_interpolated,,,,,70,,False,False
609.0,,target,999170603,WAN HAI 266,-1.6712595984943583,0.8291666666664526,34.53548611111111,139.03785925925925,16.456666666666667,74.0,75.0,18,,safe,1.1887756230363153,269.1689823851063,jtsb_ais_interpolated,,,,,70,,False,False
610.0,,own,999170601,USS FITZGERALD,0.7584567141514567,1.7705555555551673,34.55117592592592,139.08700925925928,19.3,194.54444444444442,194.54444444444442,18,,,,,jtsb_arpa_interpolated_heading_proxy,,,,,35,,False,False
610.0,,target,999170602,ACX CRYSTAL,-1.4402913451086679,-0.47034591194992487,34.51382756813417,139.0425314465409,18.5,69.86415094339623,68.26415094339623,18,,caution,0.15813525813673698,337.1239353186242,jtsb_ais_interpolated,,,,,70,,False,False
610.0,,target,999170603,WAN HAI 266,-1.6668196285925745,0.8304166666664514,34.53550694444444,139.03794907407408,16.458333333333332,74.0,75.0,18,,safe,1.1864468079074606,268.08429430806393,jtsb_ais_interpolated,,,,,70,,False,False
611.0,,own,999170601,USS FITZGERALD,0.7564427071856942,1.7651111111107223,34.55108518518518,139.08696851851855,19.3,194.62888888888887,194.62888888888887,18,,,,,jtsb_arpa_interpolated_heading_proxy,,,,,35,,False,False
611.0,,target,999170602,ACX CRYSTAL,-1.4354722375319389,-0.4685849056606172,34.51385691823899,139.0426289308176,18.5,69.88301886792452,68.28301886792453,18,,caution,0.15493775507586466,335.97159271084365,jtsb_ais_interpolated,,,,,70,,False,False
611.0,,target,999170603,WAN HAI 266,-1.6623796586907906,0.8316666666664503,34.53552777777777,139.03803888888888,16.46,74.0,75.0,18,,safe,1.1841331985439119,267.0004551986004,jtsb_ais_interpolated,,,,,70,,False,False
612.0,,own,999170601,USS FITZGERALD,0.7544287002199318,1.759666666666277,34.55099444444444,139.0869277777778,19.3,194.71333333333334,194.71333333333334,18,,,,,jtsb_arpa_interpolated_heading_proxy,,,,,35,,False,False
612.0,,target,999170602,ACX CRYSTAL,-1.4306531299552099,-0.4668238993713096,34.51388626834381,139.04272641509434,18.5,69.90188679245283,68.30188679245283,18,,caution,0.15175835305103622,334.81970362471486,jtsb_ais_interpolated,,,,,70,,False,False
612.0,,target,999170603,WAN HAI 266,-1.6579396887890068,0.8329166666664491,34.53554861111111,139.0381287037037,16.461666666666666,74.0,75.0,18,,safe,1.1818347923224986,265.9174647626842,jtsb_ais_interpolated,,,,,70,,False,False
613.0,,own,999170601,USS FITZGERALD,0.7524146932541693,1.7542222222218318,34.550903703703696,139.08688703703706,19.3,194.79777777777778,194.79777777777778,18,,,,,jtsb_arpa_interpolated_heading_proxy,,,,,35,,False,False
613.0,,target,999170602,ACX CRYSTAL,-1.425834022378481,-0.46506289308200194,34.513915618448635,139.04282389937106,18.5,69.92075471698112,68.32075471698113,18,,caution,0.14859705494177672,333.6682692426549,jtsb_ais_interpolated,,,,,70,,False,False
613.0,,target,999170603,WAN HAI 266,-1.6534997188872231,0.834166666666448,34.53556944444444,139.0382185185185,16.46333333333333,74.0,75.0,18,,safe,1.1795515866078112,264.83532270586153,jtsb_ais_interpolated,,,,,70,,False,False
614.0,,own,999170601,USS FITZGERALD,0.7504006862884068,1.7487777777773867,34.55081296296296,139.0868462962963,19.3,194.88222222222223,194.88222222222223,18,,,,,jtsb_arpa_interpolated_heading_proxy,,,,,35,,False,False
614.0,,target,999170602,ACX CRYSTAL,-1.421014914801752,-0.4633018867926943,34.51394496855346,139.0429213836478,18.5,69.93962264150943,68.33962264150944,18,,caution,0.1454538635977487,332.5172907462798,jtsb_ais_interpolated,,,,,70,,False,False
614.0,,target,999170603,WAN HAI 266,-1.6490597489854393,0.8354166666664469,34.53559027777778,139.03830833333333,16.465,74.0,75.0,18,,safe,1.1772835787521925,263.754028733265,jtsb_ais_interpolated,,,,,70,,False,False
615.0,,own,999170601,USS FITZGERALD,0.7483866793226445,1.7433333333329415,34.55072222222222,139.08680555555557,19.3,194.96666666666667,194.96666666666667,18,,,,,jtsb_arpa_interpolated_heading_proxy,,,,,35,,False,False
615.0,,target,999170602,ACX CRYSTAL,-1.416195807225023,-0.46154088050338665,34.51397431865828,139.04301886792453,18.5,69.95849056603772,68.35849056603773,18,,caution,0.14232878183875725,331.366769316407,jtsb_ais_interpolated,,,,,70,,False,False
615.0,,target,999170603,WAN HAI 266,-1.6446197790836554,0.8366666666664457,34.53561111111111,139.03839814814813,16.466666666666665,74.0,75.0,18,,safe,1.1750307660957398,262.6735825496209,jtsb_ais_interpolated,,,,,70,,False,False
616.0,,own,999170601,USS FITZGERALD,0.746372672356882,1.7378888888884962,34.550631481481474,139.08676481481484,19.3,195.0511111111111,195.0511111111111,18,,,,,jtsb_arpa_interpolated_heading_proxy,,,,,35,,False,False
616.0,,target,999170602,ACX CRYSTAL,-1.411376699648294,-0.45977987421407895,34.5140036687631,139.04311635220125,18.5,69.97735849056603,68.37735849056604,18,,caution,0.13922181245474585,330.2167061330585,jtsb_ais_interpolated,,,,,70,,False,False
616.0,,target,999170603,WAN HAI 266,-1.6401798091818716,0.8379166666664446,34.53563194444444,139.03848796296296,16.468333333333334,74.0,75.0,18,,safe,1.1727931459662981,261.593983859258,jtsb_ais_interpolated,,,,,70,,False,False
617.0,,own,999170601,USS FITZGERALD,0.7443586653911195,1.7324444444440512,34.550540740740736,139.08672407407408,19.3,195.13555555555556,195.13555555555556,18,,,,,jtsb_arpa_interpolated_heading_proxy,,,,,35,,False,False
617.0,,target,999170602,ACX CRYSTAL,-1.406557592071565,-0.4580188679247713,34.51403301886792,139.043213836478,18.5,69.99622641509433,68.39622641509433,18,,caution,0.13613295820579527,329.0671023754632,jtsb_ais_interpolated,,,,,70,,False,False
617.0,,target,999170603,WAN HAI 266,-1.6357398392800877,0.8391666666664435,34.53565277777778,139.03857777777776,16.47,74.0,75.0,18,,safe,1.1705707156794622,260.5152323661152,jtsb_ais_interpolated,,,,,70,,False,False
618.0,,own,999170601,USS FITZGERALD,0.7423446584253571,1.726999999999606,34.55045,139.08668333333335,19.3,195.22,195.22,18,,,,,jtsb_arpa_interpolated_heading_proxy,,,,,35,,False,False
618.0,,target,999170602,ACX CRYSTAL,-1.401738484494836,-0.45625786163546367,34.514062368972745,139.04331132075473,18.5,70.01509433962264,68.41509433962264,18,,caution,0.1330622218221188,327.9179592220601,jtsb_ais_interpolated,,,,,70,,False,False
618.0,,target,999170603,WAN HAI 266,-1.6312998693783038,0.8404166666664423,34.53567361111111,139.0386675925926,16.471666666666668,74.0,75.0,18,,safe,1.1683634725385696,259.4373277737495,jtsb_ais_interpolated,,,,,70,,False,False
619.0,,own,999170601,USS FITZGERALD,0.7403306514595946,1.7215555555551607,34.55035925925925,139.0866425925926,19.3,195.30444444444444,195.30444444444444,18,,,,,jtsb_arpa_interpolated_heading_proxy,,,,,35,,False,False
619.0,,target,999170602,ACX CRYSTAL,-1.396919376918107,-0.454496855346156,34.51409171907756,139.04340880503145,18.5,70.03396226415094,68.43396226415095,18,,caution,0.13000960600406325,326.7692778505004,jtsb_ais_interpolated,,,,,70,,False,False
619.0,,target,999170603,WAN HAI 266,-1.62685989947652,0.8416666666664412,34.535694444444445,139.0387574074074,16.473333333333333,74.0,75.0,18,,safe,1.1661714138347,258.3602697853439,jtsb_ais_interpolated,,,,,70,,False,False
620.0,,own,999170601,USS FITZGERALD,0.7383166444938322,1.7161111111107157,34.550268518518514,139.08660185185187,19.3,195.38888888888889,195.38888888888889,18,,,,,jtsb_arpa_interpolated_heading_proxy,,,,,35,,False,False
620.0,,target,999170602,ACX CRYSTAL,-1.392100269341378,-0.4527358490568484,34.51412106918239,139.04350628930817,18.5,70.05283018867924,68.45283018867924,18,,caution,0.1269751134221061,325.62105943765056,jtsb_ais_interpolated,,,,,70,,False,False
620.0,,target,999170603,WAN HAI 266,-1.6224199295747361,0.84291666666644,34.535715277777776,139.03884722222222,16.475,74.0,75.0,18,,safe,1.1639945368466722,257.2840581037154,jtsb_ais_interpolated,,,,,70,,False,False
621.0,,own,999170601,USS FITZGERALD,0.7363026375280697,1.7106666666662704,34.550177777777776,139.08656111111114,19.3,195.47333333333333,195.47333333333333,18,,,,,jtsb_arpa_interpolated_heading_proxy,,,,,35,,False,False
621.0,,target,999170602,ACX CRYSTAL,-1.387281161764649,-0.45097484276754074,34.51415041928721,139.04360377358492,18.5,70.07169811320755,68.47169811320755,18,,caution,0.12395874671685232,324.4733051595954,jtsb_ais_interpolated,,,,,70,,False,False
621.0,,target,999170603,WAN HAI 266,-1.6179799596729523,0.8441666666664389,34.535736111111106,139.03893703703704,16.476666666666667,74.0,75.0,18,,safe,1.1618328388410415,256.20869243132245,jtsb_ais_interpolated,,,,,70,,False,False
622.0,,own,999170601,USS FITZGERALD,0.7342886305623073,1.7052222222218252,34.55008703703703,139.08652037037038,19.3,195.55777777777777,195.55777777777777,18,,,,,jtsb_arpa_interpolated_heading_proxy,,,,,35,,False,False
622.0,,target,999170602,ACX CRYSTAL,-1.38246205418792,-0.4492138364782331,34.51417976939203,139.04370125786164,18.5,70.09056603773584,68.49056603773585,18,,caution,0.12096050849903324,323.32601619163984,jtsb_ais_interpolated,,,,,70,,False,False
622.0,,target,999170603,WAN HAI 266,-1.6135399897711684,0.8454166666664378,34.535756944444444,139.03902685185184,16.47833333333333,74.0,75.0,18,,safe,1.159686317072097,255.13417247027309,jtsb_ais_interpolated,,,,,70,,False,False
623.0,,own,999170601,USS FITZGERALD,0.7322746235965448,1.6997777777773801,34.54999629629629,139.08647962962965,19.3,195.64222222222222,195.64222222222222,18,,,,,jtsb_arpa_interpolated_heading_proxy,,,,,35,,False,False
623.0,,target,999170602,ACX CRYSTAL,-1.377642946611191,-0.44745283018892545,34.514209119496854,139.04379874213836,18.5,70.10943396226415,68.50943396226415,18,,caution,0.11798040134950397,322.1791937083125,jtsb_ais_interpolated,,,,,70,,False,False
623.0,,target,999170603,WAN HAI 266,-1.6091000198693846,0.8466666666664366,34.535777777777774,139.03911666666667,16.48,74.0,75.0,18,,safe,1.157554968781858,254.06049792233208,jtsb_ais_interpolated,,,,,70,,False,False
624.0,,own,999170601,USS FITZGERALD,0.7302606166307823,1.694333333332935,34.54990555555555,139.0864388888889,19.3,195.72666666666666,195.72666666666666,18,,,,,jtsb_arpa_interpolated_heading_proxy,,,,,35,,False,False
624.0,,target,999170602,ACX CRYSTAL,-1.372823839034462,-0.4456918238996178,34.51423846960167,139.0438962264151,18.5,70.12830188679244,68.52830188679245,18,,caution,0.1150184278192449,321.0328388833675,jtsb_ais_interpolated,,,,,70,,False,False
624.0,,target,999170603,WAN HAI 266,-1.6046600499676007,0.8479166666664355,34.53579861111111,139.03920648148147,16.481666666666666,74.0,75.0,18,,safe,1.1554387912000748,252.98766848892922,jtsb_ais_interpolated,,,,,70,,False,False
625.0,,own,999170601,USS FITZGERALD,0.72824660966502,1.6888888888884896,34.54981481481481,139.08639814814816,19.3,195.8111111111111,195.8111111111111,18,,,,,jtsb_arpa_interpolated_heading_proxy,,,,,35,,False,False
625.0,,target,999170602,ACX CRYSTAL,-1.368004731457733,-0.44393081761031017,34.5142678197065,139.04399371069184,18.5,70.14716981132075,68.54716981132076,18,,caution,0.1120745904293542,319.886952889788,jtsb_ais_interpolated,,,,,70,,False,False
625.0,,target,999170603,WAN HAI 266,-1.6002200800658168,0.8491666666664344,34.53581944444444,139.0392962962963,16.483333333333334,74.0,75.0,18,,safe,1.153337781544222,251.9156838711664,jtsb_ais_interpolated,,,,,70,,False,False
626.0,,own,999170601,USS FITZGERALD,0.7262326026992575,1.6834444444440446,34.54972407407407,139.08635740740743,19.3,195.89555555555555,195.89555555555555,18,,,,,jtsb_arpa_interpolated_heading_proxy,,,,,35,,False,False
626.0,,target,999170602,ACX CRYSTAL,-1.363185623881004,-0.4421698113210025,34.51429716981132,139.04409119496856,18.5,70.16603773584905,68.56603773584905,18,,caution,0.1091488916710494,318.74153689978823,jtsb_ais_interpolated,,,,,70,,False,False
626.0,,target,999170603,WAN HAI 266,-1.595780110164033,0.8504166666664332,34.53584027777777,139.0393861111111,16.485,74.0,75.0,18,,safe,1.1512519370194976,250.84454376982535,jtsb_ais_interpolated,,,,,70,,False,False
627.0,,own,999170601,USS FITZGERALD,0.724218595733495,1.6779999999995994,34.549633333333325,139.08631666666668,19.3,195.98,195.98,18,,,,,jtsb_arpa_interpolated_heading_proxy,,,,,35,,False,False
627.0,,target,999170602,ACX CRYSTAL,-1.358366516304275,-0.4404088050316949,34.51432651991614,139.04418867924528,18.5,70.18490566037735,68.58490566037736,18,,caution,0.10624133400566764,317.5965920848167,jtsb_ais_interpolated,,,,,70,,False,False
627.0,,target,999170603,WAN HAI 266,-1.5913401402622491,0.8516666666664321,34.53586111111111,139.03947592592593,16.486666666666668,74.0,75.0,18,,safe,1.149181254818822,249.774247885375,jtsb_ais_interpolated,,,,,70,,False,False
627.0,,target,999170604,MAERSK EVORA,-2.6928188589879642,-4.0399999999998215,34.45433333333334,139.01719444444447,19.7,58.7,60.0,18,,safe,0.7780423784346904,655.7072640331731,jtsb_ais_fix,,,,,70,,False,False
628.0,,own,999170601,USS FITZGERALD,0.7222045887677326,1.6725555555551541,34.54954259259259,139.08627592592595,19.3,196.06444444444443,196.06444444444443,18,,,,,jtsb_arpa_interpolated_heading_proxy,,,,,35,,False,False
628.0,,target,999170602,ACX CRYSTAL,-1.353547408727546,-0.43864779874238724,34.514355870020964,139.044286163522,18.5,70.20377358490566,68.60377358490567,18,,caution,0.10335191986465861,316.452119615558,jtsb_ais_interpolated,,,,,70,,False,False
628.0,,target,999170603,WAN HAI 266,-1.5869001703604655,0.852916666666431,34.53588194444444,139.03956574074073,16.488333333333333,74.0,75.0,18,,safe,1.1471257321228334,248.7047959179791,jtsb_ais_interpolated,,,,,70,,False,False
628.0,,target,999170604,MAERSK EVORA,-2.6881500246582615,-4.037222222222049,34.454379629629635,139.0172888888889,19.698333333333334,58.705000000000005,60.0,18,,safe,0.7833181070731036,654.4497188629783,jtsb_ais_interpolated,,,,,70,,False,False
629.0,,own,999170601,USS FITZGERALD,0.7201905818019702,1.667111111110709,34.54945185185185,139.0862351851852,19.3,196.14888888888888,196.14888888888888,18,,,,,jtsb_arpa_interpolated_heading_proxy,,,,,35,,False,False
629.0,,target,999170602,ACX CRYSTAL,-1.348728301150817,-0.4368867924530796,34.51438522012578,139.04438364779875,18.5,70.22264150943396,68.62264150943396,18,,caution,0.10048065164958725,315.30812066193636,jtsb_ais_interpolated,,,,,70,,False,False
629.0,,target,999170603,WAN HAI 266,-1.5824602004586816,0.8541666666664298,34.53590277777778,139.03965555555556,16.49,74.0,75.0,18,,safe,1.1450853660998856,247.63618756750319,jtsb_ais_interpolated,,,,,70,,False,False
629.0,,target,999170604,MAERSK EVORA,-2.6834811903285587,-4.034444444444276,34.45442592592593,139.01738333333336,19.696666666666665,58.71,60.0,18,,safe,0.7885778418310975,653.1926548434188,jtsb_ais_interpolated,,,,,70,,False,False
630.0,,own,999170601,USS FITZGERALD,0.7181765748362077,1.6616666666662638,34.549361111111104,139.08619444444446,19.3,196.23333333333332,196.23333333333332,18,,,,,jtsb_arpa_interpolated_heading_proxy,,,,,35,,False,False
630.0,,target,999170602,ACX CRYSTAL,-1.3439091935740881,-0.43512578616377195,34.514414570230606,139.04448113207548,18.5,70.24150943396226,68.64150943396227,18,,caution,0.09762753173212887,314.1645963931175,jtsb_ais_interpolated,,,,,70,,False,False
630.0,,target,999170603,WAN HAI 266,-1.5780202305568978,0.8554166666664287,34.53592361111111,139.03974537037035,16.491666666666667,74.0,75.0,18,,safe,1.143060153906046,246.56842253352232,jtsb_ais_interpolated,,,,,70,,False,False
630.0,,target,999170604,MAERSK EVORA,-2.6788123559988555,-4.031666666666503,34.45447222222223,139.0174777777778,19.695,58.715,60.0,18,,safe,0.7938215766447696,651.9360715243303,jtsb_ais_interpolated,,,,,70,,False,False
631.0,,own,999170601,USS FITZGERALD,0.7161625678704453,1.6562222222218186,34.549270370370365,139.08615370370373,19.3,196.31777777777776,196.31777777777776,18,,,,,jtsb_arpa_interpolated_heading_proxy,,,,,35,,False,False
631.0,,target,999170602,ACX CRYSTAL,-1.3390900859973591,-0.43336477987446426,34.514443920335424,139.0445786163522,18.5,70.26037735849056,68.66037735849056,18,,caution,0.09479256245407375,313.02154797751194,jtsb_ais_interpolated,,,,,70,,False,False
631.0,,target,999170603,WAN HAI 266,-1.573580260655114,0.8566666666664275,34.53594444444444,139.03983518518518,16.493333333333332,74.0,75.0,18,,safe,1.141050092685096,245.5015005153285,jtsb_ais_interpolated,,,,,70,,False,False
631.0,,target,999170604,MAERSK EVORA,-2.6741435216691527,-4.02888888888873,34.454518518518526,139.01757222222224,19.69333333333333,58.720000000000006,60.0,18,,safe,0.7990493054708988,650.6799684579099,jtsb_ais_interpolated,,,,,70,,False,False
632.0,,own,999170601,USS FITZGERALD,0.7141485609046828,1.6507777777773736,34.54917962962963,139.08611296296297,19.3,196.4022222222222,196.4022222222222,18,,,,,jtsb_arpa_interpolated_heading_proxy,,,,,35,,False,False
632.0,,target,999170602,ACX CRYSTAL,-1.3342709784206301,-0.4316037735851566,34.51447327044025,139.04467610062895,18.5,70.27924528301887,68.67924528301887,18,,caution,0.09197574612731425,311.8789765827771,jtsb_ais_interpolated,,,,,70,,False,False
632.0,,target,999170603,WAN HAI 266,-1.56914029075333,0.8579166666664264,34.53596527777778,139.03992499999998,16.495,74.0,75.0,18,,safe,1.1390551795685213,244.43542121193732,jtsb_ais_interpolated,,,,,70,,False,False
632.0,,target,999170604,MAERSK EVORA,-2.66947468733945,-4.026111111110957,34.454564814814816,139.01766666666668,19.691666666666666,58.725,60.0,18,,safe,0.8042610222869505,649.4243451987106,jtsb_ais_interpolated,,,,,70,,False,False
633.0,,own,999170601,USS FITZGERALD,0.7121345539389203,1.6453333333329283,34.54908888888888,139.08607222222224,19.3,196.48666666666665,196.48666666666665,18,,,,,jtsb_arpa_interpolated_heading_proxy,,,,,35,,False,False
633.0,,target,999170602,ACX CRYSTAL,-1.3294518708439012,-0.42984276729584897,34.51450262054507,139.04477358490567,18.5,70.29811320754716,68.69811320754717,18,,caution,0.08917708503385656,310.7368833758202,jtsb_ais_interpolated,,,,,70,,False,False
633.0,,target,999170603,WAN HAI 266,-1.5647003208515462,0.8591666666664253,34.53598611111111,139.0400148148148,16.496666666666666,74.0,75.0,18,,safe,1.1370754116755177,243.37018432209533,jtsb_ais_interpolated,,,,,70,,False,False
633.0,,target,999170604,MAERSK EVORA,-2.664805853009747,-4.023333333333184,34.45461111111111,139.01776111111113,19.689999999999998,58.730000000000004,60.0,18,,safe,0.8094567210910869,648.1692013036355,jtsb_ais_interpolated,,,,,70,,False,False
634.0,,own,999170601,USS FITZGERALD,0.710120546973158,1.639888888888483,34.548998148148144,139.08603148148148,19.3,196.57111111111112,196.57111111111112,18,,,,,jtsb_arpa_interpolated_heading_proxy,,,,,35,,False,False
634.0,,target,999170602,ACX CRYSTAL,-1.3246327632671724,-0.42808176100654133,34.51453197064989,139.0448710691824,18.5,70.31698113207547,68.71698113207547,18,,caution,0.08639658142580656,309.5952695228005,jtsb_ais_interpolated,,,,,70,,False,False
634.0,,target,999170603,WAN HAI 266,-1.5602603509497623,0.8604166666664241,34.536006944444445,139.0401046296296,16.498333333333335,74.0,75.0,18,,safe,1.135110786112982,242.3057895442875,jtsb_ais_interpolated,,,,,70,,False,False
634.0,,target,999170604,MAERSK EVORA,-2.660137018680044,-4.020555555555411,34.45465740740741,139.01785555555557,19.688333333333333,58.73500000000001,60.0,18,,safe,0.814636395902158,646.9145363319313,jtsb_ais_interpolated,,,,,70,,False,False
635.0,,own,999170601,USS FITZGERALD,0.7081065400073955,1.634444444444038,34.548907407407405,139.08599074074075,19.3,196.65555555555557,196.65555555555557,18,,,,,jtsb_arpa_interpolated_heading_proxy,,,,,35,,False,False
635.0,,target,999170602,ACX CRYSTAL,-1.3198136556904432,-0.4263207547172337,34.514561320754716,139.0449685534591,18.5,70.33584905660376,68.73584905660377,18,,caution,0.08363423752538048,308.45413618913244,jtsb_ais_interpolated,,,,,70,,False,False
635.0,,target,999170603,WAN HAI 266,-1.5558203810479785,0.861666666666423,34.536027777777775,139.04019444444444,16.5,74.0,75.0,18,,safe,1.1331612999755167,241.24223657674418,jtsb_ais_fix,,,,,70,,False,False
635.0,,target,999170604,MAERSK EVORA,-2.655468184350341,-4.0177777777776384,34.45470370370371,139.01795,19.686666666666667,58.74,60.0,18,,safe,0.8198000407597019,645.660349845185,jtsb_ais_interpolated,,,,,70,,False,False
636.0,,own,999170601,USS FITZGERALD,0.706092533041633,1.6289999999995928,34.54881666666666,139.08595000000003,19.3,196.74,196.74,18,,,,,jtsb_arpa_interpolated_heading_proxy,,,,,35,,False,False
636.0,,target,999170602,ACX CRYSTAL,-1.3149945481137144,-0.42455974842792604,34.51459067085953,139.04506603773586,18.5,70.35471698113207,68.75471698113208,18,,caution,0.08089005552489323,307.3134845394878,jtsb_ais_interpolated,,,,,70,,False,False
636.0,,target,999170603,WAN HAI 266,-1.551398254813444,0.8628813559319591,34.53604802259887,139.0402838983051,16.5,74.0,75.0,18,,safe,1.1312733613619061,240.19123523650316,jtsb_ais_interpolated,,,,,70,,False,False
636.0,,target,999170604,MAERSK EVORA,-2.6507993500206384,-4.014999999999866,34.454750000000004,139.01804444444446,19.685,58.745000000000005,60.0,18,,safe,0.8249476497239708,644.4066414073156,jtsb_ais_interpolated,,,,,70,,False,False
637.0,,own,999170601,USS FITZGERALD,0.7040785260758706,1.6235555555551475,34.54872592592592,139.08590925925927,19.3,196.82444444444445,196.82444444444445,18,,,,,jtsb_arpa_interpolated_heading_proxy,,,,,35,,False,False
637.0,,target,999170602,ACX CRYSTAL,-1.3101754405369852,-0.4227987421386184,34.51462002096436,139.0451635220126,18.5,70.37358490566037,68.77358490566037,18,,caution,0.07816403758676259,306.17331573779813,jtsb_ais_interpolated,,,,,70,,False,False
637.0,,target,999170603,WAN HAI 266,-1.5469761285789094,0.8640960451974952,34.53606826741996,139.04037335216572,16.5,74.0,75.0,18,,safe,1.1293998323750116,239.14100264241745,jtsb_ais_interpolated,,,,,70,,False,False
637.0,,target,999170604,MAERSK EVORA,-2.6461305156909356,-4.012222222222093,34.4547962962963,139.01813888888893,19.683333333333334,58.75000000000001,60.0,18,,safe,0.8300792168759087,643.1534105845699,jtsb_ais_interpolated,,,,,70,,False,False
638.0,,own,999170601,USS FITZGERALD,0.7020645191101081,1.6181111111107025,34.54863518518518,139.08586851851854,19.3,196.9088888888889,196.9088888888889,18,,,,,jtsb_arpa_interpolated_heading_proxy,,,,,35,,False,False
638.0,,target,999170602,ACX CRYSTAL,-1.3053563329602564,-0.42103773584931076,34.51464937106918,139.0452610062893,18.5,70.39245283018867,68.79245283018868,18,,caution,0.07545618584350632,305.0336309472581,jtsb_ais_interpolated,,,,,70,,False,False
638.0,,target,999170603,WAN HAI 266,-1.542554002344375,0.8653107344630313,34.53608851224105,139.04046280602637,16.5,74.0,75.0,18,,safe,1.1275407126709043,238.0915383177433,jtsb_ais_interpolated,,,,,70,,False,False
638.0,,target,999170604,MAERSK EVORA,-2.6414616813612324,-4.00944444444432,34.4548425925926,139.01823333333337,19.681666666666665,58.755,60.0,18,,safe,0.8351947363171662,641.9006569455173,jtsb_ais_interpolated,,,,,70,,False,False
639.0,,own,999170601,USS FITZGERALD,0.7000505121443457,1.6126666666662572,34.54854444444444,139.08582777777778,19.3,196.99333333333334,196.99333333333334,18,,,,,jtsb_arpa_interpolated_heading_proxy,,,,,35,,False,False
639.0,,target,999170602,ACX CRYSTAL,-1.3005372253835275,-0.4192767295600031,34.514678721174,139.04535849056603,18.5,70.41132075471698,68.81132075471699,18,,caution,0.0727665023977397,303.8944313303272,jtsb_ais_interpolated,,,,,70,,False,False
639.0,,target,999170603,WAN HAI 266,-1.5381318761098404,0.8665254237285674,34.536108757062145,139.040552259887,16.5,74.0,75.0,18,,safe,1.1256960018915638,237.04284178734488,jtsb_ais_interpolated,,,,,70,,False,False
639.0,,target,999170604,MAERSK EVORA,-2.6367928470315296,-4.006666666666547,34.454888888888895,139.0183277777778,19.68,58.760000000000005,60.0,18,,safe,0.8402942021700966,640.648380061043,jtsb_ais_interpolated,,,,,70,,False,False
640.0,,own,999170601,USS FITZGERALD,0.6980365051785833,1.607222222221812,34.5484537037037,139.08578703703705,19.3,197.07777777777778,197.07777777777778,18,,,,,jtsb_arpa_interpolated_heading_proxy,,,,,35,,False,False
640.0,,target,999170602,ACX CRYSTAL,-1.2957181178067985,-0.4175157232706954,34.514708071278825,139.04545597484278,18.5,70.43018867924528,68.83018867924528,18,,caution,0.07009498932217716,302.7557180487327,jtsb_ais_interpolated,,,,,70,,False,False
640.0,,target,999170603,WAN HAI 266,-1.533709749875306,0.8677401129941035,34.53612900188324,139.04064171374765,16.5,74.0,75.0,18,,safe,1.1238656996648717,235.994912577693,jtsb_ais_interpolated,,,,,70,,False,False
640.0,,target,999170604,MAERSK EVORA,-2.632124012701827,-4.003888888888774,34.454935185185185,139.01842222222226,19.678333333333335,58.76500000000001,60.0,18,,safe,0.8453776085777752,639.3965795043432,jtsb_ais_interpolated,,,,,70,,False,False
641.0,,own,999170601,USS FITZGERALD,0.6960224982128208,1.601777777777367,34.548362962962955,139.08574629629632,19.3,197.16222222222223,197.16222222222223,18,,,,,jtsb_arpa_interpolated_heading_proxy,,,,,35,,False,False
641.0,,target,999170602,ACX CRYSTAL,-1.2908990102300695,-0.4157547169813878,34.51473742138364,139.0455534591195,18.5,70.44905660377358,68.84905660377359,18,,caution,0.0674416486596279,301.617492263472,jtsb_ais_interpolated,,,,,70,,False,False
641.0,,target,999170603,WAN HAI 266,-1.5292876236407715,0.8689548022596396,34.536149246704326,139.04073116760827,16.5,74.0,75.0,18,,safe,1.1220498056046095,234.94775021686308,jtsb_ais_interpolated,,,,,70,,False,False
641.0,,target,999170604,MAERSK EVORA,-2.627455178372124,-4.001111111111001,34.45498148148148,139.0185166666667,19.676666666666666,58.77,60.0,18,,safe,0.8504449497039759,638.1452548509205,jtsb_ais_interpolated,,,,,70,,False,False
642.0,,own,999170601,USS FITZGERALD,0.6940084912470583,1.5963333333329217,34.54827222222222,139.08570555555556,19.3,197.24666666666667,197.24666666666667,18,,,,,jtsb_arpa_interpolated_heading_proxy,,,,,35,,False,False
642.0,,target,999170602,ACX CRYSTAL,-1.2860799026533405,-0.41399371069208013,34.51476677148847,139.04565094339623,18.5,70.46792452830188,68.86792452830188,18,,caution,0.06480648242299783,300.47975513481555,jtsb_ais_interpolated,,,,,70,,False,False
642.0,,target,999170603,WAN HAI 266,-1.524865497406237,0.8701694915251758,34.53616949152542,139.04082062146892,16.5,74.0,75.0,18,,safe,1.1202483193104475,233.90135423453393,jtsb_ais_interpolated,,,,,70,,False,False
642.0,,target,999170604,MAERSK EVORA,-2.622786344042421,-3.9983333333332283,34.45502777777778,139.01861111111114,19.675,58.775000000000006,60.0,18,,safe,0.8554962197331982,636.894405678576,jtsb_ais_interpolated,,,,,70,,False,False
643.0,,own,999170601,USS FITZGERALD,0.6919944842812958,1.5908888888884765,34.54818148148148,139.08566481481483,19.3,197.3311111111111,197.3311111111111,18,,,,,jtsb_arpa_interpolated_heading_proxy,,,,,35,,False,False
643.0,,target,999170602,ACX CRYSTAL,-1.2812607950766115,-0.4122327044027725,34.514796121593285,139.04574842767295,18.5,70.48679245283019,68.88679245283019,18,,danger,0.06218949259528259,299.34250782230913,jtsb_ais_interpolated,,,,,70,,False,False
643.0,,target,999170603,WAN HAI 266,-1.5204433711717025,0.8713841807907118,34.536189736346515,139.04091007532955,16.5,74.0,75.0,18,,safe,1.1184612403679417,232.85572416198553,jtsb_ais_interpolated,,,,,70,,False,False
643.0,,target,999170604,MAERSK EVORA,-2.618117509712718,-3.9955555555554554,34.455074074074076,139.01870555555558,19.673333333333332,58.78000000000001,60.0,18,,safe,0.8605314128706575,635.6440315674074,jtsb_ais_interpolated,,,,,70,,False,False
644.0,,own,999170601,USS FITZGERALD,0.6899804773155335,1.5854444444440314,34.54809074074073,139.08562407407408,19.3,197.41555555555556,197.41555555555556,18,,,,,jtsb_arpa_interpolated_heading_proxy,,,,,35,,False,False
644.0,,target,999170602,ACX CRYSTAL,-1.2764416874998825,-0.41047169811346484,34.51482547169811,139.0458459119497,18.5,70.50566037735848,68.90566037735849,18,,danger,0.05959068112957453,298.2057514847761,jtsb_ais_interpolated,,,,,70,,False,False
644.0,,target,999170603,WAN HAI 266,-1.516021244937168,0.8725988700562479,34.53620998116761,139.0409995291902,16.5,74.0,75.0,18,,safe,1.116688568348529,231.8108595320979,jtsb_ais_interpolated,,,,,70,,False,False
644.0,,target,999170604,MAERSK EVORA,-2.6134486753830153,-3.9927777777776825,34.45512037037037,139.01880000000003,19.671666666666667,58.785000000000004,60.0,18,,safe,0.8655505233422918,634.3941320997995,jtsb_ais_interpolated,,,,,70,,False,False
645.0,,own,999170601,USS FITZGERALD,0.687966470349771,1.5799999999995862,34.547999999999995,139.08558333333335,19.3,197.5,197.5,18,,,,,jtsb_arpa_fix_heading_proxy,,,,,35,,False,False
645.0,,target,999170602,ACX CRYSTAL,-1.2716225799231535,-0.4087106918241572,34.514854821802935,139.04594339622642,18.5,70.52452830188679,68.9245283018868,18,,danger,0.05701004994905447,297.06948728032046,jtsb_ais_interpolated,,,,,70,,False,False
645.0,,target,999170603,WAN HAI 266,-1.5115991187026334,0.873813559321784,34.536230225988696,139.04108898305086,16.5,74.0,75.0,18,,safe,1.1149303028095197,230.76675987934908,jtsb_ais_interpolated,,,,,70,,False,False
645.0,,target,999170604,MAERSK EVORA,-2.6087798410533125,-3.9899999999999096,34.45516666666667,139.01889444444447,19.67,58.790000000000006,60.0,18,,safe,0.8705535453947627,633.1447068604228,jtsb_ais_interpolated,,,,,70,,False,False
646.0,,own,999170601,USS FITZGERALD,0.68659328378221,1.5753333333329351,34.54792222222222,139.08555555555557,19.30666666666667,197.56666666666666,197.56666666666666,18,,,,,jtsb_arpa_interpolated_heading_proxy,,,,,35,,False,False
646.0,,target,999170602,ACX CRYSTAL,-1.2668034723464245,-0.40694968553484956,34.51488417190775,139.04604088050314,18.5,70.54339622641508,68.94339622641509,18,,danger,0.05506013407105038,296.00964578609216,jtsb_ais_interpolated,,,,,70,,False,False
646.0,,target,999170603,WAN HAI 266,-1.5071769924680989,0.8750282485873201,34.53625047080979,139.04117843691148,16.5,74.0,75.0,18,,safe,1.1136472987545327,229.78001110986108,jtsb_ais_interpolated,,,,,70,,False,False
646.0,,target,999170604,MAERSK EVORA,-2.6041110067236097,-3.9872222222221367,34.45521296296297,139.0189888888889,19.668333333333333,58.79500000000001,60.0,18,,safe,0.8741226290430508,631.9429615991413,jtsb_ais_interpolated,,,,,70,,False,False
647.0,,own,999170601,USS FITZGERALD,0.6852200972146489,1.570666666666284,34.547844444444436,139.0855277777778,19.313333333333333,197.63333333333333,197.63333333333333,18,,,,,jtsb_arpa_interpolated_heading_proxy,,,,,35,,False,False
647.0,,target,999170602,ACX CRYSTAL,-1.2619843647696956,-0.4051886792455419,34.51491352201258,139.04613836477986,18.5,70.56226415094339,68.9622641509434,18,,danger,0.05312160852535706,294.95050560065613,jtsb_ais_interpolated,,,,,70,,False,False
647.0,,target,999170603,WAN HAI 266,-1.5027548662335644,0.8762429378528562,34.536270715630884,139.04126789077213,16.5,74.0,75.0,18,,safe,1.1123725026085822,228.7942425409005,jtsb_ais_interpolated,,,,,70,,False,False
647.0,,target,999170604,MAERSK EVORA,-2.5994421723939065,-3.984444444444364,34.455259259259265,139.01908333333336,19.666666666666668,58.800000000000004,60.0,18,,safe,0.8776829659445193,630.7419347902355,jtsb_ais_interpolated,,,,,70,,False,False
648.0,,own,999170601,USS FITZGERALD,0.6838469106470878,1.565999999999633,34.54776666666666,139.08550000000002,19.32,197.7,197.7,18,,,,,jtsb_arpa_interpolated_heading_proxy,,,,,35,,False,False
648.0,,target,999170602,ACX CRYSTAL,-1.2571652571929666,-0.4034276729562343,34.514942872117395,139.04623584905661,18.5,70.58113207547169,68.98113207547169,18,,danger,0.05119448033078397,293.89206681129536,jtsb_ais_interpolated,,,,,70,,False,False
648.0,,target,999170603,WAN HAI 266,-1.49833273999903,0.8774576271183923,34.53629096045197,139.04135734463276,16.5,74.0,75.0,18,,safe,1.1111059213537908,227.80945277246877,jtsb_ais_interpolated,,,,,70,,False,False
648.0,,target,999170604,MAERSK EVORA,-2.5947733380642037,-3.981666666666591,34.45530555555556,139.0191777777778,19.665,58.80500000000001,60.0,18,,safe,0.8812345445939935,629.5416256041308,jtsb_ais_interpolated,,,,,70,,False,False
649.0,,own,999170601,USS FITZGERALD,0.6824737240795268,1.561333333332982,34.547688888888885,139.08547222222222,19.326666666666668,197.76666666666668,197.76666666666668,18,,,,,jtsb_arpa_interpolated_heading_proxy,,,,,35,,False,False
649.0,,target,999170602,ACX CRYSTAL,-1.2523461496162376,-0.40166666666692663,34.51497222222222,139.04633333333334,18.5,70.6,69.0,18,,danger,0.04927875648830249,292.8343295065958,jtsb_ais_fix,,,,,70,,False,False
649.0,,target,999170603,WAN HAI 266,-1.4939106137644955,0.8786723163839284,34.536311205273066,139.0414467984934,16.5,74.0,75.0,18,,safe,1.1098475619561723,226.82564040919488,jtsb_ais_interpolated,,,,,70,,False,False
649.0,,target,999170604,MAERSK EVORA,-2.590104503734501,-3.978888888888818,34.45535185185185,139.01927222222224,19.663333333333334,58.81000000000001,60.0,18,,safe,0.8847773535032503,628.3420332140549,jtsb_ais_interpolated,,,,,70,,False,False
650.0,,own,999170601,USS FITZGERALD,0.6811005375119658,1.556666666666331,34.54761111111111,139.08544444444445,19.333333333333332,197.83333333333334,197.83333333333334,18,,,,,jtsb_arpa_interpolated_heading_proxy,,,,,35,,False,False
650.0,,target,999170602,ACX CRYSTAL,-1.247438279106244,-0.39996913580272536,34.51500051440329,139.04643261316872,18.5,70.60740740740741,69.0,18,,danger,0.04753357264263761,291.76071465749914,jtsb_ais_interpolated,,,,,70,,False,False
650.0,,target,999170603,WAN HAI 266,-1.489488487529961,0.8798870056494645,34.53633145009416,139.04153625235404,16.5,74.0,75.0,18,,safe,1.1085974313656504,225.84280406032195,jtsb_ais_interpolated,,,,,70,,False,False
650.0,,target,999170604,MAERSK EVORA,-2.585435669404798,-3.976111111111045,34.45539814814815,139.01936666666668,19.661666666666665,58.815000000000005,60.0,18,,safe,0.8883113812010134,627.1431567960333,jtsb_ais_interpolated,,,,,70,,False,False
651.0,,own,999170601,USS FITZGERALD,0.6797273509444047,1.5519999999996799,34.54753333333333,139.08541666666667,19.34,197.9,197.9,18,,,,,jtsb_arpa_interpolated_heading_proxy,,,,,35,,False,False
651.0,,target,999170602,ACX CRYSTAL,-1.2425304085962503,-0.39827160493852415,34.51502880658436,139.04653189300413,18.5,70.6148148148148,69.0,18,,danger,0.04579798354781482,290.68796622868314,jtsb_ais_interpolated,,,,,70,,False,False
651.0,,target,999170603,WAN HAI 266,-1.4850663612954265,0.8811016949150006,34.536351694915254,139.0416257062147,16.5,74.0,75.0,18,,safe,1.107355536516066,224.86094233969277,jtsb_ais_interpolated,,,,,70,,False,False
651.0,,target,999170604,MAERSK EVORA,-2.580766835075095,-3.9733333333332723,34.455444444444446,139.01946111111113,19.66,58.82000000000001,60.0,18,,safe,0.891836616232955,625.9449955288829,jtsb_ais_interpolated,,,,,70,,False,False
652.0,,own,999170601,USS FITZGERALD,0.6783541643768437,1.5473333333330288,34.54745555555555,139.0853888888889,19.346666666666668,197.96666666666667,197.96666666666667,18,,,,,jtsb_arpa_interpolated_heading_proxy,,,,,35,,False,False
652.0,,target,999170602,ACX CRYSTAL,-1.2376225380862567,-0.3965740740743229,34.51505709876543,139.0466311728395,18.5,70.62222222222222,69.0,18,,danger,0.044071997229762724,289.6160834135354,jtsb_ais_interpolated,,,,,70,,False,False
652.0,,target,999170603,WAN HAI 266,-1.480644235060892,0.8823163841805367,34.53637193973634,139.04171516007534,16.5,74.0,75.0,18,,safe,1.106121884325204,223.88005386573693,jtsb_ais_interpolated,,,,,70,,False,False
652.0,,target,999170604,MAERSK EVORA,-2.576098000745392,-3.9705555555554994,34.45549074074074,139.01955555555557,19.658333333333335,58.82500000000001,60.0,18,,safe,0.8953530471616701,624.7475485942082,jtsb_ais_interpolated,,,,,70,,False,False
653.0,,own,999170601,USS FITZGERALD,0.6769809778092826,1.5426666666663778,34.547377777777776,139.08536111111113,19.35333333333333,198.03333333333333,198.03333333333333,18,,,,,jtsb_arpa_interpolated_heading_proxy,,,,,35,,False,False
653.0,,target,999170602,ACX CRYSTAL,-1.232714667576263,-0.3948765432101216,34.5150853909465,139.0467304526749,18.5,70.62962962962962,69.0,18,,danger,0.04235562169718622,288.54506540839884,jtsb_ais_interpolated,,,,,70,,False,False
653.0,,target,999170603,WAN HAI 266,-1.4762221088263574,0.8835310734460728,34.536392184557435,139.04180461393597,16.5,74.0,75.0,18,,safe,1.104896481694801,222.90013726145656,jtsb_ais_interpolated,,,,,70,,False,False
653.0,,target,999170604,MAERSK EVORA,-2.5714291664156894,-3.9677777777777266,34.45553703703704,139.01965,19.656666666666666,58.830000000000005,60.0,18,,safe,0.8988606625666934,623.5508151763964,jtsb_ais_interpolated,,,,,70,,False,False
654.0,,own,999170601,USS FITZGERALD,0.6756077912417215,1.5379999999997267,34.5473,139.08533333333335,19.36,198.1,198.1,18,,,,,jtsb_arpa_interpolated_heading_proxy,,,,,35,,False,False
654.0,,target,999170602,ACX CRYSTAL,-1.2278067970662694,-0.3931790123459204,34.515113683127566,139.0468297325103,18.5,70.63703703703703,69.0,18,,danger,0.040648864941572715,287.4749114125646,jtsb_ais_interpolated,,,,,70,,False,False
654.0,,target,999170603,WAN HAI 266,-1.4717999825918229,0.8847457627116089,34.53641242937853,139.04189406779662,16.5,74.0,75.0,18,,safe,1.103679335510567,221.9211911544129,jtsb_ais_interpolated,,,,,70,,False,False
654.0,,target,999170604,MAERSK EVORA,-2.5667603320859866,-3.9649999999999537,34.45558333333334,139.01974444444446,19.655,58.83500000000001,60.0,18,,safe,0.9023594510444722,622.3547944626109,jtsb_ais_interpolated,,,,,70,,False,False
655.0,,own,999170601,USS FITZGERALD,0.6742346046741605,1.5333333333330756,34.54722222222222,139.08530555555558,19.366666666666667,198.16666666666666,198.16666666666666,18,,,,,jtsb_arpa_interpolated_heading_proxy,,,,,35,,False,False
655.0,,target,999170602,ACX CRYSTAL,-1.2228989265562757,-0.39148148148171913,34.51514197530864,139.0469290123457,18.5,70.64444444444445,69.0,18,,danger,0.03895173493719645,286.405620628264,jtsb_ais_interpolated,,,,,70,,False,False
655.0,,target,999170603,WAN HAI 266,-1.4673778563572883,0.885960451977145,34.536432674199624,139.04198352165724,16.5,74.0,75.0,18,,safe,1.1024704526421967,220.94321417671267,jtsb_ais_interpolated,,,,,70,,False,False
655.0,,target,999170604,MAERSK EVORA,-2.5620914977562834,-3.962222222222181,34.455629629629634,139.0198388888889,19.653333333333332,58.84000000000001,60.0,18,,safe,0.905849401208373,621.1594856427877,jtsb_ais_interpolated,,,,,70,,False,False
656.0,,own,999170601,USS FITZGERALD,0.6728614181065995,1.5286666666664246,34.54714444444444,139.0852777777778,19.37333333333333,198.23333333333332,198.23333333333332,18,,,,,jtsb_arpa_interpolated_heading_proxy,,,,,35,,False,False
656.0,,target,999170602,ACX CRYSTAL,-1.217991056046282,-0.38978395061751786,34.51517026748971,139.04702829218107,18.5,70.65185185185184,69.0,18,,danger,0.03726423964112772,285.33719226066154,jtsb_ais_interpolated,,,,,70,,False,False
656.0,,target,999170603,WAN HAI 266,-1.4629557301227538,0.8871751412426812,34.53645291902071,139.0420729755179,16.5,74.0,75.0,18,,safe,1.101269839943388,219.96620496499477,jtsb_ais_interpolated,,,,,70,,False,False
656.0,,target,999170604,MAERSK EVORA,-2.5574226634265806,-3.959444444444408,34.45567592592593,139.01993333333334,19.651666666666667,58.845000000000006,60.0,18,,safe,0.9093305016886644,619.9648879096302,jtsb_ais_interpolated,,,,,70,,False,False
657.0,,own,999170601,USS FITZGERALD,0.6714882315390385,1.5239999999997735,34.547066666666666,139.08525,19.38,198.3,198.3,18,,,,,jtsb_arpa_interpolated_heading_proxy,,,,,35,,False,False
657.0,,target,999170602,ACX CRYSTAL,-1.2130831855362885,-0.38808641975331665,34.51519855967078,139.04712757201648,18.5,70.65925925925926,69.0,18,,danger,0.03558638699323699,284.2696255178475,jtsb_ais_interpolated,,,,,70,,False,False
657.0,,target,999170603,WAN HAI 266,-1.4585336038882195,0.8883898305082172,34.536473163841805,139.04216242937852,16.5,74.0,75.0,18,,safe,1.1000775042518585,218.99016216041636,jtsb_ais_interpolated,,,,,70,,False,False
657.0,,target,999170604,MAERSK EVORA,-2.552753829096878,-3.956666666666635,34.45572222222222,139.02002777777778,19.65,58.85000000000001,60.0,18,,safe,0.9128027411325241,618.7710004586029,jtsb_ais_interpolated,,,,,70,,False,False
658.0,,own,999170601,USS FITZGERALD,0.6701150449714773,1.5193333333331225,34.54698888888889,139.08522222222223,19.386666666666667,198.36666666666667,198.36666666666667,18,,,,,jtsb_arpa_interpolated_heading_proxy,,,,,35,,False,False
658.0,,target,999170602,ACX CRYSTAL,-1.2081753150262948,-0.3863888888891154,34.51522685185185,139.04722685185186,18.5,70.66666666666666,69.0,18,,danger,0.03391818491620097,283.20291961083024,jtsb_ais_interpolated,,,,,70,,False,False
658.0,,target,999170603,WAN HAI 266,-1.454111477653685,0.8896045197737533,34.5364934086629,139.04225188323917,16.5,74.0,75.0,18,,safe,1.0988934523893577,218.01508440863978,jtsb_ais_interpolated,,,,,70,,False,False
658.0,,target,999170604,MAERSK EVORA,-2.548084994767175,-3.953888888888862,34.45576851851852,139.02012222222226,19.648333333333333,58.85500000000001,60.0,18,,safe,0.9162661082040179,617.5778224879285,jtsb_ais_interpolated,,,,,70,,False,False
659.0,,own,999170601,USS FITZGERALD,0.6687418584039163,1.5146666666664714,34.54691111111111,139.08519444444445,19.39333333333333,198.43333333333334,198.43333333333334,18,,,,,jtsb_arpa_interpolated_heading_proxy,,,,,35,,False,False
659.0,,target,999170602,ACX CRYSTAL,-1.2032674445163012,-0.3846913580249141,34.51525514403292,139.04732613168724,18.5,70.67407407407407,69.0,18,,danger,0.032259641315509756,282.1370737535288,jtsb_ais_interpolated,,,,,70,,False,False
659.0,,target,999170603,WAN HAI 266,-1.4496893514191505,0.8908192090392894,34.536513653483986,139.0423413370998,16.5,74.0,75.0,18,,safe,1.0977176911616873,217.04097035981928,jtsb_ais_interpolated,,,,,70,,False,False
659.0,,target,999170604,MAERSK EVORA,-2.5434161604374723,-3.9511111111110893,34.455814814814815,139.0202166666667,19.64666666666667,58.86000000000001,60.0,18,,safe,0.9197205915841001,616.3853531985817,jtsb_ais_interpolated,,,,,70,,False,False
660.0,,own,999170601,USS FITZGERALD,0.6673686718363553,1.5099999999998204,34.54683333333333,139.08516666666668,19.4,198.5,198.5,18,,,,,jtsb_arpa_fix_heading_proxy,,,,,35,,False,False
660.0,,target,999170602,ACX CRYSTAL,-1.1983595740063075,-0.3829938271607129,34.51528343621399,139.04742541152262,18.5,70.68148148148148,69.0,18,,danger,0.03061076407947272,281.07208716276585,jtsb_ais_interpolated,,,,,70,,False,False
660.0,,target,999170603,WAN HAI 266,-1.445267225184616,0.8920338983048255,34.53653389830508,139.04243079096045,16.5,74.0,75.0,18,,safe,1.0965502273587127,216.0678186685874,jtsb_ais_interpolated,,,,,70,,False,False
660.0,,target,999170604,MAERSK EVORA,-2.538747326107769,-3.9483333333333164,34.45586111111111,139.02031111111114,19.645,58.86500000000001,60.0,18,,safe,0.923166179970609,615.193591794284,jtsb_ais_interpolated,,,,,70,,False,False
661.0,,own,999170601,USS FITZGERALD,0.6656598174411515,1.5048888888887102,34.54674814814815,139.08513209876546,19.40222222222222,198.5311111111111,198.5311111111111,18,,,,,jtsb_arpa_interpolated_heading_proxy,,,,,35,,False,False
661.0,,target,999170602,ACX CRYSTAL,-1.193451703496314,-0.3812962962965116,34.51531172839506,139.04752469135803,18.5,70.68888888888888,69.0,18,,danger,0.029736147915778843,280.0241747762194,jtsb_ais_interpolated,,,,,70,,False,False
661.0,,target,999170603,WAN HAI 266,-1.4408450989500814,0.8932485875703616,34.536554143126175,139.0425202448211,16.5,74.0,75.0,18,,safe,1.0959938207661288,215.05995128676633,jtsb_ais_interpolated,,,,,70,,False,False
661.0,,target,999170604,MAERSK EVORA,-2.5340784917780663,-3.9455555555555435,34.45590740740741,139.02040555555558,19.643333333333334,58.87000000000001,60.0,18,,safe,0.9249219547888948,614.1118401486409,jtsb_ais_interpolated,,,,,70,,False,False
662.0,,own,999170601,USS FITZGERALD,0.6639509630459478,1.4997777777775998,34.54666296296296,139.0850975308642,19.404444444444444,198.56222222222223,198.56222222222223,18,,,,,jtsb_arpa_interpolated_heading_proxy,,,,,35,,False,False
662.0,,target,999170602,ACX CRYSTAL,-1.1885438329863203,-0.37959876543231036,34.51534002057613,139.04762397119342,18.5,70.6962962962963,69.0,18,,danger,0.028867412298318462,278.97657636432723,jtsb_ais_interpolated,,,,,70,,False,False
662.0,,target,999170603,WAN HAI 266,-1.4364229727155469,0.8944632768358977,34.53657438794727,139.04260969868173,16.5,74.0,75.0,18,,safe,1.095442017814373,214.0524950197583,jtsb_ais_interpolated,,,,,70,,False,False
662.0,,target,999170604,MAERSK EVORA,-2.5294096574483635,-3.9427777777777706,34.455953703703706,139.02050000000003,19.641666666666666,58.87500000000001,60.0,18,,safe,0.9266723709088511,613.0302765487144,jtsb_ais_interpolated,,,,,70,,False,False
663.0,,own,999170601,USS FITZGERALD,0.6622421086507441,1.4946666666664896,34.54657777777778,139.08506296296298,19.406666666666666,198.59333333333333,198.59333333333333,18,,,,,jtsb_arpa_interpolated_heading_proxy,,,,,35,,False,False
663.0,,target,999170602,ACX CRYSTAL,-1.1836359624763266,-0.37790123456810915,34.5153683127572,139.0477232510288,18.5,70.7037037037037,69.0,18,,danger,0.028004558250271865,277.9292919721446,jtsb_ais_interpolated,,,,,70,,False,False
663.0,,target,999170603,WAN HAI 266,-1.4320008464810123,0.8956779661014338,34.536594632768356,139.04269915254238,16.5,74.0,75.0,18,,safe,1.0948948194779338,213.04544965296154,jtsb_ais_interpolated,,,,,70,,False,False
663.0,,target,999170604,MAERSK EVORA,-2.5247408231186608,-3.9399999999999977,34.456,139.02059444444447,19.64,58.88000000000001,60.0,18,,safe,0.9284174264484933,611.9489009964282,jtsb_ais_interpolated,,,,,70,,False,False
664.0,,own,999170601,USS FITZGERALD,0.6605332542555403,1.4895555555553794,34.54649259259259,139.08502839506173,19.40888888888889,198.62444444444444,198.62444444444444,18,,,,,jtsb_arpa_interpolated_heading_proxy,,,,,35,,False,False
664.0,,target,999170602,ACX CRYSTAL,-1.178728091966333,-0.3762037037039079,34.51539660493827,139.0478225308642,18.5,70.71111111111111,69.0,18,,danger,0.027147586793141793,276.88232164482343,jtsb_ais_interpolated,,,,,70,,False,False
664.0,,target,999170603,WAN HAI 266,-1.4275787202464778,0.8968926553669699,34.53661487758945,139.042788606403,16.5,74.0,75.0,18,,safe,1.0943522267300185,212.03881497211,jtsb_ais_interpolated,,,,,70,,False,False
664.0,,target,999170604,MAERSK EVORA,-2.5200719887889576,-3.937222222222225,34.4560462962963,139.0206888888889,19.638333333333335,58.88500000000001,60.0,18,,safe,0.930157119527258,610.8677134938858,jtsb_ais_interpolated,,,,,70,,False,False
665.0,,own,999170601,USS FITZGERALD,0.6588243998603366,1.484444444444269,34.54640740740741,139.0849938271605,19.41111111111111,198.65555555555557,198.65555555555557,18,,,,,jtsb_arpa_interpolated_heading_proxy,,,,,35,,False,False
665.0,,target,999170602,ACX CRYSTAL,-1.1738202214563394,-0.3745061728397066,34.51542489711934,139.0479218106996,18.5,70.71851851851851,69.0,18,,danger,0.026296498946751633,275.8356654276124,jtsb_ais_interpolated,,,,,70,,False,False
665.0,,target,999170603,WAN HAI 266,-1.4231565940119435,0.898107344632506,34.536635122410544,139.04287806026366,16.5,74.0,75.0,18,,safe,1.0938142405425448,211.03259076327265,jtsb_ais_interpolated,,,,,70,,False,False
665.0,,target,999170604,MAERSK EVORA,-2.5154031544592548,-3.934444444444452,34.4560925925926,139.02078333333336,19.636666666666667,58.89000000000001,60.0,18,,safe,0.9318914482660269,609.786714043369,jtsb_ais_interpolated,,,,,70,,False,False
666.0,,own,999170601,USS FITZGERALD,0.6571155454651328,1.4793333333331589,34.54632222222222,139.08495925925928,19.41333333333333,198.68666666666667,198.68666666666667,18,,,,,jtsb_arpa_interpolated_heading_proxy,,,,,35,,False,False
666.0,,target,999170602,ACX CRYSTAL,-1.1689123509463455,-0.3728086419755054,34.51545318930041,139.04802109053497,18.5,70.72592592592592,69.0,18,,danger,0.02545129572924779,274.7893233658567,jtsb_ais_interpolated,,,,,70,,False,False
666.0,,target,999170603,WAN HAI 266,-1.418734467777409,0.8993220338980421,34.53665536723164,139.04296751412429,16.5,74.0,75.0,18,,safe,1.0932808618861505,210.02677681285326,jtsb_ais_interpolated,,,,,70,,False,False
666.0,,target,999170604,MAERSK EVORA,-2.510734320129552,-3.931666666666679,34.45613888888889,139.0208777777778,19.635,58.89500000000001,60.0,18,,safe,0.933620410787111,608.7059026473402,jtsb_ais_interpolated,,,,,70,,False,False
667.0,,own,999170601,USS FITZGERALD,0.6554066910699291,1.4742222222220487,34.54623703703704,139.08492469135803,19.415555555555553,198.71777777777777,198.71777777777777,18,,,,,jtsb_arpa_interpolated_heading_proxy,,,,,35,,False,False
667.0,,target,999170602,ACX CRYSTAL,-1.1640044804363519,-0.3711111111113041,34.51548148148148,139.04812037037038,18.5,70.73333333333333,69.0,18,,danger,0.024611978157099597,273.7432955049977,jtsb_ais_interpolated,,,,,70,,False,False
667.0,,target,999170603,WAN HAI 266,-1.4143123415428744,0.9005367231635782,34.536675612052726,139.04305696798494,16.5,74.0,75.0,18,,safe,1.0927520917301885,209.02137290758975,jtsb_ais_interpolated,,,,,70,,False,False
667.0,,target,999170604,MAERSK EVORA,-2.5060654857998492,-3.928888888888906,34.456185185185184,139.02097222222224,19.633333333333333,58.90000000000001,60.0,18,,safe,0.9353440052142549,607.6252793084399,jtsb_ais_interpolated,,,,,70,,False,False
668.0,,own,999170601,USS FITZGERALD,0.6536978366747255,1.4691111111109383,34.54615185185185,139.0848901234568,19.417777777777776,198.7488888888889,198.7488888888889,18,,,,,jtsb_arpa_interpolated_heading_proxy,,,,,35,,False,False
668.0,,target,999170602,ACX CRYSTAL,-1.1590966099263582,-0.36941358024710286,34.51550977366255,139.04821965020577,18.5,70.74074074074073,69.0,18,,danger,0.02377854724509265,272.69758189057313,jtsb_ais_interpolated,,,,,70,,False,False
668.0,,target,999170603,WAN HAI 266,-1.40989021530834,0.9017514124291143,34.53669585687382,139.04314642184556,16.5,74.0,75.0,18,,safe,1.0922279310427248,208.01637883455388,jtsb_ais_interpolated,,,,,70,,False,False
668.0,,target,999170604,MAERSK EVORA,-2.501396651470146,-3.9261111111111333,34.45623148148148,139.02106666666668,19.631666666666668,58.90500000000001,60.0,18,,safe,0.9370622296726474,606.5448440294867,jtsb_ais_interpolated,,,,,70,,False,False
669.0,,own,999170601,USS FITZGERALD,0.6519889822795217,1.463999999999828,34.54606666666667,139.08485555555558,19.419999999999998,198.78,198.78,18,,,,,jtsb_arpa_interpolated_heading_proxy,,,,,35,,False,False
669.0,,target,999170602,ACX CRYSTAL,-1.1541887394163646,-0.36771604938290164,34.51553806584362,139.04831893004115,18.5,70.74814814814815,69.0,18,,danger,0.022951004006338205,271.65218256821703,jtsb_ais_interpolated,,,,,70,,False,False
669.0,,target,999170603,WAN HAI 266,-1.4054680890738054,0.9029661016946504,34.536716101694914,139.04323587570622,16.5,74.0,75.0,18,,safe,1.091708380790547,207.01179438115105,jtsb_ais_interpolated,,,,,70,,False,False
669.0,,target,999170604,MAERSK EVORA,-2.4967278171404432,-3.9233333333333604,34.45627777777778,139.02116111111113,19.630000000000003,58.91000000000001,60.0,18,,safe,0.9387750822889022,605.4645968134807,jtsb_ais_interpolated,,,,,70,,False,False
670.0,,own,999170601,USS FITZGERALD,0.650280127884318,1.458888888888718,34.54598148148148,139.08482098765433,19.42222222222222,198.8111111111111,198.8111111111111,18,,,,,jtsb_arpa_interpolated_heading_proxy,,,,,35,,False,False
670.0,,target,999170602,ACX CRYSTAL,-1.149280868906371,-0.3660185185187004,34.51556635802469,139.04841820987656,18.5,70.75555555555555,69.0,18,,danger,0.022129349452264028,270.607097583659,jtsb_ais_interpolated,,,,,70,,False,False
670.0,,target,999170603,WAN HAI 266,-1.4010459628392709,0.9041807909601864,34.53673634651601,139.04332532956687,16.5,74.0,75.0,18,,safe,1.0911934419391556,206.00761933511933,jtsb_ais_interpolated,,,,,70,,False,False
670.0,,target,999170604,MAERSK EVORA,-2.4920589828107405,-3.9205555555555875,34.456324074074075,139.02125555555557,19.628333333333334,58.91500000000001,60.0,18,,safe,0.9404825611910783,604.3845376635985,jtsb_ais_interpolated,,,,,70,,False,False
671.0,,own,999170601,USS FITZGERALD,0.6485712734891143,1.4537777777776075,34.5458962962963,139.0847864197531,19.424444444444443,198.84222222222223,198.84222222222223,18,,,,,jtsb_arpa_interpolated_heading_proxy,,,,,35,,False,False
671.0,,target,999170602,ACX CRYSTAL,-1.1443729983963773,-0.3643209876544991,34.51559465020576,139.04851748971194,18.5,70.76296296296296,69.0,18,,danger,0.02131358459261974,269.562326982725,jtsb_ais_interpolated,,,,,70,,False,False
671.0,,target,999170603,WAN HAI 266,-1.3966238366047363,0.9053954802257226,34.536756591337095,139.0434147834275,16.5,74.0,75.0,18,,safe,1.0906831154527694,205.0038534845293,jtsb_ais_interpolated,,,,,70,,False,False
671.0,,target,999170604,MAERSK EVORA,-2.4873901484810377,-3.9177777777778147,34.45637037037037,139.02135,19.62666666666667,58.92000000000001,60.0,18,,safe,0.9421846645086666,603.3046665831963,jtsb_ais_interpolated,,,,,70,,False,False
672.0,,own,999170601,USS FITZGERALD,0.6468624190939105,1.4486666666664973,34.54581111111111,139.08475185185185,19.426666666666666,198.87333333333333,198.87333333333333,18,,,,,jtsb_arpa_interpolated_heading_proxy,,,,,35,,False,False
672.0,,target,999170602,ACX CRYSTAL,-1.1394651278863837,-0.3626234567902979,34.51562294238683,139.04861676954732,18.5,70.77037037037037,69.0,18,,danger,0.020503710435474186,268.5178708113365,jtsb_ais_interpolated,,,,,70,,False,False
672.0,,target,999170603,WAN HAI 266,-1.3922017103702018,0.9066101694912587,34.53677683615819,139.04350423728815,16.5,74.0,75.0,18,,safe,1.090177402294325,204.00049661778385,jtsb_ais_interpolated,,,,,70,,False,False
672.0,,target,999170604,MAERSK EVORA,-2.482721314151335,-3.915000000000042,34.45641666666667,139.02144444444446,19.625,58.92500000000001,60.0,18,,safe,0.9438813903726,602.2249835758096,jtsb_ais_interpolated,,,,,70,,False,False
673.0,,own,999170601,USS FITZGERALD,0.6451535646987068,1.4435555555553872,34.54572592592592,139.08471728395062,19.42888888888889,198.90444444444444,198.90444444444444,18,,,,,jtsb_arpa_interpolated_heading_proxy,,,,,35,,False,False
673.0,,target,999170602,ACX CRYSTAL,-1.13455725737639,-0.3609259259260966,34.5156512345679,139.04871604938273,18.5,70.77777777777777,69.0,18,,danger,0.01969972798721639,267.4737291155105,jtsb_ais_interpolated,,,,,70,,False,False
673.0,,target,999170603,WAN HAI 266,-1.3877795841356675,0.9078248587567948,34.536797080979284,139.04359369114877,16.5,74.0,75.0,18,,safe,1.0896763034254766,202.99754852361744,jtsb_ais_interpolated,,,,,70,,False,False
673.0,,target,999170604,MAERSK EVORA,-2.4780524798216317,-3.912222222222269,34.456462962962966,139.0215388888889,19.623333333333335,58.930000000000014,60.0,18,,safe,0.945572736915243,601.1454886451512,jtsb_ais_interpolated,,,,,70,,False,False
674.0,,own,999170601,USS FITZGERALD,0.643444710303503,1.4384444444442768,34.54564074074074,139.0846827160494,19.43111111111111,198.93555555555557,198.93555555555557,18,,,,,jtsb_arpa_interpolated_heading_proxy,,,,,35,,False,False
674.0,,target,999170602,ACX CRYSTAL,-1.1296493868663964,-0.35922839506189536,34.51567952674897,139.04881532921812,18.5,70.78518518518518,69.0,18,,danger,0.018901638252551416,266.4299019413596,jtsb_ais_interpolated,,,,,70,,False,False
674.0,,target,999170603,WAN HAI 266,-1.383357457901133,0.9090395480223309,34.53681732580037,139.04368314500942,16.5,74.0,75.0,18,,safe,1.0891798198065945,201.99500899109586,jtsb_ais_interpolated,,,,,70,,False,False
674.0,,target,999170604,MAERSK EVORA,-2.473383645491929,-3.909444444444496,34.45650925925926,139.02163333333334,19.621666666666666,58.93500000000001,60.0,18,,safe,0.947258702270406,600.0661817951135,jtsb_ais_interpolated,,,,,70,,False,False
675.0,,own,999170601,USS FITZGERALD,0.6417358559082993,1.4333333333331666,34.54555555555555,139.08464814814815,19.433333333333334,198.96666666666667,198.96666666666667,18,,,,,jtsb_arpa_interpolated_heading_proxy,,,,,35,,False,False
675.0,,target,999170602,ACX CRYSTAL,-1.1247415163564027,-0.35753086419769414,34.51570781893004,139.0489146090535,18.5,70.79259259259258,69.0,18,,danger,0.01810944223450624,265.3863893350921,jtsb_ais_interpolated,,,,,70,,False,False
675.0,,target,999170603,WAN HAI 266,-1.3789353316665984,0.910254237287867,34.536837570621465,139.04377259887005,16.5,74.0,75.0,18,,safe,1.0886879523967699,200.99287780961535,jtsb_ais_interpolated,,,,,70,,False,False
675.0,,target,999170604,MAERSK EVORA,-2.468714811162226,-3.906666666666723,34.45655555555555,139.02172777777778,19.62,58.94000000000001,60.0,18,,safe,0.9489392845733295,598.9870630297668,jtsb_ais_interpolated,,,,,70,,False,False
676.0,,own,999170601,USS FITZGERALD,0.6400270015130956,1.4282222222220564,34.54547037037037,139.08461358024692,19.435555555555556,198.99777777777777,198.99777777777777,18,,,,,jtsb_arpa_interpolated_heading_proxy,,,,,35,,False,False
676.0,,target,999170602,ACX CRYSTAL,-1.119833645846409,-0.3558333333334929,34.51573611111111,139.0490138888889,18.5,70.8,69.0,18,,danger,0.017323140934422297,264.34319134301126,jtsb_ais_interpolated,,,,,70,,False,False
676.0,,target,999170603,WAN HAI 266,-1.374513205432064,0.9114689265534031,34.53685781544256,139.0438620527307,16.5,74.0,75.0,18,,safe,1.088200702153809,199.99115476890302,jtsb_ais_interpolated,,,,,70,,False,False
676.0,,target,999170604,MAERSK EVORA,-2.4640459768325234,-3.9038888888889502,34.45660185185185,139.02182222222223,19.618333333333336,58.945000000000014,60.0,18,,safe,0.9506144819607013,597.9081323533603,jtsb_ais_interpolated,,,,,70,,False,False
677.0,,own,999170601,USS FITZGERALD,0.6383181471178918,1.423111111110946,34.54538518518518,139.0845790123457,19.437777777777775,199.0288888888889,199.0288888888889,18,,,,,jtsb_arpa_interpolated_heading_proxy,,,,,35,,False,False
677.0,,target,999170602,ACX CRYSTAL,-1.1149257753364155,-0.3541358024692916,34.51576440329218,139.0491131687243,18.5,70.80740740740741,69.0,18,,danger,0.016542735351962493,263.30030801151537,jtsb_ais_interpolated,,,,,70,,False,False
677.0,,target,999170603,WAN HAI 266,-1.3700910791975294,0.9126836158189392,34.53687806026365,139.04395150659133,16.5,74.0,75.0,18,,safe,1.0877180700342388,198.9898396590156,jtsb_ais_interpolated,,,,,70,,False,False
677.0,,target,999170604,MAERSK EVORA,-2.45937714250282,-3.9011111111111774,34.45664814814815,139.0219166666667,19.616666666666667,58.95000000000001,60.0,18,,safe,0.9522842925706447,596.8293897703209,jtsb_ais_interpolated,,,,,70,,False,False
678.0,,own,999170601,USS FITZGERALD,0.6366092927226881,1.4179999999998358,34.5453,139.08454444444445,19.439999999999998,199.06,199.06,18,,,,,jtsb_arpa_interpolated_heading_proxy,,,,,35,,False,False
678.0,,target,999170602,ACX CRYSTAL,-1.1100179048264218,-0.3524382716050904,34.51579269547325,139.04921244855967,18.5,70.81481481481481,69.0,18,,danger,0.015768226485106004,262.25773938709807,jtsb_ais_interpolated,,,,,70,,False,False
678.0,,target,999170603,WAN HAI 266,-1.3656689529629948,0.9138983050844753,34.53689830508474,139.04404096045198,16.5,74.0,75.0,18,,safe,1.0872400569933058,197.9889322703394,jtsb_ais_interpolated,,,,,70,,False,False
678.0,,target,999170604,MAERSK EVORA,-2.4547083081731174,-3.8983333333334045,34.456694444444445,139.02201111111114,19.615000000000002,58.95500000000001,60.0,18,,safe,0.9539487145427221,595.7508352852541,jtsb_ais_interpolated,,,,,70,,False,False
679.0,,own,999170601,USS FITZGERALD,0.6349004383274843,1.4128888888887257,34.54521481481481,139.08450987654322,19.44222222222222,199.0911111111111,199.0911111111111,18,,,,,jtsb_arpa_interpolated_heading_proxy,,,,,35,,False,False
679.0,,target,999170602,ACX CRYSTAL,-1.1051100343164282,-0.3507407407408891,34.51582098765432,139.04931172839505,18.5,70.82222222222222,69.0,18,,danger,0.014999615330148099,261.21548551634777,jtsb_ais_interpolated,,,,,70,,False,False
679.0,,target,999170603,WAN HAI 266,-1.3612468267284603,0.9151129943500114,34.536918549905835,139.04413041431263,16.5,74.0,75.0,18,,safe,1.0867666639849731,196.98843239358982,jtsb_ais_interpolated,,,,,70,,False,False
679.0,,target,999170604,MAERSK EVORA,-2.4500394738434146,-3.8955555555556316,34.45674074074074,139.02210555555558,19.613333333333333,58.960000000000015,60.0,18,,safe,0.9556077460179376,594.6724689029434,jtsb_ais_interpolated,,,,,70,,False,False
680.0,,own,999170601,USS FITZGERALD,0.6331915839322806,1.4077777777776153,34.54512962962963,139.08447530864197,19.444444444444443,199.12222222222223,199.12222222222223,18,,,,,jtsb_arpa_interpolated_heading_proxy,,,,,35,,False,False
680.0,,target,999170602,ACX CRYSTAL,-1.1002021638064345,-0.34904320987668785,34.51584927983539,139.04941100823046,18.5,70.82962962962962,69.0,18,,danger,0.014236902881700762,260.1735464459476,jtsb_ais_interpolated,,,,,70,,False,False
680.0,,target,999170603,WAN HAI 266,-1.3568247004939258,0.9163276836155475,34.53693879472693,139.04421986817326,16.5,74.0,75.0,18,,safe,1.0862978919619242,195.98833981981093,jtsb_ais_interpolated,,,,,70,,False,False
680.0,,target,999170604,MAERSK EVORA,-2.445370639513712,-3.8927777777778587,34.45678703703704,139.02220000000003,19.611666666666668,58.96500000000001,60.0,18,,safe,0.9572613851387386,593.5942906283503,jtsb_ais_interpolated,,,,,70,,False,False
681.0,,own,999170601,USS FITZGERALD,0.6314827295370768,1.402666666666505,34.54504444444444,139.08444074074075,19.446666666666665,199.15333333333334,199.15333333333334,18,,,,,jtsb_arpa_interpolated_heading_proxy,,,,,35,,False,False
681.0,,target,999170602,ACX CRYSTAL,-1.095294293296441,-0.34734567901248664,34.51587757201646,139.04951028806585,18.5,70.83703703703704,69.0,18,,danger,0.01348009013269407,259.1319222226756,jtsb_ais_interpolated,,,,,70,,False,False
681.0,,target,999170603,WAN HAI 266,-1.3524025742593913,0.9175423728810836,34.53695903954802,139.0443093220339,16.5,74.0,75.0,18,,safe,1.085833741875563,194.98865434037518,jtsb_ais_interpolated,,,,,70,,False,False
681.0,,target,999170604,MAERSK EVORA,-2.4407018051840086,-3.890000000000086,34.456833333333336,139.02229444444447,19.61,58.97000000000001,60.0,18,,safe,0.958909630049008,592.5163004666152,jtsb_ais_interpolated,,,,,70,,False,False
682.0,,own,999170601,USS FITZGERALD,0.6297738751418731,1.397555555555395,34.54495925925926,139.08440617283952,19.448888888888888,199.18444444444444,199.18444444444444,18,,,,,jtsb_arpa_interpolated_heading_proxy,,,,,35,,False,False
682.0,,target,999170602,ACX CRYSTAL,-1.0903864227864473,-0.3456481481482854,34.51590586419753,139.04960956790123,18.5,70.84444444444445,69.0,18,,danger,0.012729178074371617,258.090612893404,jtsb_ais_interpolated,,,,,70,,False,False
682.0,,target,999170603,WAN HAI 266,-1.347980448024857,0.9187570621466197,34.53697928436911,139.04439877589454,16.5,74.0,75.0,18,,safe,1.0853742146760117,193.98937574698263,jtsb_ais_interpolated,,,,,70,,False,False
682.0,,target,999170604,MAERSK EVORA,-2.436032970854306,-3.887222222222313,34.45687962962963,139.0223888888889,19.608333333333334,58.975000000000016,60.0,18,,safe,0.9605524788940777,591.4384984230547,jtsb_ais_interpolated,,,,,70,,False,False
683.0,,own,999170601,USS FITZGERALD,0.6280650207466695,1.3924444444442845,34.54487407407407,139.08437160493827,19.45111111111111,199.21555555555557,199.21555555555557,18,,,,,jtsb_arpa_interpolated_heading_proxy,,,,,35,,False,False
683.0,,target,999170602,ACX CRYSTAL,-1.0854785522764536,-0.3439506172840841,34.5159341563786,139.04970884773664,18.5,70.85185185185185,69.0,18,,danger,0.011984167696296101,257.04961850509966,jtsb_ais_interpolated,,,,,70,,False,False
683.0,,target,999170603,WAN HAI 266,-1.3435583217903224,0.9199717514121558,34.536999529190204,139.0444882297552,16.5,74.0,75.0,18,,safe,1.0849193113121136,192.9905038316608,jtsb_ais_interpolated,,,,,70,,False,False
683.0,,target,999170604,MAERSK EVORA,-2.431364136524603,-3.88444444444454,34.45692592592592,139.02248333333335,19.60666666666667,58.98000000000001,60.0,18,,safe,0.9621899298207166,590.3608845031646,jtsb_ais_interpolated,,,,,70,,False,False
684.0,,own,999170601,USS FITZGERALD,0.6263561663514657,1.3873333333331743,34.54478888888889,139.08433703703705,19.453333333333333,199.24666666666667,199.24666666666667,18,,,,,jtsb_arpa_interpolated_heading_proxy,,,,,35,,False,False
684.0,,target,999170602,ACX CRYSTAL,-1.08057068176646,-0.3422530864198829,34.51596244855967,139.04980812757202,18.5,70.85925925925926,69.0,18,,danger,0.011245059986342431,256.00893910482387,jtsb_ais_interpolated,,,,,70,,False,False
684.0,,target,999170603,WAN HAI 266,-1.339136195555788,0.921186440677692,34.5370197740113,139.0445776836158,16.5,74.0,75.0,18,,safe,1.0844690327314326,191.99203838676422,jtsb_ais_interpolated,,,,,70,,False,False
684.0,,target,999170604,MAERSK EVORA,-2.4266953021949003,-3.881666666666767,34.45697222222222,139.0225777777778,19.605,58.985000000000014,60.0,18,,safe,0.9638219809771352,589.2834587126184,jtsb_ais_interpolated,,,,,70,,False,False
685.0,,own,999170601,USS FITZGERALD,0.624647311956262,1.3822222222220641,34.5447037037037,139.08430246913582,19.455555555555556,199.27777777777777,199.27777777777777,18,,,,,jtsb_arpa_interpolated_heading_proxy,,,,,35,,False,False
685.0,,target,999170602,ACX CRYSTAL,-1.0756628112564663,-0.3405555555556816,34.51599074074074,139.0499074074074,18.5,70.86666666666666,69.0,18,,danger,0.010511855930702946,254.9685747397319,jtsb_ais_interpolated,,,,,70,,False,False
685.0,,target,999170603,WAN HAI 266,-1.3347140693212534,0.922401129943228,34.537040018832386,139.04466713747647,16.5,74.0,75.0,18,,safe,1.0840233798802514,190.99397920497393,jtsb_ais_interpolated,,,,,70,,False,False
685.0,,target,999170604,MAERSK EVORA,-2.422026467865197,-3.8788888888889943,34.45701851851852,139.02267222222224,19.603333333333335,58.990000000000016,60.0,18,,safe,0.9654486305129931,588.2062210572666,jtsb_ais_interpolated,,,,,70,,False,False
686.0,,own,999170601,USS FITZGERALD,0.6229384575610583,1.3771111111109537,34.54461851851852,139.08426790123457,19.45777777777778,199.3088888888889,199.3088888888889,18,,,,,jtsb_arpa_interpolated_heading_proxy,,,,,35,,False,False
686.0,,target,999170602,ACX CRYSTAL,-1.0707549407464727,-0.33885802469148035,34.51601903292181,139.0500066872428,18.5,70.87407407407407,69.0,18,,danger,0.009784556513880858,253.9285254570731,jtsb_ais_interpolated,,,,,70,,False,False
686.0,,target,999170603,WAN HAI 266,-1.3302919430867188,0.9236158192087641,34.53706026365348,139.04475659133712,16.5,74.0,75.0,18,,safe,1.0835823537035754,189.99632607929706,jtsb_ais_interpolated,,,,,70,,False,False
686.0,,target,999170604,MAERSK EVORA,-2.4173576335354943,-3.8761111111112214,34.457064814814814,139.02276666666668,19.601666666666667,58.99500000000001,60.0,18,,safe,0.967069876579389,587.1291715431375,jtsb_ais_interpolated,,,,,70,,False,False
687.0,,own,999170601,USS FITZGERALD,0.6212296031658545,1.3719999999998436,34.544533333333334,139.08423333333334,19.46,199.34,199.34,18,,,,,jtsb_arpa_interpolated_heading_proxy,,,,,35,,False,False
687.0,,target,999170602,ACX CRYSTAL,-1.065847070236479,-0.33716049382727914,34.51604732510288,139.0501059670782,18.5,70.88148148148149,69.0,18,,danger,0.00906316271869783,252.88879130419096,jtsb_ais_interpolated,,,,,70,,False,False
687.0,,target,999170603,WAN HAI 266,-1.3258698168521843,0.9248305084743003,34.537080508474574,139.04484604519774,16.5,74.0,75.0,18,,safe,1.083145955145129,188.99907880306654,jtsb_ais_interpolated,,,,,70,,False,False
687.0,,target,999170604,MAERSK EVORA,-2.4126887992057915,-3.8733333333334485,34.45711111111111,139.02286111111113,19.6,59.0,60.0,18,,safe,0.9686857173288663,586.0523101764379,jtsb_ais_fix,,,,,70,,False,False
688.0,,own,999170601,USS FITZGERALD,0.6195207487706508,1.3668888888887334,34.54444814814815,139.0841987654321,19.462222222222223,199.3711111111111,199.3711111111111,18,,,,,jtsb_arpa_interpolated_heading_proxy,,,,,35,,False,False
688.0,,target,999170602,ACX CRYSTAL,-1.0609391997264854,-0.33546296296307787,34.51607561728395,139.05020524691358,18.5,70.88888888888889,69.0,18,,danger,0.008347675526289091,251.8493723285226,jtsb_ais_interpolated,,,,,70,,False,False
688.0,,target,999170603,WAN HAI 266,-1.3214476906176498,0.9260451977398363,34.53710075329567,139.0449354990584,16.5,74.0,75.0,18,,safe,1.0827141851473607,188.00223716994054,jtsb_ais_interpolated,,,,,70,,False,False
688.0,,target,999170604,MAERSK EVORA,-2.407997078433299,-3.8705277777778875,34.457157870370374,139.02295601851853,19.598333333333336,58.99666666666667,59.983333333333334,18,,safe,0.96986034435081,584.9637216540938,jtsb_ais_interpolated,,,,,70,,False,False
689.0,,own,999170601,USS FITZGERALD,0.617811894375447,1.361777777777623,34.544362962962964,139.08416419753087,19.464444444444442,199.40222222222224,199.40222222222224,18,,,,,jtsb_arpa_interpolated_heading_proxy,,,,,35,,False,False
689.0,,target,999170602,ACX CRYSTAL,-1.0560313292164918,-0.33376543209887666,34.51610390946502,139.050304526749,18.5,70.8962962962963,69.0,18,,danger,0.0076380959160994135,250.81026857759892,jtsb_ais_interpolated,,,,,70,,False,False
689.0,,target,999170603,WAN HAI 266,-1.3170255643831152,0.9272598870053724,34.537120998116755,139.04502495291902,16.5,74.0,75.0,18,,safe,1.0822870446514365,187.00580097390198,jtsb_ais_interpolated,,,,,70,,False,False
689.0,,target,999170604,MAERSK EVORA,-2.4033053576608068,-3.8677222222223264,34.45720462962963,139.02305092592593,19.596666666666668,58.99333333333333,59.96666666666667,18,,safe,0.9710311613019191,583.875420871118,jtsb_ais_interpolated,,,,,70,,False,False
690.0,,own,999170601,USS FITZGERALD,0.6161030399802433,1.3566666666665128,34.54427777777778,139.08412962962964,19.466666666666665,199.43333333333334,199.43333333333334,18,,,,,jtsb_arpa_interpolated_heading_proxy,,,,,35,,False,False
690.0,,target,999170602,ACX CRYSTAL,-1.0511234587064981,-0.33206790123467533,34.51613220164609,139.05040380658437,18.5,70.9037037037037,69.0,18,,danger,0.006934424865892532,249.77148009904445,jtsb_ais_interpolated,,,,,70,,False,False
690.0,,target,999170603,WAN HAI 266,-1.312603438148581,0.9284745762709085,34.53714124293785,139.04511440677967,16.5,74.0,75.0,18,,safe,1.081864534597249,186.00977000925838,jtsb_ais_interpolated,,,,,70,,False,False
690.0,,target,999170604,MAERSK EVORA,-2.398613636888314,-3.8649166666667654,34.45725138888889,139.02314583333336,19.595000000000002,58.99,59.95,18,,safe,0.9721981658418813,582.7874075594893,jtsb_ais_interpolated,,,,,70,,False,False
691.0,,own,999170601,USS FITZGERALD,0.6143941855850396,1.3515555555554026,34.544192592592594,139.0840950617284,19.468888888888888,199.46444444444444,199.46444444444444,18,,,,,jtsb_arpa_interpolated_heading_proxy,,,,,35,,False,False
691.0,,target,999170602,ACX CRYSTAL,-1.0462155881965045,-0.3303703703704741,34.51616049382716,139.05050308641975,18.5,70.91111111111111,69.0,18,,danger,0.006236663351740164,248.73300694057716,jtsb_ais_interpolated,,,,,70,,False,False
691.0,,target,999170603,WAN HAI 266,-1.3081813119140464,0.9296892655364446,34.537161487758944,139.0452038606403,16.5,74.0,75.0,18,,safe,1.0814466559234086,185.0141440706412,jtsb_ais_interpolated,,,,,70,,False,False
691.0,,target,999170604,MAERSK EVORA,-2.3939219161158216,-3.8621111111112043,34.45729814814815,139.02324074074076,19.593333333333334,58.986666666666665,59.93333333333333,18,,safe,0.9733613556318753,581.6996814515347,jtsb_ais_interpolated,,,,,70,,False,False
692.0,,own,999170601,USS FITZGERALD,0.6126853311898358,1.3464444444442922,34.54410740740741,139.08406049382717,19.47111111111111,199.49555555555557,199.49555555555557,18,,,,,jtsb_arpa_interpolated_heading_proxy,,,,,35,,False,False
692.0,,target,999170602,ACX CRYSTAL,-1.0413077176865109,-0.32867283950627285,34.51618878600823,139.05060236625516,18.5,70.91851851851851,69.0,18,,danger,0.0055448123480298745,247.69484915000828,jtsb_ais_interpolated,,,,,70,,False,False
692.0,,target,999170603,WAN HAI 266,-1.3037591856795119,0.9309039548019807,34.53718173258004,139.04529331450095,16.5,74.0,75.0,18,,safe,1.0810334095672496,184.01892295300556,jtsb_ais_interpolated,,,,,70,,False,False
692.0,,target,999170604,MAERSK EVORA,-2.3892301953433295,-3.8593055555556433,34.45734490740741,139.02333564814816,19.59166666666667,58.983333333333334,59.916666666666664,18,,safe,0.9745207283345706,580.6122422799289,jtsb_ais_interpolated,,,,,70,,False,False
693.0,,own,999170601,USS FITZGERALD,0.6109764767946321,1.341333333333182,34.544022222222225,139.08402592592594,19.473333333333333,199.52666666666667,199.52666666666667,18,,,,,jtsb_arpa_interpolated_heading_proxy,,,,,35,,False,False
693.0,,target,999170602,ACX CRYSTAL,-1.0363998471765172,-0.32697530864207164,34.5162170781893,139.05070164609054,18.5,70.92592592592592,69.0,18,,danger,0.004858872827458467,246.65700677524256,jtsb_ais_interpolated,,,,,70,,False,False
693.0,,target,999170603,WAN HAI 266,-1.2993370594449773,0.9321186440675168,34.537201977401125,139.04538276836158,16.5,74.0,75.0,18,,safe,1.0806247964648286,183.02410645162982,jtsb_ais_interpolated,,,,,70,,False,False
693.0,,target,999170604,MAERSK EVORA,-2.384538474570837,-3.856500000000082,34.457391666666666,139.02343055555556,19.59,58.980000000000004,59.9,18,,safe,0.9756762816141301,579.5250897776942,jtsb_ais_interpolated,,,,,70,,False,False
694.0,,own,999170601,USS FITZGERALD,0.6092676223994283,1.3362222222220719,34.54393703703703,139.0839913580247,19.475555555555555,199.55777777777777,199.55777777777777,18,,,,,jtsb_arpa_interpolated_heading_proxy,,,,,35,,False,False
694.0,,target,999170602,ACX CRYSTAL,-1.0314919766665236,-0.32527777777787037,34.51624537037037,139.05080092592593,18.5,70.93333333333334,69.0,18,,danger,0.00417884576103813,245.6194798642776,jtsb_ais_interpolated,,,,,70,,False,False
694.0,,target,999170603,WAN HAI 266,-1.2949149332104428,0.9333333333330529,34.53722222222222,139.04547222222223,16.5,74.0,75.0,18,,safe,1.0802208175509251,182.0296943621149,jtsb_ais_fix,,,,,70,,False,False
694.0,,target,999170604,MAERSK EVORA,-2.3798467537983443,-3.853694444444521,34.45743842592593,139.02352546296297,19.588333333333335,58.97666666666667,59.88333333333333,18,,safe,0.9768280131361974,578.4382236782006,jtsb_ais_interpolated,,,,,70,,False,False
695.0,,own,999170601,USS FITZGERALD,0.6075587680042246,1.3311111111109615,34.54385185185185,139.08395679012347,19.477777777777778,199.5888888888889,199.5888888888889,18,,,,,jtsb_arpa_interpolated_heading_proxy,,,,,35,,False,False
695.0,,target,999170602,ACX CRYSTAL,-1.02658410615653,-0.3235802469136691,34.51627366255144,139.0509002057613,18.5,70.94074074074074,69.0,18,,danger,0.0035047321180891916,244.58226846520398,jtsb_ais_interpolated,,,,,70,,False,False
695.0,,target,999170603,WAN HAI 266,-1.2904935742621428,0.9345421245418467,34.53724236874237,139.04556166056167,16.5,74.0,75.0,18,,safe,1.079817898779522,181.03622080014696,jtsb_ais_interpolated,,,,,70,,False,False
695.0,,target,999170604,MAERSK EVORA,-2.375155033025852,-3.85088888888896,34.457485185185185,139.0236203703704,19.58666666666667,58.973333333333336,59.86666666666667,18,,safe,0.9779759205679099,577.3516437151644,jtsb_ais_interpolated,,,,,70,,False,False
696.0,,own,999170601,USS FITZGERALD,0.6058499136090209,1.3259999999998513,34.54376666666666,139.0839222222222,19.48,199.62,199.62,18,,,,,jtsb_arpa_interpolated_heading_proxy,,,,,35,,False,False
696.0,,target,999170602,ACX CRYSTAL,-1.0216762356465363,-0.3218827160494679,34.51630195473251,139.05099948559672,18.5,70.94814814814815,69.0,18,,danger,0.0028365328662457697,243.54537262620545,jtsb_ais_interpolated,,,,,70,,False,False
696.0,,target,999170603,WAN HAI 266,-1.2860722153138429,0.9357509157506406,34.53726251526251,139.04565109890112,16.5,74.0,75.0,18,,safe,1.0794196134881582,180.04315080946384,jtsb_ais_interpolated,,,,,70,,False,False
696.0,,target,999170604,MAERSK EVORA,-2.3704633122533596,-3.848083333333399,34.45753194444445,139.0237152777778,19.585,58.97,59.85,18,,safe,0.9791200015778856,576.2653496226492,jtsb_ais_interpolated,,,,,70,,False,False
697.0,,own,999170601,USS FITZGERALD,0.6041410592138172,1.3208888888887411,34.54368148148148,139.083887654321,19.482222222222223,199.6511111111111,199.6511111111111,18,,,,,jtsb_arpa_interpolated_heading_proxy,,,,,35,,False,False
697.0,,target,999170602,ACX CRYSTAL,-1.0167683651365427,-0.3201851851852666,34.51633024691358,139.0510987654321,18.5,70.95555555555555,69.0,18,,danger,0.0021742489714509,242.50879239555817,jtsb_ais_interpolated,,,,,70,,False,False
697.0,,target,999170603,WAN HAI 266,-1.281650856365543,0.9369597069594344,34.53728266178266,139.04574053724053,16.5,74.0,75.0,18,,safe,1.0790259626080767,179.05048418682748,jtsb_ais_interpolated,,,,,70,,False,False
697.0,,target,999170604,MAERSK EVORA,-2.365771591480867,-3.845277777777838,34.4575787037037,139.0238101851852,19.583333333333336,58.96666666666667,59.833333333333336,18,,safe,0.9802602538362362,575.1793411350643,jtsb_ais_interpolated,,,,,70,,False,False
698.0,,own,999170601,USS FITZGERALD,0.6024322048186135,1.3157777777776307,34.54359629629629,139.08385308641977,19.484444444444446,199.68222222222224,199.68222222222224,18,,,,,jtsb_arpa_interpolated_heading_proxy,,,,,35,,False,False
698.0,,target,999170602,ACX CRYSTAL,-1.011860494626549,-0.31848765432106535,34.516358539094654,139.05119804526748,18.5,70.96296296296296,69.0,18,,danger,0.001517881397958845,241.4725278216313,jtsb_ais_interpolated,,,,,70,,False,False
698.0,,target,999170603,WAN HAI 266,-1.2772294974172431,0.9381684981682283,34.537302808302805,139.04582997557998,16.5,74.0,75.0,18,,safe,1.0786369470692467,178.05822072932062,jtsb_ais_interpolated,,,,,70,,False,False
698.0,,target,999170604,MAERSK EVORA,-2.3610798707083744,-3.842472222222277,34.457625462962966,139.0239050925926,19.581666666666667,58.96333333333334,59.81666666666667,18,,safe,0.9813966750145456,574.0936179871655,jtsb_ais_interpolated,,,,,70,,False,False
699.0,,own,999170601,USS FITZGERALD,0.6007233504234097,1.3106666666665205,34.54351111111111,139.0838185185185,19.486666666666668,199.71333333333334,199.71333333333334,18,,,,,jtsb_arpa_interpolated_heading_proxy,,,,,35,,False,False
699.0,,target,999170602,ACX CRYSTAL,-1.0069526241165554,-0.31679012345686414,34.51638683127572,139.0512973251029,18.5,70.97037037037038,69.0,18,,danger,0.000867431108333703,240.43657895288624,jtsb_ais_interpolated,,,,,70,,False,False
699.0,,target,999170603,WAN HAI 266,-1.2728081384689431,0.9393772893770221,34.537322954822955,139.04591941391942,16.5,74.0,75.0,18,,safe,1.0782525678003614,177.06636023434643,jtsb_ais_interpolated,,,,,70,,False,False
699.0,,target,999170604,MAERSK EVORA,-2.3563881499358823,-3.839666666666716,34.45767222222222,139.024,19.580000000000002,58.96,59.8,18,,safe,0.9825292627858887,573.0081799140546,jtsb_ais_interpolated,,,,,70,,False,False
700.0,,own,999170601,USS FITZGERALD,0.599014496028206,1.3055555555554104,34.54342592592592,139.0837839506173,19.488888888888887,199.74444444444444,199.74444444444444,18,,,,,jtsb_arpa_interpolated_heading_proxy,,,,,35,,False,False
700.0,,target,999170602,ACX CRYSTAL,-1.0020447536065618,-0.31509259259266287,34.51641512345679,139.05139660493828,18.5,70.97777777777777,69.0,18,,danger,0.00022289906345091077,239.40094583787692,jtsb_ais_interpolated,,,,,70,,False,False
700.0,,target,999170603,WAN HAI 266,-1.2683867795206432,0.940586080585816,34.5373431013431,139.04600885225886,16.5,74.0,75.0,18,,safe,1.0778728257288404,176.0749024996282,jtsb_ais_interpolated,,,,,70,,False,False
700.0,,target,999170604,MAERSK EVORA,-2.3516964291633897,-3.836861111111155,34.457718981481484,139.02409490740743,19.578333333333333,58.95666666666667,59.78333333333333,18,,safe,0.9836580148248198,571.9230266511784,jtsb_ais_interpolated,,,,,70,,False,False
701.0,,own,999170601,USS FITZGERALD,0.5973056416330023,1.3004444444443,34.54334074074074,139.08374938271606,19.49111111111111,199.77555555555557,199.77555555555557,18,,,,,jtsb_arpa_interpolated_heading_proxy,,,,,35,,False,False
701.0,,target,999170602,ACX CRYSTAL,-0.997136883096568,-0.31339506172846165,34.51644341563786,139.05149588477366,18.5,70.98518518518519,69.0,18,,danger,0.0004157137775084142,238.3656285252496,jtsb_ais_interpolated,,,,,70,,False,False
701.0,,target,999170603,WAN HAI 266,-1.2639654205723434,0.9417948717946099,34.53736324786325,139.0460982905983,16.5,74.0,75.0,18,,safe,1.0774977217808266,175.08384732320886,jtsb_ais_interpolated,,,,,70,,False,False
701.0,,target,999170604,MAERSK EVORA,-2.347004708390897,-3.8340555555555937,34.45776574074074,139.02418981481483,19.576666666666668,58.95333333333333,59.766666666666666,18,,safe,0.9847829288073783,570.8381579343285,jtsb_ais_interpolated,,,,,70,,False,False
702.0,,own,999170601,USS FITZGERALD,0.5955967872377985,1.2953333333331898,34.543255555555554,139.0837148148148,19.493333333333332,199.80666666666667,199.80666666666667,18,,,,,jtsb_arpa_interpolated_heading_proxy,,,,,35,,False,False
702.0,,target,999170602,ACX CRYSTAL,-0.9922290125865744,-0.31169753086426033,34.51647170781893,139.05159516460907,18.5,70.99259259259259,69.0,18,,danger,0.0010484064570488712,237.33062706374267,jtsb_ais_interpolated,,,,,70,,False,False
702.0,,target,999170603,WAN HAI 266,-1.2595440616240434,0.9430036630034038,34.53738339438339,139.04618772893772,16.5,74.0,75.0,18,,safe,1.0771272568811914,174.0931945034504,jtsb_ais_interpolated,,,,,70,,False,False
702.0,,target,999170604,MAERSK EVORA,-2.342312987618405,-3.8312500000000327,34.4578125,139.02428472222223,19.575000000000003,58.95,59.75,18,,safe,0.9859040024110736,569.7535734996422,jtsb_ais_interpolated,,,,,70,,False,False
703.0,,own,999170601,USS FITZGERALD,0.5938879328425948,1.2902222222220796,34.54317037037037,139.0836802469136,19.495555555555555,199.83777777777777,199.83777777777777,18,,,,,jtsb_arpa_interpolated_heading_proxy,,,,,35,,False,False
703.0,,target,999170602,ACX CRYSTAL,-0.9873211420765807,-0.3100000000000591,34.5165,139.05169444444445,18.5,71.0,69.0,18,,danger,0.001675178019371973,236.2959415021866,jtsb_ais_fix,,,,,70,,False,False
703.0,,target,999170603,WAN HAI 266,-1.2551227026757434,0.9442124542121976,34.53740354090354,139.04627716727717,16.5,74.0,75.0,18,,safe,1.0767614319535292,173.10294383903388,jtsb_ais_interpolated,,,,,70,,False,False
703.0,,target,999170604,MAERSK EVORA,-2.3376212668459124,-3.8284444444444716,34.45785925925926,139.02437962962964,19.573333333333334,58.94666666666667,59.733333333333334,18,,safe,0.9870212333149028,568.6692730836007,jtsb_ais_interpolated,,,,,70,,False,False
704.0,,own,999170601,USS FITZGERALD,0.592179078447391,1.2851111111109692,34.543085185185184,139.08364567901233,19.497777777777777,199.8688888888889,199.8688888888889,18,,,,,jtsb_arpa_interpolated_heading_proxy,,,,,35,,False,False
704.0,,target,999170602,ACX CRYSTAL,-0.9826523077468357,-0.3084000000000572,34.516526666666664,139.0517888888889,18.5,70.988,68.96,18,,danger,0.0018276041964079847,235.2675033108783,jtsb_ais_interpolated,,,,,70,,False,False
704.0,,target,999170603,WAN HAI 266,-1.2507013437274435,0.9454212454209915,34.53742368742368,139.0463666056166,16.5,74.0,75.0,18,,safe,1.0764002479201622,172.11309512895852,jtsb_ais_interpolated,,,,,70,,False,False
704.0,,target,999170604,MAERSK EVORA,-2.33292954607342,-3.8256388888889106,34.45790601851852,139.02447453703704,19.57166666666667,58.943333333333335,59.71666666666667,18,,safe,0.988134619199339,567.5852564230295,jtsb_ais_interpolated,,,,,70,,False,False
705.0,,own,999170601,USS FITZGERALD,0.5904702240521873,1.279999999999859,34.543,139.0836111111111,19.5,199.9,199.9,18,,,,,jtsb_arpa_fix_heading_proxy,,,,,35,,False,False
705.0,,target,999170602,ACX CRYSTAL,-0.9779834734170907,-0.3068000000000552,34.516553333333334,139.05188333333334,18.5,70.976,68.92,18,,danger,0.0019773376228941985,234.2395847781634,jtsb_ais_interpolated,,,,,70,,False,False
705.0,,target,999170603,WAN HAI 266,-1.2462799847791437,0.9466300366297853,34.53744383394383,139.04645604395606,16.5,74.0,75.0,18,,safe,1.0760437057021388,171.1236481725417,jtsb_ais_interpolated,,,,,70,,False,False
705.0,,target,999170604,MAERSK EVORA,-2.3282378253009277,-3.8228333333333495,34.45795277777778,139.02456944444447,19.57,58.940000000000005,59.7,18,,safe,0.9892441577463277,566.5015232550986,jtsb_ais_interpolated,,,,,70,,False,False
706.0,,own,999170601,USS FITZGERALD,0.5885477628575831,1.2745555555554233,34.54290925925926,139.08357222222222,19.506666666666668,199.90666666666667,199.90666666666667,18,,,,,jtsb_arpa_interpolated_heading_proxy,,,,,35,,False,False
706.0,,target,999170602,ACX CRYSTAL,-0.9733146390873456,-0.30520000000005326,34.51658,139.05197777777778,18.5,70.964,68.88,18,,danger,0.001431560219831889,233.16789999041404,jtsb_ais_interpolated,,,,,70,,False,False
706.0,,target,999170603,WAN HAI 266,-1.2418586258308437,0.9478388278385792,34.537463980463976,139.0465454822955,16.5,74.0,75.0,18,,safe,1.0762181242711908,170.05269026639868,jtsb_ais_interpolated,,,,,70,,False,False
706.0,,target,999170604,MAERSK EVORA,-2.323546104528435,-3.8200277777777885,34.45799953703704,139.02466435185187,19.568333333333335,58.93666666666667,59.68333333333333,18,,safe,0.9888377998398623,565.3825800255278,jtsb_ais_interpolated,,,,,70,,False,False
707.0,,own,999170601,USS FITZGERALD,0.5866253016629789,1.2691111111109876,34.542818518518516,139.08353333333332,19.513333333333332,199.91333333333333,199.91333333333333,18,,,,,jtsb_arpa_interpolated_heading_proxy,,,,,35,,False,False
707.0,,target,999170602,ACX CRYSTAL,-0.9686458047576006,-0.3036000000000513,34.51660666666667,139.05207222222222,18.5,70.952,68.84,18,,danger,0.0008883647341400662,232.09674795261066,jtsb_ais_interpolated,,,,,70,,False,False
707.0,,target,999170603,WAN HAI 266,-1.2374372668825437,0.949047619047373,34.537484126984126,139.04663492063492,16.5,74.0,75.0,18,,safe,1.0763920479106697,168.98220366431954,jtsb_ais_interpolated,,,,,70,,False,False
707.0,,target,999170604,MAERSK EVORA,-2.3188543837559425,-3.8172222222222274,34.458046296296295,139.02475925925927,19.566666666666666,58.93333333333334,59.666666666666664,18,,safe,0.9884327823488572,564.263980391616,jtsb_ais_interpolated,,,,,70,,False,False
708.0,,own,999170601,USS FITZGERALD,0.5847028404683747,1.263666666666552,34.54272777777778,139.08349444444445,19.52,199.92000000000002,199.92000000000002,18,,,,,jtsb_arpa_interpolated_heading_proxy,,,,,35,,False,False
708.0,,target,999170602,ACX CRYSTAL,-0.9639769704278556,-0.30200000000004934,34.51663333333333,139.05216666666666,18.5,70.94,68.8,18,,danger,0.0003477482523461723,231.02612834744522,jtsb_ais_interpolated,,,,,70,,False,False
708.0,,target,999170603,WAN HAI 266,-1.2330159079342438,0.9502564102561669,34.53750427350427,139.04672435897436,16.5,74.0,75.0,18,,safe,1.0765654782484915,167.91218810267767,jtsb_ais_interpolated,,,,,70,,False,False
708.0,,target,999170604,MAERSK EVORA,-2.3141626629834504,-3.8144166666666663,34.45809305555556,139.02485416666667,19.565,58.93000000000001,59.65,18,,safe,0.9880291031859085,563.1457242347012,jtsb_ais_interpolated,,,,,70,,False,False
709.0,,own,999170601,USS FITZGERALD,0.5827803792737705,1.2582222222221162,34.54263703703704,139.08345555555556,19.526666666666667,199.92666666666668,199.92666666666668,18,,,,,jtsb_arpa_interpolated_heading_proxy,,,,,35,,False,False
709.0,,target,999170602,ACX CRYSTAL,-0.9593081360981105,-0.3004000000000474,34.51666,139.0522611111111,18.5,70.928,68.76,18,,danger,0.0001902921364838089,229.9560408575998,jtsb_ais_interpolated,,,,,70,,False,False
709.0,,target,999170603,WAN HAI 266,-1.228594548985944,0.9514652014649607,34.53752442002442,139.0468137973138,16.5,74.0,75.0,18,,safe,1.0767384169112815,166.84264331797155,jtsb_ais_interpolated,,,,,70,,False,False
709.0,,target,999170604,MAERSK EVORA,-2.309470942210958,-3.8116111111111053,34.458139814814814,139.02494907407407,19.563333333333333,58.92666666666667,59.63333333333333,18,,safe,0.9876267602647671,562.0278114360674,jtsb_ais_interpolated,,,,,70,,False,False
710.0,,own,999170601,USS FITZGERALD,0.5808579180791663,1.2527777777776805,34.542546296296294,139.08341666666666,19.533333333333335,199.93333333333334,199.93333333333334,18,,,,,jtsb_arpa_interpolated_heading_proxy,,,,,35,,False,False
710.0,,target,999170602,ACX CRYSTAL,-0.9546393017683655,-0.2988000000000454,34.516686666666665,139.05235555555558,18.5,70.916,68.72,18,,danger,0.0007257593407476267,228.8864851657465,jtsb_ais_interpolated,,,,,70,,False,False
710.0,,target,999170603,WAN HAI 266,-1.224173190037644,0.9526739926737546,34.53754456654456,139.04690323565325,16.5,74.0,75.0,18,,safe,1.0769108655243769,165.77356904682455,jtsb_ais_interpolated,,,,,70,,False,False
710.0,,target,999170604,MAERSK EVORA,-2.3047792214384653,-3.8088055555555442,34.45818657407408,139.0250439814815,19.561666666666667,58.92333333333334,59.61666666666667,18,,safe,0.987225751500348,560.910241876944,jtsb_ais_interpolated,,,,,70,,False,False
711.0,,own,999170601,USS FITZGERALD,0.578935456884562,1.2473333333332448,34.542455555555556,139.08337777777777,19.54,199.94,199.94,18,,,,,jtsb_arpa_interpolated_heading_proxy,,,,,35,,False,False
711.0,,target,999170602,ACX CRYSTAL,-0.9499704674386205,-0.2972000000000435,34.516713333333335,139.05245000000002,18.5,70.904,68.68,18,,danger,0.0012586562663071453,227.81746095454818,jtsb_ais_interpolated,,,,,70,,False,False
711.0,,target,999170603,WAN HAI 266,-1.219751831089344,0.9538827838825484,34.53756471306471,139.0469926739927,16.5,74.0,75.0,18,,safe,1.0770828257118263,164.7049650259853,jtsb_ais_interpolated,,,,,70,,False,False
711.0,,target,999170604,MAERSK EVORA,-2.300087500665973,-3.805999999999983,34.45823333333333,139.0251388888889,19.560000000000002,58.92,59.6,18,,safe,0.9868260748087222,559.7930154385075,jtsb_ais_interpolated,,,,,70,,False,False
712.0,,own,999170601,USS FITZGERALD,0.5770129956899579,1.241888888888809,34.54236481481482,139.08333888888887,19.546666666666667,199.94666666666666,199.94666666666666,18,,,,,jtsb_arpa_interpolated_heading_proxy,,,,,35,,False,False
712.0,,target,999170602,ACX CRYSTAL,-0.9453016331088755,-0.2956000000000415,34.51674,139.05254444444446,18.5,70.892,68.64,18,,danger,0.0017889858164938936,226.74896790665943,jtsb_ais_interpolated,,,,,70,,False,False
712.0,,target,999170603,WAN HAI 266,-1.215330472141044,0.9550915750913423,34.537584859584854,139.0470821123321,16.5,74.0,75.0,18,,safe,1.0772542990963934,163.63683099232742,jtsb_ais_interpolated,,,,,70,,False,False
712.0,,target,999170604,MAERSK EVORA,-2.2953957798934805,-3.803194444444422,34.458280092592595,139.0252337962963,19.558333333333334,58.91666666666667,59.583333333333336,18,,safe,0.9864277281071161,558.6761320018802,jtsb_ais_interpolated,,,,,70,,False,False
713.0,,own,999170601,USS FITZGERALD,0.5750905344953536,1.2364444444443734,34.54227407407407,139.0833,19.553333333333335,199.95333333333335,199.95333333333335,18,,,,,jtsb_arpa_interpolated_heading_proxy,,,,,35,,False,False
713.0,,target,999170602,ACX CRYSTAL,-0.9406327987791304,-0.29400000000003956,34.51676666666667,139.0526388888889,18.5,70.88,68.6,18,,danger,0.0023167508921072295,225.68100570472666,jtsb_ais_interpolated,,,,,70,,False,False
713.0,,target,999170603,WAN HAI 266,-1.210909113192744,0.9563003663001362,34.537605006105004,139.04717155067155,16.5,74.0,75.0,18,,safe,1.0774252872995551,162.56916668284995,jtsb_ais_interpolated,,,,,70,,False,False
713.0,,target,999170604,MAERSK EVORA,-2.290704059120988,-3.800388888888861,34.45832685185185,139.0253287037037,19.55666666666667,58.91333333333334,59.56666666666667,18,,safe,0.9860307093139176,557.559591448131,jtsb_ais_interpolated,,,,,70,,False,False
714.0,,own,999170601,USS FITZGERALD,0.5731680733007495,1.2309999999999377,34.542183333333334,139.0832611111111,19.560000000000002,199.96,199.96,18,,,,,jtsb_arpa_interpolated_heading_proxy,,,,,35,,False,False
714.0,,target,999170602,ACX CRYSTAL,-0.9359639644493853,-0.29240000000003763,34.51679333333333,139.05273333333335,18.5,70.868,68.56,18,,danger,0.002841954391421124,224.61357403138987,jtsb_ais_interpolated,,,,,70,,False,False
714.0,,target,999170603,WAN HAI 266,-1.2064877542444443,0.9575091575089301,34.537625152625154,139.047260989011,16.5,74.0,75.0,18,,safe,1.0775957919415076,161.50197183467716,jtsb_ais_interpolated,,,,,70,,False,False
714.0,,target,999170604,MAERSK EVORA,-2.286012338348496,-3.7975833333333,34.458373611111114,139.0254236111111,19.555,58.910000000000004,59.55,18,,safe,0.9856350163486635,556.443393658277,jtsb_ais_interpolated,,,,,70,,False,False
715.0,,own,999170601,USS FITZGERALD,0.5712456121061452,1.225555555555502,34.542092592592596,139.08322222222222,19.566666666666666,199.96666666666667,199.96666666666667,18,,,,,jtsb_arpa_interpolated_heading_proxy,,,,,35,,False,False
715.0,,target,999170602,ACX CRYSTAL,-0.9312951301196404,-0.29080000000003564,34.51682,139.0528277777778,18.5,70.856,68.52,18,,danger,0.003364599210180154,223.54667256928192,jtsb_ais_interpolated,,,,,70,,False,False
715.0,,target,999170603,WAN HAI 266,-1.2020663952961443,0.9587179487177239,34.5376452991453,139.04735042735044,16.5,74.0,75.0,18,,safe,1.0777658146411588,160.4352461850588,jtsb_ais_interpolated,,,,,70,,False,False
715.0,,target,999170604,MAERSK EVORA,-2.2813206175760032,-3.794777777777739,34.45842037037037,139.02551851851854,19.553333333333335,58.90666666666667,59.53333333333333,18,,safe,0.9852406471320565,555.3275385132811,jtsb_ais_interpolated,,,,,70,,False,False
716.0,,own,999170601,USS FITZGERALD,0.5693231509115411,1.2201111111110663,34.54200185185185,139.08318333333332,19.573333333333334,199.97333333333333,199.97333333333333,18,,,,,jtsb_arpa_interpolated_heading_proxy,,,,,35,,False,False
716.0,,target,999170602,ACX CRYSTAL,-0.9266262957898953,-0.2892000000000337,34.516846666666666,139.05292222222224,18.5,70.844,68.48,18,,danger,0.003884688241607821,222.48030100103037,jtsb_ais_interpolated,,,,,70,,False,False
716.0,,target,999170603,WAN HAI 266,-1.1976450363478444,0.9599267399265178,34.537665445665446,139.04743986568988,16.5,74.0,75.0,18,,safe,1.0779353570161399,159.36898947136984,jtsb_ais_interpolated,,,,,70,,False,False
716.0,,target,999170604,MAERSK EVORA,-2.2766288968035107,-3.791972222222178,34.45846712962963,139.02561342592594,19.551666666666666,58.903333333333336,59.516666666666666,18,,safe,0.9848475995859456,554.2120258940552,jtsb_ais_interpolated,,,,,70,,False,False
717.0,,own,999170601,USS FITZGERALD,0.5674006897169368,1.2146666666666306,34.54191111111111,139.08314444444443,19.580000000000002,199.98,199.98,18,,,,,jtsb_arpa_interpolated_heading_proxy,,,,,35,,False,False
717.0,,target,999170602,ACX CRYSTAL,-0.9219574614601502,-0.2876000000000317,34.516873333333336,139.05301666666668,18.5,70.832,68.44,18,,danger,0.004402224376403771,221.41445900925748,jtsb_ais_interpolated,,,,,70,,False,False
717.0,,target,999170603,WAN HAI 266,-1.1932236773995444,0.9611355311353116,34.53768559218559,139.0475293040293,16.5,74.0,75.0,18,,safe,1.078104420682797,158.30320143111098,jtsb_ais_interpolated,,,,,70,,False,False
717.0,,target,999170604,MAERSK EVORA,-2.2719371760310185,-3.789166666666617,34.45851388888889,139.02570833333334,19.55,58.900000000000006,59.5,18,,safe,0.9844558716333388,553.0968556814573,jtsb_ais_interpolated,,,,,70,,False,False
718.0,,own,999170601,USS FITZGERALD,0.5654782285223326,1.2092222222221949,34.541820370370374,139.08310555555556,19.58666666666667,199.98666666666668,199.98666666666668,18,,,,,jtsb_arpa_interpolated_heading_proxy,,,,,35,,False,False
718.0,,target,999170602,ACX CRYSTAL,-0.9172886271304053,-0.2860000000000298,34.5169,139.05311111111112,18.5,70.82,68.4,18,,danger,0.004917210502748547,220.34914627658102,jtsb_ais_interpolated,,,,,70,,False,False
718.0,,target,999170603,WAN HAI 266,-1.1888023184512446,0.9623443223441055,34.53770573870574,139.04761874236874,16.5,74.0,75.0,18,,safe,1.0782730072561988,157.23788180190846,jtsb_ais_interpolated,,,,,70,,False,False
718.0,,target,999170604,MAERSK EVORA,-2.267245455258526,-3.7863611111110558,34.45856064814815,139.02580324074074,19.548333333333336,58.896666666666675,59.483333333333334,18,,safe,0.9840654611983997,551.982027756295,jtsb_ais_interpolated,,,,,70,,False,False
719.0,,own,999170601,USS FITZGERALD,0.5635557673277284,1.2037777777777592,34.54172962962963,139.08306666666667,19.593333333333334,199.99333333333334,199.99333333333334,18,,,,,jtsb_arpa_interpolated_heading_proxy,,,,,35,,False,False
719.0,,target,999170602,ACX CRYSTAL,-0.9126197928006602,-0.28440000000002785,34.51692666666667,139.05320555555556,18.5,70.80799999999999,68.36,18,,danger,0.005429649506305464,219.2843624856152,jtsb_ais_interpolated,,,,,70,,False,False
719.0,,target,999170603,WAN HAI 266,-1.1843809595029446,0.9635531135528993,34.53772588522588,139.04770818070818,16.5,74.0,75.0,18,,safe,1.0784411183501348,156.17303032151426,jtsb_ais_interpolated,,,,,70,,False,False
719.0,,target,999170604,MAERSK EVORA,-2.2625537344860334,-3.7835555555554947,34.45860740740741,139.02589814814814,19.546666666666667,58.89333333333334,59.46666666666667,18,,safe,0.9836763662064437,550.8675419993235,jtsb_ais_interpolated,,,,,70,,False,False
720.0,,own,999170601,USS FITZGERALD,0.5616333061331242,1.1983333333333235,34.54163888888889,139.08302777777777,19.6,200.0,200.0,18,,,,,jtsb_arpa_fix_heading_proxy,,,,,35,,False,False
720.0,,target,999170602,ACX CRYSTAL,-0.9079509584709152,-0.28280000000002586,34.51695333333333,139.0533,18.5,70.79599999999999,68.32,18,,danger,0.005939544270222049,218.22010731897103,jtsb_ais_interpolated,,,,,70,,False,False
720.0,,target,999170603,WAN HAI 266,-1.1799596005546447,0.9647619047616932,34.53774603174603,139.04779761904763,16.5,74.0,75.0,18,,safe,1.0786087555771167,155.10864672780588,jtsb_ais_interpolated,,,,,70,,False,False
720.0,,target,999170604,MAERSK EVORA,-2.257862013713541,-3.7807499999999337,34.45865416666667,139.02599305555557,19.545,58.89000000000001,59.45,18,,safe,0.9832885845839374,549.7533982912466,jtsb_ais_interpolated,,,,,70,,False,False
721.0,,own,999170601,USS FITZGERALD,0.5597718754526567,1.1932222222222038,34.541553703703705,139.0829901234568,19.604444444444447,200.00444444444443,200.00444444444443,18,,,,,jtsb_arpa_interpolated_heading_proxy,,,,,35,,False,False
721.0,,target,999170602,ACX CRYSTAL,-0.9032821241411702,-0.28120000000002393,34.516980000000004,139.05339444444445,18.5,70.78399999999999,68.28,18,,danger,0.006242174972233229,217.20042387688872,jtsb_ais_interpolated,,,,,70,,False,False
721.0,,target,999170603,WAN HAI 266,-1.1755382416063447,0.965970695970487,34.537766178266175,139.04788705738707,16.5,74.0,75.0,18,,safe,1.0785760399508666,154.08813605706246,jtsb_ais_interpolated,,,,,70,,False,False
721.0,,target,999170604,MAERSK EVORA,-2.2531702929410486,-3.7779444444443726,34.45870092592593,139.02608796296298,19.543333333333333,58.88666666666667,59.43333333333333,18,,safe,0.9830698418673799,548.7033390671033,jtsb_ais_interpolated,,,,,70,,False,False
722.0,,own,999170601,USS FITZGERALD,0.5579104447721893,1.188111111111084,34.54146851851852,139.0829524691358,19.60888888888889,200.0088888888889,200.0088888888889,18,,,,,jtsb_arpa_interpolated_heading_proxy,,,,,35,,False,False
722.0,,target,999170602,ACX CRYSTAL,-0.8986132898114252,-0.27960000000002194,34.51700666666667,139.05348888888892,18.5,70.77199999999999,68.24,18,,danger,0.006542552297001474,216.18111476855822,jtsb_ais_interpolated,,,,,70,,False,False
722.0,,target,999170603,WAN HAI 266,-1.171116882658045,0.9671794871792809,34.537786324786325,139.0479764957265,16.5,74.0,75.0,18,,safe,1.0785430357293575,153.06792394540506,jtsb_ais_interpolated,,,,,70,,False,False
722.0,,target,999170604,MAERSK EVORA,-2.248478572168556,-3.7751388888888116,34.45874768518519,139.02618287037038,19.541666666666668,58.88333333333334,59.416666666666664,18,,safe,0.9828522050260159,547.6534743953821,jtsb_ais_interpolated,,,,,70,,False,False
723.0,,own,999170601,USS FITZGERALD,0.5560490140917218,1.1829999999999643,34.541383333333336,139.0829148148148,19.613333333333333,200.01333333333332,200.01333333333332,18,,,,,jtsb_arpa_interpolated_heading_proxy,,,,,35,,False,False
723.0,,target,999170602,ACX CRYSTAL,-0.8939444554816801,-0.27800000000002,34.51703333333334,139.05358333333336,18.5,70.75999999999999,68.2,18,,danger,0.006840677745848519,215.16217982385987,jtsb_ais_interpolated,,,,,70,,False,False
723.0,,target,999170603,WAN HAI 266,-1.166695523709745,0.9683882783880747,34.53780647130647,139.04806593406593,16.5,74.0,75.0,18,,safe,1.0785097435993438,152.0480102800526,jtsb_ais_interpolated,,,,,70,,False,False
723.0,,target,999170604,MAERSK EVORA,-2.2437868513960635,-3.7723333333332505,34.45879444444445,139.02627777777778,19.54,58.88000000000001,59.4,18,,safe,0.982635673043832,546.6038042382511,jtsb_ais_interpolated,,,,,70,,False,False
724.0,,own,999170601,USS FITZGERALD,0.5541875834112543,1.1778888888888446,34.54129814814815,139.0828771604938,19.61777777777778,200.01777777777778,200.01777777777778,18,,,,,jtsb_arpa_interpolated_heading_proxy,,,,,35,,False,False
724.0,,target,999170602,ACX CRYSTAL,-0.889275621151935,-0.2764000000000181,34.51706,139.0536777777778,18.5,70.74799999999999,68.16,18,,danger,0.007136552819155064,214.14361887266992,jtsb_ais_interpolated,,,,,70,,False,False
724.0,,target,999170603,WAN HAI 266,-1.162274164761445,0.9695970695968686,34.53782661782662,139.04815537240538,16.5,74.0,75.0,18,,safe,1.0784761642472187,151.0283949482613,jtsb_ais_interpolated,,,,,70,,False,False
724.0,,target,999170604,MAERSK EVORA,-2.2390951306235714,-3.7695277777776894,34.458841203703706,139.02637268518518,19.538333333333334,58.87666666666667,59.38333333333333,18,,safe,0.9824202449051487,545.5543285578467,jtsb_ais_interpolated,,,,,70,,False,False
725.0,,own,999170601,USS FITZGERALD,0.5523261527307868,1.1727777777777249,34.541212962962966,139.08283950617283,19.622222222222224,200.0222222222222,200.0222222222222,18,,,,,jtsb_arpa_interpolated_heading_proxy,,,,,35,,False,False
725.0,,target,999170602,ACX CRYSTAL,-0.8846067868221901,-0.2748000000000161,34.51708666666667,139.05377222222225,18.5,70.73599999999999,68.12,18,,danger,0.007430179016362017,213.12543174486058,jtsb_ais_interpolated,,,,,70,,False,False
725.0,,target,999170603,WAN HAI 266,-1.157852805813145,0.9708058608056624,34.53784676434676,139.04824481074482,16.5,74.0,75.0,18,,safe,1.0784422983590138,150.0090778373247,jtsb_ais_interpolated,,,,,70,,False,False
725.0,,target,999170604,MAERSK EVORA,-2.2344034098510788,-3.7667222222221284,34.45888796296297,139.0264675925926,19.53666666666667,58.87333333333334,59.36666666666667,18,,safe,0.9822059195946197,544.5050473162742,jtsb_ais_interpolated,,,,,70,,False,False
726.0,,own,999170601,USS FITZGERALD,0.5504647220503194,1.1676666666666051,34.54112777777778,139.08280185185185,19.62666666666667,200.02666666666667,200.02666666666667,18,,,,,jtsb_arpa_interpolated_heading_proxy,,,,,35,,False,False
726.0,,target,999170602,ACX CRYSTAL,-0.879937952492445,-0.27320000000001415,34.517113333333334,139.0538666666667,18.5,70.72399999999999,68.08,18,,danger,0.007721557835967171,212.1076182703001,jtsb_ais_interpolated,,,,,70,,False,False
726.0,,target,999170603,WAN HAI 266,-1.153431446864845,0.9720146520144564,34.53786691086691,139.04833424908426,16.5,74.0,75.0,18,,safe,1.0784081466203956,148.99005883457355,jtsb_ais_interpolated,,,,,70,,False,False
726.0,,target,999170604,MAERSK EVORA,-2.229711689078586,-3.7639166666665673,34.458934722222224,139.0265625,19.535,58.870000000000005,59.35,18,,safe,0.981992696097236,543.4559604756063,jtsb_ais_interpolated,,,,,70,,False,False
727.0,,own,999170601,USS FITZGERALD,0.5486032913698519,1.1625555555554854,34.541042592592596,139.08276419753085,19.631111111111114,200.0311111111111,200.0311111111111,18,,,,,jtsb_arpa_interpolated_heading_proxy,,,,,35,,False,False
727.0,,target,999170602,ACX CRYSTAL,-0.8752691181627,-0.27160000000001217,34.517140000000005,139.05396111111114,18.5,70.71199999999999,68.04,18,,danger,0.008010690775531461,211.09017827885341,jtsb_ais_interpolated,,,,,70,,False,False
727.0,,target,999170603,WAN HAI 266,-1.1490100879165452,0.9732234432232502,34.53788705738705,139.04842368742368,16.5,74.0,75.0,18,,safe,1.0783737097166712,147.9713378273762,jtsb_ais_interpolated,,,,,70,,False,False
727.0,,target,999170604,MAERSK EVORA,-2.225019968306094,-3.7611111111110063,34.45898148148149,139.0266574074074,19.533333333333335,58.866666666666674,59.333333333333336,18,,safe,0.9817805733983205,542.4070679978853,jtsb_ais_interpolated,,,,,70,,False,False
728.0,,own,999170601,USS FITZGERALD,0.5467418606893844,1.1574444444443657,34.540957407407404,139.08272654320987,19.635555555555555,200.03555555555556,200.03555555555556,18,,,,,jtsb_arpa_interpolated_heading_proxy,,,,,35,,False,False
728.0,,target,999170602,ACX CRYSTAL,-0.870600283832955,-0.27000000000001023,34.51716666666667,139.05405555555558,18.5,70.7,68.0,18,,danger,0.008297579331673792,210.07311160038165,jtsb_ais_fix,,,,,70,,False,False
728.0,,target,999170603,WAN HAI 266,-1.1445887289682453,0.9744322344320441,34.5379072039072,139.04851312576312,16.5,74.0,75.0,18,,safe,1.0783389883327839,146.9529147031381,jtsb_ais_interpolated,,,,,70,,False,False
728.0,,target,999170604,MAERSK EVORA,-2.2203282475336015,-3.758305555555445,34.45902824074074,139.02675231481481,19.531666666666666,58.863333333333344,59.31666666666667,18,,safe,0.9815695504835303,541.358369845121,jtsb_ais_interpolated,,,,,70,,False,False
729.0,,own,999170601,USS FITZGERALD,0.544880430008917,1.152333333333246,34.54087222222222,139.0826888888889,19.64,200.04,200.04,18,,,,,jtsb_arpa_interpolated_heading_proxy,,,,,35,,False,False
729.0,,target,999170602,ACX CRYSTAL,-0.8656960460916923,-0.2681428571428666,34.51719761904762,139.05415476190478,18.5,70.66571428571429,68.0,18,,danger,0.008969963922890652,209.00066014661599,jtsb_ais_interpolated,,,,,70,,False,False
729.0,,target,999170603,WAN HAI 266,-1.1401673700199453,0.9756410256408379,34.537927350427346,139.04860256410257,16.5,74.0,75.0,18,,safe,1.0783039831533157,145.93478934930218,jtsb_ais_interpolated,,,,,70,,False,False
729.0,,target,999170604,MAERSK EVORA,-2.215636526761109,-3.755499999999884,34.459075000000006,139.02684722222222,19.53,58.86000000000001,59.3,18,,safe,0.9813596263388568,540.3098659792922,jtsb_ais_interpolated,,,,,70,,False,False
730.0,,own,999170601,USS FITZGERALD,0.5430189993284494,1.1472222222221262,34.540787037037035,139.0826512345679,19.644444444444446,200.04444444444445,200.04444444444445,18,,,,,jtsb_arpa_interpolated_heading_proxy,,,,,35,,False,False
730.0,,target,999170602,ACX CRYSTAL,-0.8607918083504296,-0.266285714285723,34.517228571428575,139.054253968254,18.5,70.63142857142857,68.0,18,,danger,0.009636286742055935,207.92879552392048,jtsb_ais_interpolated,,,,,70,,False,False
730.0,,target,999170603,WAN HAI 266,-1.1357460110716455,0.9768498168496318,34.537947496947496,139.048692002442,16.5,74.0,75.0,18,,safe,1.0782686948624873,144.91696165334878,jtsb_ais_interpolated,,,,,70,,False,False
730.0,,target,999170604,MAERSK EVORA,-2.2109448059886168,-3.752694444444323,34.45912175925926,139.02694212962965,19.528333333333332,58.856666666666676,59.28333333333333,18,,safe,0.9811507999506269,539.2615563623461,jtsb_ais_interpolated,,,,,70,,False,False
731.0,,own,999170601,USS FITZGERALD,0.5411575686479819,1.1421111111110065,34.54070185185185,139.0826135802469,19.64888888888889,200.04888888888888,200.04888888888888,18,,,,,jtsb_arpa_interpolated_heading_proxy,,,,,35,,False,False
731.0,,target,999170602,ACX CRYSTAL,-0.8558875706091669,-0.2644285714285794,34.51725952380953,139.0543531746032,18.5,70.59714285714286,68.0,18,,danger,0.010296550844362661,206.85751731138188,jtsb_ais_interpolated,,,,,70,,False,False
731.0,,target,999170603,WAN HAI 266,-1.1313246521233455,0.9780586080584256,34.537967643467645,139.04878144078145,16.5,74.0,75.0,18,,safe,1.0782331241441592,143.89943150279547,jtsb_ais_interpolated,,,,,70,,False,False
731.0,,target,999170604,MAERSK EVORA,-2.206253085216124,-3.749888888888762,34.459168518518524,139.02703703703705,19.526666666666667,58.85333333333334,59.266666666666666,18,,safe,0.9809430703054954,538.2134409561992,jtsb_ais_interpolated,,,,,70,,False,False
732.0,,own,999170601,USS FITZGERALD,0.5392961379675145,1.1369999999998868,34.540616666666665,139.0825759259259,19.653333333333336,200.05333333333334,200.05333333333334,18,,,,,jtsb_arpa_interpolated_heading_proxy,,,,,35,,False,False
732.0,,target,999170602,ACX CRYSTAL,-0.8509833328679042,-0.26257142857143584,34.517290476190475,139.0544523809524,18.5,70.56285714285714,68.0,18,,danger,0.010950759282987355,205.7868250881175,jtsb_ais_interpolated,,,,,70,,False,False
732.0,,target,999170603,WAN HAI 266,-1.1269032931750456,0.9792673992672195,34.53798778998779,139.04887087912087,16.5,74.0,75.0,18,,safe,1.0781972716818273,142.8821987851975,jtsb_ais_interpolated,,,,,70,,False,False
732.0,,target,999170604,MAERSK EVORA,-2.2015613644436316,-3.747083333333201,34.45921527777778,139.02713194444445,19.525,58.85000000000001,59.25,18,,safe,0.9807364363904609,537.1655197227354,jtsb_ais_interpolated,,,,,70,,False,False
733.0,,own,999170601,USS FITZGERALD,0.537434707287047,1.131888888888767,34.54053148148148,139.08253827160493,19.657777777777778,200.05777777777777,200.05777777777777,18,,,,,jtsb_arpa_interpolated_heading_proxy,,,,,35,,False,False
733.0,,target,999170602,ACX CRYSTAL,-0.8460790951266415,-0.2607142857142922,34.51732142857143,139.0545515873016,18.5,70.52857142857144,68.0,18,,danger,0.011598915109101562,204.71671843327613,jtsb_ais_interpolated,,,,,70,,False,False
733.0,,target,999170603,WAN HAI 266,-1.1224819342267456,0.9804761904760133,34.53800793650794,139.0489603174603,16.5,74.0,75.0,18,,safe,1.078161138158631,141.86526338814727,jtsb_ais_interpolated,,,,,70,,False,False
733.0,,target,999170604,MAERSK EVORA,-2.1968696436711395,-3.74427777777764,34.45926203703704,139.02722685185185,19.523333333333333,58.84666666666668,59.233333333333334,18,,safe,0.980530897192846,536.1177926238094,jtsb_ais_interpolated,,,,,70,,False,False
734.0,,own,999170601,USS FITZGERALD,0.5355732766065795,1.1267777777776473,34.540446296296295,139.08250061728396,19.662222222222223,200.06222222222223,200.06222222222223,18,,,,,jtsb_arpa_interpolated_heading_proxy,,,,,35,,False,False
734.0,,target,999170602,ACX CRYSTAL,-0.8411748573853788,-0.2588571428571486,34.51735238095238,139.0546507936508,18.5,70.49428571428572,68.0,18,,danger,0.012241021371865564,203.64719692603865,jtsb_ais_interpolated,,,,,70,,False,False
734.0,,target,999170603,WAN HAI 266,-1.1180605752784456,0.9816849816848072,34.53802808302808,139.04904975579976,16.5,74.0,75.0,18,,safe,1.078124724257345,140.84862519927464,jtsb_ais_interpolated,,,,,70,,False,False
734.0,,target,999170604,MAERSK EVORA,-2.192177922898647,-3.741472222222079,34.4593087962963,139.02732175925925,19.52166666666667,58.84333333333334,59.21666666666667,18,,safe,0.9803264517003139,535.0702596212427,jtsb_ais_interpolated,,,,,70,,False,False
735.0,,own,999170601,USS FITZGERALD,0.5337118459261121,1.1216666666665276,34.54036111111111,139.08246296296295,19.666666666666668,200.06666666666666,200.06666666666666,18,,,,,jtsb_arpa_interpolated_heading_proxy,,,,,35,,False,False
735.0,,target,999170602,ACX CRYSTAL,-0.8362706196441161,-0.257000000000005,34.517383333333335,139.05475,18.5,70.46000000000001,68.0,18,,danger,0.012877081118438232,202.57826014561934,jtsb_ais_interpolated,,,,,70,,False,False
735.0,,target,999170603,WAN HAI 266,-1.1136392163301458,0.982893772893601,34.53804822954823,139.0491391941392,16.5,74.0,75.0,18,,safe,1.0780880306603866,139.83228410624702,jtsb_ais_interpolated,,,,,70,,False,False
735.0,,target,999170604,MAERSK EVORA,-2.1874862021261543,-3.738666666666518,34.45935555555556,139.02741666666668,19.52,58.84000000000001,59.2,18,,safe,0.9801230989008562,534.0229206768273,jtsb_ais_interpolated,,,,,70,,False,False
736.0,,own,999170601,USS FITZGERALD,0.5318504152456446,1.1165555555554079,34.540275925925926,139.08242530864197,19.671111111111113,200.0711111111111,200.0711111111111,18,,,,,jtsb_arpa_interpolated_heading_proxy,,,,,35,,False,False
736.0,,target,999170602,ACX CRYSTAL,-0.8313663819028534,-0.2551428571428614,34.51741428571429,139.05484920634922,18.5,70.42571428571429,68.0,18,,danger,0.013507097393973563,201.50990767126626,jtsb_ais_interpolated,,,,,70,,False,False
736.0,,target,999170603,WAN HAI 266,-1.1092178573818459,0.9841025641023949,34.538068376068374,139.04922863247864,16.5,74.0,75.0,18,,safe,1.0780510580498113,138.81623999676913,jtsb_ais_interpolated,,,,,70,,False,False
736.0,,target,999170604,MAERSK EVORA,-2.182794481353662,-3.7358611111109568,34.45940231481482,139.02751157407408,19.518333333333334,58.83666666666667,59.18333333333333,18,,safe,0.9799208377827996,532.9757757523234,jtsb_ais_interpolated,,,,,70,,False,False
737.0,,own,999170601,USS FITZGERALD,0.5299889845651771,1.1114444444442881,34.54019074074074,139.082387654321,19.675555555555558,200.07555555555555,200.07555555555555,18,,,,,jtsb_arpa_interpolated_heading_proxy,,,,,35,,False,False
737.0,,target,999170602,ACX CRYSTAL,-0.8264621441615907,-0.2532857142857178,34.51744523809524,139.05494841269842,18.5,70.39142857142858,68.0,18,,danger,0.014131073241625311,200.44213908226234,jtsb_ais_interpolated,,,,,70,,False,False
737.0,,target,999170603,WAN HAI 266,-1.1047964984335459,0.9853113553111887,34.538088522588524,139.04931807081806,16.5,74.0,75.0,18,,safe,1.0780138071073133,137.8004927585832,jtsb_ais_interpolated,,,,,70,,False,False
737.0,,target,999170604,MAERSK EVORA,-2.1781027605811696,-3.7330555555553957,34.45944907407408,139.02760648148148,19.516666666666666,58.83333333333334,59.166666666666664,18,,safe,0.9797196673348086,531.9288248094607,jtsb_ais_interpolated,,,,,70,,False,False
738.0,,own,999170601,USS FITZGERALD,0.5281275538847096,1.1063333333331684,34.540105555555556,139.08235,19.68,200.07999999999998,200.07999999999998,18,,,,,jtsb_arpa_interpolated_heading_proxy,,,,,35,,False,False
738.0,,target,999170602,ACX CRYSTAL,-0.821557906420328,-0.25142857142857417,34.517476190476195,139.05504761904763,18.5,70.35714285714286,68.0,18,,danger,0.01474901170254991,199.37495395792632,jtsb_ais_interpolated,,,,,70,,False,False
738.0,,target,999170603,WAN HAI 266,-1.100375139485246,0.9865201465199827,34.53810866910867,139.0494075091575,16.5,74.0,75.0,18,,safe,1.0779762785142297,136.78504227946894,jtsb_ais_interpolated,,,,,70,,False,False
738.0,,target,999170604,MAERSK EVORA,-2.173411039808677,-3.7302499999998346,34.459495833333335,139.0277013888889,19.515,58.83000000000001,59.15,18,,safe,0.9795195865458749,530.8820678099376,jtsb_ais_interpolated,,,,,70,,False,False
739.0,,own,999170601,USS FITZGERALD,0.5262661232042422,1.1012222222220487,34.54002037037037,139.08231234567901,19.684444444444445,200.08444444444444,200.08444444444444,18,,,,,jtsb_arpa_interpolated_heading_proxy,,,,,35,,False,False
739.0,,target,999170602,ACX CRYSTAL,-0.8166536686790653,-0.24957142857143058,34.51750714285714,139.05514682539683,18.5,70.32285714285715,68.0,18,,danger,0.015360915815909192,198.3083518776133,jtsb_ais_interpolated,,,,,70,,False,False
739.0,,target,999170603,WAN HAI 266,-1.0959537805369461,0.9877289377287765,34.538128815628816,139.04949694749695,16.5,74.0,75.0,18,,safe,1.0779384729515362,135.76988844724355,jtsb_ais_interpolated,,,,,70,,False,False
739.0,,target,999170604,MAERSK EVORA,-2.1687193190361844,-3.7274444444442736,34.4595425925926,139.0277962962963,19.513333333333332,58.826666666666675,59.13333333333333,18,,safe,0.9793205944053252,529.8355047154222,jtsb_ais_interpolated,,,,,70,,False,False
740.0,,own,999170601,USS FITZGERALD,0.5244046925237746,1.096111111110929,34.539935185185186,139.082274691358,19.68888888888889,200.08888888888887,200.08888888888887,18,,,,,jtsb_arpa_interpolated_heading_proxy,,,,,35,,False,False
740.0,,target,999170602,ACX CRYSTAL,-0.8117494309378026,-0.24771428571428697,34.517538095238095,139.05524603174604,18.5,70.28857142857143,68.0,18,,danger,0.015966788618869347,197.24233242071566,jtsb_ais_interpolated,,,,,70,,False,False
740.0,,target,999170603,WAN HAI 266,-1.0915324215886462,0.9889377289375704,34.53814896214896,139.0495863858364,16.5,74.0,75.0,18,,safe,1.0779003910998484,134.75503114976146,jtsb_ais_interpolated,,,,,70,,False,False
740.0,,target,999170604,MAERSK EVORA,-2.1640275982636923,-3.7246388888887125,34.459589351851854,139.02789120370372,19.511666666666667,58.823333333333345,59.11666666666667,18,,safe,0.979122689902822,528.7891354875512,jtsb_ais_interpolated,,,,,70,,False,False
741.0,,own,999170601,USS FITZGERALD,0.5225432618433071,1.0909999999998092,34.53985,139.08223703703703,19.693333333333335,200.09333333333333,200.09333333333333,18,,,,,jtsb_arpa_interpolated_heading_proxy,,,,,35,,False,False
741.0,,target,999170602,ACX CRYSTAL,-0.8068451931965399,-0.24585714285714338,34.51756904761905,139.05534523809524,18.5,70.25428571428571,68.0,18,,danger,0.01656663314660658,196.1768951666642,jtsb_ais_interpolated,,,,,70,,False,False
741.0,,target,999170603,WAN HAI 266,-1.0871110626403462,0.9901465201463642,34.53816910866911,139.04967582417584,16.5,74.0,75.0,18,,safe,1.0778620336394236,133.74047027491497,jtsb_ais_interpolated,,,,,70,,False,False
741.0,,target,999170604,MAERSK EVORA,-2.1593358774911997,-3.7218333333331515,34.45963611111112,139.02798611111112,19.51,58.82000000000001,59.1,18,,safe,0.9789258720283611,527.7429600879316,jtsb_ais_interpolated,,,,,70,,False,False
742.0,,own,999170601,USS FITZGERALD,0.5206818311628397,1.0858888888886895,34.539764814814816,139.08219938271606,19.69777777777778,200.09777777777776,200.09777777777776,18,,,,,jtsb_arpa_interpolated_heading_proxy,,,,,35,,False,False
742.0,,target,999170602,ACX CRYSTAL,-0.8019409554552772,-0.24399999999999977,34.5176,139.05544444444445,18.5,70.22000000000001,68.0,18,,danger,0.017160452432311357,195.1120396949286,jtsb_ais_interpolated,,,,,70,,False,False
742.0,,target,999170603,WAN HAI 266,-1.0826897036920462,0.9913553113551581,34.53818925518925,139.04976526251528,16.5,74.0,75.0,18,,safe,1.0778234012501609,132.72620571063368,jtsb_ais_interpolated,,,,,70,,False,False
742.0,,target,999170604,MAERSK EVORA,-2.1546441567187076,-3.7190277777775904,34.45968287037037,139.02808101851852,19.508333333333333,58.81666666666668,59.083333333333336,18,,safe,0.9787301397722652,526.6969784781388,jtsb_ais_interpolated,,,,,70,,False,False
743.0,,own,999170601,USS FITZGERALD,0.5188204004823722,1.0807777777775698,34.539679629629624,139.08216172839505,19.702222222222222,200.10222222222222,200.10222222222222,18,,,,,jtsb_arpa_interpolated_heading_proxy,,,,,35,,False,False
743.0,,target,999170602,ACX CRYSTAL,-0.7970367177140145,-0.24214285714285616,34.517630952380955,139.05554365079365,18.5,70.1857142857143,68.0,18,,danger,0.017748249507182595,194.04776558501837,jtsb_ais_interpolated,,,,,70,,False,False
743.0,,target,999170603,WAN HAI 266,-1.0782683447437464,0.9925641025639519,34.5382094017094,139.0498547008547,16.5,74.0,75.0,18,,safe,1.0777844946115978,131.71223734488473,jtsb_ais_interpolated,,,,,70,,False,False
743.0,,target,999170604,MAERSK EVORA,-2.149952435946215,-3.7162222222220294,34.459729629629635,139.02817592592592,19.506666666666668,58.81333333333335,59.06666666666667,18,,safe,0.978535492125199,525.6511906197184,jtsb_ais_interpolated,,,,,70,,False,False
744.0,,own,999170601,USS FITZGERALD,0.5169589698019047,1.07566666666645,34.53959444444444,139.08212407407407,19.706666666666667,200.10666666666665,200.10666666666665,18,,,,,jtsb_arpa_interpolated_heading_proxy,,,,,35,,False,False
744.0,,target,999170602,ACX CRYSTAL,-0.7921324799727518,-0.24028571428571258,34.51766190476191,139.05564285714286,18.5,70.15142857142858,68.0,18,,danger,0.018330027400440187,192.98407241648357,jtsb_ais_interpolated,,,,,70,,False,False
744.0,,target,999170603,WAN HAI 266,-1.0738469857954465,0.9937728937727458,34.538229548229545,139.04994413919414,16.5,74.0,75.0,18,,safe,1.0777453144029157,130.69856506567265,jtsb_ais_interpolated,,,,,70,,False,False
744.0,,target,999170604,MAERSK EVORA,-2.1452607151737224,-3.7134166666664683,34.45977638888889,139.02827083333332,19.505,58.81000000000001,59.05,18,,safe,0.9783419280781519,524.605596474185,jtsb_ais_interpolated,,,,,70,,False,False
745.0,,own,999170601,USS FITZGERALD,0.5150975391214372,1.0705555555553303,34.539509259259255,139.0820864197531,19.711111111111112,200.11111111111111,200.11111111111111,18,,,,,jtsb_arpa_interpolated_heading_proxy,,,,,35,,False,False
745.0,,target,999170602,ACX CRYSTAL,-0.7872282422314891,-0.23842857142856896,34.51769285714286,139.05574206349206,18.5,70.11714285714287,68.0,18,,danger,0.01890578913931911,191.92095976891594,jtsb_ais_interpolated,,,,,70,,False,False
745.0,,target,999170603,WAN HAI 266,-1.0694256268471465,0.9949816849815396,34.538249694749695,139.05003357753358,16.5,74.0,75.0,18,,safe,1.0777058613029364,129.6851887610397,jtsb_ais_interpolated,,,,,70,,False,False
745.0,,target,999170604,MAERSK EVORA,-2.14056899440123,-3.7106111111109072,34.45982314814815,139.02836574074075,19.503333333333334,58.80666666666668,59.03333333333333,18,,safe,0.978149446622454,523.5601960030232,jtsb_ais_interpolated,,,,,70,,False,False
746.0,,own,999170601,USS FITZGERALD,0.5132361084409698,1.0654444444442106,34.53942407407407,139.0820487654321,19.715555555555557,200.11555555555555,200.11555555555555,18,,,,,jtsb_arpa_interpolated_heading_proxy,,,,,35,,False,False
746.0,,target,999170602,ACX CRYSTAL,-0.7823240044902265,-0.23657142857142535,34.51772380952381,139.0558412698413,18.5,70.08285714285715,68.0,18,,danger,0.019475537749077402,190.85842722194937,jtsb_ais_interpolated,,,,,70,,False,False
746.0,,target,999170603,WAN HAI 266,-1.0650042678988465,0.9961904761903335,34.53826984126984,139.05012301587303,16.5,74.0,75.0,18,,safe,1.0776661359901234,128.6721083190656,jtsb_ais_interpolated,,,,,70,,False,False
746.0,,target,999170604,MAERSK EVORA,-2.1358772736287377,-3.707805555555346,34.45986990740741,139.02846064814815,19.501666666666665,58.80333333333334,59.016666666666666,18,,safe,0.9779580467497598,522.514989167687,jtsb_ais_interpolated,,,,,70,,False,False
747.0,,own,999170601,USS FITZGERALD,0.5113746777605023,1.0603333333330909,34.539338888888885,139.08201111111111,19.720000000000002,200.12,200.12,18,,,,,jtsb_arpa_interpolated_heading_proxy,,,,,35,,False,False
747.0,,target,999170602,ACX CRYSTAL,-0.7774197667489638,-0.23471428571428177,34.51775476190476,139.0559404761905,18.5,70.04857142857144,68.0,18,,danger,0.020039276252993368,189.79647435526087,jtsb_ais_interpolated,,,,,70,,False,False
747.0,,target,999170603,WAN HAI 266,-1.0605829089505465,0.9973992673991273,34.53828998778999,139.05021245421247,16.5,74.0,75.0,18,,safe,1.0776261391425817,127.65932362786761,jtsb_ais_interpolated,,,,,70,,False,False
747.0,,target,999170604,MAERSK EVORA,-2.131185552856245,-3.704999999999785,34.45991666666667,139.02855555555556,19.5,58.8,59.0,18,,safe,0.9777677274520663,521.4699759296,jtsb_ais_fix,,,,,70,,False,False
748.0,,own,999170601,USS FITZGERALD,0.5095132470800348,1.0552222222219712,34.5392537037037,139.0819734567901,19.724444444444444,200.12444444444444,200.12444444444444,18,,,,,jtsb_arpa_interpolated_heading_proxy,,,,,35,,False,False
748.0,,target,999170602,ACX CRYSTAL,-0.7725155290077012,-0.23285714285713816,34.517785714285715,139.0560396825397,18.5,70.01428571428572,68.0,18,,danger,0.020597007672375076,188.73510074857137,jtsb_ais_interpolated,,,,,70,,False,False
748.0,,target,999170603,WAN HAI 266,-1.0561615500022468,0.9986080586079212,34.53831013431013,139.0503018925519,16.5,74.0,75.0,18,,safe,1.0775858714380604,126.64683457560052,jtsb_ais_interpolated,,,,,70,,False,False
748.0,,target,999170604,MAERSK EVORA,-2.126585377854911,-3.702166666666457,34.45996388888889,139.02864861111112,19.5,58.794999999999995,59.0,18,,safe,0.9774929963540611,520.4039069304282,jtsb_ais_interpolated,,,,,70,,False,False
749.0,,own,999170601,USS FITZGERALD,0.5076518163995674,1.0501111111108514,34.539168518518515,139.08193580246913,19.72888888888889,200.1288888888889,200.1288888888889,18,,,,,jtsb_arpa_interpolated_heading_proxy,,,,,35,,False,False
749.0,,target,999170602,ACX CRYSTAL,-0.7676112912664385,-0.23099999999999454,34.51781666666667,139.0561388888889,18.5,69.98,68.0,18,,danger,0.0211487350265536,187.67430598164646,jtsb_ais_interpolated,,,,,70,,False,False
749.0,,target,999170603,WAN HAI 266,-1.0517401910539468,0.999816849816715,34.53833028083028,139.05039133089133,16.5,74.0,75.0,18,,safe,1.0775453335539478,125.63464105045674,jtsb_ais_interpolated,,,,,70,,False,False
749.0,,target,999170604,MAERSK EVORA,-2.1219852028535766,-3.6993333333331293,34.460011111111115,139.02874166666666,19.5,58.79,59.0,18,,safe,0.9772193208267124,519.3381364860776,jtsb_ais_interpolated,,,,,70,,False,False
750.0,,own,999170601,USS FITZGERALD,0.5057903857190998,1.0449999999997317,34.53908333333333,139.08189814814816,19.733333333333334,200.13333333333333,200.13333333333333,18,,,,,jtsb_arpa_interpolated_heading_proxy,,,,,35,,False,False
750.0,,target,999170602,ACX CRYSTAL,-0.7627070535251758,-0.22914285714285093,34.51784761904762,139.05623809523811,18.5,69.9457142857143,68.0,18,,danger,0.021694461332893596,186.61408963429736,jtsb_ais_interpolated,,,,,70,,False,False
750.0,,target,999170603,WAN HAI 266,-1.0473188321056468,1.001025641025509,34.53835042735043,139.05048076923077,16.5,74.0,75.0,18,,safe,1.0775045261672778,124.62274294066624,jtsb_ais_interpolated,,,,,70,,False,False
750.0,,target,999170604,MAERSK EVORA,-2.1173850278522424,-3.6964999999998014,34.460058333333336,139.02883472222223,19.5,58.785,59.0,18,,safe,0.9769466998962868,518.2726644851049,jtsb_ais_interpolated,,,,,70,,False,False
751.0,,own,999170601,USS FITZGERALD,0.5039289550386323,1.039888888888612,34.538998148148146,139.08186049382715,19.73777777777778,200.13777777777776,200.13777777777776,18,,,,,jtsb_arpa_interpolated_heading_proxy,,,,,35,,False,False
751.0,,target,999170602,ACX CRYSTAL,-0.7578028157839131,-0.22728571428570732,34.517878571428575,139.05633730158732,18.5,69.91142857142859,68.0,18,,danger,0.02223418960678979,185.55445128638135,jtsb_ais_interpolated,,,,,70,,False,False
751.0,,target,999170603,WAN HAI 266,-1.042897473157347,1.0022344322343029,34.53837057387057,139.05057020757022,16.5,74.0,75.0,18,,safe,1.0774634499547244,123.6111401344966,jtsb_ais_interpolated,,,,,70,,False,False
751.0,,target,999170604,MAERSK EVORA,-2.112784852850908,-3.6936666666664735,34.46010555555556,139.02892777777777,19.5,58.779999999999994,59.0,18,,safe,0.9766751325895633,517.2074908160847,jtsb_ais_interpolated,,,,,70,,False,False
752.0,,own,999170601,USS FITZGERALD,0.5020675243581649,1.0347777777774922,34.53891296296296,139.08182283950617,19.742222222222225,200.14222222222222,200.14222222222222,18,,,,,jtsb_arpa_interpolated_heading_proxy,,,,,35,,False,False
752.0,,target,999170602,ACX CRYSTAL,-0.7528985780426504,-0.22542857142856373,34.51790952380953,139.05643650793652,18.5,69.87714285714287,68.0,18,,danger,0.02276792286167262,184.49539051780306,jtsb_ais_interpolated,,,,,70,,False,False
752.0,,target,999170603,WAN HAI 266,-1.038476114209047,1.0034432234430966,34.53839072039072,139.05065964590966,16.5,74.0,75.0,18,,safe,1.0774221055926063,122.59983252025299,jtsb_ais_interpolated,,,,,70,,False,False
752.0,,target,999170604,MAERSK EVORA,-2.1081846778495743,-3.6908333333331456,34.46015277777778,139.02902083333333,19.5,58.775,59.0,18,,safe,0.976404617933822,516.1426153676105,jtsb_ais_interpolated,,,,,70,,False,False
753.0,,own,999170601,USS FITZGERALD,0.5002060936776974,1.0296666666663725,34.538827777777776,139.0817851851852,19.746666666666666,200.14666666666665,200.14666666666665,18,,,,,jtsb_arpa_interpolated_heading_proxy,,,,,35,,False,False
753.0,,target,999170602,ACX CRYSTAL,-0.7479943403013877,-0.22357142857142012,34.517940476190475,139.05653571428573,18.5,69.84285714285716,68.0,18,,danger,0.023295664109010718,183.43690690851489,jtsb_ais_interpolated,,,,,70,,False,False
753.0,,target,999170603,WAN HAI 266,-1.034054755260747,1.0046520146518905,34.538410866910866,139.05074908424908,16.5,74.0,75.0,18,,safe,1.0773804937568854,121.58881998627807,jtsb_ais_interpolated,,,,,70,,False,False
753.0,,target,999170604,MAERSK EVORA,-2.10358450284824,-3.6879999999998176,34.46020000000001,139.0291138888889,19.5,58.769999999999996,59.0,18,,safe,0.9761351549568426,515.0780380282943,jtsb_ais_interpolated,,,,,70,,False,False
754.0,,own,999170601,USS FITZGERALD,0.4983446629972299,1.0245555555552528,34.53874259259259,139.0817475308642,19.75111111111111,200.1511111111111,200.1511111111111,18,,,,,jtsb_arpa_interpolated_heading_proxy,,,,,35,,False,False
754.0,,target,999170602,ACX CRYSTAL,-0.743090102560125,-0.2217142857142765,34.51797142857143,139.05663492063493,18.5,69.80857142857144,68.0,18,,danger,0.023817416358309106,182.37900003851777,jtsb_ais_interpolated,,,,,70,,False,False
754.0,,target,999170603,WAN HAI 266,-1.029633396312447,1.0058608058606844,34.538431013431016,139.05083852258852,16.5,74.0,75.0,18,,safe,1.0773386151231648,120.5781024209523,jtsb_ais_interpolated,,,,,70,,False,False
754.0,,target,999170604,MAERSK EVORA,-2.098984327846906,-3.6851666666664897,34.46024722222223,139.02920694444444,19.5,58.76499999999999,59.0,18,,safe,0.9758667426869146,514.0137586867661,jtsb_ais_interpolated,,,,,70,,False,False
755.0,,own,999170601,USS FITZGERALD,0.49648323231676245,1.019444444444133,34.538657407407406,139.08170987654321,19.755555555555556,200.15555555555554,200.15555555555554,18,,,,,jtsb_arpa_interpolated_heading_proxy,,,,,35,,False,False
755.0,,target,999170602,ACX CRYSTAL,-0.7381858648188623,-0.21985714285713293,34.51800238095238,139.05673412698414,18.5,69.77428571428572,68.0,18,,danger,0.02433318261711789,181.32166948786238,jtsb_ais_interpolated,,,,,70,,False,False
755.0,,target,999170603,WAN HAI 266,-1.0252120373641471,1.0070695970694783,34.53845115995116,139.05092796092796,16.5,74.0,75.0,18,,safe,1.077296470366694,119.56767971269365,jtsb_ais_interpolated,,,,,70,,False,False
755.0,,target,999170604,MAERSK EVORA,-2.0943841528455716,-3.682333333333162,34.46029444444445,139.0293,19.5,58.76,59.0,18,,safe,0.9755993801528249,512.9497772316753,jtsb_ais_interpolated,,,,,70,,False,False
756.0,,own,999170601,USS FITZGERALD,0.494621801636295,1.0143333333330133,34.53857222222222,139.0816722222222,19.76,200.16,200.16,18,,,,,jtsb_arpa_interpolated_heading_proxy,,,,,35,,False,False
756.0,,target,999170602,ACX CRYSTAL,-0.7332816270775996,-0.2179999999999893,34.518033333333335,139.05683333333334,18.5,69.74000000000001,68.0,18,,danger,0.02484296589102873,180.26491483664938,jtsb_ais_interpolated,,,,,70,,False,False
756.0,,target,999170603,WAN HAI 266,-1.0207906784158474,1.008278388278272,34.53847130647131,139.0510173992674,16.5,74.0,75.0,18,,safe,1.0772540601623646,118.55755174995782,jtsb_ais_interpolated,,,,,70,,False,False
756.0,,target,999170604,MAERSK EVORA,-2.0897839778442373,-3.679499999999834,34.46034166666667,139.02939305555554,19.5,58.754999999999995,59.0,18,,safe,0.9753330663838651,511.88609355168944,jtsb_ais_interpolated,,,,,70,,False,False
757.0,,own,999170601,USS FITZGERALD,0.4927603709558275,1.0092222222218936,34.53848703703704,139.08163456790123,19.764444444444447,200.16444444444443,200.16444444444443,18,,,,,jtsb_arpa_interpolated_heading_proxy,,,,,35,,False,False
757.0,,target,999170602,ACX CRYSTAL,-0.7283773893363369,-0.2161428571428457,34.51806428571429,139.05693253968255,18.5,69.7057142857143,68.0,18,,danger,0.025346769183680985,179.20873566503056,jtsb_ais_interpolated,,,,,70,,False,False
757.0,,target,999170603,WAN HAI 266,-1.0163693194675474,1.009487179487066,34.53849145299145,139.05110683760685,16.5,74.0,75.0,18,,safe,1.0772113851847118,117.54771842123797,jtsb_ais_interpolated,,,,,70,,False,False
757.0,,target,999170604,MAERSK EVORA,-2.085183802842903,-3.676666666666506,34.46038888888889,139.0294861111111,19.5,58.74999999999999,59.0,18,,safe,0.9750678004098302,510.8227075354946,jtsb_ais_interpolated,,,,,70,,False,False
758.0,,own,999170601,USS FITZGERALD,0.49089894027536,1.004111111110774,34.538401851851845,139.08159691358026,19.76888888888889,200.1688888888889,200.1688888888889,18,,,,,jtsb_arpa_interpolated_heading_proxy,,,,,35,,False,False
758.0,,target,999170602,ACX CRYSTAL,-0.7234731515950742,-0.21428571428570212,34.51809523809524,139.05703174603175,18.5,69.67142857142858,68.0,18,,danger,0.02584459549676064,178.1531315532093,jtsb_ais_interpolated,,,,,70,,False,False
758.0,,target,999170603,WAN HAI 266,-1.0119479605192474,1.0106959706958598,34.5385115995116,139.05119627594627,16.5,74.0,75.0,18,,safe,1.0771684461079158,116.53817961506516,jtsb_ais_interpolated,,,,,70,,False,False
758.0,,target,999170604,MAERSK EVORA,-2.080583627841569,-3.673833333333178,34.460436111111115,139.02957916666668,19.5,58.745,59.0,18,,safe,0.9748035812610184,509.75961907179624,jtsb_ais_interpolated,,,,,70,,False,False
759.0,,own,999170601,USS FITZGERALD,0.4890375095948925,0.9989999999996542,34.53831666666666,139.08155925925925,19.773333333333333,200.17333333333332,200.17333333333332,18,,,,,jtsb_arpa_interpolated_heading_proxy,,,,,35,,False,False
759.0,,target,999170602,ACX CRYSTAL,-0.7185689138538115,-0.2124285714285585,34.518126190476195,139.05713095238096,18.5,69.63714285714288,68.0,18,,danger,0.02633644783000891,177.09810208144182,jtsb_ais_interpolated,,,,,70,,False,False
759.0,,target,999170603,WAN HAI 266,-1.0075266015709474,1.0119047619046537,34.538531746031744,139.0512857142857,16.5,74.0,75.0,18,,safe,1.0771252436058016,115.52893522000784,jtsb_ais_interpolated,,,,,70,,False,False
759.0,,target,999170604,MAERSK EVORA,-2.0759834528402346,-3.67099999999985,34.460483333333336,139.02967222222222,19.5,58.739999999999995,59.0,18,,safe,0.9745404079682224,508.6968280493179,jtsb_ais_interpolated,,,,,70,,False,False
760.0,,own,999170601,USS FITZGERALD,0.48717607891442505,0.9938888888885344,34.538231481481475,139.08152160493827,19.77777777777778,200.17777777777778,200.17777777777778,18,,,,,jtsb_arpa_interpolated_heading_proxy,,,,,35,,False,False
760.0,,target,999170602,ACX CRYSTAL,-0.7136646761125488,-0.2105714285714149,34.51815714285714,139.05723015873016,18.5,69.60285714285716,68.0,18,,danger,0.02682232918121491,176.0436468300373,jtsb_ais_interpolated,,,,,70,,False,False
760.0,,target,999170603,WAN HAI 266,-1.0031052426226477,1.0131135531134474,34.538551892551894,139.05137515262516,16.5,74.0,75.0,18,,safe,1.0770817783518372,114.51998512467242,jtsb_ais_interpolated,,,,,70,,False,False
760.0,,target,999170604,MAERSK EVORA,-2.0713832778389007,-3.6681666666665222,34.46053055555556,139.02976527777778,19.5,58.73499999999999,59.0,18,,safe,0.9742782795627484,507.6343343568021,jtsb_ais_interpolated,,,,,70,,False,False
761.0,,own,999170601,USS FITZGERALD,0.4853146482339576,0.9887777777774147,34.53814629629629,139.0814839506173,19.782222222222224,200.1822222222222,200.1822222222222,18,,,,,jtsb_arpa_interpolated_heading_proxy,,,,,35,,False,False
761.0,,target,999170602,ACX CRYSTAL,-0.7087604383712861,-0.2087142857142713,34.518188095238095,139.05732936507937,18.5,69.56857142857145,68.0,18,,danger,0.027302242546227942,174.98976537935934,jtsb_ais_interpolated,,,,,70,,False,False
761.0,,target,999170603,WAN HAI 266,-0.9986838836743477,1.0143223443222413,34.53857203907204,139.0514645909646,16.5,74.0,75.0,18,,safe,1.0770380510191366,113.51132921770274,jtsb_ais_interpolated,,,,,70,,False,False
761.0,,target,999170604,MAERSK EVORA,-2.0667831028375665,-3.6653333333331943,34.46057777777778,139.02985833333332,19.5,58.73,59.0,18,,safe,0.9740171950763925,506.5721378830108,jtsb_ais_interpolated,,,,,70,,False,False
762.0,,own,999170601,USS FITZGERALD,0.4834532175534901,0.983666666666295,34.538061111111105,139.0814462962963,19.78666666666667,200.18666666666667,200.18666666666667,18,,,,,jtsb_arpa_interpolated_heading_proxy,,,,,35,,False,False
762.0,,target,999170602,ACX CRYSTAL,-0.7038562006300234,-0.2068571428571277,34.51821904761905,139.05742857142857,18.5,69.53428571428573,68.0,18,,danger,0.027776190918951987,173.9364573098261,jtsb_ais_interpolated,,,,,70,,False,False
762.0,,target,999170603,WAN HAI 266,-0.9942625247260477,1.0155311355310352,34.53859218559219,139.05155402930404,16.5,74.0,75.0,18,,safe,1.076994062280458,112.50296738778049,jtsb_ais_interpolated,,,,,70,,False,False
762.0,,target,999170604,MAERSK EVORA,-2.0621829278362322,-3.6624999999998664,34.46062500000001,139.0299513888889,19.5,58.724999999999994,59.0,18,,safe,0.9737571535414581,505.5102385167237,jtsb_ais_interpolated,,,,,70,,False,False
763.0,,own,999170601,USS FITZGERALD,0.4815917868730226,0.9785555555551753,34.53797592592592,139.08140864197532,19.79111111111111,200.1911111111111,200.1911111111111,18,,,,,jtsb_arpa_interpolated_heading_proxy,,,,,35,,False,False
763.0,,target,999170602,ACX CRYSTAL,-0.6989519628887607,-0.20499999999998408,34.51825,139.05752777777778,18.5,69.5,68.0,18,,danger,0.028244177291353652,172.8837222019114,jtsb_ais_fix,,,,,70,,False,False
763.0,,target,999170603,WAN HAI 266,-0.9898411657777477,1.0167399267398292,34.53861233211233,139.05164346764346,16.5,74.0,75.0,18,,safe,1.0769498128082051,111.49489952362501,jtsb_ais_interpolated,,,,,70,,False,False
763.0,,target,999170604,MAERSK EVORA,-2.057582752834898,-3.6596666666665385,34.46067222222223,139.03004444444446,19.5,58.71999999999999,59.0,18,,safe,0.9734981539907491,504.4486361467405,jtsb_ais_interpolated,,,,,70,,False,False
764.0,,own,999170601,USS FITZGERALD,0.4797303561925551,0.9734444444440555,34.537890740740735,139.0813709876543,19.795555555555556,200.19555555555556,200.19555555555556,18,,,,,jtsb_arpa_interpolated_heading_proxy,,,,,35,,False,False
764.0,,target,999170602,ACX CRYSTAL,-0.6943380560217106,-0.20333333333332462,34.51827777777778,139.0576211111111,18.496,69.512,68.0,18,,danger,0.02822160916689862,171.91720553323253,jtsb_ais_interpolated,,,,,70,,False,False
764.0,,target,999170603,WAN HAI 266,-0.9854198068294479,1.0179487179486228,34.53863247863248,139.0517329059829,16.5,74.0,75.0,18,,safe,1.0769053032744267,110.48712551399333,jtsb_ais_interpolated,,,,,70,,False,False
764.0,,target,999170604,MAERSK EVORA,-2.0529825778335637,-3.6568333333332106,34.46071944444445,139.0301375,19.5,58.714999999999996,59.0,18,,safe,0.9732401954575701,503.3873306618796,jtsb_ais_interpolated,,,,,70,,False,False
765.0,,own,999170601,USS FITZGERALD,0.47786892551208765,0.9683333333329358,34.53780555555555,139.08133333333333,19.8,200.2,200.2,18,,,,,jtsb_arpa_fix_heading_proxy,,,,,35,,False,False
765.0,,target,999170602,ACX CRYSTAL,-0.6897241491546605,-0.20166666666666516,34.51830555555556,139.05771444444446,18.492,69.524,68.0,18,,danger,0.02819984068446949,170.9506548493689,jtsb_ais_interpolated,,,,,70,,False,False
765.0,,target,999170603,WAN HAI 266,-0.980998447881148,1.0191575091574168,34.53865262515262,139.05182234432235,16.5,74.0,75.0,18,,safe,1.0768605343508182,109.47964524768017,jtsb_ais_interpolated,,,,,70,,False,False
765.0,,target,999170604,MAERSK EVORA,-2.0483824028322295,-3.6539999999998827,34.46076666666667,139.03023055555556,19.5,58.709999999999994,59.0,18,,safe,0.9729832769757196,502.3263219509782,jtsb_ais_interpolated,,,,,70,,False,False
766.0,,own,999170601,USS FITZGERALD,0.4753971896904403,0.961222222221835,34.53768703703703,139.08128333333335,19.8,200.2,200.2,18,,,,,jtsb_arpa_interpolated_heading_proxy,,,,,35,,False,False
766.0,,target,999170602,ACX CRYSTAL,-0.6851102422876104,-0.20000000000000567,34.51833333333334,139.05780777777778,18.488,69.536,68.0,18,,danger,0.029109890713309373,169.81424195323407,jtsb_ais_interpolated,,,,,70,,False,False
766.0,,target,999170603,WAN HAI 266,-0.976577088932848,1.0203663003662107,34.53867277167277,139.0519117826618,16.5,74.0,75.0,18,,safe,1.0777678885876716,108.28364065495947,jtsb_ais_interpolated,,,,,70,,False,False
766.0,,target,999170604,MAERSK EVORA,-2.0437822278308952,-3.6511666666665548,34.46081388888889,139.0303236111111,19.5,58.70499999999999,59.0,18,,safe,0.9719332849542168,501.14145693522727,jtsb_ais_interpolated,,,,,70,,False,False
767.0,,own,999170601,USS FITZGERALD,0.4729254538687929,0.9541111111107341,34.53756851851851,139.08123333333333,19.8,200.2,200.2,18,,,,,jtsb_arpa_interpolated_heading_proxy,,,,,35,,False,False
767.0,,target,999170602,ACX CRYSTAL,-0.6804963354205604,-0.1983333333333462,34.51836111111111,139.0579011111111,18.483999999999998,69.548,68.0,18,,danger,0.030021144023083743,168.6774936706902,jtsb_ais_interpolated,,,,,70,,False,False
767.0,,target,999170603,WAN HAI 266,-0.972155729984548,1.0215750915750046,34.53869291819292,139.05200122100123,16.5,74.0,75.0,18,,safe,1.0786752428245245,107.0876360622388,jtsb_ais_interpolated,,,,,70,,False,False
767.0,,target,999170604,MAERSK EVORA,-2.039182052829561,-3.648333333333227,34.460861111111114,139.03041666666667,19.5,58.699999999999996,59.0,18,,safe,0.9708843443922566,499.9566211130783,jtsb_ais_interpolated,,,,,70,,False,False
768.0,,own,999170601,USS FITZGERALD,0.4704537180471456,0.9469999999996332,34.53744999999999,139.08118333333334,19.8,200.2,200.2,18,,,,,jtsb_arpa_interpolated_heading_proxy,,,,,35,,False,False
768.0,,target,999170602,ACX CRYSTAL,-0.6758824285535103,-0.19666666666668675,34.51838888888889,139.05799444444446,18.48,69.56,68.0,18,,danger,0.03093359934748056,167.54040985369514,jtsb_ais_interpolated,,,,,70,,False,False
768.0,,target,999170603,WAN HAI 266,-0.9677343710362482,1.0227838827837983,34.538713064713065,139.05209065934065,16.5,74.0,75.0,18,,safe,1.0795825970613777,105.89163146951815,jtsb_ais_interpolated,,,,,70,,False,False
768.0,,target,999170604,MAERSK EVORA,-2.0345818778282267,-3.645499999999899,34.460908333333336,139.03050972222223,19.5,58.69499999999999,59.0,18,,safe,0.9698364552953138,498.7718144830651,jtsb_ais_interpolated,,,,,70,,False,False
769.0,,own,999170601,USS FITZGERALD,0.46798198222549825,0.9398888888885324,34.53733148148148,139.08113333333333,19.8,200.2,200.2,18,,,,,jtsb_arpa_interpolated_heading_proxy,,,,,35,,False,False
769.0,,target,999170602,ACX CRYSTAL,-0.6712685216864602,-0.1950000000000273,34.51841666666667,139.05808777777779,18.476,69.572,68.0,18,,danger,0.0318472554195217,166.4029903541271,jtsb_ais_interpolated,,,,,70,,False,False
769.0,,target,999170603,WAN HAI 266,-0.9633130120879483,1.0239926739925922,34.538733211233215,139.0521800976801,16.5,74.0,75.0,18,,safe,1.0804899512982307,104.69562687679746,jtsb_ais_interpolated,,,,,70,,False,False
769.0,,target,999170604,MAERSK EVORA,-2.029981702826893,-3.642666666666571,34.46095555555556,139.03060277777777,19.5,58.68999999999999,59.0,18,,safe,0.9687896176688621,497.5870370437219,jtsb_ais_interpolated,,,,,70,,False,False
770.0,,own,999170601,USS FITZGERALD,0.46551024640385086,0.9327777777774315,34.53721296296296,139.08108333333334,19.8,200.2,200.2,18,,,,,jtsb_arpa_interpolated_heading_proxy,,,,,35,,False,False
770.0,,target,999170602,ACX CRYSTAL,-0.6666546148194101,-0.19333333333336783,34.51844444444445,139.0581811111111,18.472,69.584,68.0,18,,danger,0.03276211097156293,165.26523502378504,jtsb_ais_interpolated,,,,,70,,False,False
770.0,,target,999170603,WAN HAI 266,-0.9588916531396483,1.025201465201386,34.53875335775336,139.05226953601954,16.5,74.0,75.0,18,,safe,1.0813973055350838,103.49962228407679,jtsb_ais_interpolated,,,,,70,,False,False
770.0,,target,999170604,MAERSK EVORA,-2.0253815278255587,-3.639833333333243,34.46100277777778,139.03069583333334,19.5,58.684999999999995,59.0,18,,safe,0.9677438315183751,496.4022887935833,jtsb_ais_interpolated,,,,,70,,False,False
771.0,,own,999170601,USS FITZGERALD,0.4630385105822035,0.9256666666663307,34.53709444444444,139.08103333333332,19.8,200.2,200.2,18,,,,,jtsb_arpa_interpolated_heading_proxy,,,,,35,,False,False
771.0,,target,999170602,ACX CRYSTAL,-0.66204070795236,-0.19166666666670834,34.51847222222222,139.05827444444446,18.468,69.596,68.0,18,,danger,0.03367816473529126,164.12714371438832,jtsb_ais_interpolated,,,,,70,,False,False
771.0,,target,999170603,WAN HAI 266,-0.9544702941913483,1.02641025641018,34.53877350427351,139.05235897435898,16.5,74.0,75.0,18,,safe,1.0823046597719368,102.3036176913561,jtsb_ais_interpolated,,,,,70,,False,False
771.0,,target,999170604,MAERSK EVORA,-2.0207813528242244,-3.636999999999915,34.46105,139.03078888888888,19.5,58.67999999999999,59.0,18,,safe,0.9666990968493162,495.21756973118414,jtsb_ais_interpolated,,,,,70,,False,False
772.0,,own,999170601,USS FITZGERALD,0.4605667747605562,0.9185555555552298,34.53697592592592,139.08098333333334,19.8,200.2,200.2,18,,,,,jtsb_arpa_interpolated_heading_proxy,,,,,35,,False,False
772.0,,target,999170602,ACX CRYSTAL,-0.6574268010853099,-0.19000000000004888,34.5185,139.0583677777778,18.464,69.608,68.0,18,,danger,0.03459541544172849,162.9887162775769,jtsb_ais_interpolated,,,,,70,,False,False
772.0,,target,999170603,WAN HAI 266,-0.9500489352430485,1.0276190476189737,34.53879365079365,139.05244841269842,16.5,74.0,75.0,18,,safe,1.08321201400879,101.10761309863544,jtsb_ais_interpolated,,,,,70,,False,False
772.0,,target,999170604,MAERSK EVORA,-2.01618117782289,-3.6341666666665873,34.46109722222222,139.03088194444445,19.5,58.67499999999999,59.0,18,,safe,0.965655413667148,494.03287985505943,jtsb_ais_interpolated,,,,,70,,False,False
773.0,,own,999170601,USS FITZGERALD,0.4580950389389088,0.911444444444129,34.5368574074074,139.08093333333332,19.8,200.2,200.2,18,,,,,jtsb_arpa_interpolated_heading_proxy,,,,,35,,False,False
773.0,,target,999170602,ACX CRYSTAL,-0.6528128942182599,-0.18833333333338942,34.51852777777778,139.05846111111111,18.46,69.62,68.0,18,,danger,0.035513861821226664,161.8499525649112,jtsb_ais_interpolated,,,,,70,,False,False
773.0,,target,999170603,WAN HAI 266,-0.9456275762947485,1.0288278388277676,34.5388137973138,139.05253785103784,16.5,74.0,75.0,18,,safe,1.084119368245643,99.91160850591477,jtsb_ais_interpolated,,,,,70,,False,False
773.0,,target,999170604,MAERSK EVORA,-2.011581002821556,-3.6313333333332594,34.46114444444445,139.030975,19.5,58.669999999999995,59.0,18,,safe,0.9646127819773314,492.8482191637449,jtsb_ais_interpolated,,,,,70,,False,False
774.0,,own,999170601,USS FITZGERALD,0.45562330311726146,0.9043333333330281,34.536738888888884,139.08088333333333,19.8,200.2,200.2,18,,,,,jtsb_arpa_interpolated_heading_proxy,,,,,35,,False,False
774.0,,target,999170602,ACX CRYSTAL,-0.6481989873512098,-0.18666666666672996,34.51855555555556,139.05855444444447,18.456,69.632,68.0,18,,danger,0.036433502603470086,160.71085242787223,jtsb_ais_interpolated,,,,,70,,False,False
774.0,,target,999170603,WAN HAI 266,-0.9412062173464486,1.0300366300365615,34.53883394383394,139.05262728937728,16.5,74.0,75.0,18,,safe,1.0850267224824959,98.71560391319409,jtsb_ais_interpolated,,,,,70,,False,False
774.0,,target,999170604,MAERSK EVORA,-2.0069808278202217,-3.6284999999999314,34.46119166666667,139.03106805555555,19.5,58.66499999999999,59.0,18,,safe,0.9635712017853149,491.66358765577627,jtsb_ais_interpolated,,,,,70,,False,False
775.0,,own,999170601,USS FITZGERALD,0.4531515672956141,0.8972222222219273,34.536620370370365,139.08083333333332,19.8,200.2,200.2,18,,,,,jtsb_arpa_interpolated_heading_proxy,,,,,35,,False,False
775.0,,target,999170602,ACX CRYSTAL,-0.6435850804841597,-0.1850000000000705,34.51858333333333,139.0586477777778,18.451999999999998,69.644,68.0,18,,danger,0.037354336517474516,159.57141571786133,jtsb_ais_interpolated,,,,,70,,False,False
775.0,,target,999170603,WAN HAI 266,-0.9367848583981486,1.0312454212453552,34.53885409035409,139.05271672771673,16.5,74.0,75.0,18,,safe,1.0859340767193488,97.51959932047343,jtsb_ais_interpolated,,,,,70,,False,False
775.0,,target,999170604,MAERSK EVORA,-2.0023806528188874,-3.6256666666666035,34.46123888888889,139.03116111111112,19.5,58.65999999999999,59.0,18,,safe,0.962530673096553,490.47898532968964,jtsb_ais_interpolated,,,,,70,,False,False
776.0,,own,999170601,USS FITZGERALD,0.45067983147396673,0.8901111111108264,34.536501851851845,139.08078333333333,19.8,200.2,200.2,18,,,,,jtsb_arpa_interpolated_heading_proxy,,,,,35,,False,False
776.0,,target,999170602,ACX CRYSTAL,-0.6389711736171096,-0.183333333333411,34.51861111111111,139.05874111111112,18.448,69.656,68.0,18,,danger,0.038276362291586985,158.43164228620066,jtsb_ais_interpolated,,,,,70,,False,False
776.0,,target,999170603,WAN HAI 266,-0.9323634994498486,1.0324542124541491,34.538874236874236,139.05280616605617,16.5,74.0,75.0,18,,safe,1.086841430956202,96.32359472775272,jtsb_ais_interpolated,,,,,70,,False,False
776.0,,target,999170604,MAERSK EVORA,-1.9977804778175534,-3.6228333333332756,34.461286111111114,139.03125416666666,19.5,58.654999999999994,59.0,18,,safe,0.9614911959164897,489.2944121840214,jtsb_ais_interpolated,,,,,70,,False,False
777.0,,own,999170601,USS FITZGERALD,0.4482080956523194,0.8829999999997256,34.53638333333333,139.0807333333333,19.8,200.2,200.2,18,,,,,jtsb_arpa_interpolated_heading_proxy,,,,,35,,False,False
777.0,,target,999170602,ACX CRYSTAL,-0.6343572667500595,-0.18166666666675155,34.51863888888889,139.05883444444444,18.444,69.668,68.0,18,,danger,0.03919957865348516,157.29153198413263,jtsb_ais_interpolated,,,,,70,,False,False
777.0,,target,999170603,WAN HAI 266,-0.9279421405015489,1.033663003662943,34.538894383394386,139.05289560439562,16.5,74.0,75.0,18,,safe,1.0877487851930552,95.12759013503207,jtsb_ais_interpolated,,,,,70,,False,False
777.0,,target,999170604,MAERSK EVORA,-1.9931803028162192,-3.6199999999999477,34.461333333333336,139.03134722222222,19.5,58.64999999999999,59.0,18,,safe,0.960452770250568,488.10986821730864,jtsb_ais_interpolated,,,,,70,,False,False
778.0,,own,999170601,USS FITZGERALD,0.44573635983067206,0.8758888888886247,34.536264814814814,139.08068333333333,19.8,200.2,200.2,18,,,,,jtsb_arpa_interpolated_heading_proxy,,,,,35,,False,False
778.0,,target,999170602,ACX CRYSTAL,-0.6297433598830094,-0.1800000000000921,34.51866666666667,139.0589277777778,18.439999999999998,69.68,68.0,18,,danger,0.04012398433017608,156.15108466282032,jtsb_ais_interpolated,,,,,70,,False,False
778.0,,target,999170603,WAN HAI 266,-0.9235207815532489,1.034871794871737,34.53891452991453,139.05298504273503,16.5,74.0,75.0,18,,safe,1.0886561394299084,93.9315855423114,jtsb_ais_interpolated,,,,,70,,False,False
778.0,,target,999170604,MAERSK EVORA,-1.988580127814885,-3.61716666666662,34.46138055555556,139.0314402777778,19.5,58.64499999999999,59.0,18,,safe,0.9594153961042251,486.92535342808793,jtsb_ais_interpolated,,,,,70,,False,False
779.0,,own,999170601,USS FITZGERALD,0.44326462400902467,0.8687777777775239,34.536146296296295,139.0806333333333,19.8,200.2,200.2,18,,,,,jtsb_arpa_interpolated_heading_proxy,,,,,35,,False,False
779.0,,target,999170602,ACX CRYSTAL,-0.6251294530159595,-0.17833333333343263,34.51869444444444,139.05902111111112,18.436,69.69200000000001,68.0,18,,danger,0.041049578047997505,155.01030017334725,jtsb_ais_interpolated,,,,,70,,False,False
779.0,,target,999170603,WAN HAI 266,-0.9190994226049489,1.0360805860805309,34.53893467643468,139.05307448107447,16.5,74.0,75.0,18,,safe,1.0895634936667613,92.73558094959068,jtsb_ais_interpolated,,,,,70,,False,False
779.0,,target,999170604,MAERSK EVORA,-1.9839799528135509,-3.614333333333292,34.46142777777778,139.03153333333333,19.5,58.63999999999999,59.0,18,,safe,0.9583790734828943,485.74086781489734,jtsb_ais_interpolated,,,,,70,,False,False
780.0,,own,999170601,USS FITZGERALD,0.44079288818737733,0.861666666666423,34.536027777777775,139.08058333333332,19.8,200.2,200.2,18,,,,,jtsb_arpa_fix_heading_proxy,,,,,35,,False,False
780.0,,target,999170602,ACX CRYSTAL,-0.6205155461489094,-0.17666666666677316,34.51872222222222,139.05911444444445,18.432,69.70400000000001,68.0,18,,danger,0.04197635853261734,153.86917836671736,jtsb_ais_interpolated,,,,,70,,False,False
780.0,,target,999170603,WAN HAI 266,-0.9146780636566489,1.0372893772893246,34.53895482295482,139.05316391941392,16.5,74.0,75.0,18,,safe,1.0904708479036143,91.53957635687004,jtsb_ais_interpolated,,,,,70,,False,False
780.0,,target,999170604,MAERSK EVORA,-1.9793797778122166,-3.611499999999964,34.461475,139.0316263888889,19.5,58.63499999999999,59.0,18,,safe,0.9573438023920063,484.55641137627396,jtsb_ais_interpolated,,,,,70,,False,False
781.0,,own,999170601,USS FITZGERALD,0.4389314575069099,0.8568518518516063,34.53594753086419,139.08054567901235,19.8,200.19777777777776,200.19777777777776,18,,,,,jtsb_arpa_interpolated_heading_proxy,,,,,35,,False,False
781.0,,target,999170602,ACX CRYSTAL,-0.6159016392818593,-0.17500000000011368,34.51875,139.0592077777778,18.427999999999997,69.71600000000001,68.0,18,,danger,0.041777695312367816,152.94421258010135,jtsb_ais_interpolated,,,,,70,,False,False
781.0,,target,999170603,WAN HAI 266,-0.9102567047083491,1.0384981684981185,34.53897496947497,139.05325335775336,16.5,74.0,75.0,18,,safe,1.0902230877572792,90.57139383943125,jtsb_ais_interpolated,,,,,70,,False,False
781.0,,target,999170604,MAERSK EVORA,-1.9747796028108824,-3.608666666666636,34.46152222222222,139.03171944444443,19.5,58.62999999999999,59.0,18,,safe,0.9571928203991409,483.58700760125515,jtsb_ais_interpolated,,,,,70,,False,False
782.0,,own,999170601,USS FITZGERALD,0.43707002682644236,0.8520370370367895,34.535867283950616,139.08050802469134,19.8,200.19555555555556,200.19555555555556,18,,,,,jtsb_arpa_interpolated_heading_proxy,,,,,35,,False,False
782.0,,target,999170602,ACX CRYSTAL,-0.6112877324148092,-0.17333333333345421,34.51877777777778,139.05930111111113,18.424,69.72800000000001,68.0,18,,danger,0.04157964508934485,152.01894768771652,jtsb_ais_interpolated,,,,,70,,False,False
782.0,,target,999170603,WAN HAI 266,-0.9058353457600492,1.0397069597069124,34.538995115995114,139.0533427960928,16.5,74.0,75.0,18,,safe,1.089974951225238,89.6031937285792,jtsb_ais_interpolated,,,,,70,,False,False
782.0,,target,999170604,MAERSK EVORA,-1.9701794278095481,-3.605833333333308,34.46156944444445,139.0318125,19.5,58.62499999999999,59.0,18,,safe,0.9570430923580449,482.6176205665691,jtsb_ais_interpolated,,,,,70,,False,False
783.0,,own,999170601,USS FITZGERALD,0.4352085961459749,0.8472222222219727,34.53578703703703,139.08047037037036,19.8,200.19333333333333,200.19333333333333,18,,,,,jtsb_arpa_interpolated_heading_proxy,,,,,35,,False,False
783.0,,target,999170602,ACX CRYSTAL,-0.6066738255477591,-0.17166666666679475,34.51880555555555,139.05939444444445,18.419999999999998,69.74000000000001,68.0,18,,danger,0.041382206693536074,151.0933835487035,jtsb_ais_interpolated,,,,,70,,False,False
783.0,,target,999170603,WAN HAI 266,-0.9014139868117492,1.040915750915706,34.539015262515264,139.05343223443222,16.5,74.0,75.0,18,,safe,1.08972643830673,88.63497602407917,jtsb_ais_interpolated,,,,,70,,False,False
783.0,,target,999170604,MAERSK EVORA,-1.9655792528082139,-3.60299999999998,34.46161666666667,139.03190555555557,19.5,58.61999999999999,59.0,18,,safe,0.9568946182681219,481.64825028155894,jtsb_ais_interpolated,,,,,70,,False,False
784.0,,own,999170601,USS FITZGERALD,0.4333471654655074,0.842407407407156,34.535706790123456,139.08043271604936,19.8,200.1911111111111,200.1911111111111,18,,,,,jtsb_arpa_interpolated_heading_proxy,,,,,35,,False,False
784.0,,target,999170602,ACX CRYSTAL,-0.602059918680709,-0.1700000000001353,34.51883333333333,139.0594877777778,18.416,69.75200000000001,68.0,18,,danger,0.04118537895424648,150.16752002213954,jtsb_ais_interpolated,,,,,70,,False,False
784.0,,target,999170603,WAN HAI 266,-0.8969926278634492,1.0421245421245,34.53903540903541,139.05352167277167,16.5,74.0,75.0,18,,safe,1.089477549000994,87.66674072569651,jtsb_ais_interpolated,,,,,70,,False,False
784.0,,target,999170604,MAERSK EVORA,-1.9609790778068799,-3.6001666666666523,34.46166388888889,139.0319986111111,19.5,58.61499999999999,59.0,18,,safe,0.9567473981287743,480.6788967555673,jtsb_ais_interpolated,,,,,70,,False,False
785.0,,own,999170601,USS FITZGERALD,0.43148573478503993,0.8375925925923392,34.53562654320987,139.08039506172838,19.8,200.18888888888887,200.18888888888887,18,,,,,jtsb_arpa_interpolated_heading_proxy,,,,,35,,False,False
785.0,,target,999170602,ACX CRYSTAL,-0.5974460118136589,-0.16833333333347583,34.51886111111111,139.05958111111113,18.412,69.76400000000001,68.0,18,,danger,0.04098916070010218,149.24135696703863,jtsb_ais_interpolated,,,,,70,,False,False
785.0,,target,999170603,WAN HAI 266,-0.8925712689151494,1.043333333333294,34.53905555555556,139.0536111111111,16.5,74.0,75.0,18,,safe,1.0892282833072695,86.69848783319654,jtsb_ais_fix,,,,,70,,False,False
785.0,,target,999170604,MAERSK EVORA,-1.9563789028055456,-3.5973333333333244,34.461711111111114,139.03209166666667,19.5,58.60999999999999,59.0,18,,safe,0.9566014319393935,479.7095599979359,jtsb_ais_interpolated,,,,,70,,False,False
786.0,,own,999170601,USS FITZGERALD,0.4296243041045725,0.8327777777775225,34.535546296296296,139.0803574074074,19.8,200.18666666666667,200.18666666666667,18,,,,,jtsb_arpa_interpolated_heading_proxy,,,,,35,,False,False
786.0,,target,999170602,ACX CRYSTAL,-0.5928321049466089,-0.16666666666681634,34.51888888888889,139.05967444444445,18.407999999999998,69.77600000000001,68.0,18,,danger,0.040793550759047496,148.3148942423517,jtsb_ais_interpolated,,,,,70,,False,False
786.0,,target,999170603,WAN HAI 266,-0.8880371623241282,1.044559748427634,34.53907599580713,139.05370283018868,16.50188679245283,74.01886792452831,75.0,18,,safe,1.0887757681449908,85.74391610972083,jtsb_ais_interpolated,,,,,70,,False,False
786.0,,target,999170604,MAERSK EVORA,-1.9517787278042114,-3.5944999999999965,34.461758333333336,139.0321847222222,19.5,58.60499999999999,59.0,18,,safe,0.9564567196993607,478.74024001800694,jtsb_ais_interpolated,,,,,70,,False,False
787.0,,own,999170601,USS FITZGERALD,0.42776287342410496,0.8279629629627058,34.53546604938271,139.0803197530864,19.8,200.18444444444444,200.18444444444444,18,,,,,jtsb_arpa_interpolated_heading_proxy,,,,,35,,False,False
787.0,,target,999170602,ACX CRYSTAL,-0.5882181980795588,-0.16500000000015688,34.51891666666666,139.0597677777778,18.404,69.78800000000001,68.0,18,,danger,0.040598547958346436,147.38813170696648,jtsb_ais_interpolated,,,,,70,,False,False
787.0,,target,999170603,WAN HAI 266,-0.8835030557331072,1.045786163521974,34.5390964360587,139.05379454926626,16.50377358490566,74.0377358490566,75.0,18,,safe,1.0883259027365861,84.78925735235018,jtsb_ais_interpolated,,,,,70,,False,False
787.0,,target,999170604,MAERSK EVORA,-1.947178552802877,-3.5916666666666686,34.46180555555556,139.03227777777778,19.5,58.59999999999999,59.0,18,,safe,0.9563132614080426,477.77093682512213,jtsb_ais_interpolated,,,,,70,,False,False
788.0,,own,999170601,USS FITZGERALD,0.4259014427436375,0.823148148147889,34.535385802469136,139.08028209876542,19.8,200.1822222222222,200.1822222222222,18,,,,,jtsb_arpa_interpolated_heading_proxy,,,,,35,,False,False
788.0,,target,999170602,ACX CRYSTAL,-0.5836042912125087,-0.16333333333349742,34.51894444444444,139.05986111111113,18.4,69.8,68.0,18,,danger,0.04040415112458209,146.46106921970758,jtsb_ais_fix,,,,,70,,False,False
788.0,,target,999170603,WAN HAI 266,-0.878968949142086,1.0470125786163142,34.539116876310274,139.0538862683438,16.505660377358492,74.05660377358491,75.0,18,,safe,1.087878687606361,83.83451148858869,jtsb_ais_interpolated,,,,,70,,False,False
788.0,,target,999170604,MAERSK EVORA,-1.942578377801543,-3.5888333333333406,34.46185277777778,139.03237083333335,19.5,58.59499999999999,59.0,18,,safe,0.9561710570648019,476.8016504286229,jtsb_ais_interpolated,,,,,70,,False,False
789.0,,own,999170601,USS FITZGERALD,0.42404001206317005,0.8183333333330722,34.53530555555555,139.08024444444445,19.8,200.17999999999998,200.17999999999998,18,,,,,jtsb_arpa_interpolated_heading_proxy,,,,,35,,False,False
789.0,,target,999170602,ACX CRYSTAL,-0.5788279901079892,-0.16159420289871268,34.51897342995169,139.0599577294686,18.404347826086955,69.80434782608695,68.0,18,,danger,0.04008661496073742,145.48072759689688,jtsb_ais_interpolated,,,,,70,,False,False
789.0,,target,999170603,WAN HAI 266,-0.8744348425510649,1.0482389937106544,34.53913731656185,139.05397798742138,16.50754716981132,74.0754716981132,75.0,18,,safe,1.0874341232785485,82.87967844593379,jtsb_ais_interpolated,,,,,70,,False,False
789.0,,target,999170604,MAERSK EVORA,-1.9379782028002088,-3.5860000000000127,34.4619,139.03246388888888,19.5,58.58999999999999,59.0,18,,safe,0.9560301066689876,475.8323808378501,jtsb_ais_interpolated,,,,,70,,False,False
790.0,,own,999170601,USS FITZGERALD,0.42217858138270253,0.8135185185182555,34.53522530864197,139.08020679012344,19.8,200.17777777777778,200.17777777777778,18,,,,,jtsb_arpa_interpolated_heading_proxy,,,,,35,,False,False
790.0,,target,999170602,ACX CRYSTAL,-0.5740516890034698,-0.15985507246392797,34.519002415458935,139.0600543478261,18.40869565217391,69.80869565217391,68.0,18,,danger,0.03977038848969069,144.50055249625782,jtsb_ais_interpolated,,,,,70,,False,False
790.0,,target,999170603,WAN HAI 266,-0.8699007359600437,1.0494654088049944,34.53915775681342,139.05406970649895,16.50943396226415,74.09433962264151,75.0,18,,safe,1.0869922102773082,81.92475815187655,jtsb_ais_interpolated,,,,,70,,False,False
790.0,,target,999170604,MAERSK EVORA,-1.9333780277988746,-3.583166666666685,34.46194722222222,139.03255694444445,19.5,58.58499999999999,59.0,18,,safe,0.9558904102199407,474.8631280621446,jtsb_ais_interpolated,,,,,70,,False,False
791.0,,own,999170601,USS FITZGERALD,0.4203171507022351,0.8087037037034387,34.53514506172839,139.08016913580246,19.8,200.17555555555555,200.17555555555555,18,,,,,jtsb_arpa_interpolated_heading_proxy,,,,,35,,False,False
791.0,,target,999170602,ACX CRYSTAL,-0.5692753878989504,-0.15811594202914322,34.519031400966185,139.06015096618358,18.413043478260867,69.81304347826087,68.0,18,,danger,0.0394554718264242,143.52054386853453,jtsb_ais_interpolated,,,,,70,,False,False
791.0,,target,999170603,WAN HAI 266,-0.8653666293690225,1.0506918238993346,34.53917819706499,139.05416142557652,16.51132075471698,74.11320754716981,75.0,18,,safe,1.086552949126728,80.96975053390112,jtsb_ais_interpolated,,,,,70,,False,False
791.0,,target,999170604,MAERSK EVORA,-1.9287778527975403,-3.580333333333357,34.46199444444444,139.03265,19.5,58.57999999999999,59.0,18,,safe,0.9557519677169927,473.8938921108471,jtsb_ais_interpolated,,,,,70,,False,False
792.0,,own,999170601,USS FITZGERALD,0.41845572002176756,0.803888888888622,34.53506481481481,139.08013148148146,19.8,200.17333333333332,200.17333333333332,18,,,,,jtsb_arpa_interpolated_heading_proxy,,,,,35,,False,False
792.0,,target,999170602,ACX CRYSTAL,-0.564499086794431,-0.15637681159435848,34.51906038647343,139.0602475845411,18.417391304347824,69.81739130434782,68.0,18,,danger,0.039141865085893075,142.54070166449927,jtsb_ais_interpolated,,,,,70,,False,False
792.0,,target,999170603,WAN HAI 266,-0.8608325227780015,1.0519182389936748,34.53919863731656,139.0542531446541,16.513207547169813,74.13207547169812,75.0,18,,safe,1.086116340350822,80.01465551948526,jtsb_ais_interpolated,,,,,70,,False,False
792.0,,target,999170604,MAERSK EVORA,-1.924177677796206,-3.577500000000029,34.462041666666664,139.03274305555556,19.5,58.57499999999999,59.0,18,,safe,0.9556147791594616,472.92467299329775,jtsb_ais_interpolated,,,,,70,,False,False
793.0,,own,999170601,USS FITZGERALD,0.4165942893413001,0.7990740740738053,34.53498456790123,139.08009382716048,19.8,200.1711111111111,200.1711111111111,18,,,,,jtsb_arpa_interpolated_heading_proxy,,,,,35,,False,False
793.0,,target,999170602,ACX CRYSTAL,-0.5597227856899114,-0.15463768115957374,34.51908937198068,139.06034420289856,18.42173913043478,69.82173913043478,68.0,18,,danger,0.038829568383027036,141.56102583495266,jtsb_ais_interpolated,,,,,70,,False,False
793.0,,target,999170603,WAN HAI 266,-0.8562984161869803,1.053144654088015,34.539219077568134,139.05434486373164,16.515094339622642,74.15094339622641,75.0,18,,safe,1.0856823844735324,79.05947303609992,jtsb_ais_interpolated,,,,,70,,False,False
793.0,,target,999170604,MAERSK EVORA,-1.919577502794872,-3.574666666666701,34.46208888888889,139.03283611111112,19.5,58.569999999999986,59.0,18,,safe,0.9554788445466582,471.95547071883647,jtsb_ais_interpolated,,,,,70,,False,False
794.0,,own,999170601,USS FITZGERALD,0.41473285866083265,0.7942592592589884,34.53490432098765,139.0800561728395,19.8,200.1688888888889,200.1688888888889,18,,,,,jtsb_arpa_interpolated_heading_proxy,,,,,35,,False,False
794.0,,target,999170602,ACX CRYSTAL,-0.554946484585392,-0.15289855072478903,34.51911835748792,139.06044082125607,18.42608695652174,69.82608695652175,68.0,18,,danger,0.03851858183273012,140.58151633072353,jtsb_ais_interpolated,,,,,70,,False,False
794.0,,target,999170603,WAN HAI 266,-0.8517643095959592,1.054371069182355,34.53923951781971,139.05443658280922,16.516981132075472,74.16981132075472,75.0,18,,safe,1.0852510820187276,78.10420301120959,jtsb_ais_interpolated,,,,,70,,False,False
794.0,,target,999170604,MAERSK EVORA,-1.9149773277935378,-3.571833333333373,34.462136111111114,139.03292916666666,19.5,58.56499999999999,59.0,18,,safe,0.9553441638778892,470.986285296803,jtsb_ais_interpolated,,,,,70,,False,False
795.0,,own,999170601,USS FITZGERALD,0.41287142798036514,0.7894444444441717,34.53482407407407,139.0800185185185,19.8,200.16666666666666,200.16666666666666,18,,,,,jtsb_arpa_interpolated_heading_proxy,,,,,35,,False,False
795.0,,target,999170602,ACX CRYSTAL,-0.5501701834808725,-0.1511594202900043,34.51914734299517,139.06053743961354,18.430434782608696,69.8304347826087,68.0,18,,danger,0.03820890554988292,139.60217310266913,jtsb_ais_interpolated,,,,,70,,False,False
795.0,,target,999170603,WAN HAI 266,-0.847230203004938,1.055597484276695,34.53925995807128,139.0545283018868,16.5188679245283,74.18867924528301,75.0,18,,safe,1.0848224335102052,77.14884537227177,jtsb_ais_interpolated,,,,,70,,False,False
795.0,,target,999170604,MAERSK EVORA,-1.9103771527922035,-3.5690000000000452,34.462183333333336,139.03302222222223,19.5,58.55999999999999,59.0,18,,safe,0.9552107371524361,470.0171167365367,jtsb_ais_interpolated,,,,,70,,False,False
796.0,,own,999170601,USS FITZGERALD,0.4110099972998977,0.784629629629355,34.53474382716049,139.07998086419752,19.8,200.16444444444443,200.16444444444443,18,,,,,jtsb_arpa_interpolated_heading_proxy,,,,,35,,False,False
796.0,,target,999170602,ACX CRYSTAL,-0.5453938823763531,-0.14942028985521955,34.51917632850242,139.06063405797101,18.434782608695652,69.83478260869566,68.0,18,,danger,0.03790053964933779,138.6229961016747,jtsb_ais_interpolated,,,,,70,,False,False
796.0,,target,999170603,WAN HAI 266,-0.842696096413917,1.0568238993710353,34.53928039832285,139.05462002096436,16.52075471698113,74.20754716981132,75.0,18,,safe,1.084396439471689,76.1934000467376,jtsb_ais_interpolated,,,,,70,,False,False
796.0,,target,999170604,MAERSK EVORA,-1.9057769777908695,-3.5661666666667173,34.46223055555556,139.03311527777777,19.5,58.554999999999986,59.0,18,,safe,0.955078564369585,469.0479650473767,jtsb_ais_interpolated,,,,,70,,False,False
797.0,,own,999170601,USS FITZGERALD,0.4091485666194302,0.7798148148145382,34.534663580246914,139.07994320987655,19.8,200.16222222222223,200.16222222222223,18,,,,,jtsb_arpa_interpolated_heading_proxy,,,,,35,,False,False
797.0,,target,999170602,ACX CRYSTAL,-0.5406175812718337,-0.1476811594204348,34.51920531400966,139.06073067632852,18.43913043478261,69.83913043478262,68.0,18,,danger,0.0375934842459227,137.64398527865376,jtsb_ais_interpolated,,,,,70,,False,False
797.0,,target,999170603,WAN HAI 266,-0.8381619898228958,1.0580503144653752,34.53930083857443,139.05471174004194,16.522641509433964,74.22641509433963,75.0,18,,safe,1.0839731004268303,75.23786696205137,jtsb_ais_interpolated,,,,,70,,False,False
797.0,,target,999170604,MAERSK EVORA,-1.9011768027895353,-3.5633333333333894,34.46227777777778,139.03320833333333,19.5,58.54999999999999,59.0,18,,safe,0.9549476455286086,468.0788302386618,jtsb_ais_interpolated,,,,,70,,False,False
798.0,,own,999170601,USS FITZGERALD,0.4072871359389627,0.7749999999997215,34.53458333333333,139.07990555555554,19.8,200.16,200.16,18,,,,,jtsb_arpa_interpolated_heading_proxy,,,,,35,,False,False
798.0,,target,999170602,ACX CRYSTAL,-0.5358412801673142,-0.1459420289856501,34.51923429951691,139.060827294686,18.443478260869565,69.84347826086957,68.0,18,,danger,0.03728773945444027,136.6651405845482,jtsb_ais_interpolated,,,,,70,,False,False
798.0,,target,999170603,WAN HAI 266,-0.8336278832318746,1.0592767295597154,34.539321278825994,139.0548034591195,16.524528301886793,74.24528301886792,75.0,18,,safe,1.083552416899209,74.28224604565052,jtsb_ais_interpolated,,,,,70,,False,False
798.0,,target,999170604,MAERSK EVORA,-1.896576627788201,-3.5605000000000615,34.462325,139.0333013888889,19.5,58.54499999999999,59.0,18,,safe,0.9548179806287626,467.10971231973065,jtsb_ais_interpolated,,,,,70,,False,False
799.0,,own,999170601,USS FITZGERALD,0.40542570525849525,0.7701851851849048,34.53450308641975,139.07986790123456,19.8,200.15777777777777,200.15777777777777,18,,,,,jtsb_arpa_interpolated_heading_proxy,,,,,35,,False,False
799.0,,target,999170602,ACX CRYSTAL,-0.5310649790627948,-0.14420289855086535,34.51926328502415,139.0609239130435,18.44782608695652,69.84782608695653,68.0,18,,danger,0.03698330538966743,135.68646197032783,jtsb_ais_interpolated,,,,,70,,False,False
799.0,,target,999170603,WAN HAI 266,-0.8290937766408535,1.0605031446540556,34.53934171907757,139.05489517819706,16.526415094339622,74.26415094339623,75.0,18,,safe,1.083134389412332,73.32653722496603,jtsb_ais_interpolated,,,,,70,,False,False
799.0,,target,999170604,MAERSK EVORA,-1.8919764527868668,-3.5576666666667336,34.46237222222222,139.03339444444444,19.5,58.539999999999985,59.0,18,,safe,0.9546895696693009,466.14061129992143,jtsb_ais_interpolated,,,,,70,,False,False
800.0,,own,999170601,USS FITZGERALD,0.4035642745780278,0.7653703703700879,34.53442283950617,139.07983024691356,19.8,200.15555555555554,200.15555555555554,18,,,,,jtsb_arpa_interpolated_heading_proxy,,,,,35,,False,False
800.0,,target,999170602,ACX CRYSTAL,-0.5262886779582754,-0.1424637681160806,34.5192922705314,139.06102053140097,18.452173913043477,69.85217391304349,68.0,18,,danger,0.03668018216635481,134.70794938699086,jtsb_ais_interpolated,,,,,70,,False,False
800.0,,target,999170603,WAN HAI 266,-0.8245596700498324,1.0617295597483956,34.539362159329144,139.05498689727463,16.528301886792452,74.28301886792453,75.0,18,,safe,1.082719018489634,72.37074042742198,jtsb_ais_interpolated,,,,,70,,False,False
800.0,,target,999170604,MAERSK EVORA,-1.8873762777855325,-3.5548333333334057,34.46241944444444,139.0334875,19.5,58.53499999999999,59.0,18,,safe,0.9545624126494662,465.17152718857216,jtsb_ais_interpolated,,,,,70,,False,False
801.0,,own,999170601,USS FITZGERALD,0.4017028438975603,0.7605555555552712,34.53434259259259,139.07979259259258,19.8,200.15333333333334,200.15333333333334,18,,,,,jtsb_arpa_interpolated_heading_proxy,,,,,35,,False,False
801.0,,target,999170602,ACX CRYSTAL,-0.521512376853756,-0.1407246376812959,34.519321256038644,139.06111714975847,18.456521739130434,69.85652173913044,68.0,18,,danger,0.03637836989922863,133.72960278556346,jtsb_ais_interpolated,,,,,70,,False,False
801.0,,target,999170603,WAN HAI 266,-0.8200255634588113,1.0629559748427357,34.53938259958071,139.0550786163522,16.530188679245285,74.30188679245283,75.0,18,,safe,1.0823063046544774,71.41485558043566,jtsb_ais_interpolated,,,,,70,,False,False
801.0,,target,999170604,MAERSK EVORA,-1.8827761027841985,-3.5520000000000778,34.462466666666664,139.03358055555555,19.5,58.52999999999999,59.0,18,,safe,0.9544365095684874,464.20245999502066,jtsb_ais_interpolated,,,,,70,,False,False
802.0,,own,999170601,USS FITZGERALD,0.3998414132170928,0.7557407407404545,34.53426234567901,139.0797549382716,19.8,200.1511111111111,200.1511111111111,18,,,,,jtsb_arpa_interpolated_heading_proxy,,,,,35,,False,False
802.0,,target,999170602,ACX CRYSTAL,-0.5167360757492365,-0.13898550724651115,34.519350241545894,139.06121376811595,18.46086956521739,69.8608695652174,68.0,18,,danger,0.036077868702989756,132.75142211710013,jtsb_ais_interpolated,,,,,70,,False,False
802.0,,target,999170603,WAN HAI 266,-0.8154914568677901,1.064182389937076,34.53940303983229,139.05517033542978,16.532075471698114,74.32075471698113,75.0,18,,safe,1.0818962484301533,70.45888261141764,jtsb_ais_interpolated,,,,,70,,False,False
802.0,,target,999170604,MAERSK EVORA,-1.8781759277828642,-3.54916666666675,34.46251388888889,139.0336736111111,19.5,58.524999999999984,59.0,18,,safe,0.9543118604255856,463.2334097286041,jtsb_ais_interpolated,,,,,70,,False,False
803.0,,own,999170601,USS FITZGERALD,0.3979799825366253,0.7509259259256377,34.53418209876543,139.0797172839506,19.8,200.14888888888888,200.14888888888888,18,,,,,jtsb_arpa_interpolated_heading_proxy,,,,,35,,False,False
803.0,,target,999170602,ACX CRYSTAL,-0.511959774644717,-0.1372463768117264,34.519379227053136,139.06131038647345,18.465217391304346,69.86521739130436,68.0,18,,danger,0.035778678692312466,131.7734073326832,jtsb_ais_interpolated,,,,,70,,False,False
803.0,,target,999170603,WAN HAI 266,-0.8109573502767691,1.065408805031416,34.53942348008386,139.05526205450735,16.533962264150944,74.33962264150944,75.0,18,,safe,1.0814888503398803,69.50282144777165,jtsb_ais_interpolated,,,,,70,,False,False
803.0,,target,999170604,MAERSK EVORA,-1.87357575278153,-3.546333333333422,34.462561111111114,139.03376666666668,19.5,58.51999999999999,59.0,18,,safe,0.9541884652199729,462.26437639866,jtsb_ais_interpolated,,,,,70,,False,False
804.0,,own,999170601,USS FITZGERALD,0.39611855185615785,0.746111111110821,34.53410185185185,139.07967962962962,19.8,200.14666666666665,200.14666666666665,18,,,,,jtsb_arpa_interpolated_heading_proxy,,,,,35,,False,False
804.0,,target,999170602,ACX CRYSTAL,-0.5071834735401975,-0.13550724637694167,34.519408212560386,139.06140700483093,18.469565217391303,69.86956521739131,68.0,18,,danger,0.035480799981845966,130.7955583834235,jtsb_ais_interpolated,,,,,70,,False,False
804.0,,target,999170603,WAN HAI 266,-0.8064232436857479,1.066635220125756,34.53944392033543,139.0553537735849,16.535849056603773,74.35849056603773,75.0,18,,safe,1.081084110906804,68.54667201689473,jtsb_ais_interpolated,,,,,70,,False,False
804.0,,target,999170604,MAERSK EVORA,-1.8689755777801957,-3.543500000000094,34.462608333333336,139.03385972222222,19.5,58.514999999999986,59.0,18,,safe,0.9540663239508514,461.295360014525,jtsb_ais_interpolated,,,,,70,,False,False
805.0,,own,999170601,USS FITZGERALD,0.39425712117569034,0.7412962962960042,34.53402160493827,139.07964197530865,19.8,200.14444444444445,200.14444444444445,18,,,,,jtsb_arpa_interpolated_heading_proxy,,,,,35,,False,False
805.0,,target,999170602,ACX CRYSTAL,-0.5024071724356781,-0.13376811594215693,34.519437198067635,139.0615036231884,18.47391304347826,69.87391304347827,68.0,18,,danger,0.03518423268621377,129.81787522045957,jtsb_ais_interpolated,,,,,70,,False,False
805.0,,target,999170603,WAN HAI 266,-0.8018891370947268,1.0678616352200963,34.539464360587004,139.05544549266247,16.537735849056606,74.37735849056604,75.0,18,,safe,1.0806820306539988,67.590434246177,jtsb_ais_interpolated,,,,,70,,False,False
805.0,,target,999170604,MAERSK EVORA,-1.8643754027788617,-3.540666666666766,34.46265555555556,139.03395277777778,19.5,58.509999999999984,59.0,18,,safe,0.9539454366174136,460.3263605855355,jtsb_ais_interpolated,,,,,70,,False,False
806.0,,own,999170601,USS FITZGERALD,0.3923956904952229,0.7364814814811875,34.53394135802469,139.07960432098764,19.8,200.14222222222222,200.14222222222222,18,,,,,jtsb_arpa_interpolated_heading_proxy,,,,,35,,False,False
806.0,,target,999170602,ACX CRYSTAL,-0.4976308713311587,-0.13202898550737222,34.51946618357488,139.0616002415459,18.47826086956522,69.87826086956524,68.0,18,,danger,0.034888976920015385,128.84035779495824,jtsb_ais_interpolated,,,,,70,,False,False
806.0,,target,999170603,WAN HAI 266,-0.7973550305037056,1.0690880503144364,34.53948480083857,139.05553721174005,16.539622641509435,74.39622641509433,75.0,18,,safe,1.0802826101044682,66.63410806300163,jtsb_ais_interpolated,,,,,70,,False,False
806.0,,target,999170604,MAERSK EVORA,-1.8597752277775275,-3.537833333333438,34.46270277777778,139.03404583333332,19.5,58.50499999999999,59.0,18,,safe,0.9538258032188383,459.35737812102815,jtsb_ais_interpolated,,,,,70,,False,False
807.0,,own,999170601,USS FITZGERALD,0.3905342598147554,0.7316666666663707,34.53386111111111,139.07956666666666,19.8,200.14,200.14,18,,,,,jtsb_arpa_interpolated_heading_proxy,,,,,35,,False,False
807.0,,target,999170602,ACX CRYSTAL,-0.49285457022663925,-0.13028985507258747,34.51949516908213,139.06169685990338,18.482608695652175,69.8826086956522,68.0,18,,danger,0.03459503279782315,127.86300605811431,jtsb_ais_interpolated,,,,,70,,False,False
807.0,,target,999170603,WAN HAI 266,-0.7928209239126844,1.0703144654087764,34.53950524109015,139.05562893081762,16.541509433962265,74.41509433962264,75.0,18,,safe,1.0798858497811428,65.67769339474522,jtsb_ais_interpolated,,,,,70,,False,False
807.0,,target,999170604,MAERSK EVORA,-1.8551750527761932,-3.5350000000001103,34.46275,139.0341388888889,19.5,58.5,59.0,18,,safe,0.953707423754298,458.38841263033873,jtsb_ais_fix,,,,,70,,False,False
808.0,,own,999170601,USS FITZGERALD,0.3886728291342879,0.726851851851554,34.533780864197524,139.07952901234566,19.8,200.13777777777776,200.13777777777776,18,,,,,jtsb_arpa_interpolated_heading_proxy,,,,,35,,False,False
808.0,,target,999170602,ACX CRYSTAL,-0.4880782691221198,-0.12855072463780273,34.51952415458937,139.06179347826088,18.48695652173913,69.88695652173915,68.0,18,,danger,0.03430240043418435,126.88581996115072,jtsb_ais_interpolated,,,,,70,,False,False
808.0,,target,999170603,WAN HAI 266,-0.7882868173216634,1.0715408805031166,34.53952568134172,139.0557206498952,16.543396226415094,74.43396226415095,75.0,18,,safe,1.0794917502068813,64.7211901687773,jtsb_ais_interpolated,,,,,70,,False,False
808.0,,target,999170604,MAERSK EVORA,-1.850643537103251,-3.5322500000001043,34.46279583333333,139.03423055555555,19.5,58.501666666666665,59.0,18,,safe,0.9538617366883856,457.4338571610014,jtsb_ais_interpolated,,,,,70,,False,False
809.0,,own,999170601,USS FITZGERALD,0.38681139845382045,0.7220370370367372,34.53370061728395,139.07949135802468,19.8,200.13555555555556,200.13555555555556,18,,,,,jtsb_arpa_interpolated_heading_proxy,,,,,35,,False,False
809.0,,target,999170602,ACX CRYSTAL,-0.4833019680176004,-0.12681159420301802,34.51955314009662,139.06189009661836,18.491304347826087,69.89130434782611,68.0,18,,danger,0.03401107994362084,125.90879945531827,jtsb_ais_interpolated,,,,,70,,False,False
809.0,,target,999170603,WAN HAI 266,-0.7837527107306422,1.0727672955974568,34.53954612159329,139.05581236897274,16.545283018867924,74.45283018867924,75.0,18,,safe,1.0791003119044715,63.764598312460556,jtsb_ais_interpolated,,,,,70,,False,False
809.0,,target,999170604,MAERSK EVORA,-1.846112021430309,-3.5295000000000982,34.46284166666667,139.03432222222222,19.5,58.50333333333333,59.0,18,,safe,0.95401615133637,456.4792798470773,jtsb_ais_interpolated,,,,,70,,False,False
810.0,,own,999170601,USS FITZGERALD,0.384949967773353,0.7172222222219204,34.533620370370365,139.0794537037037,19.8,200.13333333333333,200.13333333333333,18,,,,,jtsb_arpa_interpolated_heading_proxy,,,,,35,,False,False
810.0,,target,999170602,ACX CRYSTAL,-0.4785256669130809,-0.12507246376823328,34.51958212560386,139.06198671497586,18.495652173913044,69.89565217391306,68.0,18,,danger,0.03372107144062956,124.93194449189592,jtsb_ais_interpolated,,,,,70,,False,False
810.0,,target,999170603,WAN HAI 266,-0.7792186041396211,1.0739937106917967,34.539566561844865,139.0559040880503,16.547169811320757,74.47169811320755,75.0,18,,safe,1.0787115353966286,62.807917753150775,jtsb_ais_interpolated,,,,,70,,False,False
810.0,,target,999170604,MAERSK EVORA,-1.8415805057573669,-3.526750000000092,34.4628875,139.03441388888888,19.5,58.505,59.0,18,,safe,0.9541706676984332,455.5246806845651,jtsb_ais_interpolated,,,,,70,,False,False
811.0,,own,999170601,USS FITZGERALD,0.3830885370928855,0.7124074074071037,34.53354012345679,139.0794160493827,19.8,200.1311111111111,200.1311111111111,18,,,,,jtsb_arpa_interpolated_heading_proxy,,,,,35,,False,False
811.0,,target,999170602,ACX CRYSTAL,-0.4737493658085615,-0.12333333333344854,34.51961111111111,139.06208333333333,18.5,69.9,68.0,18,,danger,0.03343237503968109,123.95525502219057,jtsb_ais_fix,,,,,70,,False,False
811.0,,target,999170603,WAN HAI 266,-0.7746844975485999,1.075220125786137,34.53958700209644,139.05599580712789,16.549056603773586,74.49056603773585,75.0,18,,safe,1.0783254212059974,61.85114841819691,jtsb_ais_interpolated,,,,,70,,False,False
811.0,,target,999170604,MAERSK EVORA,-1.837048990084425,-3.524000000000086,34.46293333333333,139.03450555555557,19.5,58.50666666666667,59.0,18,,safe,0.9543252857747637,454.57005966946303,jtsb_ais_interpolated,,,,,70,,False,False
812.0,,own,999170601,USS FITZGERALD,0.381227106412418,0.7075925925922869,34.533459876543205,139.07937839506172,19.8,200.1288888888889,200.1288888888889,18,,,,,jtsb_arpa_interpolated_heading_proxy,,,,,35,,False,False
812.0,,target,999170602,ACX CRYSTAL,-0.46892465624683516,-0.12157657657669108,34.51964039039039,139.06218093093094,18.497297297297298,69.90270270270271,68.0,18,,danger,0.03324363693005825,122.99522895770981,jtsb_ais_interpolated,,,,,70,,False,False
812.0,,target,999170603,WAN HAI 266,-0.7701503909575789,1.076446540880477,34.53960744234801,139.05608752620546,16.550943396226415,74.50943396226415,75.0,18,,safe,1.0779419698551505,60.894290234940875,jtsb_ais_interpolated,,,,,70,,False,False
812.0,,target,999170604,MAERSK EVORA,-1.8325174744114827,-3.52125000000008,34.46297916666667,139.03459722222223,19.5,58.50833333333333,59.0,18,,safe,0.9544800055655477,453.6154167977687,jtsb_ais_interpolated,,,,,70,,False,False
813.0,,own,999170601,USS FITZGERALD,0.37936567573195057,0.7027777777774702,34.53337962962963,139.07934074074075,19.8,200.12666666666667,200.12666666666667,18,,,,,jtsb_arpa_interpolated_heading_proxy,,,,,35,,False,False
813.0,,target,999170602,ACX CRYSTAL,-0.4640999466851089,-0.11981981981993362,34.51966966966967,139.06227852852854,18.494594594594595,69.90540540540542,68.0,18,,danger,0.03305432445874728,122.035031197147,jtsb_ais_interpolated,,,,,70,,False,False
813.0,,target,999170603,WAN HAI 266,-0.7656162843665577,1.0776729559748173,34.53962788259958,139.05617924528303,16.552830188679245,74.52830188679245,75.0,18,,safe,1.077561181866589,59.93734313071772,jtsb_ais_interpolated,,,,,70,,False,False
813.0,,target,999170604,MAERSK EVORA,-1.8279859587385408,-3.518500000000074,34.463025,139.0346888888889,19.5,58.51,59.0,18,,safe,0.9546348270709679,452.6607520654804,jtsb_ais_interpolated,,,,,70,,False,False
814.0,,own,999170601,USS FITZGERALD,0.37750424505148306,0.6979629629626535,34.533299382716045,139.07930308641974,19.8,200.12444444444444,200.12444444444444,18,,,,,jtsb_arpa_interpolated_heading_proxy,,,,,35,,False,False
814.0,,target,999170602,ACX CRYSTAL,-0.4592752371233826,-0.11806306306317614,34.51969894894895,139.06237612612614,18.491891891891893,69.90810810810811,68.0,18,,danger,0.03286443728036649,121.07466170430813,jtsb_ais_interpolated,,,,,70,,False,False
814.0,,target,999170603,WAN HAI 266,-0.7610821777755366,1.0788993710691572,34.53964832285116,139.0562709643606,16.554716981132078,74.54716981132076,75.0,18,,safe,1.0771830577627428,58.98030703285558,jtsb_ais_interpolated,,,,,70,,False,False
814.0,,target,999170604,MAERSK EVORA,-1.8234544430655986,-3.515750000000068,34.46307083333333,139.03478055555556,19.5,58.51166666666666,59.0,18,,safe,0.9547897502912127,451.706065468595,jtsb_ais_interpolated,,,,,70,,False,False
815.0,,own,999170601,USS FITZGERALD,0.3756428143710156,0.6931481481478367,34.53321913580247,139.07926543209877,19.8,200.1222222222222,200.1222222222222,18,,,,,jtsb_arpa_interpolated_heading_proxy,,,,,35,,False,False
815.0,,target,999170602,ACX CRYSTAL,-0.45445052756165627,-0.11630630630641868,34.519728228228225,139.0624737237237,18.48918918918919,69.91081081081082,68.0,18,,danger,0.032673975049426866,120.11412044299885,jtsb_ais_interpolated,,,,,70,,False,False
815.0,,target,999170603,WAN HAI 266,-0.7565480711845154,1.0801257861634974,34.539668763102725,139.05636268343815,16.556603773584907,74.56603773584905,75.0,18,,safe,1.0768075980659704,58.02318186867545,jtsb_ais_interpolated,,,,,70,,False,False
815.0,,target,999170604,MAERSK EVORA,-1.8189229273926566,-3.513000000000062,34.463116666666664,139.03487222222222,19.5,58.513333333333335,59.0,18,,safe,0.9549447752264684,450.75135700311,jtsb_ais_interpolated,,,,,70,,False,False
816.0,,own,999170601,USS FITZGERALD,0.3737813836905481,0.6883333333330199,34.533138888888885,139.07922777777776,19.8,200.12,200.12,18,,,,,jtsb_arpa_interpolated_heading_proxy,,,,,35,,False,False
816.0,,target,999170602,ACX CRYSTAL,-0.44962581799993,-0.11454954954966122,34.51975750750751,139.06257132132131,18.486486486486488,69.91351351351352,68.0,18,,danger,0.03248293742033048,119.15340737702425,jtsb_ais_interpolated,,,,,70,,False,False
816.0,,target,999170603,WAN HAI 266,-0.7520139645934943,1.0813522012578376,34.5396892033543,139.05645440251573,16.558490566037737,74.58490566037736,75.0,18,,safe,1.0764348032985593,57.06596756549162,jtsb_ais_interpolated,,,,,70,,False,False
816.0,,target,999170604,MAERSK EVORA,-1.8143914117197144,-3.510250000000056,34.4631625,139.03496388888888,19.5,58.515,59.0,18,,safe,0.9550999018769221,449.79662666502145,jtsb_ais_interpolated,,,,,70,,False,False
817.0,,own,999170601,USS FITZGERALD,0.37191995301008063,0.6835185185182032,34.5330586419753,139.07919012345678,19.8,200.11777777777777,200.11777777777777,18,,,,,jtsb_arpa_interpolated_heading_proxy,,,,,35,,False,False
817.0,,target,999170602,ACX CRYSTAL,-0.4448011084382037,-0.11279279279290376,34.51978678678679,139.06266891891892,18.483783783783785,69.91621621621623,68.0,18,,danger,0.03229132404737357,118.19252247018896,jtsb_ais_interpolated,,,,,70,,False,False
817.0,,target,999170603,WAN HAI 266,-0.7474798580024732,1.0825786163521776,34.539709643605875,139.0565461215933,16.560377358490566,74.60377358490567,75.0,18,,safe,1.0760646739827258,56.1086640506111,jtsb_ais_interpolated,,,,,70,,False,False
817.0,,target,999170604,MAERSK EVORA,-1.8098598960467722,-3.50750000000005,34.463208333333334,139.03505555555554,19.5,58.516666666666666,59.0,18,,safe,0.955255130242755,448.84187445032654,jtsb_ais_interpolated,,,,,70,,False,False
818.0,,own,999170601,USS FITZGERALD,0.37005852232961317,0.6787037037033864,34.532978395061726,139.0791524691358,19.8,200.11555555555555,200.11555555555555,18,,,,,jtsb_arpa_interpolated_heading_proxy,,,,,35,,False,False
818.0,,target,999170602,ACX CRYSTAL,-0.43997639887647744,-0.11103603603614629,34.51981606606606,139.06276651651652,18.48108108108108,69.91891891891892,68.0,18,,danger,0.032099134584742714,117.23146568629699,jtsb_ais_interpolated,,,,,70,,False,False
818.0,,target,999170603,WAN HAI 266,-0.742945751411452,1.0838050314465177,34.53973008385744,139.05663784067087,16.562264150943395,74.62264150943396,75.0,18,,safe,1.0756972106406149,55.15127125133397,jtsb_ais_interpolated,,,,,70,,False,False
818.0,,target,999170604,MAERSK EVORA,-1.8053283803738303,-3.504750000000044,34.463254166666665,139.0351472222222,19.5,58.51833333333333,59.0,18,,safe,0.9554104603241571,447.88710035502135,jtsb_ais_interpolated,,,,,70,,False,False
819.0,,own,999170601,USS FITZGERALD,0.36819709164914566,0.6738888888885697,34.53289814814814,139.0791148148148,19.8,200.11333333333332,200.11333333333332,18,,,,,jtsb_arpa_interpolated_heading_proxy,,,,,35,,False,False
819.0,,target,999170602,ACX CRYSTAL,-0.4351516893147511,-0.10927927927938882,34.519845345345345,139.06286411411412,18.478378378378377,69.92162162162163,68.0,18,,danger,0.03190636868651566,116.2702369891519,jtsb_ais_interpolated,,,,,70,,False,False
819.0,,target,999170603,WAN HAI 266,-0.738411644820431,1.085031446540858,34.53975052410902,139.05672955974845,16.56415094339623,74.64150943396227,75.0,18,,safe,1.0753324137943001,54.19378909495344,jtsb_ais_interpolated,,,,,70,,False,False
819.0,,target,999170604,MAERSK EVORA,-1.800796864700888,-3.502000000000038,34.463300000000004,139.0352388888889,19.5,58.519999999999996,59.0,18,,safe,0.9555658921213128,446.93230437510164,jtsb_ais_interpolated,,,,,70,,False,False
820.0,,own,999170601,USS FITZGERALD,0.3663356609686782,0.669074074073753,34.532817901234566,139.07907716049382,19.8,200.11111111111111,200.11111111111111,18,,,,,jtsb_arpa_interpolated_heading_proxy,,,,,35,,False,False
820.0,,target,999170602,ACX CRYSTAL,-0.4303269797530248,-0.10752252252263136,34.51987462462463,139.06296171171172,18.475675675675674,69.92432432432433,68.0,18,,danger,0.03171302600666299,115.30883634255684,jtsb_ais_interpolated,,,,,70,,False,False
820.0,,target,999170603,WAN HAI 266,-0.7338775382294098,1.0862578616351979,34.539770964360585,139.056821278826,16.566037735849058,74.66037735849056,75.0,18,,safe,1.0749702839657846,53.23621750875551,jtsb_ais_interpolated,,,,,70,,False,False
820.0,,target,999170604,MAERSK EVORA,-1.796265349027946,-3.499250000000032,34.463345833333335,139.03533055555556,19.5,58.52166666666667,59.0,18,,safe,0.9557214256344108,445.97748650656297,jtsb_ais_interpolated,,,,,70,,False,False
821.0,,own,999170601,USS FITZGERALD,0.3644742302882107,0.6642592592589361,34.53273765432098,139.07903950617285,19.8,200.10888888888888,200.10888888888888,18,,,,,jtsb_arpa_interpolated_heading_proxy,,,,,35,,False,False
821.0,,target,999170602,ACX CRYSTAL,-0.42550227019129855,-0.1057657657658739,34.5199039039039,139.06305930930932,18.472972972972972,69.92702702702704,68.0,18,,danger,0.03151910619904812,114.34726371031451,jtsb_ais_interpolated,,,,,70,,False,False
821.0,,target,999170603,WAN HAI 266,-0.7293434316383887,1.087484276729538,34.53979140461216,139.05691299790357,16.567924528301887,74.67924528301887,75.0,18,,safe,1.0746108216770007,52.27855642001917,jtsb_ais_interpolated,,,,,70,,False,False
821.0,,target,999170604,MAERSK EVORA,-1.791733833355004,-3.496500000000026,34.463391666666666,139.03542222222222,19.5,58.52333333333333,59.0,18,,safe,0.9558770608636347,445.02264674540095,jtsb_ais_interpolated,,,,,70,,False,False
822.0,,own,999170601,USS FITZGERALD,0.36261279960774323,0.6594444444441194,34.532657407407406,139.07900185185184,19.8,200.10666666666665,200.10666666666665,18,,,,,jtsb_arpa_interpolated_heading_proxy,,,,,35,,False,False
822.0,,target,999170602,ACX CRYSTAL,-0.42067756062957223,-0.10400900900911644,34.519933183183184,139.06315690690693,18.47027027027027,69.92972972972973,68.0,18,,danger,0.031324608917424494,113.38551905622703,jtsb_ais_interpolated,,,,,70,,False,False
822.0,,target,999170603,WAN HAI 266,-0.7248093250473675,1.0887106918238783,34.539811844863735,139.05700471698114,16.569811320754717,74.69811320754717,75.0,18,,safe,1.0742540274498096,51.320805756016355,jtsb_ais_interpolated,,,,,70,,False,False
822.0,,target,999170604,MAERSK EVORA,-1.787202317682062,-3.49375000000002,34.4634375,139.0355138888889,19.5,58.525,59.0,18,,safe,0.9560327978091714,444.06778508761056,jtsb_ais_interpolated,,,,,70,,False,False
823.0,,own,999170601,USS FITZGERALD,0.3607513689272758,0.6546296296293026,34.53257716049382,139.07896419753087,19.8,200.10444444444443,200.10444444444443,18,,,,,jtsb_arpa_interpolated_heading_proxy,,,,,35,,False,False
823.0,,target,999170602,ACX CRYSTAL,-0.415852851067846,-0.10225225225235897,34.51996246246246,139.0632545045045,18.467567567567567,69.93243243243244,68.0,18,,danger,0.031129533815438898,112.42360234409615,jtsb_ais_interpolated,,,,,70,,False,False
823.0,,target,999170603,WAN HAI 266,-0.7202752184563463,1.0899371069182182,34.5398322851153,139.0570964360587,16.57169811320755,74.71698113207547,75.0,18,,safe,1.073899901806001,50.362965444011934,jtsb_ais_interpolated,,,,,70,,False,False
823.0,,target,999170604,MAERSK EVORA,-1.7826708020091198,-3.491000000000014,34.463483333333336,139.03560555555555,19.5,58.526666666666664,59.0,18,,safe,0.9561886364712061,443.11290152918644,jtsb_ais_interpolated,,,,,70,,False,False
824.0,,own,999170601,USS FITZGERALD,0.35888993824680826,0.649814814814486,34.532496913580246,139.07892654320986,19.8,200.10222222222222,200.10222222222222,18,,,,,jtsb_arpa_interpolated_heading_proxy,,,,,35,,False,False
824.0,,target,999170602,ACX CRYSTAL,-0.41102814150611966,-0.10049549549560151,34.51999174174174,139.0633521021021,18.464864864864865,69.93513513513514,68.0,18,,danger,0.030933880546628198,111.46151353772314,jtsb_ais_interpolated,,,,,70,,False,False
824.0,,target,999170603,WAN HAI 266,-0.7157411118653253,1.0911635220125584,34.53985272536688,139.0571881551363,16.57358490566038,74.73584905660377,75.0,18,,safe,1.0735484452672952,49.405035411263604,jtsb_ais_interpolated,,,,,70,,False,False
824.0,,target,999170604,MAERSK EVORA,-1.7781392863361778,-3.488250000000008,34.46352916666667,139.0356972222222,19.5,58.52833333333333,59.0,18,,safe,0.956344576849928,442.15799606612325,jtsb_ais_interpolated,,,,,70,,False,False
825.0,,own,999170601,USS FITZGERALD,0.3570285075663408,0.6449999999996692,34.53241666666666,139.07888888888888,19.8,200.1,200.1,18,,,,,jtsb_arpa_fix_heading_proxy,,,,,35,,False,False
825.0,,target,999170602,ACX CRYSTAL,-0.40620343194439334,-0.09873873873884405,34.52002102102102,139.0634496996997,18.462162162162162,69.93783783783785,68.0,18,,danger,0.03073764876442274,110.49925260090885,jtsb_ais_interpolated,,,,,70,,False,False
825.0,,target,999170603,WAN HAI 266,-0.7112070052743041,1.0923899371068986,34.53987316561845,139.05727987421383,16.57547169811321,74.75471698113208,75.0,18,,safe,1.0731996583553407,48.44701558502196,jtsb_ais_interpolated,,,,,70,,False,False
825.0,,target,999170604,MAERSK EVORA,-1.7736077706632356,-3.485500000000002,34.463575,139.03578888888887,19.5,58.53,59.0,18,,safe,0.9565006189455195,441.203068694415,jtsb_ais_interpolated,,,,,70,,False,False
826.0,,own,999170601,USS FITZGERALD,0.3555637752276215,0.6406666666663341,34.53234444444444,139.07885925925925,19.8,200.09333333333333,200.09333333333333,18,,,,,jtsb_arpa_interpolated_heading_proxy,,,,,35,,False,False
826.0,,target,999170602,ACX CRYSTAL,-0.40137872238266703,-0.09698198198208659,34.5200503003003,139.0635472972973,18.45945945945946,69.94054054054054,68.0,18,,danger,0.030533516466184914,109.60317488106837,jtsb_ais_interpolated,,,,,70,,False,False
826.0,,target,999170603,WAN HAI 266,-0.706672898683283,1.0936163522012388,34.53989360587002,139.0573715932914,16.577358490566038,74.77358490566037,75.0,18,,safe,1.0728140433062041,47.55382839511064,jtsb_ais_interpolated,,,,,70,,False,False
826.0,,target,999170604,MAERSK EVORA,-1.7690762549902936,-3.482749999999996,34.46362083333334,139.03588055555556,19.5,58.531666666666666,59.0,18,,safe,0.9564756942261778,440.31821993400405,jtsb_ais_interpolated,,,,,70,,False,False
827.0,,own,999170601,USS FITZGERALD,0.3540990428889022,0.636333333332999,34.53227222222222,139.07882962962964,19.8,200.08666666666667,200.08666666666667,18,,,,,jtsb_arpa_interpolated_heading_proxy,,,,,35,,False,False
827.0,,target,999170602,ACX CRYSTAL,-0.39655401282094077,-0.09522522522532911,34.52007957957958,139.0636448948949,18.456756756756757,69.94324324324324,68.0,18,,danger,0.030328143894014614,108.70690707932411,jtsb_ais_interpolated,,,,,70,,False,False
827.0,,target,999170603,WAN HAI 266,-0.7021387920922618,1.0948427672955787,34.539914046121595,139.05746331236898,16.57924528301887,74.79245283018868,75.0,18,,safe,1.0724302136316572,46.66052454125267,jtsb_ais_interpolated,,,,,70,,False,False
827.0,,target,999170604,MAERSK EVORA,-1.7645447393173515,-3.4799999999999898,34.46366666666667,139.03597222222223,19.5,58.53333333333333,59.0,18,,safe,0.9564515887786069,439.4333292937635,jtsb_ais_interpolated,,,,,70,,False,False
828.0,,own,999170601,USS FITZGERALD,0.3526343105501829,0.6319999999996639,34.532199999999996,139.0788,19.8,200.07999999999998,200.07999999999998,18,,,,,jtsb_arpa_interpolated_heading_proxy,,,,,35,,False,False
828.0,,target,999170602,ACX CRYSTAL,-0.39172930325921446,-0.09346846846857165,34.52010885885886,139.0637424924925,18.454054054054055,69.94594594594595,68.0,18,,danger,0.030121530544378584,107.81044914980026,jtsb_ais_interpolated,,,,,70,,False,False
828.0,,target,999170603,WAN HAI 266,-0.6976046855012408,1.096069182389919,34.53993448637317,139.05755503144655,16.5811320754717,74.81132075471699,75.0,18,,safe,1.072048169900692,45.76710386397918,jtsb_ais_interpolated,,,,,70,,False,False
828.0,,target,999170604,MAERSK EVORA,-1.7600132236444095,-3.4772499999999837,34.4637125,139.0360638888889,19.5,58.535,59.0,18,,safe,0.9564283026029979,438.5483967616922,jtsb_ais_interpolated,,,,,70,,False,False
829.0,,own,999170601,USS FITZGERALD,0.3511695782114636,0.6276666666663289,34.532127777777774,139.07877037037036,19.8,200.07333333333332,200.07333333333332,18,,,,,jtsb_arpa_interpolated_heading_proxy,,,,,35,,False,False
829.0,,target,999170602,ACX CRYSTAL,-0.3869045936974882,-0.09171171171181419,34.52013813813814,139.0638400900901,18.451351351351352,69.94864864864866,68.0,18,,danger,0.029913675913564527,106.91380104662952,jtsb_ais_interpolated,,,,,70,,False,False
829.0,,target,999170603,WAN HAI 266,-0.6930705789102196,1.097295597484259,34.53995492662474,139.05764675052413,16.58301886792453,74.83018867924528,75.0,18,,safe,1.0716679126823285,44.873566203759374,jtsb_ais_interpolated,,,,,70,,False,False
829.0,,target,999170604,MAERSK EVORA,-1.7554817079714673,-3.4744999999999777,34.46375833333334,139.03615555555555,19.5,58.53666666666666,59.0,18,,safe,0.9564058356995387,437.66342232578637,jtsb_ais_interpolated,,,,,70,,False,False
830.0,,own,999170601,USS FITZGERALD,0.3497048458727443,0.6233333333329938,34.53205555555555,139.07874074074073,19.8,200.06666666666666,200.06666666666666,18,,,,,jtsb_arpa_interpolated_heading_proxy,,,,,35,,False,False
830.0,,target,999170602,ACX CRYSTAL,-0.3820798841357619,-0.08995495495505673,34.52016741741742,139.06393768768768,18.448648648648646,69.95135135135135,68.0,18,,danger,0.029704579497681703,106.01696272395247,jtsb_ais_interpolated,,,,,70,,False,False
830.0,,target,999170603,WAN HAI 266,-0.6885364723191985,1.098522012578599,34.53997536687631,139.0577384696017,16.58490566037736,74.84905660377359,75.0,18,,safe,1.071289442545617,43.979911401000294,jtsb_ais_interpolated,,,,,70,,False,False
830.0,,target,999170604,MAERSK EVORA,-1.750950192298525,-3.4717499999999717,34.46380416666667,139.03624722222222,19.5,58.538333333333334,59.0,18,,safe,0.9563841880684125,436.7784059740406,jtsb_ais_interpolated,,,,,70,,False,False
831.0,,own,999170601,USS FITZGERALD,0.348240113534025,0.6189999999996587,34.53198333333333,139.07871111111112,19.8,200.06,200.06,18,,,,,jtsb_arpa_interpolated_heading_proxy,,,,,35,,False,False
831.0,,target,999170602,ACX CRYSTAL,-0.37725517457403557,-0.08819819819829927,34.52019669669669,139.06403528528529,18.445945945945944,69.95405405405405,68.0,18,,danger,0.02949424079265999,105.11993413591843,jtsb_ais_interpolated,,,,,70,,False,False
831.0,,target,999170603,WAN HAI 266,-0.6840023657281773,1.0997484276729392,34.53999580712789,139.05783018867925,16.58679245283019,74.86792452830188,75.0,18,,safe,1.070912760059638,43.08613929604657,jtsb_ais_interpolated,,,,,70,,False,False
831.0,,target,999170604,MAERSK EVORA,-1.7464186766255831,-3.4689999999999657,34.46385,139.03633888888888,19.5,58.54,59.0,18,,safe,0.9563633597097981,435.89334769444747,jtsb_ais_interpolated,,,,,70,,False,False
832.0,,own,999170601,USS FITZGERALD,0.3467753811953057,0.6146666666663236,34.53191111111111,139.07868148148148,19.8,200.05333333333334,200.05333333333334,18,,,,,jtsb_arpa_interpolated_heading_proxy,,,,,35,,False,False
832.0,,target,999170602,ACX CRYSTAL,-0.3724304650123093,-0.08644144144154181,34.520225975975976,139.0641328828829,18.44324324324324,69.95675675675676,68.0,18,,danger,0.029282659294250966,104.2227152366848,jtsb_ais_interpolated,,,,,70,,False,False
832.0,,target,999170603,WAN HAI 266,-0.6794682591371561,1.1009748427672794,34.540016247379455,139.05792190775682,16.58867924528302,74.88679245283019,75.0,18,,safe,1.0705378657935012,42.19224972918071,jtsb_ais_interpolated,,,,,70,,False,False
832.0,,target,999170604,MAERSK EVORA,-1.741887160952641,-3.4662499999999596,34.46389583333334,139.03643055555554,19.5,58.541666666666664,59.0,18,,safe,0.9563433506238774,435.0082474749969,jtsb_ais_interpolated,,,,,70,,False,False
833.0,,own,999170601,USS FITZGERALD,0.3453106488565864,0.6103333333329886,34.531838888888885,139.07865185185184,19.8,200.04666666666665,200.04666666666665,18,,,,,jtsb_arpa_interpolated_heading_proxy,,,,,35,,False,False
833.0,,target,999170602,ACX CRYSTAL,-0.367605755450583,-0.08468468468478434,34.52025525525526,139.0642304804805,18.44054054054054,69.95945945945947,68.0,18,,danger,0.029069834498026918,103.3253059804174,jtsb_ais_interpolated,,,,,70,,False,False
833.0,,target,999170603,WAN HAI 266,-0.6749341525461351,1.1022012578616196,34.54003668763103,139.0580136268344,16.59056603773585,74.90566037735849,75.0,18,,safe,1.0701647603163476,41.2982425406225,jtsb_ais_interpolated,,,,,70,,False,False
833.0,,target,999170604,MAERSK EVORA,-1.737355645279699,-3.4634999999999536,34.46394166666667,139.0365222222222,19.5,58.54333333333333,59.0,18,,safe,0.9563241608108215,434.1231053036775,jtsb_ais_interpolated,,,,,70,,False,False
834.0,,own,999170601,USS FITZGERALD,0.3438459165178671,0.6059999999996535,34.53176666666666,139.0786222222222,19.8,200.04,200.04,18,,,,,jtsb_arpa_interpolated_heading_proxy,,,,,35,,False,False
834.0,,target,999170602,ACX CRYSTAL,-0.36278104588885673,-0.08292792792802688,34.52028453453453,139.0643280780781,18.437837837837836,69.96216216216216,68.0,18,,danger,0.028855765899380135,102.42770632129043,jtsb_ais_interpolated,,,,,70,,False,False
834.0,,target,999170603,WAN HAI 266,-0.6704000459551139,1.1034276729559596,34.5400571278826,139.05810534591197,16.59245283018868,74.9245283018868,75.0,18,,safe,1.0697934441973465,40.40411757052953,jtsb_ais_interpolated,,,,,70,,False,False
834.0,,target,999170604,MAERSK EVORA,-1.7328241296067568,-3.4607499999999476,34.4639875,139.0366138888889,19.5,58.544999999999995,59.0,18,,safe,0.956305790270806,433.2379211684753,jtsb_ais_interpolated,,,,,70,,False,False
835.0,,own,999170601,USS FITZGERALD,0.3423811841791478,0.6016666666663184,34.53169444444444,139.0785925925926,19.8,200.03333333333333,200.03333333333333,18,,,,,jtsb_arpa_interpolated_heading_proxy,,,,,35,,False,False
835.0,,target,999170602,ACX CRYSTAL,-0.3579563363271304,-0.0811711711712694,34.520313813813814,139.0644256756757,18.435135135135134,69.96486486486486,68.0,18,,danger,0.02864045299352496,101.52991621348652,jtsb_ais_interpolated,,,,,70,,False,False
835.0,,target,999170603,WAN HAI 266,-0.6658659393640928,1.1046540880502997,34.54007756813417,139.05819706498954,16.59433962264151,74.94339622641509,75.0,18,,safe,1.0694239180057001,39.509874658996395,jtsb_ais_interpolated,,,,,70,,False,False
835.0,,target,999170604,MAERSK EVORA,-1.7282926139338148,-3.4579999999999416,34.46403333333333,139.03670555555556,19.5,58.54666666666667,59.0,18,,safe,0.9562882390039987,432.35269505737426,jtsb_ais_interpolated,,,,,70,,False,False
836.0,,own,999170601,USS FITZGERALD,0.3409164518404285,0.5973333333329833,34.53162222222222,139.07856296296296,19.8,200.02666666666667,200.02666666666667,18,,,,,jtsb_arpa_interpolated_heading_proxy,,,,,35,,False,False
836.0,,target,999170602,ACX CRYSTAL,-0.3531316267654041,-0.07941441441451194,34.520343093093096,139.0645232732733,18.43243243243243,69.96756756756757,68.0,18,,danger,0.028423895275495166,100.63193561119672,jtsb_ais_interpolated,,,,,70,,False,False
836.0,,target,999170603,WAN HAI 266,-0.6613318327730717,1.10588050314464,34.54009800838575,139.0582887840671,16.596226415094343,74.9622641509434,75.0,18,,safe,1.0690561823106404,38.61551364605532,jtsb_ais_interpolated,,,,,70,,False,False
836.0,,target,999170604,MAERSK EVORA,-1.7237610982608726,-3.4552499999999355,34.46407916666667,139.03679722222222,19.5,58.54833333333333,59.0,18,,safe,0.9562715070105671,431.4674269583566,jtsb_ais_interpolated,,,,,70,,False,False
837.0,,own,999170601,USS FITZGERALD,0.3394517195017092,0.5929999999996483,34.531549999999996,139.07853333333333,19.8,200.02,200.02,18,,,,,jtsb_arpa_interpolated_heading_proxy,,,,,35,,False,False
837.0,,target,999170602,ACX CRYSTAL,-0.3483069172036778,-0.07765765765775448,34.52037237237237,139.06462087087087,18.42972972972973,69.97027027027028,68.0,18,,danger,0.028206092240147106,99.73376446862066,jtsb_ais_interpolated,,,,,70,,False,False
837.0,,target,999170603,WAN HAI 266,-0.6567977261820506,1.1071069182389799,34.540118448637315,139.05838050314466,16.598113207547172,74.98113207547169,75.0,18,,safe,1.0686902376814305,37.72103437167555,jtsb_ais_interpolated,,,,,70,,False,False
837.0,,target,999170604,MAERSK EVORA,-1.7192295825879307,-3.4524999999999295,34.464125,139.03688888888888,19.5,58.55,59.0,18,,safe,0.9562555942906735,430.58211685940216,jtsb_ais_interpolated,,,,,70,,False,False
838.0,,own,999170601,USS FITZGERALD,0.3379869871629899,0.5886666666663132,34.53147777777777,139.0785037037037,19.8,200.01333333333332,200.01333333333332,18,,,,,jtsb_arpa_interpolated_heading_proxy,,,,,35,,False,False
838.0,,target,999170602,ACX CRYSTAL,-0.3434822076419516,-0.07590090090099702,34.52040165165165,139.06471846846847,18.427027027027027,69.97297297297297,68.0,18,,danger,0.027987043382157115,98.83540273996636,jtsb_ais_interpolated,,,,,70,,False,False
838.0,,target,999170603,WAN HAI 266,-0.6522636195910294,1.10833333333332,34.54013888888889,139.05847222222224,16.6,75.0,75.0,18,,safe,1.0683260846873648,36.82643667576343,jtsb_ais_fix,,,,,70,,False,False
838.0,,target,999170604,MAERSK EVORA,-1.7146980669149885,-3.4497499999999235,34.464170833333334,139.03698055555554,19.5,58.55166666666666,59.0,18,,safe,0.9562405008444778,429.696764748489,jtsb_ais_interpolated,,,,,70,,False,False
839.0,,own,999170601,USS FITZGERALD,0.3365222548242706,0.5843333333329781,34.53140555555555,139.07847407407408,19.8,200.00666666666666,200.00666666666666,18,,,,,jtsb_arpa_interpolated_heading_proxy,,,,,35,,False,False
839.0,,target,999170602,ACX CRYSTAL,-0.33865749808022527,-0.07414414414423956,34.52043093093093,139.06481606606607,18.424324324324324,69.97567567567567,68.0,18,,danger,0.027766748196020475,97.93685037945033,jtsb_ais_interpolated,,,,,70,,False,False
839.0,,target,999170603,WAN HAI 266,-0.6476863310325082,1.109611111111093,34.54016018518519,139.05856481481482,16.6,74.96666666666667,75.0,18,,safe,1.0681092787920734,35.86602793404766,jtsb_ais_interpolated,,,,,70,,False,False
839.0,,target,999170604,MAERSK EVORA,-1.7101665512420463,-3.4469999999999175,34.46421666666667,139.0370722222222,19.5,58.55333333333333,59.0,18,,safe,0.9562262266721421,428.8113706135925,jtsb_ais_interpolated,,,,,70,,False,False
840.0,,own,999170601,USS FITZGERALD,0.3350575224855513,0.579999999999643,34.53133333333333,139.07844444444444,19.8,200.0,200.0,18,,,,,jtsb_arpa_fix_heading_proxy,,,,,35,,False,False
840.0,,target,999170602,ACX CRYSTAL,-0.33383278851849896,-0.0723873873874821,34.52046021021021,139.06491366366367,18.42162162162162,69.97837837837838,68.0,18,,danger,0.027545206176055253,97.03810734129785,jtsb_ais_interpolated,,,,,70,,False,False
840.0,,target,999170603,WAN HAI 266,-0.6431090424739869,1.1108888888888657,34.54018148148148,139.05865740740742,16.6,74.93333333333334,75.0,18,,safe,1.0678870386949064,34.905870098669936,jtsb_ais_interpolated,,,,,70,,False,False
840.0,,target,999170604,MAERSK EVORA,-1.7056350355691043,-3.4442499999999114,34.464262500000004,139.03716388888887,19.5,58.555,59.0,18,,safe,0.9562127717738165,427.92593444268664,jtsb_ais_interpolated,,,,,70,,False,False
841.0,,own,999170601,USS FITZGERALD,0.33325712231918936,0.5744814814811244,34.53124135802469,139.07840802469136,19.8,200.0,200.0,18,,,,,jtsb_arpa_interpolated_heading_proxy,,,,,35,,False,False
841.0,,target,999170602,ACX CRYSTAL,-0.32900807895677264,-0.07063063063072464,34.52048948948949,139.06501126126128,18.41891891891892,69.98108108108109,68.0,18,,danger,0.02784854816501979,96.02395313085,jtsb_ais_interpolated,,,,,70,,False,False
841.0,,target,999170603,WAN HAI 266,-0.6385317539154658,1.1121666666666385,34.54020277777778,139.05875,16.6,74.9,75.0,18,,safe,1.0682372536758662,33.83271343822874,jtsb_ais_interpolated,,,,,70,,False,False
841.0,,target,999170604,MAERSK EVORA,-1.7011035198961622,-3.4414999999999054,34.464308333333335,139.03725555555556,19.5,58.556666666666665,59.0,18,,safe,0.9559708568240652,426.91654019929246,jtsb_ais_interpolated,,,,,70,,False,False
842.0,,own,999170601,USS FITZGERALD,0.33145672215282734,0.568962962962606,34.531149382716045,139.07837160493827,19.8,200.0,200.0,18,,,,,jtsb_arpa_interpolated_heading_proxy,,,,,35,,False,False
842.0,,target,999170602,ACX CRYSTAL,-0.3241833693950464,-0.06887387387396718,34.52051876876877,139.06510885885888,18.416216216216213,69.98378378378378,68.0,18,,danger,0.028151670409703615,95.00963341240269,jtsb_ais_interpolated,,,,,70,,False,False
842.0,,target,999170603,WAN HAI 266,-0.6339544653569446,1.1134444444444114,34.540224074074075,139.0588425925926,16.6,74.86666666666666,75.0,18,,safe,1.0685825840633103,32.75986179148829,jtsb_ais_interpolated,,,,,70,,False,False
842.0,,target,999170604,MAERSK EVORA,-1.6965720042232202,-3.4387499999998994,34.464354166666666,139.03734722222222,19.5,58.55833333333333,59.0,18,,safe,0.9557286414494983,425.90713654319137,jtsb_ais_interpolated,,,,,70,,False,False
843.0,,own,999170601,USS FITZGERALD,0.3296563219864654,0.5634444444440874,34.5310574074074,139.07833518518518,19.8,200.0,200.0,18,,,,,jtsb_arpa_interpolated_heading_proxy,,,,,35,,False,False
843.0,,target,999170602,ACX CRYSTAL,-0.31935865983332007,-0.0671171171172097,34.52054804804805,139.06520645645648,18.41351351351351,69.98648648648648,68.0,18,,danger,0.028454572645701053,93.99514815213064,jtsb_ais_interpolated,,,,,70,,False,False
843.0,,target,999170603,WAN HAI 266,-0.6293771767984233,1.1147222222221842,34.54024537037037,139.0589351851852,16.6,74.83333333333333,75.0,18,,safe,1.0689230295165073,31.687314963090508,jtsb_ais_interpolated,,,,,70,,False,False
843.0,,target,999170604,MAERSK EVORA,-1.692040488550278,-3.4359999999998934,34.464400000000005,139.0374388888889,19.5,58.559999999999995,59.0,18,,safe,0.9554861256503355,424.89772347422945,jtsb_ais_interpolated,,,,,70,,False,False
844.0,,own,999170601,USS FITZGERALD,0.32785592182010337,0.5579259259255688,34.53096543209876,139.0782987654321,19.8,200.0,200.0,18,,,,,jtsb_arpa_interpolated_heading_proxy,,,,,35,,False,False
844.0,,target,999170602,ACX CRYSTAL,-0.3145339502715938,-0.06536036036045224,34.52057732732733,139.06530405405408,18.41081081081081,69.98918918918919,68.0,18,,danger,0.02875725460853061,92.98049731620394,jtsb_ais_interpolated,,,,,70,,False,False
844.0,,target,999170603,WAN HAI 266,-0.6247998882399021,1.115999999999957,34.54026666666667,139.0590277777778,16.6,74.8,75.0,18,,safe,1.0692585896957423,30.615072757924516,jtsb_ais_interpolated,,,,,70,,False,False
844.0,,target,999170604,MAERSK EVORA,-1.687508972877336,-3.4332499999998873,34.464445833333336,139.03753055555555,19.5,58.56166666666666,59.0,18,,safe,0.9552433094267918,423.888300992252,jtsb_ais_interpolated,,,,,70,,False,False
845.0,,own,999170601,USS FITZGERALD,0.3260555216537414,0.5524074074070503,34.53087345679012,139.078262345679,19.8,200.0,200.0,18,,,,,jtsb_arpa_interpolated_heading_proxy,,,,,35,,False,False
845.0,,target,999170602,ACX CRYSTAL,-0.3097092407098675,-0.06360360360369477,34.520606606606606,139.06540165165165,18.408108108108106,69.9918918918919,68.0,18,,danger,0.02905971603363429,91.96568087078819,jtsb_ais_interpolated,,,,,70,,False,False
845.0,,target,999170603,WAN HAI 266,-0.6202225996813809,1.1172777777777299,34.540287962962964,139.05912037037038,16.6,74.76666666666667,75.0,18,,safe,1.0695892642623162,29.543134981126432,jtsb_ais_interpolated,,,,,70,,False,False
845.0,,target,999170604,MAERSK EVORA,-1.6829774572043938,-3.4304999999998813,34.46449166666667,139.0376222222222,19.5,58.56333333333333,59.0,18,,safe,0.9550001927790867,422.8788690971051,jtsb_ais_interpolated,,,,,70,,False,False
846.0,,own,999170601,USS FITZGERALD,0.32425512148737945,0.5468888888885317,34.530781481481476,139.07822592592592,19.8,200.0,200.0,18,,,,,jtsb_arpa_interpolated_heading_proxy,,,,,35,,False,False
846.0,,target,999170602,ACX CRYSTAL,-0.3048845311481412,-0.061846846846937316,34.52063588588589,139.06549924924926,18.405405405405403,69.99459459459459,68.0,18,,danger,0.029361956656378408,90.95069878204443,jtsb_ais_interpolated,,,,,70,,False,False
846.0,,target,999170603,WAN HAI 266,-0.6156453111228597,1.1185555555555027,34.54030925925926,139.05921296296296,16.6,74.73333333333333,75.0,18,,safe,1.069915052878545,28.471501438078864,jtsb_ais_interpolated,,,,,70,,False,False
846.0,,target,999170604,MAERSK EVORA,-1.6784459415314519,-3.4277499999998753,34.464537500000006,139.03771388888887,19.5,58.565,59.0,18,,safe,0.9547567757074344,421.8694277886341,jtsb_ais_interpolated,,,,,70,,False,False
847.0,,own,999170601,USS FITZGERALD,0.32245472132101743,0.5413703703700131,34.530689506172834,139.07818950617283,19.8,200.0,200.0,18,,,,,jtsb_arpa_interpolated_heading_proxy,,,,,35,,False,False
847.0,,target,999170602,ACX CRYSTAL,-0.30005982158641487,-0.06009009009017985,34.52066516516516,139.06559684684686,18.4027027027027,69.9972972972973,68.0,18,,danger,0.02966397621205241,89.93555101612917,jtsb_ais_interpolated,,,,,70,,False,False
847.0,,target,999170603,WAN HAI 266,-0.6110680225643385,1.1198333333332755,34.540330555555556,139.05930555555557,16.6,74.7,75.0,18,,safe,1.0702359552077612,27.400171934410785,jtsb_ais_interpolated,,,,,70,,False,False
847.0,,target,999170604,MAERSK EVORA,-1.6739144258585097,-3.4249999999998693,34.46458333333334,139.03780555555554,19.5,58.56666666666666,59.0,18,,safe,0.9545130582120531,420.8599770666848,jtsb_ais_interpolated,,,,,70,,False,False
848.0,,own,999170601,USS FITZGERALD,0.3206543211546555,0.5358518518514946,34.53059753086419,139.07815308641975,19.8,200.0,200.0,18,,,,,jtsb_arpa_interpolated_heading_proxy,,,,,35,,False,False
848.0,,target,999170602,ACX CRYSTAL,-0.2952351120246886,-0.05833333333342239,34.520694444444445,139.06569444444446,18.4,70.0,68.0,18,,danger,0.029965774435869574,88.92023753919423,jtsb_ais_fix,,,,,70,,False,False
848.0,,target,999170603,WAN HAI 266,-0.6064907340058172,1.1211111111110483,34.54035185185185,139.05939814814815,16.6,74.66666666666667,75.0,18,,safe,1.070551970914311,26.329146275997015,jtsb_ais_interpolated,,,,,70,,False,False
848.0,,target,999170604,MAERSK EVORA,-1.6693829101855675,-3.4222499999998632,34.46462916666667,139.0378972222222,19.5,58.56833333333333,59.0,18,,safe,0.9542690402931614,419.850516931103,jtsb_ais_interpolated,,,,,70,,False,False
849.0,,own,999170601,USS FITZGERALD,0.3188539209882935,0.530333333332976,34.53050555555555,139.07811666666666,19.8,200.0,200.0,18,,,,,jtsb_arpa_interpolated_heading_proxy,,,,,35,,False,False
849.0,,target,999170602,ACX CRYSTAL,-0.29049137660961394,-0.05636363636372463,34.52072727272727,139.06579040404043,18.409090909090907,69.9,68.18181818181819,18,,danger,0.031071513463255065,87.82890503479325,jtsb_ais_interpolated,,,,,70,,False,False
849.0,,target,999170603,WAN HAI 266,-0.6019134454472961,1.1223888888888212,34.54037314814815,139.05949074074076,16.6,74.63333333333334,75.0,18,,safe,1.0708630996635566,25.25842426895794,jtsb_ais_interpolated,,,,,70,,False,False
849.0,,target,999170604,MAERSK EVORA,-1.6648513945126255,-3.419499999999857,34.46467500000001,139.0379888888889,19.5,58.56999999999999,59.0,18,,safe,0.9540247219509751,418.8410473817342,jtsb_ais_interpolated,,,,,70,,False,False
850.0,,own,999170601,USS FITZGERALD,0.3170535208219315,0.5248148148144575,34.53041358024691,139.07808024691357,19.8,200.0,200.0,18,,,,,jtsb_arpa_interpolated_heading_proxy,,,,,35,,False,False
850.0,,target,999170602,ACX CRYSTAL,-0.2857476411945393,-0.05439393939402686,34.520760101010104,139.06588636363637,18.418181818181818,69.8,68.36363636363636,18,,danger,0.032163460819757246,86.73889795955789,jtsb_ais_interpolated,,,,,70,,False,False
850.0,,target,999170603,WAN HAI 266,-0.5973361568887748,1.123666666666594,34.540394444444445,139.05958333333334,16.6,74.6,75.0,18,,safe,1.071169341121875,24.188005719659245,jtsb_ais_interpolated,,,,,70,,False,False
850.0,,target,999170604,MAERSK EVORA,-1.6603198788396833,-3.416749999999851,34.46472083333334,139.03808055555555,19.5,58.571666666666665,59.0,18,,safe,0.9537801031857135,417.8315684184242,jtsb_ais_interpolated,,,,,70,,False,False
851.0,,own,999170601,USS FITZGERALD,0.31525312065556954,0.519296296295939,34.530321604938266,139.07804382716049,19.8,200.0,200.0,18,,,,,jtsb_arpa_interpolated_heading_proxy,,,,,35,,False,False
851.0,,target,999170602,ACX CRYSTAL,-0.28100390577946466,-0.0524242424243291,34.52079292929293,139.06598232323233,18.427272727272726,69.7,68.54545454545455,18,,danger,0.03324159632888246,85.65021350332499,jtsb_ais_interpolated,,,,,70,,False,False
851.0,,target,999170603,WAN HAI 266,-0.5927588683302536,1.1249444444443668,34.54041574074074,139.05967592592594,16.6,74.56666666666666,75.0,18,,safe,1.0714706949566568,23.11789043471151,jtsb_ais_interpolated,,,,,70,,False,False
851.0,,target,999170604,MAERSK EVORA,-1.6557883631667414,-3.413999999999845,34.46476666666667,139.03817222222222,19.5,58.57333333333333,59.0,18,,safe,0.9535351839975927,416.82208004101835,jtsb_ais_interpolated,,,,,70,,False,False
852.0,,own,999170601,USS FITZGERALD,0.3134527204892076,0.5137777777774204,34.53022962962962,139.0780074074074,19.8,200.0,200.0,18,,,,,jtsb_arpa_interpolated_heading_proxy,,,,,35,,False,False
852.0,,target,999170602,ACX CRYSTAL,-0.27626017036439,-0.050454545454631336,34.52082575757576,139.0660782828283,18.436363636363634,69.60000000000001,68.72727272727273,18,,danger,0.03430589987273078,84.56284886848472,jtsb_ais_interpolated,,,,,70,,False,False
852.0,,target,999170603,WAN HAI 266,-0.5881815797717324,1.1262222222221396,34.54043703703704,139.05976851851852,16.6,74.53333333333333,75.0,18,,safe,1.0717671608363077,22.048078220969757,jtsb_ais_interpolated,,,,,70,,False,False
852.0,,target,999170604,MAERSK EVORA,-1.6512568474937992,-3.411249999999839,34.46481250000001,139.03826388888888,19.5,58.574999999999996,59.0,18,,safe,0.9532899643868323,415.8125822493626,jtsb_ais_interpolated,,,,,70,,False,False
853.0,,own,999170601,USS FITZGERALD,0.31165232032284557,0.5082592592589018,34.53013765432098,139.0779709876543,19.8,200.0,200.0,18,,,,,jtsb_arpa_interpolated_heading_proxy,,,,,35,,False,False
853.0,,target,999170602,ACX CRYSTAL,-0.2715164349493154,-0.048484848484933576,34.52085858585858,139.06617424242424,18.445454545454545,69.5,68.9090909090909,18,,danger,0.035356351391908625,83.47680126993379,jtsb_ais_interpolated,,,,,70,,False,False
853.0,,target,999170603,WAN HAI 266,-0.5836042912132111,1.1274999999999125,34.54045833333333,139.0598611111111,16.6,74.5,75.0,18,,safe,1.072058738430247,20.978568885533363,jtsb_ais_interpolated,,,,,70,,False,False
853.0,,target,999170604,MAERSK EVORA,-1.6467253318208572,-3.408499999999833,34.46485833333334,139.03835555555554,19.5,58.57666666666666,59.0,18,,safe,0.9530444443536488,414.8030750433023,jtsb_ais_interpolated,,,,,70,,False,False
854.0,,own,999170601,USS FITZGERALD,0.3098519201564836,0.5027407407403833,34.53004567901234,139.07793456790122,19.8,200.0,200.0,18,,,,,jtsb_arpa_interpolated_heading_proxy,,,,,35,,False,False
854.0,,target,999170602,ACX CRYSTAL,-0.2667726995342407,-0.04651515151523582,34.52089141414142,139.0662702020202,18.454545454545453,69.4,69.0909090909091,18,,danger,0.036392930885439614,82.39206793502882,jtsb_ais_interpolated,,,,,70,,False,False
854.0,,target,999170603,WAN HAI 266,-0.57902700265469,1.1287777777776853,34.54047962962963,139.0599537037037,16.6,74.46666666666667,75.0,18,,safe,1.0723454274089075,19.909362235745576,jtsb_ais_interpolated,,,,,70,,False,False
854.0,,target,999170604,MAERSK EVORA,-1.642193816147915,-3.405749999999827,34.46490416666667,139.0384472222222,19.5,58.578333333333326,59.0,18,,safe,0.9527986238982624,413.79355842268325,jtsb_ais_interpolated,,,,,70,,False,False
855.0,,own,999170601,USS FITZGERALD,0.3080515199901216,0.49722222222186474,34.5299537037037,139.07789814814814,19.8,200.0,200.0,18,,,,,jtsb_arpa_interpolated_heading_proxy,,,,,35,,False,False
855.0,,target,999170602,ACX CRYSTAL,-0.2620289641191661,-0.04454545454553806,34.52092424242424,139.06636616161614,18.463636363636365,69.3,69.27272727272727,18,,danger,0.03741561841067769,81.30864610353962,jtsb_ais_interpolated,,,,,70,,False,False
855.0,,target,999170603,WAN HAI 266,-0.5744497140961687,1.1300555555554581,34.540500925925926,139.0600462962963,16.6,74.43333333333334,75.0,18,,safe,1.0726272274437365,18.840458079193102,jtsb_ais_interpolated,,,,,70,,False,False
855.0,,target,999170604,MAERSK EVORA,-1.637662300474973,-3.402999999999821,34.46495,139.03853888888887,19.5,58.58,59.0,18,,safe,0.9525525030208893,412.78403238735086,jtsb_ais_interpolated,,,,,70,,False,False
856.0,,own,999170601,USS FITZGERALD,0.30625111982375963,0.49170370370334615,34.529861728395055,139.07786172839505,19.8,200.0,200.0,18,,,,,jtsb_arpa_interpolated_heading_proxy,,,,,35,,False,False
856.0,,target,999170602,ACX CRYSTAL,-0.25728522870409143,-0.04257575757584029,34.52095707070707,139.0664621212121,18.472727272727273,69.2,69.45454545454545,18,,danger,0.03842439408321961,80.22653302760307,jtsb_ais_interpolated,,,,,70,,False,False
856.0,,target,999170603,WAN HAI 266,-0.5698724255376475,1.131333333333231,34.54052222222222,139.0601388888889,16.6,74.4,75.0,18,,safe,1.0729041382071938,17.77185622370597,jtsb_ais_interpolated,,,,,70,,False,False
856.0,,target,999170604,MAERSK EVORA,-1.6331307848020309,-3.400249999999815,34.46499583333334,139.03863055555556,19.5,58.58166666666666,59.0,18,,safe,0.9523060817217492,411.7744969371509,jtsb_ais_interpolated,,,,,70,,False,False
857.0,,own,999170601,USS FITZGERALD,0.3044507196573977,0.4861851851848277,34.52976975308641,139.07782530864196,19.8,200.0,200.0,18,,,,,jtsb_arpa_interpolated_heading_proxy,,,,,35,,False,False
857.0,,target,999170602,ACX CRYSTAL,-0.25254149328901676,-0.040606060606142524,34.520989898989896,139.06655808080808,18.48181818181818,69.10000000000001,69.63636363636364,18,,danger,0.03941923807681957,79.14572597167691,jtsb_ais_interpolated,,,,,70,,False,False
857.0,,target,999170603,WAN HAI 266,-0.5652951369791264,1.1326111111110038,34.54054351851852,139.06023148148148,16.6,74.36666666666666,75.0,18,,safe,1.0731761593727525,16.70355647735705,jtsb_ais_interpolated,,,,,70,,False,False
857.0,,target,999170604,MAERSK EVORA,-1.6285992691290887,-3.397499999999809,34.46504166666667,139.03872222222222,19.5,58.58333333333333,59.0,18,,safe,0.9520593600010594,410.76495207192886,jtsb_ais_interpolated,,,,,70,,False,False
858.0,,own,999170601,USS FITZGERALD,0.30265031949103566,0.4806666666663091,34.52967777777777,139.07778888888888,19.8,200.0,200.0,18,,,,,jtsb_arpa_interpolated_heading_proxy,,,,,35,,False,False
858.0,,target,999170602,ACX CRYSTAL,-0.24779775787394212,-0.038636363636444765,34.52102272727273,139.06665404040402,18.490909090909092,69.0,69.81818181818181,18,,danger,0.04040013062330282,78.06622221249384,jtsb_ais_interpolated,,,,,70,,False,False
858.0,,target,999170603,WAN HAI 266,-0.5607178484206051,1.1338888888887766,34.540564814814815,139.0603240740741,16.6,74.33333333333333,75.0,18,,safe,1.0734432906148987,15.635558648461732,jtsb_ais_interpolated,,,,,70,,False,False
858.0,,target,999170604,MAERSK EVORA,-1.6240677534561467,-3.394749999999803,34.4650875,139.03881388888888,19.5,58.584999999999994,59.0,18,,safe,0.9518123378590403,409.7553977915302,jtsb_ais_interpolated,,,,,70,,False,False
859.0,,own,999170601,USS FITZGERALD,0.3008499193246737,0.47514814814779055,34.52958580246913,139.0777524691358,19.8,200.0,200.0,18,,,,,jtsb_arpa_interpolated_heading_proxy,,,,,35,,False,False
859.0,,target,999170602,ACX CRYSTAL,-0.24305402245886748,-0.036666666666747005,34.521055555555556,139.06674999999998,18.5,68.9,70.0,18,,danger,0.04136705201247995,76.98801903901602,jtsb_ais_fix,,,,,70,,False,False
859.0,,target,999170603,WAN HAI 266,-0.5561405598620839,1.1351666666665494,34.54058611111111,139.06041666666667,16.6,74.3,75.0,18,,safe,1.0737055316091313,14.567862545577709,jtsb_ais_interpolated,,,,,70,,False,False
859.0,,target,999170604,MAERSK EVORA,-1.6195362377832045,-3.391999999999797,34.46513333333334,139.03890555555554,19.5,58.58666666666666,59.0,18,,safe,0.951565015295909,408.7458340958005,jtsb_ais_interpolated,,,,,70,,False,False
860.0,,own,999170601,USS FITZGERALD,0.2990495191583117,0.469629629629272,34.529493827160486,139.0777160493827,19.8,200.0,200.0,18,,,,,jtsb_arpa_interpolated_heading_proxy,,,,,35,,False,False
860.0,,target,999170602,ACX CRYSTAL,-0.23801900504446136,-0.034791666666755816,34.521086805555555,139.06685185185182,18.5,68.99583333333334,70.5,18,,danger,0.04091972095894144,75.98085801177169,jtsb_ais_interpolated,,,,,70,,False,False
860.0,,target,999170603,WAN HAI 266,-0.5515632713035626,1.1364444444443222,34.54060740740741,139.06050925925928,16.6,74.26666666666667,75.0,18,,safe,1.073962882031961,13.500467977504453,jtsb_ais_interpolated,,,,,70,,False,False
860.0,,target,999170604,MAERSK EVORA,-1.6150047221102626,-3.389249999999791,34.46517916666667,139.0389972222222,19.5,58.58833333333333,59.0,18,,safe,0.9513173923118862,407.73626098458533,jtsb_ais_interpolated,,,,,70,,False,False
861.0,,own,999170601,USS FITZGERALD,0.2972491189919497,0.4641111111107534,34.529401851851844,139.0776796296296,19.8,200.0,200.0,18,,,,,jtsb_arpa_interpolated_heading_proxy,,,,,35,,False,False
861.0,,target,999170602,ACX CRYSTAL,-0.23298398763005523,-0.03291666666676463,34.521118055555554,139.0669537037037,18.5,69.09166666666667,71.0,18,,danger,0.040488532447778294,74.97295918059578,jtsb_ais_interpolated,,,,,70,,False,False
861.0,,target,999170603,WAN HAI 266,-0.5469859827450414,1.137722222222095,34.5406287037037,139.06060185185186,16.6,74.23333333333333,75.0,18,,safe,1.074215341560912,12.433374753283088,jtsb_ais_interpolated,,,,,70,,False,False
861.0,,target,999170604,MAERSK EVORA,-1.6104732064373204,-3.386499999999785,34.465225000000004,139.03908888888887,19.5,58.589999999999996,59.0,18,,safe,0.9510694689071895,406.7266784577302,jtsb_ais_interpolated,,,,,70,,False,False
862.0,,own,999170601,USS FITZGERALD,0.29544871882558776,0.4585925925922349,34.5293098765432,139.07764320987653,19.8,200.0,200.0,18,,,,,jtsb_arpa_interpolated_heading_proxy,,,,,35,,False,False
862.0,,target,999170602,ACX CRYSTAL,-0.2279489702156491,-0.031041666666773438,34.521149305555554,139.06705555555556,18.5,69.1875,71.5,18,,danger,0.040073485827499075,73.9643215781582,jtsb_ais_interpolated,,,,,70,,False,False
862.0,,target,999170603,WAN HAI 266,-0.5424086941865203,1.138999999999868,34.54065,139.06069444444444,16.6,74.2,75.0,18,,safe,1.0744629098745184,11.366582682195872,jtsb_ais_interpolated,,,,,70,,False,False
862.0,,target,999170604,MAERSK EVORA,-1.6059416907643784,-3.383749999999779,34.465270833333335,139.03918055555553,19.5,58.59166666666666,59.0,18,,safe,0.9508212450820388,405.7170865150807,jtsb_ais_interpolated,,,,,70,,False,False
863.0,,own,999170601,USS FITZGERALD,0.29364831865922575,0.45307407407371636,34.52921790123457,139.07760679012347,19.8,200.0,200.0,18,,,,,jtsb_arpa_interpolated_heading_proxy,,,,,35,,False,False
863.0,,target,999170602,ACX CRYSTAL,-0.222913952801243,-0.02916666666678225,34.52118055555555,139.0671574074074,18.5,69.28333333333335,72.0,18,,danger,0.039674580422835795,72.95494423334793,jtsb_ais_interpolated,,,,,70,,False,False
863.0,,target,999170603,WAN HAI 266,-0.537831405627999,1.1402777777776407,34.540671296296296,139.06078703703704,16.6,74.16666666666667,75.0,18,,safe,1.0747055866523278,10.30009157376597,jtsb_ais_interpolated,,,,,70,,False,False
863.0,,target,999170604,MAERSK EVORA,-1.6014101750914362,-3.380999999999773,34.46531666666667,139.0392722222222,19.5,58.59333333333333,59.0,18,,safe,0.9505727208366538,404.7074851564822,jtsb_ais_interpolated,,,,,70,,False,False
864.0,,own,999170601,USS FITZGERALD,0.2918479184928638,0.44755555555519777,34.529125925925925,139.07757037037038,19.8,200.0,200.0,18,,,,,jtsb_arpa_interpolated_heading_proxy,,,,,35,,False,False
864.0,,target,999170602,ACX CRYSTAL,-0.2178789353868369,-0.02729166666679106,34.52121180555555,139.06725925925923,18.5,69.37916666666668,72.5,18,,danger,0.03929181553474064,71.94482617125992,jtsb_ais_interpolated,,,,,70,,False,False
864.0,,target,999170603,WAN HAI 266,-0.5332541170694778,1.1415555555554135,34.54069259259259,139.06087962962962,16.6,74.13333333333334,75.0,18,,safe,1.0749433715748988,9.233901237757188,jtsb_ais_interpolated,,,,,70,,False,False
864.0,,target,999170604,MAERSK EVORA,-1.5968786594184943,-3.378249999999767,34.465362500000005,139.0393638888889,19.5,58.59499999999999,59.0,18,,safe,0.9503238961712523,403.6978743817803,jtsb_ais_interpolated,,,,,70,,False,False
865.0,,own,999170601,USS FITZGERALD,0.2900475183265018,0.4420370370366792,34.52903395061728,139.0775339506173,19.8,200.0,200.0,18,,,,,jtsb_arpa_interpolated_heading_proxy,,,,,35,,False,False
865.0,,target,999170602,ACX CRYSTAL,-0.21284391797243077,-0.02541666666679987,34.52124305555556,139.0673611111111,18.5,69.47500000000001,73.0,18,,danger,0.038925190440381,70.93396641318222,jtsb_ais_interpolated,,,,,70,,False,False
865.0,,target,999170603,WAN HAI 266,-0.5286768285109565,1.1428333333331864,34.54071388888889,139.06097222222223,16.6,74.1,75.0,18,,safe,1.0751762643238014,8.168011484173428,jtsb_ais_interpolated,,,,,70,,False,False
865.0,,target,999170604,MAERSK EVORA,-1.592347143745552,-3.375499999999761,34.465408333333336,139.03945555555555,19.5,58.596666666666664,59.0,18,,safe,0.9500747710860559,402.6882541908204,jtsb_ais_interpolated,,,,,70,,False,False
866.0,,own,999170601,USS FITZGERALD,0.2882471181601398,0.4365185185181607,34.52894197530864,139.0774975308642,19.8,200.0,200.0,18,,,,,jtsb_arpa_interpolated_heading_proxy,,,,,35,,False,False
866.0,,target,999170602,ACX CRYSTAL,-0.20780890055802465,-0.02354166666680868,34.52127430555556,139.06746296296296,18.5,69.57083333333334,73.5,18,,danger,0.038574704393136254,69.92236397658289,jtsb_ais_interpolated,,,,,70,,False,False
866.0,,target,999170603,WAN HAI 266,-0.5240995399524353,1.1441111111109592,34.540735185185184,139.0610648148148,16.6,74.06666666666666,75.0,18,,safe,1.075404264581616,7.102422123258602,jtsb_ais_interpolated,,,,,70,,False,False
866.0,,target,999170604,MAERSK EVORA,-1.58781562807261,-3.3727499999997548,34.465454166666674,139.0395472222222,19.5,58.59833333333333,59.0,18,,safe,0.9498253455812833,401.67862458344797,jtsb_ais_interpolated,,,,,70,,False,False
867.0,,own,999170601,USS FITZGERALD,0.28644671799377786,0.4309999999996421,34.52885,139.07746111111112,19.8,200.0,200.0,18,,,,,jtsb_arpa_interpolated_heading_proxy,,,,,35,,False,False
867.0,,target,999170602,ACX CRYSTAL,-0.20277388314361852,-0.02166666666681749,34.52130555555556,139.0675648148148,18.5,69.66666666666667,74.0,18,,danger,0.03824035662259332,68.91001787509683,jtsb_ais_interpolated,,,,,70,,False,False
867.0,,target,999170603,WAN HAI 266,-0.5195222513939142,1.145388888888732,34.54075648148148,139.06115740740742,16.6,74.03333333333333,75.0,18,,safe,1.0756273720319347,6.037132965496165,jtsb_ais_interpolated,,,,,70,,False,False
867.0,,target,999170604,MAERSK EVORA,-1.583284112399668,-3.3699999999997488,34.465500000000006,139.03963888888887,19.5,58.6,59.0,18,,safe,0.9495756196571546,400.66898555950837,jtsb_ais_fix,,,,,70,,False,False
868.0,,own,999170601,USS FITZGERALD,0.28464631782741584,0.4254814814811235,34.528758024691356,139.07742469135803,19.8,200.0,200.0,18,,,,,jtsb_arpa_interpolated_heading_proxy,,,,,35,,False,False
868.0,,target,999170602,ACX CRYSTAL,-0.1977388657292124,-0.019791666666826302,34.521336805555556,139.06766666666664,18.5,69.76250000000002,74.5,18,,danger,0.03792214633454243,67.89692711851262,jtsb_ais_interpolated,,,,,70,,False,False
868.0,,target,999170603,WAN HAI 266,-0.5149449628353929,1.1466666666665049,34.54077777777778,139.06125,16.6,74.0,75.0,18,,safe,1.0758455863593597,4.972143821608756,jtsb_ais_fix,,,,,70,,False,False
868.0,,target,999170604,MAERSK EVORA,-1.5785161034845123,-3.367083333333092,34.46554861111112,139.03973533950617,19.5,58.60277777777778,59.0,18,,safe,0.9494433606473669,399.6327721639589,jtsb_ais_interpolated,,,,,70,,False,False
869.0,,own,999170601,USS FITZGERALD,0.2828459176610539,0.419962962962605,34.528666049382714,139.07738827160495,19.8,200.0,200.0,18,,,,,jtsb_arpa_interpolated_heading_proxy,,,,,35,,False,False
869.0,,target,999170602,ACX CRYSTAL,-0.19270384831480628,-0.017916666666835113,34.521368055555556,139.0677685185185,18.5,69.85833333333335,75.0,18,,danger,0.03762007271097374,66.88309071275938,jtsb_ais_interpolated,,,,,70,,False,False
869.0,,target,999170603,WAN HAI 266,-0.5106651980331595,1.1479166666665037,34.54079861111111,139.06133657407406,16.6,73.98333333333333,75.0,18,,safe,1.0762473654577596,3.948469606886343,jtsb_ais_interpolated,,,,,70,,False,False
869.0,,target,999170604,MAERSK EVORA,-1.573748094569357,-3.364166666666435,34.46559722222223,139.03983179012343,19.5,58.605555555555554,59.0,18,,safe,0.9493105873252408,398.5965422594601,jtsb_ais_interpolated,,,,,70,,False,False
870.0,,own,999170601,USS FITZGERALD,0.2810455174946919,0.41444444444408646,34.52857407407407,139.07735185185186,19.8,200.0,200.0,18,,,,,jtsb_arpa_interpolated_heading_proxy,,,,,35,,False,False
870.0,,target,999170602,ACX CRYSTAL,-0.18766883090040015,-0.016041666666843923,34.521399305555555,139.06787037037037,18.5,69.95416666666668,75.5,18,,danger,0.0373341349100727,65.86850765989321,jtsb_ais_interpolated,,,,,70,,False,False
870.0,,target,999170603,WAN HAI 266,-0.5063854332309259,1.1491666666665026,34.540819444444445,139.06142314814815,16.6,73.96666666666667,75.0,18,,safe,1.0766467746795252,2.9249339522080793,jtsb_ais_interpolated,,,,,70,,False,False
870.0,,target,999170604,MAERSK EVORA,-1.5689800856542013,-3.361249999999778,34.46564583333334,139.03992824074072,19.5,58.608333333333334,59.0,18,,safe,0.9491772996912318,397.56029584556165,jtsb_ais_interpolated,,,,,70,,False,False
871.0,,own,999170601,USS FITZGERALD,0.2792451173283299,0.40892592592556787,34.52848209876543,139.07731543209877,19.8,200.0,200.0,18,,,,,jtsb_arpa_interpolated_heading_proxy,,,,,35,,False,False
871.0,,target,999170602,ACX CRYSTAL,-0.18263381348599403,-0.014166666666852734,34.521430555555554,139.0679722222222,18.5,70.05000000000001,76.0,18,,danger,0.03706433206621626,64.85317695808403,jtsb_ais_interpolated,,,,,70,,False,False
871.0,,target,999170603,WAN HAI 266,-0.5021056684286924,1.1504166666665014,34.540840277777775,139.0615097222222,16.6,73.95,75.0,18,,safe,1.077043813939428,1.9015368136264545,jtsb_ais_interpolated,,,,,70,,False,False
871.0,,target,999170604,MAERSK EVORA,-1.5642120767390457,-3.358333333333121,34.46569444444445,139.040024691358,19.5,58.611111111111114,59.0,18,,safe,0.9490434977457971,396.52403292181344,jtsb_ais_interpolated,,,,,70,,False,False
872.0,,own,999170601,USS FITZGERALD,0.27744471716196795,0.40340740740704933,34.52839012345679,139.07727901234568,19.8,200.0,200.0,18,,,,,jtsb_arpa_interpolated_heading_proxy,,,,,35,,False,False
872.0,,target,999170602,ACX CRYSTAL,-0.1775987960715879,-0.012291666666861545,34.52146180555555,139.06807407407405,18.5,70.14583333333334,76.5,18,,danger,0.03681066328996893,63.83709760160203,jtsb_ais_interpolated,,,,,70,,False,False
872.0,,target,999170603,WAN HAI 266,-0.49782590362645895,1.1516666666665003,34.54086111111111,139.0615962962963,16.6,73.93333333333334,75.0,18,,safe,1.0774384831523613,0.878278147221903,jtsb_ais_interpolated,,,,,70,,False,False
872.0,,target,999170604,MAERSK EVORA,-1.5594440678238903,-3.355416666666464,34.46574305555556,139.0401211419753,19.5,58.61388888888889,59.0,18,,safe,0.9489091814893946,395.4877534877649,jtsb_ais_interpolated,,,,,70,,False,False
873.0,,own,999170601,USS FITZGERALD,0.275644316995606,0.3978888888885308,34.528298148148146,139.0772425925926,19.8,200.0,200.0,18,,,,,jtsb_arpa_interpolated_heading_proxy,,,,,35,,False,False
873.0,,target,999170602,ACX CRYSTAL,-0.1725637786571818,-0.010416666666870356,34.52149305555555,139.0681759259259,18.5,70.24166666666667,77.0,18,,danger,0.036573127668078666,62.82026858080414,jtsb_ais_interpolated,,,,,70,,False,False
873.0,,target,999170603,WAN HAI 266,-0.4935461388242255,1.1529166666664992,34.54088194444444,139.06168287037036,16.6,73.91666666666667,75.0,18,,safe,1.0778307822333395,-0.1448420908973331,jtsb_ais_interpolated,,,,,70,,False,False
873.0,,target,999170604,MAERSK EVORA,-1.5546760589087347,-3.3524999999998073,34.465791666666675,139.04021759259257,19.5,58.61666666666667,59.0,18,,safe,0.9487743509224811,394.4514575429656,jtsb_ais_interpolated,,,,,70,,False,False
874.0,,own,999170601,USS FITZGERALD,0.27384391682924397,0.39237037037001227,34.5282061728395,139.0772061728395,19.8,200.0,200.0,18,,,,,jtsb_arpa_interpolated_heading_proxy,,,,,35,,False,False
874.0,,target,999170602,ACX CRYSTAL,-0.16752876124277566,-0.008541666666879166,34.52152430555555,139.06827777777778,18.5,70.3375,77.5,18,,danger,0.03635172426347271,61.802688882120535,jtsb_ais_interpolated,,,,,70,,False,False
874.0,,target,999170603,WAN HAI 266,-0.48926637402199197,1.154166666666498,34.540902777777774,139.06176944444445,16.6,73.9,75.0,18,,safe,1.0782207110974988,-1.1678239445950762,jtsb_ais_interpolated,,,,,70,,False,False
874.0,,target,999170604,MAERSK EVORA,-1.5499080499935791,-3.3495833333331504,34.46584027777778,139.04031404320986,19.5,58.61944444444445,59.0,18,,safe,0.9486390060455165,393.4151450869651,jtsb_ais_interpolated,,,,,70,,False,False
875.0,,own,999170601,USS FITZGERALD,0.272043516662882,0.38685185185149373,34.52811419753086,139.07716975308642,19.8,200.0,200.0,18,,,,,jtsb_arpa_interpolated_heading_proxy,,,,,35,,False,False
875.0,,target,999170602,ACX CRYSTAL,-0.16249374382836956,-0.006666666666887977,34.52155555555555,139.06837962962962,18.5,70.43333333333335,78.0,18,,danger,0.03614645211525398,60.784357488040854,jtsb_ais_interpolated,,,,,70,,False,False
875.0,,target,999170603,WAN HAI 266,-0.48498660921975845,1.155416666666497,34.54092361111111,139.0618560185185,16.6,73.88333333333334,75.0,18,,safe,1.0786082696600965,-2.1906674577073133,jtsb_ais_interpolated,,,,,70,,False,False
875.0,,target,999170604,MAERSK EVORA,-1.5451400410784235,-3.3466666666664935,34.46588888888889,139.04041049382715,19.5,58.62222222222222,59.0,18,,safe,0.9485031468589592,392.37881611931283,jtsb_ais_interpolated,,,,,70,,False,False
876.0,,own,999170601,USS FITZGERALD,0.27024311649652,0.38133333333297514,34.52802222222222,139.07713333333334,19.8,200.0,200.0,18,,,,,jtsb_arpa_interpolated_heading_proxy,,,,,35,,False,False
876.0,,target,999170602,ACX CRYSTAL,-0.1574587264139634,-0.004791666666896788,34.52158680555555,139.06848148148146,18.5,70.52916666666668,78.5,18,,danger,0.03595731023869701,59.76527337710061,jtsb_ais_interpolated,,,,,70,,False,False
876.0,,target,999170603,WAN HAI 266,-0.480706844417525,1.1566666666664958,34.54094444444444,139.0619425925926,16.6,73.86666666666666,75.0,18,,safe,1.078993457836512,-3.2133726740422195,jtsb_ais_interpolated,,,,,70,,False,False
876.0,,target,999170604,MAERSK EVORA,-1.5403720321632681,-3.3437499999998366,34.4659375,139.04050694444442,19.5,58.625,59.0,18,,safe,0.948366773363269,391.3424706395581,jtsb_ais_interpolated,,,,,70,,False,False
877.0,,own,999170601,USS FITZGERALD,0.26844271633015804,0.3758148148144566,34.52793024691358,139.07709691358025,19.8,200.0,200.0,18,,,,,jtsb_arpa_interpolated_heading_proxy,,,,,35,,False,False
877.0,,target,999170602,ACX CRYSTAL,-0.15242370899955732,-0.0029166666669055985,34.52161805555555,139.06858333333332,18.5,70.62500000000001,79.0,18,,danger,0.035784297625243495,58.74543552386738,jtsb_ais_interpolated,,,,,70,,False,False
877.0,,target,999170603,WAN HAI 266,-0.4764270796152915,1.1579166666664946,34.54096527777778,139.06202916666666,16.6,73.85,75.0,18,,safe,1.079376275542245,-4.23593963738009,jtsb_ais_interpolated,,,,,70,,False,False
877.0,,target,999170604,MAERSK EVORA,-1.5356040232481125,-3.3408333333331797,34.465986111111114,139.0406033950617,19.5,58.62777777777778,59.0,18,,safe,0.9482298855589064,390.3061086472503,jtsb_ais_interpolated,,,,,70,,False,False
878.0,,own,999170601,USS FITZGERALD,0.2666423161637961,0.3702962962959381,34.527838271604935,139.07706049382716,19.8,200.0,200.0,18,,,,,jtsb_arpa_interpolated_heading_proxy,,,,,35,,False,False
878.0,,target,999170602,ACX CRYSTAL,-0.1473886915851512,-0.0010416666669144092,34.521649305555556,139.0686851851852,18.5,70.72083333333335,79.5,18,,danger,0.035627413242498594,57.72484289892686,jtsb_ais_interpolated,,,,,70,,False,False
878.0,,target,999170603,WAN HAI 266,-0.472147314813058,1.1591666666664935,34.54098611111111,139.06211574074075,16.6,73.83333333333333,75.0,18,,safe,1.0797567226929177,-5.258368391473532,jtsb_ais_interpolated,,,,,70,,False,False
878.0,,target,999170604,MAERSK EVORA,-1.530836014332957,-3.3379166666665228,34.466034722222226,139.040699845679,19.5,58.63055555555555,59.0,18,,safe,0.9480924834463332,389.26973014193874,jtsb_ais_interpolated,,,,,70,,False,False
879.0,,own,999170601,USS FITZGERALD,0.26484191599743406,0.3647777777774195,34.52774629629629,139.07702407407407,19.8,200.0,200.0,18,,,,,jtsb_arpa_interpolated_heading_proxy,,,,,35,,False,False
879.0,,target,999170602,ACX CRYSTAL,-0.14235367417074507,0.00083333333307678,34.521680555555555,139.06878703703703,18.5,70.81666666666668,80.0,18,,danger,0.03548665603422715,56.70349446886904,jtsb_ais_interpolated,,,,,70,,False,False
879.0,,target,999170603,WAN HAI 266,-0.4678675500108245,1.1604166666664923,34.54100694444444,139.0622023148148,16.6,73.81666666666666,75.0,18,,safe,1.0801347992042738,-6.280658980047278,jtsb_ais_interpolated,,,,,70,,False,False
879.0,,target,999170604,MAERSK EVORA,-1.5260680054178015,-3.334999999999866,34.46608333333334,139.0407962962963,19.5,58.63333333333333,59.0,18,,safe,0.9479545670260101,388.2333351231726,jtsb_ais_interpolated,,,,,70,,False,False
880.0,,own,999170601,USS FITZGERALD,0.2630415158310721,0.35925925925890095,34.52765432098765,139.076987654321,19.8,200.0,200.0,18,,,,,jtsb_arpa_interpolated_heading_proxy,,,,,35,,False,False
880.0,,target,999170602,ACX CRYSTAL,-0.13731865675633895,0.0027083333330679693,34.521711805555555,139.06888888888886,18.5,70.91250000000002,80.5,18,,danger,0.03536202492034903,55.68138919627427,jtsb_ais_interpolated,,,,,70,,False,False
880.0,,target,999170603,WAN HAI 266,-0.463587785208591,1.1616666666664912,34.54102777777778,139.0622888888889,16.6,73.8,75.0,18,,safe,1.0805105049921777,-7.302811446798328,jtsb_ais_interpolated,,,,,70,,False,False
880.0,,target,999170604,MAERSK EVORA,-1.521299996502646,-3.332083333333209,34.46613194444445,139.04089274691356,19.5,58.63611111111111,59.0,18,,safe,0.9478161362983999,387.19692359050094,jtsb_ais_interpolated,,,,,70,,False,False
881.0,,own,999170601,USS FITZGERALD,0.2612411156647101,0.3537407407403824,34.52756234567901,139.0769512345679,19.8,200.0,200.0,18,,,,,jtsb_arpa_interpolated_heading_proxy,,,,,35,,False,False
881.0,,target,999170602,ACX CRYSTAL,-0.13228363934193282,0.004583333333059159,34.521743055555554,139.06899074074073,18.5,71.00833333333335,81.0,18,,danger,0.035253518796936355,54.65852603969898,jtsb_ais_interpolated,,,,,70,,False,False
881.0,,target,999170603,WAN HAI 266,-0.45930802040635754,1.16291666666649,34.54104861111111,139.06237546296296,16.6,73.78333333333333,75.0,18,,safe,1.0808838399726155,-8.324825835396023,jtsb_ais_interpolated,,,,,70,,False,False
881.0,,target,999170604,MAERSK EVORA,-1.5165319875874903,-3.329166666666552,34.46618055555556,139.04098919753085,19.5,58.638888888888886,59.0,18,,safe,0.9476771912639654,386.1604955434731,jtsb_ais_interpolated,,,,,70,,False,False
882.0,,own,999170601,USS FITZGERALD,0.25944071549834813,0.34822222222186383,34.52747037037037,139.0769148148148,19.8,200.0,200.0,18,,,,,jtsb_arpa_interpolated_heading_proxy,,,,,35,,False,False
882.0,,target,999170602,ACX CRYSTAL,-0.1272486219275267,0.006458333333050348,34.52177430555555,139.0690925925926,18.5,71.10416666666669,81.5,18,,danger,0.035161136536208365,53.63490395366181,jtsb_ais_interpolated,,,,,70,,False,False
882.0,,target,999170603,WAN HAI 266,-0.455028255604124,1.164166666666489,34.541069444444446,139.06246203703705,16.6,73.76666666666667,75.0,18,,safe,1.0812548040616947,-9.346702189481851,jtsb_ais_interpolated,,,,,70,,False,False
882.0,,target,999170604,MAERSK EVORA,-1.511763978672335,-3.326249999999895,34.46622916666667,139.04108564814814,19.5,58.641666666666666,59.0,18,,safe,0.9475377319231701,385.12405098163794,jtsb_ais_interpolated,,,,,70,,False,False
883.0,,own,999170601,USS FITZGERALD,0.25764031533198617,0.34270370370334524,34.527378395061724,139.07687839506173,19.8,200.0,200.0,18,,,,,jtsb_arpa_interpolated_heading_proxy,,,,,35,,False,False
883.0,,target,999170602,ACX CRYSTAL,-0.12221360451312059,0.008333333333041537,34.52180555555555,139.06919444444443,18.5,71.2,82.0,18,,danger,0.03508487698652779,52.61052188862923,jtsb_ais_fix,,,,,70,,False,False
883.0,,target,999170603,WAN HAI 266,-0.4507484908018905,1.1654166666664878,34.541090277777776,139.0625486111111,16.6,73.75,75.0,18,,safe,1.0816233971756442,-10.36844055266971,jtsb_ais_interpolated,,,,,70,,False,False
883.0,,target,999170604,MAERSK EVORA,-1.5069959697571793,-3.323333333333238,34.46627777777778,139.04118209876543,19.5,58.644444444444446,59.0,18,,safe,0.9473977582764778,384.08758990454453,jtsb_ais_interpolated,,,,,70,,False,False
884.0,,own,999170601,USS FITZGERALD,0.2558399151656242,0.33718518518482676,34.52728641975308,139.07684197530864,19.8,200.0,200.0,18,,,,,jtsb_arpa_interpolated_heading_proxy,,,,,35,,False,False
884.0,,target,999170602,ACX CRYSTAL,-0.11749327568711486,0.009010416666375143,34.52181684027777,139.06928993055556,18.4625,71.73125,82.9375,18,,danger,0.03284356184346126,51.8533464015038,jtsb_ais_interpolated,,,,,70,,False,False
884.0,,target,999170603,WAN HAI 266,-0.44646872599965703,1.1666666666664867,34.54111111111111,139.06263518518517,16.6,73.73333333333333,75.0,18,,safe,1.0819896192308145,-11.390040968545767,jtsb_ais_interpolated,,,,,70,,False,False
884.0,,target,999170604,MAERSK EVORA,-1.5022279608420237,-3.3204166666665813,34.466326388888895,139.0412785493827,19.5,58.64722222222222,59.0,18,,safe,0.9472572703243538,383.05111231174175,jtsb_ais_interpolated,,,,,70,,False,False
885.0,,own,999170601,USS FITZGERALD,0.2540395149992622,0.3316666666663082,34.52719444444444,139.07680555555555,19.8,200.0,200.0,18,,,,,jtsb_arpa_fix_heading_proxy,,,,,35,,False,False
885.0,,target,999170602,ACX CRYSTAL,-0.11277294686110911,0.009687499999708749,34.521828125,139.06938541666665,18.425,72.2625,83.875,18,,danger,0.0306793400372692,51.091081396781675,jtsb_ais_interpolated,,,,,70,,False,False
885.0,,target,999170603,WAN HAI 266,-0.44218896119742357,1.1679166666664855,34.541131944444444,139.06272175925926,16.6,73.71666666666667,75.0,18,,safe,1.0823534701436768,-12.411503480668546,jtsb_ais_interpolated,,,,,70,,False,False
885.0,,target,999170604,MAERSK EVORA,-1.497459951926868,-3.3174999999999244,34.466375,139.041375,19.5,58.65,59.0,18,,safe,0.9471162680672629,382.01461820277865,jtsb_ais_interpolated,,,,,70,,False,False
886.0,,own,999170601,USS FITZGERALD,0.25202550803349977,0.3264444444440926,34.52710740740741,139.07676481481482,19.8,199.99333333333334,199.99333333333334,18,,,,,jtsb_arpa_interpolated_heading_proxy,,,,,35,,False,False
886.0,,target,999170602,ACX CRYSTAL,-0.10805261803510338,0.010364583333042354,34.52183940972222,139.06948090277777,18.3875,72.79375,84.8125,18,,danger,0.028260162935671223,50.33087933277976,jtsb_ais_interpolated,,,,,70,,False,False
886.0,,target,999170603,WAN HAI 266,-0.43790919639519005,1.1691666666664844,34.541152777777775,139.06280833333332,16.6,73.7,75.0,18,,safe,1.0823473002754325,-13.434000687993535,jtsb_ais_interpolated,,,,,70,,False,False
886.0,,target,999170604,MAERSK EVORA,-1.4926919430117127,-3.3145833333332675,34.46642361111111,139.04147145061728,19.5,58.65277777777778,59.0,18,,safe,0.9470972162659578,381.000476669664,jtsb_ais_interpolated,,,,,70,,False,False
887.0,,own,999170601,USS FITZGERALD,0.2500115010677373,0.321222222221877,34.527020370370366,139.07672407407406,19.8,199.98666666666668,199.98666666666668,18,,,,,jtsb_arpa_interpolated_heading_proxy,,,,,35,,False,False
887.0,,target,999170602,ACX CRYSTAL,-0.10333228920909765,0.01104166666637596,34.52185069444444,139.0695763888889,18.35,73.325,85.75,18,,danger,0.025916133329108748,49.565261920227414,jtsb_ais_interpolated,,,,,70,,False,False
887.0,,target,999170603,WAN HAI 266,-0.4336294315929565,1.1704166666664833,34.54117361111111,139.0628949074074,16.6,73.68333333333334,75.0,18,,safe,1.0823375867431755,-14.456408786181987,jtsb_ais_interpolated,,,,,70,,False,False
887.0,,target,999170604,MAERSK EVORA,-1.487923934096557,-3.3116666666666106,34.46647222222222,139.04156790123454,19.5,58.65555555555555,59.0,18,,safe,0.9470788971638596,379.98627942331706,jtsb_ais_interpolated,,,,,70,,False,False
888.0,,own,999170601,USS FITZGERALD,0.24799749410197486,0.31599999999966144,34.52693333333333,139.07668333333334,19.8,199.98,199.98,18,,,,,jtsb_arpa_interpolated_heading_proxy,,,,,35,,False,False
888.0,,target,999170602,ACX CRYSTAL,-0.0986119603830919,0.011718749999709566,34.521861979166665,139.06967187499998,18.3125,73.85625,86.6875,18,,danger,0.023646996378590315,48.79418129918969,jtsb_ais_interpolated,,,,,70,,False,False
888.0,,target,999170603,WAN HAI 266,-0.42934966679072306,1.1716666666664821,34.54119444444444,139.06298148148147,16.6,73.66666666666667,75.0,18,,safe,1.0823243295228706,-15.478727696220753,jtsb_ais_interpolated,,,,,70,,False,False
888.0,,target,999170604,MAERSK EVORA,-1.4831559251814015,-3.3087499999999537,34.466520833333334,139.04166435185184,19.5,58.65833333333333,59.0,18,,safe,0.9470613107619527,378.972026441863,jtsb_ais_interpolated,,,,,70,,False,False
889.0,,own,999170601,USS FITZGERALD,0.2459834871362124,0.31077777777744586,34.52684629629629,139.07664259259258,19.8,199.97333333333333,199.97333333333333,18,,,,,jtsb_arpa_interpolated_heading_proxy,,,,,35,,False,False
889.0,,target,999170602,ACX CRYSTAL,-0.09389163155708617,0.012395833333043171,34.521873263888885,139.0697673611111,18.275,74.3875,87.625,18,,danger,0.021452490561288222,48.0175883277395,jtsb_ais_interpolated,,,,,70,,False,False
889.0,,target,999170603,WAN HAI 266,-0.4250699019884896,1.172916666666481,34.54121527777777,139.06306805555556,16.6,73.65,75.0,18,,safe,1.0823075285907569,-16.500957339106083,jtsb_ais_interpolated,,,,,70,,False,False
889.0,,target,999170604,MAERSK EVORA,-1.478387916266246,-3.3058333333332968,34.466569444444445,139.04176080246913,19.5,58.66111111111111,59.0,18,,safe,0.9470444570612192,377.9577177034239,jtsb_ais_interpolated,,,,,70,,False,False
890.0,,own,999170601,USS FITZGERALD,0.24396948017044995,0.3055555555552303,34.52675925925926,139.07660185185185,19.8,199.96666666666667,199.96666666666667,18,,,,,jtsb_arpa_interpolated_heading_proxy,,,,,35,,False,False
890.0,,target,999170602,ACX CRYSTAL,-0.08917130273108043,0.013072916666376777,34.521884548611105,139.06986284722223,18.2375,74.91875,88.5625,18,,danger,0.0193323476274896,47.235432555762344,jtsb_ais_interpolated,,,,,70,,False,False
890.0,,target,999170603,WAN HAI 266,-0.4207901371862561,1.1741666666664798,34.54123611111111,139.06315462962962,16.6,73.63333333333334,75.0,18,,safe,1.082287183923348,-17.52309763584338,jtsb_ais_interpolated,,,,,70,,False,False
890.0,,target,999170604,MAERSK EVORA,-1.4736199073510905,-3.30291666666664,34.46661805555556,139.04185725308642,19.5,58.663888888888884,59.0,18,,safe,0.9470283360626393,376.9433531861171,jtsb_ais_interpolated,,,,,70,,False,False
891.0,,own,999170601,USS FITZGERALD,0.2419554732046875,0.3003333333330147,34.52667222222222,139.07656111111112,19.8,199.96,199.96,18,,,,,jtsb_arpa_interpolated_heading_proxy,,,,,35,,False,False
891.0,,target,999170602,ACX CRYSTAL,-0.0844509739050747,0.013749999999710383,34.52189583333333,139.06995833333332,18.2,75.45,89.5,18,,danger,0.01728629255601608,46.4476621980284,jtsb_ais_interpolated,,,,,70,,False,False
891.0,,target,999170603,WAN HAI 266,-0.41651037238402255,1.1754166666664787,34.54125694444444,139.0632412037037,16.6,73.61666666666666,75.0,18,,safe,1.082263295497433,-18.54514850744726,jtsb_ais_interpolated,,,,,70,,False,False
891.0,,target,999170604,MAERSK EVORA,-1.4688518984359349,-3.299999999999983,34.46666666666667,139.04195370370368,19.5,58.666666666666664,59.0,18,,safe,0.9470129477671921,375.92893286805634,jtsb_ais_interpolated,,,,,70,,False,False
892.0,,own,999170601,USS FITZGERALD,0.23994146623892504,0.29511111111079913,34.52658518518518,139.07652037037036,19.8,199.95333333333335,199.95333333333335,18,,,,,jtsb_arpa_interpolated_heading_proxy,,,,,35,,False,False
892.0,,target,999170602,ACX CRYSTAL,-0.07973064507906896,0.014427083333043988,34.52190711805555,139.07005381944444,18.1625,75.98125,90.4375,18,,danger,0.015314043508061596,45.65422410651295,jtsb_ais_interpolated,,,,,70,,False,False
892.0,,target,999170603,WAN HAI 266,-0.4122306075817891,1.1766666666664776,34.54127777777778,139.06332777777777,16.6,73.6,75.0,18,,safe,1.0822358632900746,-19.567109874941483,jtsb_ais_interpolated,,,,,70,,False,False
892.0,,target,999170604,MAERSK EVORA,-1.4640838895207795,-3.297083333333326,34.46671527777778,139.04205015432098,19.5,58.669444444444444,59.0,18,,safe,0.9469982921758562,374.91445672735125,jtsb_ais_interpolated,,,,,70,,False,False
893.0,,own,999170601,USS FITZGERALD,0.2379274592731626,0.28988888888858355,34.52649814814814,139.07647962962963,19.8,199.94666666666666,199.94666666666666,18,,,,,jtsb_arpa_interpolated_heading_proxy,,,,,35,,False,False
893.0,,target,999170602,ACX CRYSTAL,-0.07501031625306322,0.015104166666377594,34.52191840277777,139.07014930555556,18.125,76.5125,91.375,18,,danger,0.013415311779400465,44.85506374194565,jtsb_ais_interpolated,,,,,70,,False,False
893.0,,target,999170603,WAN HAI 266,-0.4079508427795556,1.1779166666664764,34.54129861111111,139.06341435185186,16.6,73.58333333333333,75.0,18,,safe,1.0822048872786107,-20.588981659359224,jtsb_ais_interpolated,,,,,70,,False,False
893.0,,target,999170604,MAERSK EVORA,-1.459315880605624,-3.294166666666669,34.46676388888889,139.04214660493827,19.5,58.67222222222222,59.0,18,,safe,0.946984369289607,373.8999247421074,jtsb_ais_interpolated,,,,,70,,False,False
894.0,,own,999170601,USS FITZGERALD,0.23591345230740016,0.284666666666368,34.52641111111111,139.07643888888887,19.8,199.94,199.94,18,,,,,jtsb_arpa_interpolated_heading_proxy,,,,,35,,False,False
894.0,,target,999170602,ACX CRYSTAL,-0.07028998742705748,0.0157812499997112,34.5219296875,139.07024479166665,18.0875,77.04375,92.3125,18,,danger,0.011589801750909106,44.05012514456837,jtsb_ais_interpolated,,,,,70,,False,False
894.0,,target,999170603,WAN HAI 266,-0.4036710779773221,1.1791666666664753,34.54131944444444,139.06350092592592,16.6,73.56666666666666,75.0,18,,safe,1.0821703674406538,-21.610763781742605,jtsb_ais_interpolated,,,,,70,,False,False
894.0,,target,999170604,MAERSK EVORA,-1.4545478716904683,-3.291250000000012,34.4668125,139.04224305555556,19.5,58.675,59.0,18,,safe,0.9469711791094223,372.8853368904261,jtsb_ais_interpolated,,,,,70,,False,False
895.0,,own,999170601,USS FITZGERALD,0.2338994453416377,0.2794444444441524,34.52632407407407,139.07639814814814,19.8,199.93333333333334,199.93333333333334,18,,,,,jtsb_arpa_interpolated_heading_proxy,,,,,35,,False,False
895.0,,target,999170602,ACX CRYSTAL,-0.06556965860105174,0.016458333333044806,34.52194097222222,139.07034027777777,18.05,77.575,93.25,18,,danger,0.009837210837352527,43.23935090408094,jtsb_ais_interpolated,,,,,70,,False,False
895.0,,target,999170603,WAN HAI 266,-0.3993913131750886,1.1804166666664742,34.54134027777778,139.0635875,16.6,73.55,75.0,18,,safe,1.0821323037540909,-22.632456163143168,jtsb_ais_interpolated,,,,,70,,False,False
895.0,,target,999170604,MAERSK EVORA,-1.449779862775313,-3.2883333333333553,34.466861111111115,139.04233950617282,19.5,58.67777777777778,59.0,18,,safe,0.9469587216362745,371.8706931504055,jtsb_ais_interpolated,,,,,70,,False,False
896.0,,own,999170601,USS FITZGERALD,0.23188543837587525,0.2742222222219368,34.526237037037035,139.07635740740741,19.8,199.92666666666668,199.92666666666668,18,,,,,jtsb_arpa_interpolated_heading_proxy,,,,,35,,False,False
896.0,,target,999170602,ACX CRYSTAL,-0.06084932977504601,0.01713541666637841,34.52195225694444,139.0704357638889,18.0125,78.10625,94.1875,18,,danger,0.00815722943437338,42.42268212875375,jtsb_ais_interpolated,,,,,70,,False,False
896.0,,target,999170603,WAN HAI 266,-0.3951115483728551,1.181666666666473,34.54136111111111,139.06367407407407,16.6,73.53333333333333,75.0,18,,safe,1.082090696197084,-23.65405872462152,jtsb_ais_interpolated,,,,,70,,False,False
896.0,,target,999170604,MAERSK EVORA,-1.4450118538601573,-3.2854166666666984,34.466909722222226,139.04243595679011,19.5,58.68055555555555,59.0,18,,safe,0.9469469968711383,370.85599350013854,jtsb_ais_interpolated,,,,,70,,False,False
897.0,,own,999170601,USS FITZGERALD,0.2298714314101128,0.26899999999972124,34.526149999999994,139.07631666666666,19.8,199.92000000000002,199.92000000000002,18,,,,,jtsb_arpa_interpolated_heading_proxy,,,,,35,,False,False
897.0,,target,999170602,ACX CRYSTAL,-0.056129000949040275,0.017812499999712017,34.521963541666665,139.07053125,17.975,78.6375,95.125,18,,danger,0.006549540863631681,41.60005841368499,jtsb_ais_interpolated,,,,,70,,False,False
897.0,,target,999170603,WAN HAI 266,-0.39083178357062165,1.1829166666664719,34.541381944444446,139.06376064814816,16.6,73.51666666666667,75.0,18,,safe,1.082045544748069,-24.675571387247626,jtsb_ais_interpolated,,,,,70,,False,False
897.0,,target,999170604,MAERSK EVORA,-1.4402438449450017,-3.2825000000000415,34.46695833333334,139.0425324074074,19.5,58.68333333333333,59.0,18,,safe,0.9469360048149855,369.8412379177151,jtsb_ais_interpolated,,,,,70,,False,False
898.0,,own,999170601,USS FITZGERALD,0.22785742444435036,0.26377777777750566,34.52606296296296,139.07627592592593,19.8,199.91333333333333,199.91333333333333,18,,,,,jtsb_arpa_interpolated_heading_proxy,,,,,35,,False,False
898.0,,target,999170602,ACX CRYSTAL,-0.05140867212303453,0.018489583333045623,34.521974826388885,139.0706267361111,17.9375,79.16875,96.0625,18,,danger,0.005013821316031002,40.77141780818067,jtsb_ais_interpolated,,,,,70,,False,False
898.0,,target,999170603,WAN HAI 266,-0.38655201876838813,1.1841666666664707,34.541402777777776,139.06384722222222,16.6,73.5,75.0,18,,safe,1.0819968493857572,-25.696994072100573,jtsb_ais_interpolated,,,,,70,,False,False
898.0,,target,999170604,MAERSK EVORA,-1.435475836029846,-3.2795833333333846,34.46700694444444,139.04262885802467,19.5,58.68611111111111,59.0,18,,safe,0.9469257454687864,368.8264263812207,jtsb_ais_interpolated,,,,,70,,False,False
899.0,,own,999170601,USS FITZGERALD,0.2258434174785879,0.2585555555552901,34.52597592592592,139.07623518518517,19.8,199.90666666666667,199.90666666666667,18,,,,,jtsb_arpa_interpolated_heading_proxy,,,,,35,,False,False
899.0,,target,999170602,ACX CRYSTAL,-0.0466883432970288,0.01916666666637923,34.521986111111104,139.07072222222223,17.9,79.7,97.0,18,,danger,0.003549739792971509,39.936696782234,jtsb_ais_interpolated,,,,,70,,False,False
899.0,,target,999170603,WAN HAI 266,-0.3822722539661546,1.1854166666664696,34.54142361111111,139.06393379629628,16.6,73.48333333333333,75.0,18,,safe,1.0819446100891343,-26.718326700268648,jtsb_ais_interpolated,,,,,70,,False,False
899.0,,target,999170604,MAERSK EVORA,-1.4307078271146907,-3.2766666666667277,34.467055555555554,139.04272530864196,19.5,58.68888888888888,59.0,18,,safe,0.9469162188335102,367.8115588687366,jtsb_ais_interpolated,,,,,70,,False,False
900.0,,own,999170601,USS FITZGERALD,0.22382941051282546,0.2533333333330745,34.525888888888886,139.07619444444444,19.8,199.9,199.9,18,,,,,jtsb_arpa_fix_heading_proxy,,,,,35,,False,False
900.0,,target,999170602,ACX CRYSTAL,-0.041968014471023066,0.019843749999712834,34.52199739583333,139.07081770833332,17.8625,80.23125,97.9375,18,,danger,0.0021569580455653363,39.09583019208088,jtsb_ais_interpolated,,,,,70,,False,False
900.0,,target,999170603,WAN HAI 266,-0.37799248916392114,1.1866666666664685,34.541444444444444,139.06402037037037,16.6,73.46666666666667,75.0,18,,safe,1.0818888268374611,-27.739569192849302,jtsb_ais_interpolated,,,,,70,,False,False
900.0,,target,999170604,MAERSK EVORA,-1.425939818199535,-3.2737500000000708,34.467104166666665,139.04282175925925,19.5,58.69166666666666,59.0,18,,safe,0.9469074249101278,366.7966353583405,jtsb_ais_interpolated,,,,,70,,False,False
901.0,,own,999170601,USS FITZGERALD,0.22190694931822125,0.24844444444420333,34.525807407407406,139.07615555555554,19.80666666666667,199.90666666666667,199.90666666666667,18,,,,,jtsb_arpa_interpolated_heading_proxy,,,,,35,,False,False
901.0,,target,999170602,ACX CRYSTAL,-0.03724768564501732,0.02052083333304644,34.52200868055555,139.07091319444444,17.825,80.7625,98.875,18,,danger,0.0006368320961624011,38.2713304031345,jtsb_ais_interpolated,,,,,70,,False,False
901.0,,target,999170603,WAN HAI 266,-0.3737127243616877,1.1879166666664673,34.541465277777775,139.06410694444443,16.6,73.45,75.0,18,,safe,1.081674800831177,-28.71475727340363,jtsb_ais_interpolated,,,,,70,,False,False
901.0,,target,999170604,MAERSK EVORA,-1.4211718092843795,-3.270833333333414,34.46715277777778,139.04291820987655,19.5,58.69444444444444,59.0,18,,safe,0.9472576183998568,365.7299465158016,jtsb_ais_interpolated,,,,,70,,False,False
902.0,,own,999170601,USS FITZGERALD,0.21998448812361707,0.24355555555533215,34.525725925925926,139.07611666666665,19.813333333333333,199.91333333333333,199.91333333333333,18,,,,,jtsb_arpa_interpolated_heading_proxy,,,,,35,,False,False
902.0,,target,999170602,ACX CRYSTAL,-0.03252735681901159,0.021197916666380046,34.52201996527778,139.07100868055554,17.7875,81.29375,99.8125,18,,danger,0.0008138020563035765,37.440963707382444,jtsb_ais_interpolated,,,,,70,,False,False
902.0,,target,999170603,WAN HAI 266,-0.36943295955945415,1.1891666666664662,34.54148611111111,139.06419351851852,16.6,73.43333333333334,75.0,18,,safe,1.0814581816982658,-29.689362947689734,jtsb_ais_interpolated,,,,,70,,False,False
902.0,,target,999170604,MAERSK EVORA,-1.416403800369224,-3.267916666666757,34.46720138888889,139.0430146604938,19.5,58.697222222222216,59.0,18,,safe,0.9476074529530067,364.66363852748907,jtsb_ais_interpolated,,,,,70,,False,False
903.0,,own,999170601,USS FITZGERALD,0.21806202692901286,0.23866666666646097,34.525644444444445,139.07607777777778,19.82,199.92000000000002,199.92000000000002,18,,,,,jtsb_arpa_interpolated_heading_proxy,,,,,35,,False,False
903.0,,target,999170602,ACX CRYSTAL,-0.027807027993005842,0.02187499999971365,34.52203125,139.07110416666666,17.75,81.825,100.75,18,,danger,0.002195322343481936,36.60467211477015,jtsb_ais_interpolated,,,,,70,,False,False
903.0,,target,999170603,WAN HAI 266,-0.36515319475722063,1.190416666666465,34.54150694444444,139.06428009259258,16.6,73.41666666666667,75.0,18,,safe,1.0812389724036453,-30.663386685038347,jtsb_ais_interpolated,,,,,70,,False,False
903.0,,target,999170604,MAERSK EVORA,-1.4116357914540685,-3.2650000000001,34.46725,139.0431111111111,19.5,58.7,59.0,18,,safe,0.9479569274880956,363.5977112076306,jtsb_ais_fix,,,,,70,,False,False
904.0,,own,999170601,USS FITZGERALD,0.21613956573440865,0.2337777777775898,34.52556296296296,139.0760388888889,19.826666666666668,199.92666666666668,199.92666666666668,18,,,,,jtsb_arpa_interpolated_heading_proxy,,,,,35,,False,False
904.0,,target,999170602,ACX CRYSTAL,-0.02308669916700011,0.022552083333047257,34.52204253472222,139.07119965277778,17.712500000000002,82.35625,101.6875,18,,danger,0.003508114340926267,35.76239607663732,jtsb_ais_interpolated,,,,,70,,False,False
904.0,,target,999170603,WAN HAI 266,-0.36087342995498717,1.191666666666464,34.54152777777777,139.06436666666667,16.6,73.4,75.0,18,,safe,1.0810171759091685,-31.63682895457411,jtsb_ais_interpolated,,,,,70,,False,False
904.0,,target,999170604,MAERSK EVORA,-1.4072301512164338,-3.2622916666667656,34.467295138888886,139.04320023148148,19.5,58.708333333333336,59.041666666666664,18,,safe,0.9483359802587095,362.571810448806,jtsb_ais_interpolated,,,,,70,,False,False
905.0,,own,999170601,USS FITZGERALD,0.21421710453980447,0.2288888888887186,34.52548148148148,139.076,19.833333333333332,199.93333333333334,199.93333333333334,18,,,,,jtsb_arpa_interpolated_heading_proxy,,,,,35,,False,False
905.0,,target,999170602,ACX CRYSTAL,-0.01836637034099438,0.023229166666380863,34.522053819444444,139.07129513888887,17.675,82.8875,102.625,18,,danger,0.004752571332565299,34.9140744540317,jtsb_ais_interpolated,,,,,70,,False,False
905.0,,target,999170603,WAN HAI 266,-0.3565936651527537,1.1929166666664628,34.54154861111111,139.06445324074073,16.6,73.38333333333334,75.0,18,,safe,1.0807927951736258,-32.609690225215125,jtsb_ais_interpolated,,,,,70,,False,False
905.0,,target,999170604,MAERSK EVORA,-1.4028245109787991,-3.259583333333431,34.46734027777778,139.04328935185185,19.5,58.71666666666667,59.083333333333336,18,,safe,0.9487136669950595,361.5462419932236,jtsb_ais_interpolated,,,,,70,,False,False
906.0,,own,999170601,USS FITZGERALD,0.21229464334520026,0.22399999999984743,34.5254,139.0759611111111,19.84,199.94,199.94,18,,,,,jtsb_arpa_interpolated_heading_proxy,,,,,35,,False,False
906.0,,target,999170602,ACX CRYSTAL,-0.013646041514988633,0.02390624999971447,34.522065104166664,139.071390625,17.6375,83.41875,103.5625,18,,danger,0.005929094377469643,34.05964448522107,jtsb_ais_interpolated,,,,,70,,False,False
906.0,,target,999170603,WAN HAI 266,-0.3523139003505202,1.1941666666664617,34.54156944444444,139.06453981481482,16.6,73.36666666666666,75.0,18,,safe,1.0805658331527488,-33.581970965672355,jtsb_ais_interpolated,,,,,70,,False,False
906.0,,target,999170604,MAERSK EVORA,-1.3984188707411647,-3.2568750000000968,34.467385416666666,139.04337847222223,19.5,58.725,59.125,18,,safe,0.9490899872321802,360.52100569592693,jtsb_ais_interpolated,,,,,70,,False,False
907.0,,own,999170601,USS FITZGERALD,0.21037218215059605,0.21911111111097625,34.52531851851852,139.0759222222222,19.846666666666668,199.94666666666666,199.94666666666666,18,,,,,jtsb_arpa_interpolated_heading_proxy,,,,,35,,False,False
907.0,,target,999170602,ACX CRYSTAL,-0.0089257126889829,0.024583333333048074,34.522076388888884,139.0714861111111,17.6,83.95,104.5,18,,danger,0.007038092378981654,33.1990417523869,jtsb_ais_interpolated,,,,,70,,False,False
907.0,,target,999170603,WAN HAI 266,-0.34803413554828666,1.1954166666664605,34.54159027777778,139.06462638888888,16.6,73.35,75.0,18,,safe,1.0803362927992146,-34.55367164444933,jtsb_ais_interpolated,,,,,70,,False,False
907.0,,target,999170604,MAERSK EVORA,-1.39401323050353,-3.2541666666667624,34.46743055555555,139.04346759259258,19.5,58.733333333333334,59.166666666666664,18,,safe,0.9494649405054137,359.49610141206,jtsb_ais_interpolated,,,,,70,,False,False
908.0,,own,999170601,USS FITZGERALD,0.20844972095599187,0.21422222222210507,34.52523703703704,139.07588333333334,19.85333333333333,199.95333333333335,199.95333333333335,18,,,,,jtsb_arpa_interpolated_heading_proxy,,,,,35,,False,False
908.0,,target,999170602,ACX CRYSTAL,-0.004205383862977169,0.02526041666638168,34.52208767361111,139.0715815972222,17.5625,84.48125,105.4375,18,,danger,0.008079982156282414,32.33220014748234,jtsb_ais_interpolated,,,,,70,,False,False
908.0,,target,999170603,WAN HAI 266,-0.3437543707460532,1.1966666666664594,34.54161111111111,139.06471296296297,16.6,73.33333333333333,75.0,18,,safe,1.080104177062648,-35.524792729841195,jtsb_ais_interpolated,,,,,70,,False,False
908.0,,target,999170604,MAERSK EVORA,-1.3896075902658953,-3.251458333333428,34.467475694444445,139.04355671296295,19.5,58.74166666666667,59.208333333333336,18,,safe,0.9498385263504147,358.47152899686716,jtsb_ais_interpolated,,,,,70,,False,False
909.0,,own,999170601,USS FITZGERALD,0.20652725976138767,0.2093333333332339,34.52515555555556,139.07584444444444,19.86,199.96,199.96,18,,,,,jtsb_arpa_interpolated_heading_proxy,,,,,35,,False,False
909.0,,target,999170602,ACX CRYSTAL,0.0005149449630285768,0.025937499999715286,34.52209895833333,139.07167708333333,17.525000000000002,85.0125,106.375,18,,danger,0.009055188518466898,31.459051837237453,jtsb_ais_interpolated,,,,,70,,False,False
909.0,,target,999170603,WAN HAI 266,-0.33947460594381973,1.1979166666664582,34.54163194444444,139.06479953703703,16.6,73.31666666666666,75.0,18,,safe,1.0798694888896256,-36.495334689934865,jtsb_ais_interpolated,,,,,70,,False,False
909.0,,target,999170604,MAERSK EVORA,-1.3852019500282609,-3.2487500000000935,34.46752083333333,139.04364583333333,19.5,58.75,59.25,18,,safe,0.9502107443031398,357.44728830569323,jtsb_ais_interpolated,,,,,70,,False,False
910.0,,own,999170601,USS FITZGERALD,0.20460479856678346,0.20444444444436272,34.52507407407408,139.07580555555555,19.866666666666667,199.96666666666667,199.96666666666667,18,,,,,jtsb_arpa_interpolated_heading_proxy,,,,,35,,False,False
910.0,,target,999170602,ACX CRYSTAL,0.005235273789034309,0.02661458333304889,34.52211024305555,139.07177256944445,17.4875,85.54375,107.3125,18,,danger,0.00996414434120532,30.579527227294253,jtsb_ais_interpolated,,,,,70,,False,False
910.0,,target,999170603,WAN HAI 266,-0.3351948411415862,1.199166666666457,34.54165277777778,139.06488611111112,16.6,73.3,75.0,18,,safe,1.0796322312236788,-37.465297992607766,jtsb_ais_interpolated,,,,,70,,False,False
910.0,,target,999170604,MAERSK EVORA,-1.3807963097906262,-3.246041666666759,34.467565972222225,139.0437349537037,19.5,58.75833333333333,59.291666666666664,18,,safe,0.9505815938998643,356.4233791939834,jtsb_ais_interpolated,,,,,70,,False,False
911.0,,own,999170601,USS FITZGERALD,0.20268233737217928,0.19955555555549154,34.5249925925926,139.07576666666665,19.87333333333333,199.97333333333333,199.97333333333333,18,,,,,jtsb_arpa_interpolated_heading_proxy,,,,,35,,False,False
911.0,,target,999170602,ACX CRYSTAL,0.00995560261504004,0.027291666666382497,34.52212152777778,139.07186805555554,17.45,86.075,108.25,18,,danger,0.010807290646066742,29.69355492545403,jtsb_ais_interpolated,,,,,70,,False,False
911.0,,target,999170603,WAN HAI 266,-0.3309150763393527,1.200416666666456,34.54167361111111,139.06497268518518,16.6,73.28333333333333,75.0,18,,safe,1.0793924070052983,-38.434683105527945,jtsb_ais_interpolated,,,,,70,,False,False
911.0,,target,999170604,MAERSK EVORA,-1.3763906695529915,-3.2433333333334247,34.46761111111111,139.04382407407408,19.5,58.766666666666666,59.333333333333336,18,,safe,0.9509510746771647,355.39980151728287,jtsb_ais_interpolated,,,,,70,,False,False
912.0,,own,999170601,USS FITZGERALD,0.20075987617757507,0.19466666666662036,34.52491111111111,139.07572777777776,19.88,199.98,199.98,18,,,,,jtsb_arpa_interpolated_heading_proxy,,,,,35,,False,False
912.0,,target,999170602,ACX CRYSTAL,0.014675931441045773,0.027968749999716103,34.5221328125,139.07196354166666,17.4125,86.60625,109.1875,18,,danger,0.011585076682586437,28.801061704019148,jtsb_ais_interpolated,,,,,70,,False,False
912.0,,target,999170603,WAN HAI 266,-0.3266353115371192,1.2016666666664548,34.541694444444445,139.06505925925927,16.6,73.26666666666667,75.0,18,,safe,1.0791500191719363,-39.40349049615309,jtsb_ais_interpolated,,,,,70,,False,False
912.0,,target,999170604,MAERSK EVORA,-1.3719850293153568,-3.2406250000000902,34.46765625,139.04391319444443,19.5,58.775,59.375,18,,safe,0.9513191861719307,354.376555131237,jtsb_ais_interpolated,,,,,70,,False,False
913.0,,own,999170601,USS FITZGERALD,0.19883741498297086,0.18977777777774918,34.52482962962963,139.0756888888889,19.886666666666667,199.98666666666668,199.98666666666668,18,,,,,jtsb_arpa_interpolated_heading_proxy,,,,,35,,False,False
913.0,,target,999170602,ACX CRYSTAL,0.019396260267051532,0.02864583333304971,34.52214409722222,139.07205902777778,17.375,87.1375,110.125,18,,danger,0.012297960013159163,27.901972461211813,jtsb_ais_interpolated,,,,,70,,False,False
913.0,,target,999170603,WAN HAI 266,-0.32235554673488576,1.2029166666664537,34.541715277777776,139.06514583333333,16.6,73.25,75.0,18,,safe,1.0789050706580108,-40.37172063173044,jtsb_ais_interpolated,,,,,70,,False,False
913.0,,target,999170604,MAERSK EVORA,-1.3675793890777221,-3.237916666666756,34.46770138888889,139.0440023148148,19.5,58.78333333333333,59.416666666666664,18,,safe,0.9516859279213575,353.353639891591,jtsb_ais_interpolated,,,,,70,,False,False
914.0,,own,999170601,USS FITZGERALD,0.19691495378836668,0.184888888888878,34.52474814814815,139.07565,19.89333333333333,199.99333333333334,199.99333333333334,18,,,,,jtsb_arpa_interpolated_heading_proxy,,,,,35,,False,False
914.0,,target,999170602,ACX CRYSTAL,0.024116589093057264,0.029322916666383314,34.522155381944444,139.07215451388888,17.337500000000002,87.66875,111.0625,18,,danger,0.01294640660084424,26.996210181651435,jtsb_ais_interpolated,,,,,70,,False,False
914.0,,target,999170603,WAN HAI 266,-0.31807578193265224,1.2041666666664526,34.541736111111106,139.0652324074074,16.6,73.23333333333333,75.0,18,,safe,1.0786575643949088,-41.33937397929592,jtsb_ais_interpolated,,,,,70,,False,False
914.0,,target,999170604,MAERSK EVORA,-1.3631737488400877,-3.2352083333334214,34.46774652777778,139.04409143518518,19.5,58.791666666666664,59.458333333333336,18,,safe,0.9520512994629506,352.3310556541907,jtsb_ais_interpolated,,,,,70,,False,False
915.0,,own,999170601,USS FITZGERALD,0.19499249259376247,0.18000000000000682,34.52466666666667,139.0756111111111,19.9,200.0,200.0,18,,,,,jtsb_arpa_fix_heading_proxy,,,,,35,,False,False
915.0,,target,999170602,ACX CRYSTAL,0.02883691791906301,0.02999999999971692,34.522166666666664,139.07225,17.3,88.2,112.0,18,,danger,0.013530890900169186,26.083695895873067,jtsb_ais_fix,,,,,70,,False,False
915.0,,target,999170603,WAN HAI 266,-0.3137960171304187,1.2054166666664514,34.541756944444444,139.06531898148148,16.6,73.21666666666667,75.0,18,,safe,1.0784075033109894,-42.306451005674035,jtsb_ais_interpolated,,,,,70,,False,False
915.0,,target,999170604,MAERSK EVORA,-1.358768108602453,-3.232500000000087,34.46779166666667,139.04418055555556,19.5,58.8,59.5,18,,safe,0.9524153003345218,351.30880227498096,jtsb_ais_interpolated,,,,,70,,False,False
916.0,,own,999170601,USS FITZGERALD,0.19310188124593447,0.1748055880128847,34.52458009313355,139.07557286650317,19.9,200.0,200.0,18,,,,,jtsb_arpa_extrapolated_heading_proxy,,,,,35,,False,False
916.0,,target,999170602,ACX CRYSTAL,0.03364010222304278,0.030150946147509034,34.522169182435796,139.07234716216962,17.3,88.2,112.0,18,,danger,0.013530890900169169,25.083695895873063,jtsb_ais_extrapolated,,,,,70,,False,False
916.0,,target,999170603,WAN HAI 266,-0.30951625232818525,1.2066666666664503,34.541777777777774,139.06540555555554,16.6,73.2,75.0,18,,safe,1.0783972316814059,-43.301874113619306,jtsb_ais_interpolated,,,,,70,,False,False
916.0,,target,999170604,MAERSK EVORA,-1.3543624683648183,-3.2297916666667525,34.46783680555556,139.04426967592593,19.5,58.80833333333333,59.541666666666664,18,,safe,0.952560628475618,350.33240402219553,jtsb_ais_interpolated,,,,,70,,False,False
917.0,,own,999170601,USS FITZGERALD,0.19121126989810647,0.16961117602576262,34.52449351960043,139.07553462189526,19.9,200.0,200.0,18,,,,,jtsb_arpa_extrapolated_heading_proxy,,,,,35,,False,False
917.0,,target,999170602,ACX CRYSTAL,0.038443286527022544,0.030301892295301152,34.52217169820492,139.07244432433927,17.3,88.2,112.0,18,,danger,0.013530890900169186,24.08369589587307,jtsb_ais_extrapolated,,,,,70,,False,False
917.0,,target,999170603,WAN HAI 266,-0.3052364875259518,1.2079166666664491,34.54179861111111,139.06549212962963,16.6,73.18333333333334,75.0,18,,safe,1.078384638741674,-44.29715529334724,jtsb_ais_interpolated,,,,,70,,False,False
917.0,,target,999170604,MAERSK EVORA,-1.3499568281271837,-3.227083333333418,34.46788194444444,139.0443587962963,19.5,58.81666666666666,59.583333333333336,18,,safe,0.952704498799446,349.35595740527555,jtsb_ais_interpolated,,,,,70,,False,False
918.0,,own,999170601,USS FITZGERALD,0.18932065855027846,0.1644167640386405,34.52440694606731,139.07549637728732,19.9,200.0,200.0,18,,,,,jtsb_arpa_extrapolated_heading_proxy,,,,,35,,False,False
918.0,,target,999170602,ACX CRYSTAL,0.043246470831002304,0.030452838443093266,34.522174213974054,139.0725414865089,17.3,88.2,112.0,18,,danger,0.01353089090016919,23.083695895873063,jtsb_ais_extrapolated,,,,,70,,False,False
918.0,,target,999170603,WAN HAI 266,-0.30095672272371826,1.209166666666448,34.54181944444444,139.0655787037037,16.6,73.16666666666667,75.0,18,,safe,1.0783697244268777,-45.29229458845879,jtsb_ais_interpolated,,,,,70,,False,False
918.0,,target,999170604,MAERSK EVORA,-1.3455511878895492,-3.2243750000000837,34.467927083333336,139.04444791666668,19.5,58.824999999999996,59.625,18,,safe,0.952846911307712,348.37946242018035,jtsb_ais_interpolated,,,,,70,,False,False
919.0,,own,999170601,USS FITZGERALD,0.18743004720245046,0.1592223520515184,34.52432037253419,139.07545813267942,19.9,200.0,200.0,18,,,,,jtsb_arpa_extrapolated_heading_proxy,,,,,35,,False,False
919.0,,target,999170602,ACX CRYSTAL,0.04804965513498208,0.030603784590885384,34.52217672974318,139.07263864867855,17.3,88.2,112.0,18,,danger,0.013530890900169196,22.083695895873067,jtsb_ais_extrapolated,,,,,70,,False,False
919.0,,target,999170603,WAN HAI 266,-0.29667695792148474,1.2104166666664469,34.54184027777777,139.06566527777778,16.6,73.15,75.0,18,,safe,1.0783524886722204,-46.28729204252726,jtsb_ais_interpolated,,,,,70,,False,False
919.0,,target,999170604,MAERSK EVORA,-1.3411455476519145,-3.2216666666667493,34.46797222222222,139.04453703703703,19.5,58.83333333333333,59.666666666666664,18,,safe,0.9529878660021402,347.402919062868,jtsb_ais_interpolated,,,,,70,,False,False
920.0,,own,999170601,USS FITZGERALD,0.18553943585462246,0.1540279400643963,34.524233799001074,139.07541988807148,19.9,200.0,200.0,18,,,,,jtsb_arpa_extrapolated_heading_proxy,,,,,35,,False,False
920.0,,target,999170602,ACX CRYSTAL,0.05285283943896184,0.0307547307386775,34.52217924551231,139.07273581084817,17.3,88.2,112.0,18,,danger,0.01353089090016919,21.083695895873063,jtsb_ais_extrapolated,,,,,70,,False,False
920.0,,target,999170603,WAN HAI 266,-0.2923971931192513,1.2116666666664457,34.54186111111111,139.06575185185184,16.6,73.13333333333334,75.0,18,,safe,1.0783329314130254,-47.2821476990983,jtsb_ais_interpolated,,,,,70,,False,False
920.0,,target,999170604,MAERSK EVORA,-1.3367399074142798,-3.218958333333415,34.46801736111111,139.0446261574074,19.5,58.84166666666666,59.708333333333336,18,,safe,0.9531273628844674,346.4263273292954,jtsb_ais_interpolated,,,,,70,,False,False
921.0,,own,999170601,USS FITZGERALD,0.18364882450679446,0.14883352807727418,34.524147225467956,139.07538164346354,19.9,200.0,200.0,18,,,,,jtsb_arpa_extrapolated_heading_proxy,,,,,35,,False,False
921.0,,target,999170602,ACX CRYSTAL,0.057656023742941605,0.030905676886469616,34.522181761281445,139.07283297301782,17.3,88.2,112.0,18,,danger,0.013530890900169169,20.083695895873067,jtsb_ais_extrapolated,,,,,70,,False,False
921.0,,target,999170603,WAN HAI 266,-0.2881174283170178,1.2129166666664446,34.54188194444444,139.06583842592593,16.6,73.11666666666666,75.0,18,,safe,1.078311052584736,-48.276861601690015,jtsb_ais_interpolated,,,,,70,,False,False
921.0,,target,999170604,MAERSK EVORA,-1.3323342671766452,-3.2162500000000804,34.4680625,139.04471527777778,19.5,58.849999999999994,59.75,18,,safe,0.9532654019564465,345.4496872154173,jtsb_ais_interpolated,,,,,70,,False,False
922.0,,own,999170601,USS FITZGERALD,0.18175821315896645,0.1436391160901521,34.52406065193484,139.07534339885564,19.9,200.0,200.0,18,,,,,jtsb_arpa_extrapolated_heading_proxy,,,,,35,,False,False
922.0,,target,999170602,ACX CRYSTAL,0.06245920804692137,0.03105662303426173,34.52218427705057,139.07293013518745,17.3,88.2,112.0,18,,danger,0.01353089090016919,19.083695895873063,jtsb_ais_extrapolated,,,,,70,,False,False
922.0,,target,999170603,WAN HAI 266,-0.2838376635147843,1.2141666666664435,34.54190277777778,139.065925,16.6,73.1,75.0,18,,safe,1.0782868521229159,-49.27143379379282,jtsb_ais_interpolated,,,,,70,,False,False
922.0,,target,999170604,MAERSK EVORA,-1.3279286269390107,-3.213541666666746,34.46810763888889,139.04480439814816,19.5,58.85833333333333,59.791666666666664,18,,safe,0.953401983219848,344.47299871718764,jtsb_ais_interpolated,,,,,70,,False,False
