time_sec,timestamp_utc,role,mmsi,name,x_nm,y_nm,lat,lon,sog_kn,cog_deg,heading_deg,message_type,expected_level,computed_level,cpa_nm,tcpa_sec,source,raw_aivdm,rx_signalpower_db,rx_ppm,rx_timestamp_raw
0.0,,own,999510000,OWN SHIP,0.0,0.0,-38.05,144.85,10.0,0.0,0.0,1,,,,,synthetic,,,,
0.0,,target,999510301,HEAD ON,0.05,1.2,-38.029999999999994,144.85105823708847,10.0,180.0,180.0,18,danger,danger,0.05000000000000008,216.0,synthetic,,,,
1.0,,own,999510000,OWN SHIP,0.0,0.002777777777777778,-38.0499537037037,144.85,10.0,0.0,0.0,1,,,,,synthetic,,,,
1.0,,target,999510301,HEAD ON,0.05,1.1972222222222222,-38.03004629629629,144.85105823708847,10.0,180.0,180.0,18,danger,danger,0.05000000000000008,215.0,synthetic,,,,
2.0,,own,999510000,OWN SHIP,0.0,0.005555555555555556,-38.0499074074074,144.85,10.0,0.0,0.0,1,,,,,synthetic,,,,
2.0,,target,999510301,HEAD ON,0.05,1.1944444444444444,-38.03009259259259,144.85105823708847,10.0,180.0,180.0,18,danger,danger,0.05000000000000007,214.0,synthetic,,,,
3.0,,own,999510000,OWN SHIP,0.0,0.008333333333333333,-38.049861111111106,144.85,10.0,0.0,0.0,1,,,,,synthetic,,,,
3.0,,target,999510301,HEAD ON,0.05,1.1916666666666667,-38.030138888888885,144.85105823708847,10.0,180.0,180.0,18,danger,danger,0.05000000000000007,213.0,synthetic,,,,
4.0,,own,999510000,OWN SHIP,0.0,0.011111111111111112,-38.04981481481481,144.85,10.0,0.0,0.0,1,,,,,synthetic,,,,
4.0,,target,999510301,HEAD ON,0.05,1.1888888888888889,-38.03018518518518,144.85105823708847,10.0,180.0,180.0,18,danger,danger,0.05000000000000007,212.0,synthetic,,,,
5.0,,own,999510000,OWN SHIP,0.0,0.01388888888888889,-38.04976851851852,144.85,10.0,0.0,0.0,1,,,,,synthetic,,,,
5.0,,target,999510301,HEAD ON,0.05,1.1861111111111111,-38.03023148148148,144.85105823708847,10.0,180.0,180.0,18,danger,danger,0.05000000000000007,211.00000000000003,synthetic,,,,
6.0,,own,999510000,OWN SHIP,0.0,0.016666666666666666,-38.04972222222222,144.85,10.0,0.0,0.0,1,,,,,synthetic,,,,
6.0,,target,999510301,HEAD ON,0.05,1.1833333333333333,-38.030277777777776,144.85105823708847,10.0,180.0,180.0,18,danger,danger,0.05000000000000007,210.00000000000003,synthetic,,,,
7.0,,own,999510000,OWN SHIP,0.0,0.019444444444444445,-38.049675925925925,144.85,10.0,0.0,0.0,1,,,,,synthetic,,,,
7.0,,target,999510301,HEAD ON,0.05,1.1805555555555556,-38.03032407407407,144.85105823708847,10.0,180.0,180.0,18,danger,danger,0.05000000000000007,209.0,synthetic,,,,
8.0,,own,999510000,OWN SHIP,0.0,0.022222222222222223,-38.04962962962963,144.85,10.0,0.0,0.0,1,,,,,synthetic,,,,
8.0,,target,999510301,HEAD ON,0.05,1.1777777777777778,-38.03037037037037,144.85105823708847,10.0,180.0,180.0,18,danger,danger,0.05000000000000007,208.0,synthetic,,,,
9.0,,own,999510000,OWN SHIP,0.0,0.025,-38.04958333333333,144.85,10.0,0.0,0.0,1,,,,,synthetic,,,,
9.0,,target,999510301,HEAD ON,0.05,1.175,-38.03041666666666,144.85105823708847,10.0,180.0,180.0,18,danger,danger,0.05000000000000007,207.00000000000003,synthetic,,,,
10.0,,own,999510000,OWN SHIP,0.0,0.02777777777777778,-38.049537037037034,144.85,10.0,0.0,0.0,1,,,,,synthetic,,,,
10.0,,target,999510301,HEAD ON,0.05,1.1722222222222223,-38.03046296296296,144.85105823708847,10.0,180.0,180.0,18,danger,danger,0.05000000000000007,206.00000000000003,synthetic,,,,
11.0,,own,999510000,OWN SHIP,0.0,0.030555555555555558,-38.04949074074074,144.85,10.0,0.0,0.0,1,,,,,synthetic,,,,
11.0,,target,999510301,HEAD ON,0.05000000000000001,1.1694444444444443,-38.030509259259254,144.85105823708847,10.0,180.0,180.0,18,danger,danger,0.05000000000000008,205.0,synthetic,,,,
12.0,,own,999510000,OWN SHIP,0.0,0.03333333333333333,-38.04944444444444,144.85,10.0,0.0,0.0,1,,,,,synthetic,,,,
12.0,,target,999510301,HEAD ON,0.05000000000000001,1.1666666666666665,-38.03055555555555,144.85105823708847,10.0,180.0,180.0,18,danger,danger,0.05000000000000008,203.99999999999997,synthetic,,,,
13.0,,own,999510000,OWN SHIP,0.0,0.036111111111111115,-38.04939814814814,144.85,10.0,0.0,0.0,1,,,,,synthetic,,,,
13.0,,target,999510301,HEAD ON,0.05000000000000001,1.1638888888888888,-38.03060185185185,144.85105823708847,10.0,180.0,180.0,18,danger,danger,0.05000000000000008,202.99999999999997,synthetic,,,,
14.0,,own,999510000,OWN SHIP,0.0,0.03888888888888889,-38.049351851851846,144.85,10.0,0.0,0.0,1,,,,,synthetic,,,,
14.0,,target,999510301,HEAD ON,0.05000000000000001,1.161111111111111,-38.030648148148146,144.85105823708847,10.0,180.0,180.0,18,danger,danger,0.05000000000000008,201.99999999999997,synthetic,,,,
15.0,,own,999510000,OWN SHIP,0.0,0.04166666666666667,-38.049305555555556,144.85,10.0,0.0,0.0,1,,,,,synthetic,,,,
15.0,,target,999510301,HEAD ON,0.05000000000000001,1.1583333333333332,-38.03069444444444,144.85105823708847,10.0,180.0,180.0,18,danger,danger,0.05000000000000008,200.99999999999997,synthetic,,,,
16.0,,own,999510000,OWN SHIP,0.0,0.044444444444444446,-38.04925925925926,144.85,10.0,0.0,0.0,1,,,,,synthetic,,,,
16.0,,target,999510301,HEAD ON,0.05000000000000001,1.1555555555555554,-38.03074074074074,144.85105823708847,10.0,180.0,180.0,18,danger,danger,0.05000000000000008,199.99999999999997,synthetic,,,,
17.0,,own,999510000,OWN SHIP,0.0,0.04722222222222222,-38.04921296296296,144.85,10.0,0.0,0.0,1,,,,,synthetic,,,,
17.0,,target,999510301,HEAD ON,0.05000000000000001,1.1527777777777777,-38.03078703703704,144.85105823708847,10.0,180.0,180.0,18,danger,danger,0.05000000000000008,198.99999999999997,synthetic,,,,
18.0,,own,999510000,OWN SHIP,0.0,0.05,-38.049166666666665,144.85,10.0,0.0,0.0,1,,,,,synthetic,,,,
18.0,,target,999510301,HEAD ON,0.05000000000000001,1.15,-38.030833333333334,144.85105823708847,10.0,180.0,180.0,18,danger,danger,0.05000000000000008,197.99999999999997,synthetic,,,,
19.0,,own,999510000,OWN SHIP,0.0,0.05277777777777778,-38.04912037037037,144.85,10.0,0.0,0.0,1,,,,,synthetic,,,,
19.0,,target,999510301,HEAD ON,0.05000000000000001,1.1472222222222221,-38.030879629629624,144.85105823708847,10.0,180.0,180.0,18,danger,danger,0.05000000000000008,196.99999999999997,synthetic,,,,
20.0,,own,999510000,OWN SHIP,0.0,0.05555555555555556,-38.04907407407407,144.85,10.0,0.0,0.0,1,,,,,synthetic,,,,
20.0,,target,999510301,HEAD ON,0.05000000000000001,1.1444444444444444,-38.03092592592592,144.85105823708847,10.0,180.0,180.0,18,danger,danger,0.05000000000000008,196.0,synthetic,,,,
21.0,,own,999510000,OWN SHIP,0.0,0.058333333333333334,-38.04902777777777,144.85,10.0,0.0,0.0,1,,,,,synthetic,,,,
21.0,,target,999510301,HEAD ON,0.05000000000000001,1.1416666666666666,-38.03097222222222,144.85105823708847,10.0,180.0,180.0,18,danger,danger,0.05000000000000008,195.0,synthetic,,,,
22.0,,own,999510000,OWN SHIP,0.0,0.061111111111111116,-38.048981481481476,144.85,10.0,0.0,0.0,1,,,,,synthetic,,,,
22.0,,target,999510301,HEAD ON,0.05000000000000001,1.1388888888888888,-38.031018518518515,144.85105823708847,10.0,180.0,180.0,18,danger,danger,0.05000000000000008,194.0,synthetic,,,,
23.0,,own,999510000,OWN SHIP,0.0,0.0638888888888889,-38.04893518518518,144.85,10.0,0.0,0.0,1,,,,,synthetic,,,,
23.0,,target,999510301,HEAD ON,0.05000000000000001,1.136111111111111,-38.03106481481481,144.85105823708847,10.0,180.0,180.0,18,danger,danger,0.05000000000000007,193.0,synthetic,,,,
24.0,,own,999510000,OWN SHIP,0.0,0.06666666666666667,-38.04888888888889,144.85,10.0,0.0,0.0,1,,,,,synthetic,,,,
24.0,,target,999510301,HEAD ON,0.05000000000000001,1.1333333333333333,-38.03111111111111,144.85105823708847,10.0,180.0,180.0,18,danger,danger,0.05000000000000007,192.0,synthetic,,,,
25.0,,own,999510000,OWN SHIP,0.0,0.06944444444444445,-38.04884259259259,144.85,10.0,0.0,0.0,1,,,,,synthetic,,,,
25.0,,target,999510301,HEAD ON,0.05000000000000001,1.1305555555555555,-38.031157407407406,144.85105823708847,10.0,180.0,180.0,18,danger,danger,0.05000000000000007,191.0,synthetic,,,,
26.0,,own,999510000,OWN SHIP,0.0,0.07222222222222223,-38.048796296296295,144.85,10.0,0.0,0.0,1,,,,,synthetic,,,,
26.0,,target,999510301,HEAD ON,0.05000000000000001,1.1277777777777778,-38.0312037037037,144.85105823708847,10.0,180.0,180.0,18,danger,danger,0.05000000000000007,190.0,synthetic,,,,
27.0,,own,999510000,OWN SHIP,0.0,0.075,-38.04875,144.85,10.0,0.0,0.0,1,,,,,synthetic,,,,
27.0,,target,999510301,HEAD ON,0.05000000000000001,1.125,-38.03125,144.85105823708847,10.0,180.0,180.0,18,danger,danger,0.05000000000000007,189.0,synthetic,,,,
28.0,,own,999510000,OWN SHIP,0.0,0.07777777777777778,-38.0487037037037,144.85,10.0,0.0,0.0,1,,,,,synthetic,,,,
28.0,,target,999510301,HEAD ON,0.05000000000000001,1.1222222222222222,-38.03129629629629,144.85105823708847,10.0,180.0,180.0,18,danger,danger,0.05000000000000007,188.0,synthetic,,,,
29.0,,own,999510000,OWN SHIP,0.0,0.08055555555555556,-38.048657407407404,144.85,10.0,0.0,0.0,1,,,,,synthetic,,,,
29.0,,target,999510301,HEAD ON,0.05000000000000001,1.1194444444444445,-38.03134259259259,144.85105823708847,10.0,180.0,180.0,18,danger,danger,0.05000000000000007,187.00000000000003,synthetic,,,,
30.0,,own,999510000,OWN SHIP,0.0,0.08333333333333334,-38.04861111111111,144.85,10.0,0.0,0.0,1,,,,,synthetic,,,,
30.0,,target,999510301,HEAD ON,0.05000000000000001,1.1166666666666667,-38.031388888888884,144.85105823708847,10.0,180.0,180.0,18,danger,danger,0.05000000000000007,186.00000000000003,synthetic,,,,
31.0,,own,999510000,OWN SHIP,0.0,0.08611111111111111,-38.04856481481481,144.85,10.0,0.0,0.0,1,,,,,synthetic,,,,
31.0,,target,999510301,HEAD ON,0.05000000000000002,1.113888888888889,-38.03143518518518,144.85105823708847,10.0,180.0,180.0,18,danger,danger,0.05000000000000008,185.00000000000003,synthetic,,,,
32.0,,own,999510000,OWN SHIP,0.0,0.08888888888888889,-38.04851851851851,144.85,10.0,0.0,0.0,1,,,,,synthetic,,,,
32.0,,target,999510301,HEAD ON,0.05000000000000002,1.1111111111111112,-38.03148148148148,144.85105823708847,10.0,180.0,180.0,18,danger,danger,0.05000000000000008,184.00000000000003,synthetic,,,,
33.0,,own,999510000,OWN SHIP,0.0,0.09166666666666667,-38.048472222222216,144.85,10.0,0.0,0.0,1,,,,,synthetic,,,,
33.0,,target,999510301,HEAD ON,0.05000000000000002,1.1083333333333334,-38.031527777777775,144.85105823708847,10.0,180.0,180.0,18,danger,danger,0.05000000000000008,182.99999999999997,synthetic,,,,
34.0,,own,999510000,OWN SHIP,0.0,0.09444444444444444,-38.048425925925926,144.85,10.0,0.0,0.0,1,,,,,synthetic,,,,
34.0,,target,999510301,HEAD ON,0.05000000000000002,1.1055555555555556,-38.03157407407407,144.85105823708847,10.0,180.0,180.0,18,danger,danger,0.05000000000000008,182.0,synthetic,,,,
35.0,,own,999510000,OWN SHIP,0.0,0.09722222222222222,-38.04837962962963,144.85,10.0,0.0,0.0,1,,,,,synthetic,,,,
35.0,,target,999510301,HEAD ON,0.05000000000000002,1.1027777777777776,-38.03162037037037,144.85105823708847,10.0,180.0,180.0,18,danger,danger,0.05000000000000008,180.99999999999994,synthetic,,,,
36.0,,own,999510000,OWN SHIP,0.0,0.1,-38.04833333333333,144.85,10.0,0.0,0.0,1,,,,,synthetic,,,,
36.0,,target,999510301,HEAD ON,0.05000000000000002,1.0999999999999999,-38.031666666666666,144.85105823708847,10.0,180.0,180.0,18,danger,danger,0.05000000000000008,179.99999999999997,synthetic,,,,
37.0,,own,999510000,OWN SHIP,0.0,0.10277777777777779,-38.048287037037035,144.85,10.0,0.0,0.0,1,,,,,synthetic,,,,
37.0,,target,999510301,HEAD ON,0.05000000000000002,1.097222222222222,-38.03171296296296,144.85105823708847,10.0,180.0,180.0,18,danger,danger,0.05000000000000008,179.0,synthetic,,,,
38.0,,own,999510000,OWN SHIP,0.0,0.10555555555555556,-38.04824074074074,144.85,10.0,0.0,0.0,1,,,,,synthetic,,,,
38.0,,target,999510301,HEAD ON,0.05000000000000002,1.0944444444444443,-38.03175925925925,144.85105823708847,10.0,180.0,180.0,18,danger,danger,0.05000000000000008,178.0,synthetic,,,,
39.0,,own,999510000,OWN SHIP,0.0,0.10833333333333334,-38.04819444444444,144.85,10.0,0.0,0.0,1,,,,,synthetic,,,,
39.0,,target,999510301,HEAD ON,0.05000000000000002,1.0916666666666666,-38.03180555555555,144.85105823708847,10.0,180.0,180.0,18,danger,danger,0.05000000000000008,176.99999999999997,synthetic,,,,
40.0,,own,999510000,OWN SHIP,0.0,0.11111111111111112,-38.048148148148144,144.85,10.0,0.0,0.0,1,,,,,synthetic,,,,
40.0,,target,999510301,HEAD ON,0.05000000000000002,1.0888888888888888,-38.03185185185185,144.85105823708847,10.0,180.0,180.0,18,danger,danger,0.05000000000000008,176.0,synthetic,,,,
41.0,,own,999510000,OWN SHIP,0.0,0.11388888888888889,-38.04810185185185,144.85,10.0,0.0,0.0,1,,,,,synthetic,,,,
41.0,,target,999510301,HEAD ON,0.05000000000000002,1.086111111111111,-38.031898148148144,144.85105823708847,10.0,180.0,180.0,18,danger,danger,0.05000000000000008,175.0,synthetic,,,,
42.0,,own,999510000,OWN SHIP,0.0,0.11666666666666667,-38.04805555555555,144.85,10.0,0.0,0.0,1,,,,,synthetic,,,,
42.0,,target,999510301,HEAD ON,0.05000000000000002,1.0833333333333333,-38.03194444444444,144.85105823708847,10.0,180.0,180.0,18,danger,danger,0.05000000000000008,173.99999999999997,synthetic,,,,
43.0,,own,999510000,OWN SHIP,0.0,0.11944444444444445,-38.04800925925926,144.85,10.0,0.0,0.0,1,,,,,synthetic,,,,
43.0,,target,999510301,HEAD ON,0.05000000000000002,1.0805555555555555,-38.03199074074074,144.85105823708847,10.0,180.0,180.0,18,danger,danger,0.05000000000000007,172.99999999999997,synthetic,,,,
44.0,,own,999510000,OWN SHIP,0.0,0.12222222222222223,-38.04796296296296,144.85,10.0,0.0,0.0,1,,,,,synthetic,,,,
44.0,,target,999510301,HEAD ON,0.05000000000000002,1.0777777777777777,-38.032037037037036,144.85105823708847,10.0,180.0,180.0,18,danger,danger,0.05000000000000007,172.0,synthetic,,,,
45.0,,own,999510000,OWN SHIP,0.0,0.125,-38.047916666666666,144.85,10.0,0.0,0.0,1,,,,,synthetic,,,,
45.0,,target,999510301,HEAD ON,0.05000000000000002,1.075,-38.03208333333333,144.85105823708847,10.0,180.0,180.0,18,danger,danger,0.05000000000000007,171.0,synthetic,,,,
46.0,,own,999510000,OWN SHIP,0.0,0.1277777777777778,-38.04787037037037,144.85,10.0,0.0,0.0,1,,,,,synthetic,,,,
46.0,,target,999510301,HEAD ON,0.05000000000000002,1.0722222222222222,-38.03212962962963,144.85105823708847,10.0,180.0,180.0,18,danger,danger,0.05000000000000007,170.0,synthetic,,,,
47.0,,own,999510000,OWN SHIP,0.0,0.13055555555555556,-38.04782407407407,144.85,10.0,0.0,0.0,1,,,,,synthetic,,,,
47.0,,target,999510301,HEAD ON,0.05000000000000002,1.0694444444444444,-38.03217592592592,144.85105823708847,10.0,180.0,180.0,18,danger,danger,0.05000000000000007,169.0,synthetic,,,,
48.0,,own,999510000,OWN SHIP,0.0,0.13333333333333333,-38.047777777777775,144.85,10.0,0.0,0.0,1,,,,,synthetic,,,,
48.0,,target,999510301,HEAD ON,0.05000000000000002,1.0666666666666667,-38.03222222222222,144.85105823708847,10.0,180.0,180.0,18,danger,danger,0.05000000000000007,168.0,synthetic,,,,
49.0,,own,999510000,OWN SHIP,0.0,0.13611111111111113,-38.04773148148148,144.85,10.0,0.0,0.0,1,,,,,synthetic,,,,
49.0,,target,999510301,HEAD ON,0.05000000000000002,1.0638888888888889,-38.032268518518514,144.85105823708847,10.0,180.0,180.0,18,danger,danger,0.05000000000000007,167.00000000000003,synthetic,,,,
50.0,,own,999510000,OWN SHIP,0.0,0.1388888888888889,-38.04768518518518,144.85,10.0,0.0,0.0,1,,,,,synthetic,,,,
50.0,,target,999510301,HEAD ON,0.05000000000000002,1.0611111111111111,-38.03231481481481,144.85105823708847,10.0,180.0,180.0,18,danger,danger,0.05000000000000007,166.0,synthetic,,,,
51.0,,own,999510000,OWN SHIP,0.0,0.14166666666666666,-38.04763888888888,144.85,10.0,0.0,0.0,1,,,,,synthetic,,,,
51.0,,target,999510301,HEAD ON,0.050000000000000024,1.0583333333333333,-38.03236111111111,144.85105823708847,10.0,180.0,180.0,18,danger,danger,0.05000000000000008,165.0,synthetic,,,,
52.0,,own,999510000,OWN SHIP,0.0,0.14444444444444446,-38.047592592592586,144.85,10.0,0.0,0.0,1,,,,,synthetic,,,,
52.0,,target,999510301,HEAD ON,0.050000000000000024,1.0555555555555556,-38.032407407407405,144.85105823708847,10.0,180.0,180.0,18,danger,danger,0.05000000000000008,164.0,synthetic,,,,
53.0,,own,999510000,OWN SHIP,0.0,0.14722222222222223,-38.0475462962963,144.85,10.0,0.0,0.0,1,,,,,synthetic,,,,
53.0,,target,999510301,HEAD ON,0.050000000000000024,1.0527777777777778,-38.0324537037037,144.85105823708847,10.0,180.0,180.0,18,danger,danger,0.05000000000000008,163.0,synthetic,,,,
54.0,,own,999510000,OWN SHIP,0.0,0.15,-38.0475,144.85,10.0,0.0,0.0,1,,,,,synthetic,,,,
54.0,,target,999510301,HEAD ON,0.050000000000000024,1.05,-38.0325,144.85105823708847,10.0,180.0,180.0,18,danger,danger,0.05000000000000008,162.0,synthetic,,,,
55.0,,own,999510000,OWN SHIP,0.0,0.1527777777777778,-38.0474537037037,144.85,10.0,0.0,0.0,1,,,,,synthetic,,,,
55.0,,target,999510301,HEAD ON,0.050000000000000024,1.047222222222222,-38.032546296296296,144.85105823708847,10.0,180.0,180.0,18,danger,danger,0.05000000000000008,160.99999999999997,synthetic,,,,
56.0,,own,999510000,OWN SHIP,0.0,0.15555555555555556,-38.047407407407405,144.85,10.0,0.0,0.0,1,,,,,synthetic,,,,
56.0,,target,999510301,HEAD ON,0.050000000000000024,1.0444444444444443,-38.03259259259259,144.85105823708847,10.0,180.0,180.0,18,danger,danger,0.05000000000000008,159.99999999999997,synthetic,,,,
57.0,,own,999510000,OWN SHIP,0.0,0.15833333333333333,-38.04736111111111,144.85,10.0,0.0,0.0,1,,,,,synthetic,,,,
57.0,,target,999510301,HEAD ON,0.050000000000000024,1.0416666666666665,-38.03263888888888,144.85105823708847,10.0,180.0,180.0,18,danger,danger,0.05000000000000008,159.0,synthetic,,,,
58.0,,own,999510000,OWN SHIP,0.0,0.16111111111111112,-38.04731481481481,144.85,10.0,0.0,0.0,1,,,,,synthetic,,,,
58.0,,target,999510301,HEAD ON,0.050000000000000024,1.0388888888888888,-38.03268518518518,144.85105823708847,10.0,180.0,180.0,18,danger,danger,0.05000000000000008,158.0,synthetic,,,,
59.0,,own,999510000,OWN SHIP,0.0,0.1638888888888889,-38.047268518518514,144.85,10.0,0.0,0.0,1,,,,,synthetic,,,,
59.0,,target,999510301,HEAD ON,0.050000000000000024,1.036111111111111,-38.03273148148148,144.85105823708847,10.0,180.0,180.0,18,danger,danger,0.05000000000000008,156.99999999999997,synthetic,,,,
60.0,,own,999510000,OWN SHIP,0.0,0.16666666666666669,-38.04722222222222,144.85,10.0,0.0,0.0,1,,,,,synthetic,,,,
60.0,,target,999510301,HEAD ON,0.050000000000000024,1.0333333333333332,-38.032777777777774,144.85105823708847,10.0,180.0,180.0,18,danger,danger,0.05000000000000008,155.99999999999997,synthetic,,,,
61.0,,own,999510000,OWN SHIP,0.0,0.16944444444444445,-38.04717592592592,144.85,10.0,0.0,0.0,1,,,,,synthetic,,,,
61.0,,target,999510301,HEAD ON,0.050000000000000024,1.0305555555555554,-38.03282407407407,144.85105823708847,10.0,180.0,180.0,18,danger,danger,0.05000000000000008,154.99999999999997,synthetic,,,,
62.0,,own,999510000,OWN SHIP,0.0,0.17222222222222222,-38.04712962962963,144.85,10.0,0.0,0.0,1,,,,,synthetic,,,,
62.0,,target,999510301,HEAD ON,0.050000000000000024,1.0277777777777777,-38.03287037037037,144.85105823708847,10.0,180.0,180.0,18,danger,danger,0.05000000000000008,153.99999999999997,synthetic,,,,
63.0,,own,999510000,OWN SHIP,0.0,0.17500000000000002,-38.04708333333333,144.85,10.0,0.0,0.0,1,,,,,synthetic,,,,
63.0,,target,999510301,HEAD ON,0.050000000000000024,1.025,-38.032916666666665,144.85105823708847,10.0,180.0,180.0,18,danger,danger,0.05000000000000008,152.99999999999997,synthetic,,,,
64.0,,own,999510000,OWN SHIP,0.0,0.17777777777777778,-38.047037037037036,144.85,10.0,0.0,0.0,1,,,,,synthetic,,,,
64.0,,target,999510301,HEAD ON,0.050000000000000024,1.0222222222222221,-38.03296296296296,144.85105823708847,10.0,180.0,180.0,18,danger,danger,0.05000000000000007,152.0,synthetic,,,,
65.0,,own,999510000,OWN SHIP,0.0,0.18055555555555555,-38.04699074074074,144.85,10.0,0.0,0.0,1,,,,,synthetic,,,,
65.0,,target,999510301,HEAD ON,0.050000000000000024,1.0194444444444444,-38.03300925925926,144.85105823708847,10.0,180.0,180.0,18,danger,danger,0.05000000000000007,151.0,synthetic,,,,
66.0,,own,999510000,OWN SHIP,0.0,0.18333333333333335,-38.04694444444444,144.85,10.0,0.0,0.0,1,,,,,synthetic,,,,
66.0,,target,999510301,HEAD ON,0.050000000000000024,1.0166666666666666,-38.03305555555555,144.85105823708847,10.0,180.0,180.0,18,danger,danger,0.05000000000000007,150.0,synthetic,,,,
67.0,,own,999510000,OWN SHIP,0.0,0.18611111111111112,-38.046898148148145,144.85,10.0,0.0,0.0,1,,,,,synthetic,,,,
67.0,,target,999510301,HEAD ON,0.050000000000000024,1.0138888888888888,-38.033101851851846,144.85105823708847,10.0,180.0,180.0,18,danger,danger,0.05000000000000007,148.99999999999997,synthetic,,,,
68.0,,own,999510000,OWN SHIP,0.0,0.18888888888888888,-38.04685185185185,144.85,10.0,0.0,0.0,1,,,,,synthetic,,,,
68.0,,target,999510301,HEAD ON,0.050000000000000024,1.011111111111111,-38.03314814814814,144.85105823708847,10.0,180.0,180.0,18,danger,danger,0.05000000000000007,148.0,synthetic,,,,
69.0,,own,999510000,OWN SHIP,0.0,0.19166666666666668,-38.04680555555555,144.85,10.0,0.0,0.0,1,,,,,synthetic,,,,
69.0,,target,999510301,HEAD ON,0.050000000000000024,1.0083333333333333,-38.03319444444444,144.85105823708847,10.0,180.0,180.0,18,danger,danger,0.05000000000000007,147.0,synthetic,,,,
70.0,,own,999510000,OWN SHIP,0.0,0.19444444444444445,-38.046759259259254,144.85,10.0,0.0,0.0,1,,,,,synthetic,,,,
70.0,,target,999510301,HEAD ON,0.050000000000000024,1.0055555555555555,-38.03324074074074,144.85105823708847,10.0,180.0,180.0,18,danger,danger,0.05000000000000007,146.0,synthetic,,,,
71.0,,own,999510000,OWN SHIP,0.0,0.19722222222222224,-38.04671296296296,144.85,10.0,0.0,0.0,1,,,,,synthetic,,,,
71.0,,target,999510301,HEAD ON,0.050000000000000024,1.0027777777777778,-38.033287037037034,144.85105823708847,10.0,180.0,180.0,18,danger,danger,0.05000000000000007,145.0,synthetic,,,,
72.0,,own,999510000,OWN SHIP,0.0,0.2,-38.04666666666667,144.85,10.0,0.0,0.0,1,,,,,synthetic,,,,
72.0,,target,999510301,HEAD ON,0.05000000000000003,1.0,-38.03333333333333,144.85105823708847,10.0,180.0,180.0,18,danger,danger,0.05000000000000008,144.0,synthetic,,,,
73.0,,own,999510000,OWN SHIP,0.0,0.20277777777777778,-38.04662037037037,144.85,10.0,0.0,0.0,1,,,,,synthetic,,,,
73.0,,target,999510301,HEAD ON,0.05000000000000003,0.9972222222222222,-38.03337962962963,144.85105823708847,10.0,180.0,180.0,18,danger,danger,0.05000000000000008,143.00000000000003,synthetic,,,,
74.0,,own,999510000,OWN SHIP,0.0,0.20555555555555557,-38.04657407407407,144.85,10.0,0.0,0.0,1,,,,,synthetic,,,,
74.0,,target,999510301,HEAD ON,0.05000000000000003,0.9944444444444444,-38.033425925925926,144.85105823708847,10.0,180.0,180.0,18,danger,danger,0.05000000000000008,142.0,synthetic,,,,
75.0,,own,999510000,OWN SHIP,0.0,0.20833333333333334,-38.046527777777776,144.85,10.0,0.0,0.0,1,,,,,synthetic,,,,
75.0,,target,999510301,HEAD ON,0.05000000000000003,0.9916666666666666,-38.03347222222222,144.85105823708847,10.0,180.0,180.0,18,danger,danger,0.05000000000000008,141.0,synthetic,,,,
76.0,,own,999510000,OWN SHIP,0.0,0.2111111111111111,-38.04648148148148,144.85,10.0,0.0,0.0,1,,,,,synthetic,,,,
76.0,,target,999510301,HEAD ON,0.05000000000000003,0.9888888888888888,-38.03351851851851,144.85105823708847,10.0,180.0,180.0,18,danger,danger,0.05000000000000008,139.99999999999997,synthetic,,,,
77.0,,own,999510000,OWN SHIP,0.0,0.2138888888888889,-38.04643518518518,144.85,10.0,0.0,0.0,1,,,,,synthetic,,,,
77.0,,target,999510301,HEAD ON,0.05000000000000003,0.986111111111111,-38.03356481481481,144.85105823708847,10.0,180.0,180.0,18,danger,danger,0.05000000000000008,138.99999999999997,synthetic,,,,
78.0,,own,999510000,OWN SHIP,0.0,0.21666666666666667,-38.046388888888885,144.85,10.0,0.0,0.0,1,,,,,synthetic,,,,
78.0,,target,999510301,HEAD ON,0.05000000000000003,0.9833333333333333,-38.03361111111111,144.85105823708847,10.0,180.0,180.0,18,danger,danger,0.05000000000000008,138.0,synthetic,,,,
79.0,,own,999510000,OWN SHIP,0.0,0.21944444444444444,-38.04634259259259,144.85,10.0,0.0,0.0,1,,,,,synthetic,,,,
79.0,,target,999510301,HEAD ON,0.05000000000000003,0.9805555555555555,-38.033657407407404,144.85105823708847,10.0,180.0,180.0,18,danger,danger,0.05000000000000008,137.0,synthetic,,,,
80.0,,own,999510000,OWN SHIP,0.0,0.22222222222222224,-38.04629629629629,144.85,10.0,0.0,0.0,1,,,,,synthetic,,,,
80.0,,target,999510301,HEAD ON,0.05000000000000003,0.9777777777777777,-38.0337037037037,144.85105823708847,10.0,180.0,180.0,18,danger,danger,0.05000000000000008,136.0,synthetic,,,,
81.0,,own,999510000,OWN SHIP,0.0,0.225,-38.04625,144.85,10.0,0.0,0.0,1,,,,,synthetic,,,,
81.0,,target,999510301,HEAD ON,0.05000000000000003,0.975,-38.03375,144.85105823708847,10.0,180.0,180.0,18,danger,danger,0.05000000000000008,135.0,synthetic,,,,
82.0,,own,999510000,OWN SHIP,0.0,0.22777777777777777,-38.0462037037037,144.85,10.0,0.0,0.0,1,,,,,synthetic,,,,
82.0,,target,999510301,HEAD ON,0.05000000000000003,0.9722222222222222,-38.033796296296295,144.85105823708847,10.0,180.0,180.0,18,danger,danger,0.05000000000000008,134.0,synthetic,,,,
83.0,,own,999510000,OWN SHIP,0.0,0.23055555555555557,-38.04615740740741,144.85,10.0,0.0,0.0,1,,,,,synthetic,,,,
83.0,,target,999510301,HEAD ON,0.05000000000000003,0.9694444444444443,-38.03384259259259,144.85105823708847,10.0,180.0,180.0,18,danger,danger,0.05000000000000008,132.99999999999997,synthetic,,,,
84.0,,own,999510000,OWN SHIP,0.0,0.23333333333333334,-38.04611111111111,144.85,10.0,0.0,0.0,1,,,,,synthetic,,,,
84.0,,target,999510301,HEAD ON,0.05000000000000003,0.9666666666666666,-38.03388888888889,144.85105823708847,10.0,180.0,180.0,18,danger,danger,0.05000000000000007,131.99999999999997,synthetic,,,,
85.0,,own,999510000,OWN SHIP,0.0,0.23611111111111113,-38.04606481481481,144.85,10.0,0.0,0.0,1,,,,,synthetic,,,,
85.0,,target,999510301,HEAD ON,0.05000000000000003,0.9638888888888888,-38.03393518518518,144.85105823708847,10.0,180.0,180.0,18,danger,danger,0.05000000000000007,130.99999999999997,synthetic,,,,
86.0,,own,999510000,OWN SHIP,0.0,0.2388888888888889,-38.046018518518515,144.85,10.0,0.0,0.0,1,,,,,synthetic,,,,
86.0,,target,999510301,HEAD ON,0.05000000000000003,0.961111111111111,-38.033981481481476,144.85105823708847,10.0,180.0,180.0,18,danger,danger,0.05000000000000007,129.99999999999997,synthetic,,,,
87.0,,own,999510000,OWN SHIP,0.0,0.24166666666666667,-38.04597222222222,144.85,10.0,0.0,0.0,1,,,,,synthetic,,,,
87.0,,target,999510301,HEAD ON,0.05000000000000003,0.9583333333333333,-38.03402777777777,144.85105823708847,10.0,180.0,180.0,18,danger,danger,0.05000000000000007,128.99999999999997,synthetic,,,,
88.0,,own,999510000,OWN SHIP,0.0,0.24444444444444446,-38.04592592592592,144.85,10.0,0.0,0.0,1,,,,,synthetic,,,,
88.0,,target,999510301,HEAD ON,0.05000000000000003,0.9555555555555555,-38.03407407407407,144.85105823708847,10.0,180.0,180.0,18,danger,danger,0.05000000000000007,128.0,synthetic,,,,
89.0,,own,999510000,OWN SHIP,0.0,0.24722222222222223,-38.045879629629624,144.85,10.0,0.0,0.0,1,,,,,synthetic,,,,
89.0,,target,999510301,HEAD ON,0.05000000000000003,0.9527777777777777,-38.03412037037037,144.85105823708847,10.0,180.0,180.0,18,danger,danger,0.05000000000000007,127.0,synthetic,,,,
90.0,,own,999510000,OWN SHIP,0.0,0.25,-38.04583333333333,144.85,10.0,0.0,0.0,1,,,,,synthetic,,,,
90.0,,target,999510301,HEAD ON,0.05000000000000003,0.95,-38.034166666666664,144.85105823708847,10.0,180.0,180.0,18,danger,danger,0.05000000000000007,126.0,synthetic,,,,
91.0,,own,999510000,OWN SHIP,0.0,0.25277777777777777,-38.04578703703704,144.85,10.0,0.0,0.0,1,,,,,synthetic,,,,
91.0,,target,999510301,HEAD ON,0.05000000000000003,0.9472222222222222,-38.03421296296296,144.85105823708847,10.0,180.0,180.0,18,danger,danger,0.05000000000000007,125.0,synthetic,,,,
92.0,,own,999510000,OWN SHIP,0.0,0.2555555555555556,-38.04574074074074,144.85,10.0,0.0,0.0,1,,,,,synthetic,,,,
92.0,,target,999510301,HEAD ON,0.05000000000000004,0.9444444444444444,-38.03425925925926,144.85105823708847,10.0,180.0,180.0,18,danger,danger,0.05000000000000008,124.0,synthetic,,,,
93.0,,own,999510000,OWN SHIP,0.0,0.25833333333333336,-38.04569444444444,144.85,10.0,0.0,0.0,1,,,,,synthetic,,,,
93.0,,target,999510301,HEAD ON,0.05000000000000004,0.9416666666666667,-38.034305555555555,144.85105823708847,10.0,180.0,180.0,18,danger,danger,0.05000000000000008,123.0,synthetic,,,,
94.0,,own,999510000,OWN SHIP,0.0,0.2611111111111111,-38.045648148148146,144.85,10.0,0.0,0.0,1,,,,,synthetic,,,,
94.0,,target,999510301,HEAD ON,0.05000000000000004,0.9388888888888889,-38.03435185185185,144.85105823708847,10.0,180.0,180.0,18,danger,danger,0.05000000000000008,122.00000000000001,synthetic,,,,
95.0,,own,999510000,OWN SHIP,0.0,0.2638888888888889,-38.04560185185185,144.85,10.0,0.0,0.0,1,,,,,synthetic,,,,
95.0,,target,999510301,HEAD ON,0.05000000000000004,0.9361111111111111,-38.03439814814814,144.85105823708847,10.0,180.0,180.0,18,danger,danger,0.05000000000000008,121.0,synthetic,,,,
96.0,,own,999510000,OWN SHIP,0.0,0.26666666666666666,-38.04555555555555,144.85,10.0,0.0,0.0,1,,,,,synthetic,,,,
96.0,,target,999510301,HEAD ON,0.05000000000000004,0.9333333333333333,-38.03444444444444,144.85105823708847,10.0,180.0,180.0,18,danger,danger,0.05000000000000008,120.00000000000001,synthetic,,,,
97.0,,own,999510000,OWN SHIP,0.0,0.26944444444444443,-38.045509259259255,144.85,10.0,0.0,0.0,1,,,,,synthetic,,,,
97.0,,target,999510301,HEAD ON,0.05000000000000004,0.9305555555555556,-38.034490740740736,144.85105823708847,10.0,180.0,180.0,18,danger,danger,0.05000000000000008,119.00000000000001,synthetic,,,,
98.0,,own,999510000,OWN SHIP,0.0,0.27222222222222225,-38.04546296296296,144.85,10.0,0.0,0.0,1,,,,,synthetic,,,,
98.0,,target,999510301,HEAD ON,0.05000000000000004,0.9277777777777777,-38.03453703703703,144.85105823708847,10.0,180.0,180.0,18,danger,danger,0.05000000000000008,117.99999999999999,synthetic,,,,
99.0,,own,999510000,OWN SHIP,0.0,0.275,-38.04541666666666,144.85,10.0,0.0,0.0,1,,,,,synthetic,,,,
99.0,,target,999510301,HEAD ON,0.05000000000000004,0.9249999999999999,-38.03458333333333,144.85105823708847,10.0,180.0,180.0,18,danger,danger,0.05000000000000008,116.99999999999999,synthetic,,,,
100.0,,own,999510000,OWN SHIP,0.0,0.2777777777777778,-38.04537037037037,144.85,10.0,0.0,0.0,1,,,,,synthetic,,,,
100.0,,target,999510301,HEAD ON,0.05000000000000004,0.9222222222222222,-38.03462962962963,144.85105823708847,10.0,180.0,180.0,18,danger,danger,0.05000000000000008,115.99999999999999,synthetic,,,,
101.0,,own,999510000,OWN SHIP,0.0,0.28055555555555556,-38.045324074074074,144.85,10.0,0.0,0.0,1,,,,,synthetic,,,,
101.0,,target,999510301,HEAD ON,0.05000000000000004,0.9194444444444444,-38.034675925925924,144.85105823708847,10.0,180.0,180.0,18,danger,danger,0.05000000000000008,115.0,synthetic,,,,
102.0,,own,999510000,OWN SHIP,0.0,0.2833333333333333,-38.04527777777778,144.85,10.0,0.0,0.0,1,,,,,synthetic,,,,
102.0,,target,999510301,HEAD ON,0.05000000000000004,0.9166666666666666,-38.03472222222222,144.85105823708847,10.0,180.0,180.0,18,danger,danger,0.05000000000000008,114.0,synthetic,,,,
103.0,,own,999510000,OWN SHIP,0.0,0.28611111111111115,-38.04523148148148,144.85,10.0,0.0,0.0,1,,,,,synthetic,,,,
103.0,,target,999510301,HEAD ON,0.05000000000000004,0.9138888888888888,-38.03476851851852,144.85105823708847,10.0,180.0,180.0,18,danger,danger,0.05000000000000008,112.99999999999997,synthetic,,,,
104.0,,own,999510000,OWN SHIP,0.0,0.2888888888888889,-38.04518518518518,144.85,10.0,0.0,0.0,1,,,,,synthetic,,,,
104.0,,target,999510301,HEAD ON,0.05000000000000004,0.911111111111111,-38.034814814814816,144.85105823708847,10.0,180.0,180.0,18,danger,danger,0.05000000000000007,111.99999999999996,synthetic,,,,
105.0,,own,999510000,OWN SHIP,0.0,0.2916666666666667,-38.045138888888886,144.85,10.0,0.0,0.0,1,,,,,synthetic,,,,
105.0,,target,999510301,HEAD ON,0.05000000000000004,0.9083333333333332,-38.034861111111105,144.85105823708847,10.0,180.0,180.0,18,danger,danger,0.05000000000000007,110.99999999999997,synthetic,,,,
106.0,,own,999510000,OWN SHIP,0.0,0.29444444444444445,-38.04509259259259,144.85,10.0,0.0,0.0,1,,,,,synthetic,,,,
106.0,,target,999510301,HEAD ON,0.05000000000000004,0.9055555555555554,-38.0349074074074,144.85105823708847,10.0,180.0,180.0,18,danger,danger,0.05000000000000007,109.99999999999997,synthetic,,,,
107.0,,own,999510000,OWN SHIP,0.0,0.2972222222222222,-38.04504629629629,144.85,10.0,0.0,0.0,1,,,,,synthetic,,,,
107.0,,target,999510301,HEAD ON,0.05000000000000004,0.9027777777777777,-38.0349537037037,144.85105823708847,10.0,180.0,180.0,18,danger,danger,0.05000000000000007,108.99999999999999,synthetic,,,,
108.0,,own,999510000,OWN SHIP,0.0,0.3,-38.044999999999995,144.85,10.0,0.0,0.0,1,,,,,synthetic,,,,
108.0,,target,999510301,HEAD ON,0.05000000000000004,0.8999999999999999,-38.035,144.85105823708847,10.0,180.0,180.0,18,danger,danger,0.05000000000000007,107.99999999999997,synthetic,,,,
109.0,,own,999510000,OWN SHIP,0.0,0.3027777777777778,-38.0449537037037,144.85,10.0,0.0,0.0,1,,,,,synthetic,,,,
109.0,,target,999510301,HEAD ON,0.05000000000000004,0.8972222222222221,-38.035046296296294,144.85105823708847,10.0,180.0,180.0,18,danger,danger,0.05000000000000007,106.99999999999999,synthetic,,,,
110.0,,own,999510000,OWN SHIP,0.0,0.3055555555555556,-38.04490740740741,144.85,10.0,0.0,0.0,1,,,,,synthetic,,,,
110.0,,target,999510301,HEAD ON,0.05000000000000004,0.8944444444444444,-38.03509259259259,144.85105823708847,10.0,180.0,180.0,18,danger,danger,0.05000000000000007,105.99999999999999,synthetic,,,,
111.0,,own,999510000,OWN SHIP,0.0,0.30833333333333335,-38.04486111111111,144.85,10.0,0.0,0.0,1,,,,,synthetic,,,,
111.0,,target,999510301,HEAD ON,0.05000000000000004,0.8916666666666666,-38.03513888888889,144.85105823708847,10.0,180.0,180.0,18,danger,danger,0.05000000000000007,105.0,synthetic,,,,
112.0,,own,999510000,OWN SHIP,0.0,0.3111111111111111,-38.04481481481481,144.85,10.0,0.0,0.0,1,,,,,synthetic,,,,
112.0,,target,999510301,HEAD ON,0.05000000000000004,0.8888888888888888,-38.035185185185185,144.85105823708847,10.0,180.0,180.0,18,danger,danger,0.05000000000000007,103.99999999999999,synthetic,,,,
113.0,,own,999510000,OWN SHIP,0.0,0.3138888888888889,-38.04476851851852,144.85,10.0,0.0,0.0,1,,,,,synthetic,,,,
113.0,,target,999510301,HEAD ON,0.050000000000000044,0.8861111111111111,-38.03523148148148,144.85105823708847,10.0,180.0,180.0,18,danger,danger,0.05000000000000008,103.0,synthetic,,,,
114.0,,own,999510000,OWN SHIP,0.0,0.31666666666666665,-38.04472222222222,144.85,10.0,0.0,0.0,1,,,,,synthetic,,,,
114.0,,target,999510301,HEAD ON,0.050000000000000044,0.8833333333333333,-38.03527777777777,144.85105823708847,10.0,180.0,180.0,18,danger,danger,0.05000000000000008,102.0,synthetic,,,,
115.0,,own,999510000,OWN SHIP,0.0,0.3194444444444445,-38.04467592592592,144.85,10.0,0.0,0.0,1,,,,,synthetic,,,,
115.0,,target,999510301,HEAD ON,0.050000000000000044,0.8805555555555555,-38.03532407407407,144.85105823708847,10.0,180.0,180.0,18,danger,danger,0.05000000000000008,101.0,synthetic,,,,
116.0,,own,999510000,OWN SHIP,0.0,0.32222222222222224,-38.044629629629625,144.85,10.0,0.0,0.0,1,,,,,synthetic,,,,
116.0,,target,999510301,HEAD ON,0.050000000000000044,0.8777777777777778,-38.035370370370366,144.85105823708847,10.0,180.0,180.0,18,danger,danger,0.05000000000000008,100.0,synthetic,,,,
117.0,,own,999510000,OWN SHIP,0.0,0.325,-38.04458333333333,144.85,10.0,0.0,0.0,1,,,,,synthetic,,,,
117.0,,target,999510301,HEAD ON,0.050000000000000044,0.875,-38.03541666666666,144.85105823708847,10.0,180.0,180.0,18,danger,danger,0.05000000000000008,99.0,synthetic,,,,
118.0,,own,999510000,OWN SHIP,0.0,0.3277777777777778,-38.04453703703703,144.85,10.0,0.0,0.0,1,,,,,synthetic,,,,
118.0,,target,999510301,HEAD ON,0.050000000000000044,0.8722222222222222,-38.03546296296296,144.85105823708847,10.0,180.0,180.0,18,danger,danger,0.05000000000000008,98.00000000000001,synthetic,,,,
119.0,,own,999510000,OWN SHIP,0.0,0.33055555555555555,-38.04449074074074,144.85,10.0,0.0,0.0,1,,,,,synthetic,,,,
119.0,,target,999510301,HEAD ON,0.050000000000000044,0.8694444444444445,-38.03550925925926,144.85105823708847,10.0,180.0,180.0,18,danger,danger,0.05000000000000008,97.00000000000001,synthetic,,,,
120.0,,own,999510000,OWN SHIP,0.0,0.33333333333333337,-38.044444444444444,144.85,10.0,0.0,0.0,1,,,,,synthetic,,,,
120.0,,target,999510301,HEAD ON,0.050000000000000044,0.8666666666666666,-38.035555555555554,144.85105823708847,10.0,180.0,180.0,18,danger,danger,0.05000000000000008,95.99999999999999,synthetic,,,,
121.0,,own,999510000,OWN SHIP,0.0,0.33611111111111114,-38.04439814814815,144.85,10.0,0.0,0.0,1,,,,,synthetic,,,,
121.0,,target,999510301,HEAD ON,0.050000000000000044,0.8638888888888888,-38.03560185185185,144.85105823708847,10.0,180.0,180.0,18,danger,danger,0.05000000000000008,94.99999999999999,synthetic,,,,
122.0,,own,999510000,OWN SHIP,0.0,0.3388888888888889,-38.04435185185185,144.85,10.0,0.0,0.0,1,,,,,synthetic,,,,
122.0,,target,999510301,HEAD ON,0.050000000000000044,0.861111111111111,-38.03564814814815,144.85105823708847,10.0,180.0,180.0,18,danger,danger,0.05000000000000008,93.99999999999999,synthetic,,,,
123.0,,own,999510000,OWN SHIP,0.0,0.3416666666666667,-38.04430555555555,144.85,10.0,0.0,0.0,1,,,,,synthetic,,,,
123.0,,target,999510301,HEAD ON,0.050000000000000044,0.8583333333333333,-38.035694444444445,144.85105823708847,10.0,180.0,180.0,18,danger,danger,0.05000000000000008,93.0,synthetic,,,,
124.0,,own,999510000,OWN SHIP,0.0,0.34444444444444444,-38.044259259259256,144.85,10.0,0.0,0.0,1,,,,,synthetic,,,,
124.0,,target,999510301,HEAD ON,0.050000000000000044,0.8555555555555555,-38.035740740740735,144.85105823708847,10.0,180.0,180.0,18,danger,danger,0.05000000000000008,92.0,synthetic,,,,
125.0,,own,999510000,OWN SHIP,0.0,0.3472222222222222,-38.04421296296296,144.85,10.0,0.0,0.0,1,,,,,synthetic,,,,
125.0,,target,999510301,HEAD ON,0.050000000000000044,0.8527777777777777,-38.03578703703703,144.85105823708847,10.0,180.0,180.0,18,danger,danger,0.05000000000000007,91.0,synthetic,,,,
126.0,,own,999510000,OWN SHIP,0.0,0.35000000000000003,-38.04416666666666,144.85,10.0,0.0,0.0,1,,,,,synthetic,,,,
126.0,,target,999510301,HEAD ON,0.050000000000000044,0.8499999999999999,-38.03583333333333,144.85105823708847,10.0,180.0,180.0,18,danger,danger,0.05000000000000007,89.99999999999997,synthetic,,,,
127.0,,own,999510000,OWN SHIP,0.0,0.3527777777777778,-38.044120370370365,144.85,10.0,0.0,0.0,1,,,,,synthetic,,,,
127.0,,target,999510301,HEAD ON,0.050000000000000044,0.8472222222222221,-38.035879629629626,144.85105823708847,10.0,180.0,180.0,18,danger,danger,0.05000000000000007,88.99999999999997,synthetic,,,,
128.0,,own,999510000,OWN SHIP,0.0,0.35555555555555557,-38.04407407407407,144.85,10.0,0.0,0.0,1,,,,,synthetic,,,,
128.0,,target,999510301,HEAD ON,0.050000000000000044,0.8444444444444443,-38.03592592592592,144.85105823708847,10.0,180.0,180.0,18,danger,danger,0.05000000000000007,87.99999999999999,synthetic,,,,
129.0,,own,999510000,OWN SHIP,0.0,0.35833333333333334,-38.04402777777778,144.85,10.0,0.0,0.0,1,,,,,synthetic,,,,
129.0,,target,999510301,HEAD ON,0.050000000000000044,0.8416666666666666,-38.03597222222222,144.85105823708847,10.0,180.0,180.0,18,danger,danger,0.05000000000000007,86.99999999999997,synthetic,,,,
130.0,,own,999510000,OWN SHIP,0.0,0.3611111111111111,-38.04398148148148,144.85,10.0,0.0,0.0,1,,,,,synthetic,,,,
130.0,,target,999510301,HEAD ON,0.050000000000000044,0.8388888888888888,-38.03601851851852,144.85105823708847,10.0,180.0,180.0,18,danger,danger,0.05000000000000007,85.99999999999999,synthetic,,,,
131.0,,own,999510000,OWN SHIP,0.0,0.36388888888888893,-38.043935185185184,144.85,10.0,0.0,0.0,1,,,,,synthetic,,,,
131.0,,target,999510301,HEAD ON,0.050000000000000044,0.836111111111111,-38.036064814814814,144.85105823708847,10.0,180.0,180.0,18,danger,danger,0.05000000000000007,84.99999999999999,synthetic,,,,
132.0,,own,999510000,OWN SHIP,0.0,0.3666666666666667,-38.04388888888889,144.85,10.0,0.0,0.0,1,,,,,synthetic,,,,
132.0,,target,999510301,HEAD ON,0.050000000000000044,0.8333333333333333,-38.03611111111111,144.85105823708847,10.0,180.0,180.0,18,danger,danger,0.05000000000000007,83.99999999999999,synthetic,,,,
133.0,,own,999510000,OWN SHIP,0.0,0.36944444444444446,-38.04384259259259,144.85,10.0,0.0,0.0,1,,,,,synthetic,,,,
133.0,,target,999510301,HEAD ON,0.05000000000000005,0.8305555555555555,-38.0361574074074,144.85105823708847,10.0,180.0,180.0,18,danger,danger,0.05000000000000008,82.99999999999999,synthetic,,,,
134.0,,own,999510000,OWN SHIP,0.0,0.37222222222222223,-38.04379629629629,144.85,10.0,0.0,0.0,1,,,,,synthetic,,,,
134.0,,target,999510301,HEAD ON,0.05000000000000005,0.8277777777777777,-38.0362037037037,144.85105823708847,10.0,180.0,180.0,18,danger,danger,0.05000000000000008,81.99999999999999,synthetic,,,,
135.0,,own,999510000,OWN SHIP,0.0,0.375,-38.043749999999996,144.85,10.0,0.0,0.0,1,,,,,synthetic,,,,
135.0,,target,999510301,HEAD ON,0.05000000000000005,0.825,-38.036249999999995,144.85105823708847,10.0,180.0,180.0,18,danger,danger,0.05000000000000008,81.0,synthetic,,,,
136.0,,own,999510000,OWN SHIP,0.0,0.37777777777777777,-38.0437037037037,144.85,10.0,0.0,0.0,1,,,,,synthetic,,,,
136.0,,target,999510301,HEAD ON,0.05000000000000005,0.8222222222222222,-38.03629629629629,144.85105823708847,10.0,180.0,180.0,18,danger,danger,0.05000000000000008,80.0,synthetic,,,,
137.0,,own,999510000,OWN SHIP,0.0,0.3805555555555556,-38.0436574074074,144.85,10.0,0.0,0.0,1,,,,,synthetic,,,,
137.0,,target,999510301,HEAD ON,0.05000000000000005,0.8194444444444444,-38.03634259259259,144.85105823708847,10.0,180.0,180.0,18,danger,danger,0.05000000000000008,79.0,synthetic,,,,
138.0,,own,999510000,OWN SHIP,0.0,0.38333333333333336,-38.04361111111111,144.85,10.0,0.0,0.0,1,,,,,synthetic,,,,
138.0,,target,999510301,HEAD ON,0.05000000000000005,0.8166666666666667,-38.03638888888889,144.85105823708847,10.0,180.0,180.0,18,danger,danger,0.05000000000000008,77.99999999999999,synthetic,,,,
139.0,,own,999510000,OWN SHIP,0.0,0.3861111111111111,-38.043564814814815,144.85,10.0,0.0,0.0,1,,,,,synthetic,,,,
139.0,,target,999510301,HEAD ON,0.05000000000000005,0.8138888888888889,-38.036435185185184,144.85105823708847,10.0,180.0,180.0,18,danger,danger,0.05000000000000008,77.0,synthetic,,,,
140.0,,own,999510000,OWN SHIP,0.0,0.3888888888888889,-38.04351851851852,144.85,10.0,0.0,0.0,1,,,,,synthetic,,,,
140.0,,target,999510301,HEAD ON,0.05000000000000005,0.8111111111111111,-38.03648148148148,144.85105823708847,10.0,180.0,180.0,18,danger,danger,0.05000000000000008,76.0,synthetic,,,,
141.0,,own,999510000,OWN SHIP,0.0,0.39166666666666666,-38.04347222222222,144.85,10.0,0.0,0.0,1,,,,,synthetic,,,,
141.0,,target,999510301,HEAD ON,0.05000000000000005,0.8083333333333333,-38.03652777777778,144.85105823708847,10.0,180.0,180.0,18,danger,danger,0.05000000000000008,75.00000000000001,synthetic,,,,
142.0,,own,999510000,OWN SHIP,0.0,0.3944444444444445,-38.04342592592592,144.85,10.0,0.0,0.0,1,,,,,synthetic,,,,
142.0,,target,999510301,HEAD ON,0.05000000000000005,0.8055555555555555,-38.036574074074075,144.85105823708847,10.0,180.0,180.0,18,danger,danger,0.05000000000000008,73.99999999999997,synthetic,,,,
143.0,,own,999510000,OWN SHIP,0.0,0.39722222222222225,-38.04337962962963,144.85,10.0,0.0,0.0,1,,,,,synthetic,,,,
143.0,,target,999510301,HEAD ON,0.05000000000000005,0.8027777777777777,-38.036620370370365,144.85105823708847,10.0,180.0,180.0,18,danger,danger,0.05000000000000008,72.99999999999999,synthetic,,,,
144.0,,own,999510000,OWN SHIP,0.0,0.4,-38.04333333333333,144.85,10.0,0.0,0.0,1,,,,,synthetic,,,,
144.0,,target,999510301,HEAD ON,0.05000000000000005,0.7999999999999999,-38.03666666666666,144.85105823708847,10.0,180.0,180.0,18,danger,danger,0.05000000000000008,71.99999999999999,synthetic,,,,
145.0,,own,999510000,OWN SHIP,0.0,0.4027777777777778,-38.04328703703703,144.85,10.0,0.0,0.0,1,,,,,synthetic,,,,
145.0,,target,999510301,HEAD ON,0.05000000000000005,0.7972222222222222,-38.03671296296296,144.85105823708847,10.0,180.0,180.0,18,danger,danger,0.05000000000000007,71.0,synthetic,,,,
146.0,,own,999510000,OWN SHIP,0.0,0.40555555555555556,-38.043240740740735,144.85,10.0,0.0,0.0,1,,,,,synthetic,,,,
146.0,,target,999510301,HEAD ON,0.05000000000000005,0.7944444444444444,-38.036759259259256,144.85105823708847,10.0,180.0,180.0,18,danger,danger,0.05000000000000007,69.99999999999999,synthetic,,,,
147.0,,own,999510000,OWN SHIP,0.0,0.4083333333333333,-38.04319444444444,144.85,10.0,0.0,0.0,1,,,,,synthetic,,,,
147.0,,target,999510301,HEAD ON,0.05000000000000005,0.7916666666666666,-38.03680555555555,144.85105823708847,10.0,180.0,180.0,18,danger,danger,0.05000000000000007,69.0,synthetic,,,,
148.0,,own,999510000,OWN SHIP,0.0,0.41111111111111115,-38.04314814814815,144.85,10.0,0.0,0.0,1,,,,,synthetic,,,,
148.0,,target,999510301,HEAD ON,0.05000000000000005,0.7888888888888888,-38.03685185185185,144.85105823708847,10.0,180.0,180.0,18,danger,danger,0.05000000000000007,67.99999999999997,synthetic,,,,
149.0,,own,999510000,OWN SHIP,0.0,0.4138888888888889,-38.04310185185185,144.85,10.0,0.0,0.0,1,,,,,synthetic,,,,
149.0,,target,999510301,HEAD ON,0.05000000000000005,0.786111111111111,-38.03689814814815,144.85105823708847,10.0,180.0,180.0,18,danger,danger,0.05000000000000007,66.99999999999997,synthetic,,,,
150.0,,own,999510000,OWN SHIP,0.0,0.4166666666666667,-38.043055555555554,144.85,10.0,0.0,0.0,1,,,,,synthetic,,,,
150.0,,target,999510301,HEAD ON,0.05000000000000005,0.7833333333333332,-38.036944444444444,144.85105823708847,10.0,180.0,180.0,18,danger,danger,0.05000000000000007,65.99999999999997,synthetic,,,,
151.0,,own,999510000,OWN SHIP,0.0,0.41944444444444445,-38.04300925925926,144.85,10.0,0.0,0.0,1,,,,,synthetic,,,,
151.0,,target,999510301,HEAD ON,0.05000000000000005,0.7805555555555554,-38.03699074074074,144.85105823708847,10.0,180.0,180.0,18,danger,danger,0.05000000000000007,64.99999999999997,synthetic,,,,
152.0,,own,999510000,OWN SHIP,0.0,0.4222222222222222,-38.04296296296296,144.85,10.0,0.0,0.0,1,,,,,synthetic,,,,
152.0,,target,999510301,HEAD ON,0.05000000000000005,0.7777777777777777,-38.03703703703703,144.85105823708847,10.0,180.0,180.0,18,danger,danger,0.05000000000000007,63.999999999999986,synthetic,,,,
153.0,,own,999510000,OWN SHIP,0.0,0.425,-38.04291666666666,144.85,10.0,0.0,0.0,1,,,,,synthetic,,,,
153.0,,target,999510301,HEAD ON,0.05000000000000006,0.7749999999999999,-38.03708333333333,144.85105823708847,10.0,180.0,180.0,18,danger,danger,0.05000000000000008,62.99999999999999,synthetic,,,,
154.0,,own,999510000,OWN SHIP,0.0,0.4277777777777778,-38.042870370370366,144.85,10.0,0.0,0.0,1,,,,,synthetic,,,,
154.0,,target,999510301,HEAD ON,0.05000000000000006,0.7722222222222221,-38.037129629629625,144.85105823708847,10.0,180.0,180.0,18,danger,danger,0.05000000000000008,61.99999999999998,synthetic,,,,
155.0,,own,999510000,OWN SHIP,0.0,0.4305555555555556,-38.04282407407407,144.85,10.0,0.0,0.0,1,,,,,synthetic,,,,
155.0,,target,999510301,HEAD ON,0.05000000000000006,0.7694444444444444,-38.03717592592592,144.85105823708847,10.0,180.0,180.0,18,danger,danger,0.05000000000000008,60.999999999999986,synthetic,,,,
156.0,,own,999510000,OWN SHIP,0.0,0.43333333333333335,-38.04277777777777,144.85,10.0,0.0,0.0,1,,,,,synthetic,,,,
156.0,,target,999510301,HEAD ON,0.05000000000000006,0.7666666666666666,-38.03722222222222,144.85105823708847,10.0,180.0,180.0,18,danger,danger,0.05000000000000008,59.999999999999986,synthetic,,,,
157.0,,own,999510000,OWN SHIP,0.0,0.4361111111111111,-38.04273148148148,144.85,10.0,0.0,0.0,1,,,,,synthetic,,,,
157.0,,target,999510301,HEAD ON,0.05000000000000006,0.7638888888888888,-38.037268518518516,144.85105823708847,10.0,180.0,180.0,18,danger,danger,0.05000000000000008,58.99999999999999,synthetic,,,,
158.0,,own,999510000,OWN SHIP,0.0,0.4388888888888889,-38.042685185185185,144.85,10.0,0.0,0.0,1,,,,,synthetic,,,,
158.0,,target,999510301,HEAD ON,0.05000000000000006,0.7611111111111111,-38.03731481481481,144.85105823708847,10.0,180.0,180.0,18,danger,danger,0.05000000000000008,57.99999999999999,synthetic,,,,
159.0,,own,999510000,OWN SHIP,0.0,0.4416666666666667,-38.04263888888889,144.85,10.0,0.0,0.0,1,,,,,synthetic,,,,
159.0,,target,999510301,HEAD ON,0.05000000000000006,0.7583333333333333,-38.03736111111111,144.85105823708847,10.0,180.0,180.0,18,danger,danger,0.05000000000000008,56.99999999999999,synthetic,,,,
160.0,,own,999510000,OWN SHIP,0.0,0.4444444444444445,-38.04259259259259,144.85,10.0,0.0,0.0,1,,,,,synthetic,,,,
160.0,,target,999510301,HEAD ON,0.05000000000000006,0.7555555555555555,-38.03740740740741,144.85105823708847,10.0,180.0,180.0,18,danger,danger,0.05000000000000008,55.99999999999999,synthetic,,,,
161.0,,own,999510000,OWN SHIP,0.0,0.44722222222222224,-38.042546296296294,144.85,10.0,0.0,0.0,1,,,,,synthetic,,,,
161.0,,target,999510301,HEAD ON,0.05000000000000006,0.7527777777777778,-38.037453703703704,144.85105823708847,10.0,180.0,180.0,18,danger,danger,0.05000000000000008,55.0,synthetic,,,,
162.0,,own,999510000,OWN SHIP,0.0,0.45,-38.0425,144.85,10.0,0.0,0.0,1,,,,,synthetic,,,,
162.0,,target,999510301,HEAD ON,0.05000000000000006,0.75,-38.037499999999994,144.85105823708847,10.0,180.0,180.0,18,danger,danger,0.05000000000000008,54.0,synthetic,,,,
163.0,,own,999510000,OWN SHIP,0.0,0.4527777777777778,-38.0424537037037,144.85,10.0,0.0,0.0,1,,,,,synthetic,,,,
163.0,,target,999510301,HEAD ON,0.05000000000000006,0.7472222222222222,-38.03754629629629,144.85105823708847,10.0,180.0,180.0,18,danger,danger,0.05000000000000008,53.0,synthetic,,,,
164.0,,own,999510000,OWN SHIP,0.0,0.45555555555555555,-38.0424074074074,144.85,10.0,0.0,0.0,1,,,,,synthetic,,,,
164.0,,target,999510301,HEAD ON,0.05000000000000006,0.7444444444444445,-38.03759259259259,144.85105823708847,10.0,180.0,180.0,18,danger,danger,0.05000000000000008,52.0,synthetic,,,,
165.0,,own,999510000,OWN SHIP,0.0,0.45833333333333337,-38.042361111111106,144.85,10.0,0.0,0.0,1,,,,,synthetic,,,,
165.0,,target,999510301,HEAD ON,0.05000000000000006,0.7416666666666666,-38.037638888888885,144.85105823708847,10.0,180.0,180.0,18,danger,danger,0.05000000000000008,50.99999999999998,synthetic,,,,
166.0,,own,999510000,OWN SHIP,0.0,0.46111111111111114,-38.04231481481481,144.85,10.0,0.0,0.0,1,,,,,synthetic,,,,
166.0,,target,999510301,HEAD ON,0.05000000000000006,0.7388888888888888,-38.03768518518518,144.85105823708847,10.0,180.0,180.0,18,danger,danger,0.05000000000000007,49.99999999999998,synthetic,,,,
167.0,,own,999510000,OWN SHIP,0.0,0.4638888888888889,-38.04226851851852,144.85,10.0,0.0,0.0,1,,,,,synthetic,,,,
167.0,,target,999510301,HEAD ON,0.05000000000000006,0.736111111111111,-38.03773148148148,144.85105823708847,10.0,180.0,180.0,18,danger,danger,0.05000000000000007,48.999999999999986,synthetic,,,,
168.0,,own,999510000,OWN SHIP,0.0,0.4666666666666667,-38.04222222222222,144.85,10.0,0.0,0.0,1,,,,,synthetic,,,,
168.0,,target,999510301,HEAD ON,0.05000000000000006,0.7333333333333333,-38.03777777777778,144.85105823708847,10.0,180.0,180.0,18,danger,danger,0.05000000000000007,47.99999999999999,synthetic,,,,
169.0,,own,999510000,OWN SHIP,0.0,0.46944444444444444,-38.042175925925925,144.85,10.0,0.0,0.0,1,,,,,synthetic,,,,
169.0,,target,999510301,HEAD ON,0.05000000000000006,0.7305555555555555,-38.037824074074074,144.85105823708847,10.0,180.0,180.0,18,danger,danger,0.05000000000000007,46.99999999999999,synthetic,,,,
170.0,,own,999510000,OWN SHIP,0.0,0.47222222222222227,-38.04212962962963,144.85,10.0,0.0,0.0,1,,,,,synthetic,,,,
170.0,,target,999510301,HEAD ON,0.05000000000000006,0.7277777777777776,-38.03787037037037,144.85105823708847,10.0,180.0,180.0,18,danger,danger,0.05000000000000007,45.99999999999997,synthetic,,,,
171.0,,own,999510000,OWN SHIP,0.0,0.47500000000000003,-38.04208333333333,144.85,10.0,0.0,0.0,1,,,,,synthetic,,,,
171.0,,target,999510301,HEAD ON,0.05000000000000006,0.7249999999999999,-38.03791666666666,144.85105823708847,10.0,180.0,180.0,18,danger,danger,0.05000000000000007,44.99999999999997,synthetic,,,,
172.0,,own,999510000,OWN SHIP,0.0,0.4777777777777778,-38.04203703703703,144.85,10.0,0.0,0.0,1,,,,,synthetic,,,,
172.0,,target,999510301,HEAD ON,0.05000000000000006,0.7222222222222221,-38.03796296296296,144.85105823708847,10.0,180.0,180.0,18,danger,danger,0.05000000000000007,43.99999999999998,synthetic,,,,
173.0,,own,999510000,OWN SHIP,0.0,0.48055555555555557,-38.04199074074074,144.85,10.0,0.0,0.0,1,,,,,synthetic,,,,
173.0,,target,999510301,HEAD ON,0.05000000000000006,0.7194444444444443,-38.038009259259255,144.85105823708847,10.0,180.0,180.0,18,danger,danger,0.05000000000000007,42.99999999999998,synthetic,,,,
174.0,,own,999510000,OWN SHIP,0.0,0.48333333333333334,-38.04194444444444,144.85,10.0,0.0,0.0,1,,,,,synthetic,,,,
174.0,,target,999510301,HEAD ON,0.050000000000000065,0.7166666666666666,-38.03805555555555,144.85105823708847,10.0,180.0,180.0,18,danger,danger,0.05000000000000008,41.999999999999986,synthetic,,,,
175.0,,own,999510000,OWN SHIP,0.0,0.4861111111111111,-38.04189814814814,144.85,10.0,0.0,0.0,1,,,,,synthetic,,,,
175.0,,target,999510301,HEAD ON,0.050000000000000065,0.7138888888888888,-38.03810185185185,144.85105823708847,10.0,180.0,180.0,18,danger,danger,0.05000000000000008,40.999999999999986,synthetic,,,,
176.0,,own,999510000,OWN SHIP,0.0,0.48888888888888893,-38.04185185185185,144.85,10.0,0.0,0.0,1,,,,,synthetic,,,,
176.0,,target,999510301,HEAD ON,0.050000000000000065,0.711111111111111,-38.038148148148146,144.85105823708847,10.0,180.0,180.0,18,danger,danger,0.05000000000000008,39.99999999999998,synthetic,,,,
177.0,,own,999510000,OWN SHIP,0.0,0.4916666666666667,-38.041805555555555,144.85,10.0,0.0,0.0,1,,,,,synthetic,,,,
177.0,,target,999510301,HEAD ON,0.050000000000000065,0.7083333333333333,-38.03819444444444,144.85105823708847,10.0,180.0,180.0,18,danger,danger,0.05000000000000008,38.99999999999998,synthetic,,,,
178.0,,own,999510000,OWN SHIP,0.0,0.49444444444444446,-38.04175925925926,144.85,10.0,0.0,0.0,1,,,,,synthetic,,,,
178.0,,target,999510301,HEAD ON,0.050000000000000065,0.7055555555555555,-38.03824074074074,144.85105823708847,10.0,180.0,180.0,18,danger,danger,0.05000000000000008,37.999999999999986,synthetic,,,,
179.0,,own,999510000,OWN SHIP,0.0,0.49722222222222223,-38.04171296296296,144.85,10.0,0.0,0.0,1,,,,,synthetic,,,,
179.0,,target,999510301,HEAD ON,0.050000000000000065,0.7027777777777777,-38.03828703703704,144.85105823708847,10.0,180.0,180.0,18,danger,danger,0.05000000000000008,36.999999999999986,synthetic,,,,
180.0,,own,999510000,OWN SHIP,0.0,0.5,-38.041666666666664,144.85,10.0,0.0,0.0,1,,,,,synthetic,,,,
180.0,,target,999510301,HEAD ON,0.050000000000000065,0.7,-38.038333333333334,144.85105823708847,10.0,180.0,180.0,18,danger,danger,0.05000000000000008,35.99999999999999,synthetic,,,,
181.0,,own,999510000,OWN SHIP,0.0,0.5027777777777778,-38.04162037037037,144.85,10.0,0.0,0.0,1,,,,,synthetic,,,,
181.0,,target,999510301,HEAD ON,0.050000000000000065,0.6972222222222222,-38.038379629629624,144.85105823708847,10.0,180.0,180.0,18,danger,danger,0.05000000000000008,34.99999999999999,synthetic,,,,
182.0,,own,999510000,OWN SHIP,0.0,0.5055555555555555,-38.04157407407407,144.85,10.0,0.0,0.0,1,,,,,synthetic,,,,
182.0,,target,999510301,HEAD ON,0.050000000000000065,0.6944444444444444,-38.03842592592592,144.85105823708847,10.0,180.0,180.0,18,danger,danger,0.05000000000000008,34.0,synthetic,,,,
183.0,,own,999510000,OWN SHIP,0.0,0.5083333333333333,-38.04152777777777,144.85,10.0,0.0,0.0,1,,,,,synthetic,,,,
183.0,,target,999510301,HEAD ON,0.050000000000000065,0.6916666666666667,-38.03847222222222,144.85105823708847,10.0,180.0,180.0,18,danger,danger,0.05000000000000008,33.0,synthetic,,,,
184.0,,own,999510000,OWN SHIP,0.0,0.5111111111111112,-38.041481481481476,144.85,10.0,0.0,0.0,1,,,,,synthetic,,,,
184.0,,target,999510301,HEAD ON,0.050000000000000065,0.6888888888888888,-38.038518518518515,144.85105823708847,10.0,180.0,180.0,18,danger,danger,0.05000000000000008,31.999999999999964,synthetic,,,,
185.0,,own,999510000,OWN SHIP,0.0,0.513888888888889,-38.04143518518518,144.85,10.0,0.0,0.0,1,,,,,synthetic,,,,
185.0,,target,999510301,HEAD ON,0.050000000000000065,0.686111111111111,-38.03856481481481,144.85105823708847,10.0,180.0,180.0,18,danger,danger,0.05000000000000008,30.999999999999968,synthetic,,,,
186.0,,own,999510000,OWN SHIP,0.0,0.5166666666666667,-38.04138888888889,144.85,10.0,0.0,0.0,1,,,,,synthetic,,,,
186.0,,target,999510301,HEAD ON,0.050000000000000065,0.6833333333333332,-38.03861111111111,144.85105823708847,10.0,180.0,180.0,18,danger,danger,0.05000000000000007,29.99999999999997,synthetic,,,,
187.0,,own,999510000,OWN SHIP,0.0,0.5194444444444445,-38.04134259259259,144.85,10.0,0.0,0.0,1,,,,,synthetic,,,,
187.0,,target,999510301,HEAD ON,0.050000000000000065,0.6805555555555555,-38.038657407407406,144.85105823708847,10.0,180.0,180.0,18,danger,danger,0.05000000000000007,28.999999999999975,synthetic,,,,
188.0,,own,999510000,OWN SHIP,0.0,0.5222222222222223,-38.041296296296295,144.85,10.0,0.0,0.0,1,,,,,synthetic,,,,
188.0,,target,999510301,HEAD ON,0.050000000000000065,0.6777777777777777,-38.0387037037037,144.85105823708847,10.0,180.0,180.0,18,danger,danger,0.05000000000000007,27.99999999999998,synthetic,,,,
189.0,,own,999510000,OWN SHIP,0.0,0.525,-38.04125,144.85,10.0,0.0,0.0,1,,,,,synthetic,,,,
189.0,,target,999510301,HEAD ON,0.050000000000000065,0.6749999999999999,-38.03875,144.85105823708847,10.0,180.0,180.0,18,danger,danger,0.05000000000000007,26.999999999999982,synthetic,,,,
190.0,,own,999510000,OWN SHIP,0.0,0.5277777777777778,-38.0412037037037,144.85,10.0,0.0,0.0,1,,,,,synthetic,,,,
190.0,,target,999510301,HEAD ON,0.050000000000000065,0.6722222222222222,-38.03879629629629,144.85105823708847,10.0,180.0,180.0,18,danger,danger,0.05000000000000007,25.999999999999986,synthetic,,,,
191.0,,own,999510000,OWN SHIP,0.0,0.5305555555555556,-38.041157407407404,144.85,10.0,0.0,0.0,1,,,,,synthetic,,,,
191.0,,target,999510301,HEAD ON,0.050000000000000065,0.6694444444444444,-38.03884259259259,144.85105823708847,10.0,180.0,180.0,18,danger,danger,0.05000000000000007,24.99999999999999,synthetic,,,,
192.0,,own,999510000,OWN SHIP,0.0,0.5333333333333333,-38.04111111111111,144.85,10.0,0.0,0.0,1,,,,,synthetic,,,,
192.0,,target,999510301,HEAD ON,0.050000000000000065,0.6666666666666666,-38.038888888888884,144.85105823708847,10.0,180.0,180.0,18,danger,danger,0.05000000000000007,23.999999999999996,synthetic,,,,
193.0,,own,999510000,OWN SHIP,0.0,0.5361111111111111,-38.04106481481481,144.85,10.0,0.0,0.0,1,,,,,synthetic,,,,
193.0,,target,999510301,HEAD ON,0.050000000000000065,0.6638888888888889,-38.03893518518518,144.85105823708847,10.0,180.0,180.0,18,danger,danger,0.05000000000000007,23.0,synthetic,,,,
194.0,,own,999510000,OWN SHIP,0.0,0.5388888888888889,-38.04101851851851,144.85,10.0,0.0,0.0,1,,,,,synthetic,,,,
194.0,,target,999510301,HEAD ON,0.05000000000000007,0.6611111111111111,-38.03898148148148,144.85105823708847,10.0,180.0,180.0,18,danger,danger,0.05000000000000008,22.000000000000004,synthetic,,,,
195.0,,own,999510000,OWN SHIP,0.0,0.5416666666666667,-38.04097222222222,144.85,10.0,0.0,0.0,1,,,,,synthetic,,,,
195.0,,target,999510301,HEAD ON,0.05000000000000007,0.6583333333333332,-38.039027777777775,144.85105823708847,10.0,180.0,180.0,18,danger,danger,0.05000000000000008,20.999999999999968,synthetic,,,,
196.0,,own,999510000,OWN SHIP,0.0,0.5444444444444445,-38.040925925925926,144.85,10.0,0.0,0.0,1,,,,,synthetic,,,,
196.0,,target,999510301,HEAD ON,0.05000000000000007,0.6555555555555554,-38.03907407407407,144.85105823708847,10.0,180.0,180.0,18,danger,danger,0.05000000000000008,19.999999999999968,synthetic,,,,
197.0,,own,999510000,OWN SHIP,0.0,0.5472222222222223,-38.04087962962963,144.85,10.0,0.0,0.0,1,,,,,synthetic,,,,
197.0,,target,999510301,HEAD ON,0.05000000000000007,0.6527777777777777,-38.03912037037037,144.85105823708847,10.0,180.0,180.0,18,danger,danger,0.05000000000000008,18.99999999999997,synthetic,,,,
198.0,,own,999510000,OWN SHIP,0.0,0.55,-38.04083333333333,144.85,10.0,0.0,0.0,1,,,,,synthetic,,,,
198.0,,target,999510301,HEAD ON,0.05000000000000007,0.6499999999999999,-38.03916666666667,144.85105823708847,10.0,180.0,180.0,18,danger,danger,0.05000000000000008,17.999999999999975,synthetic,,,,
199.0,,own,999510000,OWN SHIP,0.0,0.5527777777777778,-38.040787037037035,144.85,10.0,0.0,0.0,1,,,,,synthetic,,,,
199.0,,target,999510301,HEAD ON,0.05000000000000007,0.6472222222222221,-38.039212962962964,144.85105823708847,10.0,180.0,180.0,18,danger,danger,0.05000000000000008,16.99999999999998,synthetic,,,,
200.0,,own,999510000,OWN SHIP,0.0,0.5555555555555556,-38.04074074074074,144.85,10.0,0.0,0.0,1,,,,,synthetic,,,,
200.0,,target,999510301,HEAD ON,0.05000000000000007,0.6444444444444444,-38.039259259259254,144.85105823708847,10.0,180.0,180.0,18,danger,danger,0.05000000000000008,15.999999999999982,synthetic,,,,
201.0,,own,999510000,OWN SHIP,0.0,0.5583333333333333,-38.04069444444444,144.85,10.0,0.0,0.0,1,,,,,synthetic,,,,
201.0,,target,999510301,HEAD ON,0.05000000000000007,0.6416666666666666,-38.03930555555555,144.85105823708847,10.0,180.0,180.0,18,danger,danger,0.05000000000000008,14.999999999999986,synthetic,,,,
202.0,,own,999510000,OWN SHIP,0.0,0.5611111111111111,-38.04064814814814,144.85,10.0,0.0,0.0,1,,,,,synthetic,,,,
202.0,,target,999510301,HEAD ON,0.05000000000000007,0.6388888888888888,-38.03935185185185,144.85105823708847,10.0,180.0,180.0,18,danger,danger,0.05000000000000008,13.99999999999999,synthetic,,,,
203.0,,own,999510000,OWN SHIP,0.0,0.5638888888888889,-38.04060185185185,144.85,10.0,0.0,0.0,1,,,,,synthetic,,,,
203.0,,target,999510301,HEAD ON,0.05000000000000007,0.6361111111111111,-38.039398148148145,144.85105823708847,10.0,180.0,180.0,18,danger,danger,0.05000000000000008,12.999999999999993,synthetic,,,,
204.0,,own,999510000,OWN SHIP,0.0,0.5666666666666667,-38.04055555555555,144.85,10.0,0.0,0.0,1,,,,,synthetic,,,,
204.0,,target,999510301,HEAD ON,0.05000000000000007,0.6333333333333333,-38.03944444444444,144.85105823708847,10.0,180.0,180.0,18,danger,danger,0.05000000000000008,11.999999999999998,synthetic,,,,
205.0,,own,999510000,OWN SHIP,0.0,0.5694444444444444,-38.04050925925926,144.85,10.0,0.0,0.0,1,,,,,synthetic,,,,
205.0,,target,999510301,HEAD ON,0.05000000000000007,0.6305555555555555,-38.03949074074074,144.85105823708847,10.0,180.0,180.0,18,danger,danger,0.05000000000000008,11.000000000000002,synthetic,,,,
206.0,,own,999510000,OWN SHIP,0.0,0.5722222222222223,-38.04046296296296,144.85,10.0,0.0,0.0,1,,,,,synthetic,,,,
206.0,,target,999510301,HEAD ON,0.05000000000000007,0.6277777777777777,-38.039537037037036,144.85105823708847,10.0,180.0,180.0,18,danger,danger,0.05000000000000007,9.999999999999964,synthetic,,,,
207.0,,own,999510000,OWN SHIP,0.0,0.5750000000000001,-38.040416666666665,144.85,10.0,0.0,0.0,1,,,,,synthetic,,,,
207.0,,target,999510301,HEAD ON,0.05000000000000007,0.6249999999999999,-38.03958333333333,144.85105823708847,10.0,180.0,180.0,18,danger,danger,0.05000000000000007,8.999999999999968,synthetic,,,,
208.0,,own,999510000,OWN SHIP,0.0,0.5777777777777778,-38.04037037037037,144.85,10.0,0.0,0.0,1,,,,,synthetic,,,,
208.0,,target,999510301,HEAD ON,0.05000000000000007,0.6222222222222221,-38.03962962962963,144.85105823708847,10.0,180.0,180.0,18,danger,danger,0.05000000000000007,7.999999999999972,synthetic,,,,
209.0,,own,999510000,OWN SHIP,0.0,0.5805555555555556,-38.04032407407407,144.85,10.0,0.0,0.0,1,,,,,synthetic,,,,
209.0,,target,999510301,HEAD ON,0.05000000000000007,0.6194444444444444,-38.03967592592592,144.85105823708847,10.0,180.0,180.0,18,danger,danger,0.05000000000000007,6.999999999999975,synthetic,,,,
210.0,,own,999510000,OWN SHIP,0.0,0.5833333333333334,-38.040277777777774,144.85,10.0,0.0,0.0,1,,,,,synthetic,,,,
210.0,,target,999510301,HEAD ON,0.05000000000000007,0.6166666666666666,-38.03972222222222,144.85105823708847,10.0,180.0,180.0,18,danger,danger,0.05000000000000007,5.999999999999978,synthetic,,,,
211.0,,own,999510000,OWN SHIP,0.0,0.5861111111111111,-38.04023148148148,144.85,10.0,0.0,0.0,1,,,,,synthetic,,,,
211.0,,target,999510301,HEAD ON,0.05000000000000007,0.6138888888888888,-38.039768518518514,144.85105823708847,10.0,180.0,180.0,18,danger,danger,0.05000000000000007,4.999999999999981,synthetic,,,,
212.0,,own,999510000,OWN SHIP,0.0,0.5888888888888889,-38.04018518518518,144.85,10.0,0.0,0.0,1,,,,,synthetic,,,,
212.0,,target,999510301,HEAD ON,0.05000000000000007,0.611111111111111,-38.03981481481481,144.85105823708847,10.0,180.0,180.0,18,danger,danger,0.05000000000000007,3.999999999999985,synthetic,,,,
213.0,,own,999510000,OWN SHIP,0.0,0.5916666666666667,-38.04013888888888,144.85,10.0,0.0,0.0,1,,,,,synthetic,,,,
213.0,,target,999510301,HEAD ON,0.05000000000000007,0.6083333333333333,-38.03986111111111,144.85105823708847,10.0,180.0,180.0,18,danger,danger,0.05000000000000007,2.999999999999989,synthetic,,,,
214.0,,own,999510000,OWN SHIP,0.0,0.5944444444444444,-38.04009259259259,144.85,10.0,0.0,0.0,1,,,,,synthetic,,,,
214.0,,target,999510301,HEAD ON,0.05000000000000007,0.6055555555555555,-38.039907407407405,144.85105823708847,10.0,180.0,180.0,18,danger,danger,0.05000000000000007,1.9999999999999925,synthetic,,,,
215.0,,own,999510000,OWN SHIP,0.0,0.5972222222222222,-38.040046296296296,144.85,10.0,0.0,0.0,1,,,,,synthetic,,,,
215.0,,target,999510301,HEAD ON,0.05000000000000008,0.6027777777777777,-38.0399537037037,144.85105823708847,10.0,180.0,180.0,18,danger,danger,0.05000000000000008,0.9999999999999958,synthetic,,,,
216.0,,own,999510000,OWN SHIP,0.0,0.6,-38.04,144.85,10.0,0.0,0.0,1,,,,,synthetic,,,,
216.0,,target,999510301,HEAD ON,0.05000000000000008,0.6,-38.04,144.85105823708847,10.0,180.0,180.0,18,danger,safe,0.05000000000000008,-5.510910596163098e-16,synthetic,,,,
217.0,,own,999510000,OWN SHIP,0.0,0.6027777777777777,-38.0399537037037,144.85,10.0,0.0,0.0,1,,,,,synthetic,,,,
217.0,,target,999510301,HEAD ON,0.05000000000000008,0.5972222222222222,-38.040046296296296,144.85105823708847,10.0,180.0,180.0,18,danger,safe,0.05000000000000008,-0.9999999999999971,synthetic,,,,
218.0,,own,999510000,OWN SHIP,0.0,0.6055555555555556,-38.039907407407405,144.85,10.0,0.0,0.0,1,,,,,synthetic,,,,
218.0,,target,999510301,HEAD ON,0.05000000000000008,0.5944444444444443,-38.04009259259259,144.85105823708847,10.0,180.0,180.0,18,danger,safe,0.05000000000000008,-2.0000000000000333,synthetic,,,,
219.0,,own,999510000,OWN SHIP,0.0,0.6083333333333334,-38.03986111111111,144.85,10.0,0.0,0.0,1,,,,,synthetic,,,,
219.0,,target,999510301,HEAD ON,0.05000000000000008,0.5916666666666666,-38.04013888888888,144.85105823708847,10.0,180.0,180.0,18,danger,safe,0.05000000000000008,-3.0000000000000298,synthetic,,,,
220.0,,own,999510000,OWN SHIP,0.0,0.6111111111111112,-38.03981481481481,144.85,10.0,0.0,0.0,1,,,,,synthetic,,,,
220.0,,target,999510301,HEAD ON,0.05000000000000008,0.5888888888888888,-38.04018518518518,144.85105823708847,10.0,180.0,180.0,18,danger,safe,0.05000000000000008,-4.000000000000027,synthetic,,,,
221.0,,own,999510000,OWN SHIP,0.0,0.6138888888888889,-38.039768518518514,144.85,10.0,0.0,0.0,1,,,,,synthetic,,,,
221.0,,target,999510301,HEAD ON,0.05000000000000008,0.586111111111111,-38.04023148148148,144.85105823708847,10.0,180.0,180.0,18,danger,safe,0.05000000000000008,-5.000000000000023,synthetic,,,,
222.0,,own,999510000,OWN SHIP,0.0,0.6166666666666667,-38.03972222222222,144.85,10.0,0.0,0.0,1,,,,,synthetic,,,,
222.0,,target,999510301,HEAD ON,0.05000000000000008,0.5833333333333333,-38.040277777777774,144.85105823708847,10.0,180.0,180.0,18,danger,safe,0.05000000000000008,-6.0000000000000195,synthetic,,,,
223.0,,own,999510000,OWN SHIP,0.0,0.6194444444444445,-38.03967592592592,144.85,10.0,0.0,0.0,1,,,,,synthetic,,,,
223.0,,target,999510301,HEAD ON,0.05000000000000008,0.5805555555555555,-38.04032407407407,144.85105823708847,10.0,180.0,180.0,18,danger,safe,0.05000000000000008,-7.000000000000016,synthetic,,,,
224.0,,own,999510000,OWN SHIP,0.0,0.6222222222222222,-38.03962962962963,144.85,10.0,0.0,0.0,1,,,,,synthetic,,,,
224.0,,target,999510301,HEAD ON,0.05000000000000008,0.5777777777777777,-38.04037037037037,144.85105823708847,10.0,180.0,180.0,18,danger,safe,0.05000000000000008,-8.000000000000012,synthetic,,,,
225.0,,own,999510000,OWN SHIP,0.0,0.625,-38.03958333333333,144.85,10.0,0.0,0.0,1,,,,,synthetic,,,,
225.0,,target,999510301,HEAD ON,0.05000000000000008,0.575,-38.040416666666665,144.85105823708847,10.0,180.0,180.0,18,danger,safe,0.05000000000000008,-9.000000000000009,synthetic,,,,
226.0,,own,999510000,OWN SHIP,0.0,0.6277777777777778,-38.039537037037036,144.85,10.0,0.0,0.0,1,,,,,synthetic,,,,
226.0,,target,999510301,HEAD ON,0.05000000000000008,0.5722222222222222,-38.04046296296296,144.85105823708847,10.0,180.0,180.0,18,danger,safe,0.05000000000000008,-10.000000000000005,synthetic,,,,
227.0,,own,999510000,OWN SHIP,0.0,0.6305555555555555,-38.03949074074074,144.85,10.0,0.0,0.0,1,,,,,synthetic,,,,
227.0,,target,999510301,HEAD ON,0.05000000000000008,0.5694444444444444,-38.04050925925926,144.85105823708847,10.0,180.0,180.0,18,danger,safe,0.05000000000000007,-11.000000000000002,synthetic,,,,
228.0,,own,999510000,OWN SHIP,0.0,0.6333333333333333,-38.03944444444444,144.85,10.0,0.0,0.0,1,,,,,synthetic,,,,
228.0,,target,999510301,HEAD ON,0.05000000000000008,0.5666666666666667,-38.04055555555555,144.85105823708847,10.0,180.0,180.0,18,danger,safe,0.05000000000000007,-11.999999999999998,synthetic,,,,
229.0,,own,999510000,OWN SHIP,0.0,0.6361111111111112,-38.039398148148145,144.85,10.0,0.0,0.0,1,,,,,synthetic,,,,
229.0,,target,999510301,HEAD ON,0.05000000000000008,0.5638888888888888,-38.04060185185185,144.85105823708847,10.0,180.0,180.0,18,danger,safe,0.05000000000000007,-13.000000000000034,synthetic,,,,
230.0,,own,999510000,OWN SHIP,0.0,0.638888888888889,-38.03935185185185,144.85,10.0,0.0,0.0,1,,,,,synthetic,,,,
230.0,,target,999510301,HEAD ON,0.05000000000000008,0.561111111111111,-38.04064814814814,144.85105823708847,10.0,180.0,180.0,18,danger,safe,0.05000000000000007,-14.00000000000003,synthetic,,,,
231.0,,own,999510000,OWN SHIP,0.0,0.6416666666666667,-38.03930555555555,144.85,10.0,0.0,0.0,1,,,,,synthetic,,,,
231.0,,target,999510301,HEAD ON,0.05000000000000008,0.5583333333333332,-38.04069444444444,144.85105823708847,10.0,180.0,180.0,18,danger,safe,0.05000000000000007,-15.000000000000027,synthetic,,,,
232.0,,own,999510000,OWN SHIP,0.0,0.6444444444444445,-38.039259259259254,144.85,10.0,0.0,0.0,1,,,,,synthetic,,,,
232.0,,target,999510301,HEAD ON,0.05000000000000008,0.5555555555555555,-38.04074074074074,144.85105823708847,10.0,180.0,180.0,18,danger,safe,0.05000000000000007,-16.000000000000025,synthetic,,,,
233.0,,own,999510000,OWN SHIP,0.0,0.6472222222222223,-38.039212962962964,144.85,10.0,0.0,0.0,1,,,,,synthetic,,,,
233.0,,target,999510301,HEAD ON,0.05000000000000008,0.5527777777777777,-38.040787037037035,144.85105823708847,10.0,180.0,180.0,18,danger,safe,0.05000000000000007,-17.00000000000002,synthetic,,,,
234.0,,own,999510000,OWN SHIP,0.0,0.65,-38.03916666666667,144.85,10.0,0.0,0.0,1,,,,,synthetic,,,,
234.0,,target,999510301,HEAD ON,0.05000000000000008,0.5499999999999999,-38.04083333333333,144.85105823708847,10.0,180.0,180.0,18,danger,safe,0.05000000000000007,-18.000000000000018,synthetic,,,,
235.0,,own,999510000,OWN SHIP,0.0,0.6527777777777778,-38.03912037037037,144.85,10.0,0.0,0.0,1,,,,,synthetic,,,,
235.0,,target,999510301,HEAD ON,0.050000000000000086,0.5472222222222222,-38.04087962962963,144.85105823708847,10.0,180.0,180.0,18,danger,safe,0.05000000000000008,-19.000000000000014,synthetic,,,,
236.0,,own,999510000,OWN SHIP,0.0,0.6555555555555556,-38.03907407407407,144.85,10.0,0.0,0.0,1,,,,,synthetic,,,,
236.0,,target,999510301,HEAD ON,0.050000000000000086,0.5444444444444444,-38.040925925925926,144.85105823708847,10.0,180.0,180.0,18,danger,safe,0.05000000000000008,-20.00000000000001,synthetic,,,,
237.0,,own,999510000,OWN SHIP,0.0,0.6583333333333333,-38.039027777777775,144.85,10.0,0.0,0.0,1,,,,,synthetic,,,,
237.0,,target,999510301,HEAD ON,0.050000000000000086,0.5416666666666666,-38.04097222222222,144.85105823708847,10.0,180.0,180.0,18,danger,safe,0.05000000000000008,-21.000000000000007,synthetic,,,,
238.0,,own,999510000,OWN SHIP,0.0,0.6611111111111111,-38.03898148148148,144.85,10.0,0.0,0.0,1,,,,,synthetic,,,,
238.0,,target,999510301,HEAD ON,0.050000000000000086,0.5388888888888889,-38.04101851851851,144.85105823708847,10.0,180.0,180.0,18,danger,safe,0.05000000000000008,-22.000000000000004,synthetic,,,,
239.0,,own,999510000,OWN SHIP,0.0,0.6638888888888889,-38.03893518518518,144.85,10.0,0.0,0.0,1,,,,,synthetic,,,,
239.0,,target,999510301,HEAD ON,0.050000000000000086,0.5361111111111111,-38.04106481481481,144.85105823708847,10.0,180.0,180.0,18,danger,safe,0.05000000000000008,-23.0,synthetic,,,,
240.0,,own,999510000,OWN SHIP,0.0,0.6666666666666667,-38.038888888888884,144.85,10.0,0.0,0.0,1,,,,,synthetic,,,,
240.0,,target,999510301,HEAD ON,0.050000000000000086,0.5333333333333332,-38.04111111111111,144.85105823708847,10.0,180.0,180.0,18,danger,safe,0.05000000000000008,-24.000000000000032,synthetic,,,,
241.0,,own,999510000,OWN SHIP,0.0,0.6694444444444445,-38.03884259259259,144.85,10.0,0.0,0.0,1,,,,,synthetic,,,,
241.0,,target,999510301,HEAD ON,0.050000000000000086,0.5305555555555554,-38.041157407407404,144.85105823708847,10.0,180.0,180.0,18,danger,safe,0.05000000000000008,-25.000000000000032,synthetic,,,,
242.0,,own,999510000,OWN SHIP,0.0,0.6722222222222223,-38.03879629629629,144.85,10.0,0.0,0.0,1,,,,,synthetic,,,,
242.0,,target,999510301,HEAD ON,0.050000000000000086,0.5277777777777777,-38.0412037037037,144.85105823708847,10.0,180.0,180.0,18,danger,safe,0.05000000000000008,-26.00000000000003,synthetic,,,,
243.0,,own,999510000,OWN SHIP,0.0,0.675,-38.03875,144.85,10.0,0.0,0.0,1,,,,,synthetic,,,,
243.0,,target,999510301,HEAD ON,0.050000000000000086,0.5249999999999999,-38.04125,144.85105823708847,10.0,180.0,180.0,18,danger,safe,0.05000000000000008,-27.000000000000025,synthetic,,,,
244.0,,own,999510000,OWN SHIP,0.0,0.6777777777777778,-38.0387037037037,144.85,10.0,0.0,0.0,1,,,,,synthetic,,,,
244.0,,target,999510301,HEAD ON,0.050000000000000086,0.5222222222222221,-38.041296296296295,144.85105823708847,10.0,180.0,180.0,18,danger,safe,0.05000000000000008,-28.00000000000002,synthetic,,,,
245.0,,own,999510000,OWN SHIP,0.0,0.6805555555555556,-38.038657407407406,144.85,10.0,0.0,0.0,1,,,,,synthetic,,,,
245.0,,target,999510301,HEAD ON,0.050000000000000086,0.5194444444444444,-38.04134259259259,144.85105823708847,10.0,180.0,180.0,18,danger,safe,0.05000000000000008,-29.000000000000018,synthetic,,,,
246.0,,own,999510000,OWN SHIP,0.0,0.6833333333333333,-38.03861111111111,144.85,10.0,0.0,0.0,1,,,,,synthetic,,,,
246.0,,target,999510301,HEAD ON,0.050000000000000086,0.5166666666666666,-38.04138888888889,144.85105823708847,10.0,180.0,180.0,18,danger,safe,0.05000000000000008,-30.000000000000014,synthetic,,,,
247.0,,own,999510000,OWN SHIP,0.0,0.6861111111111111,-38.03856481481481,144.85,10.0,0.0,0.0,1,,,,,synthetic,,,,
247.0,,target,999510301,HEAD ON,0.050000000000000086,0.5138888888888888,-38.04143518518518,144.85105823708847,10.0,180.0,180.0,18,danger,safe,0.05000000000000007,-31.00000000000001,synthetic,,,,
248.0,,own,999510000,OWN SHIP,0.0,0.6888888888888889,-38.038518518518515,144.85,10.0,0.0,0.0,1,,,,,synthetic,,,,
248.0,,target,999510301,HEAD ON,0.050000000000000086,0.5111111111111111,-38.041481481481476,144.85105823708847,10.0,180.0,180.0,18,danger,safe,0.05000000000000007,-32.00000000000001,synthetic,,,,
249.0,,own,999510000,OWN SHIP,0.0,0.6916666666666667,-38.03847222222222,144.85,10.0,0.0,0.0,1,,,,,synthetic,,,,
249.0,,target,999510301,HEAD ON,0.050000000000000086,0.5083333333333333,-38.04152777777777,144.85105823708847,10.0,180.0,180.0,18,danger,safe,0.05000000000000007,-33.0,synthetic,,,,
250.0,,own,999510000,OWN SHIP,0.0,0.6944444444444444,-38.03842592592592,144.85,10.0,0.0,0.0,1,,,,,synthetic,,,,
250.0,,target,999510301,HEAD ON,0.050000000000000086,0.5055555555555555,-38.04157407407407,144.85105823708847,10.0,180.0,180.0,18,danger,safe,0.05000000000000007,-34.0,synthetic,,,,
251.0,,own,999510000,OWN SHIP,0.0,0.6972222222222223,-38.038379629629624,144.85,10.0,0.0,0.0,1,,,,,synthetic,,,,
251.0,,target,999510301,HEAD ON,0.050000000000000086,0.5027777777777777,-38.04162037037037,144.85105823708847,10.0,180.0,180.0,18,danger,safe,0.05000000000000007,-35.000000000000036,synthetic,,,,
252.0,,own,999510000,OWN SHIP,0.0,0.7000000000000001,-38.038333333333334,144.85,10.0,0.0,0.0,1,,,,,synthetic,,,,
252.0,,target,999510301,HEAD ON,0.050000000000000086,0.4999999999999999,-38.041666666666664,144.85105823708847,10.0,180.0,180.0,18,danger,safe,0.05000000000000007,-36.000000000000036,synthetic,,,,
253.0,,own,999510000,OWN SHIP,0.0,0.7027777777777778,-38.03828703703704,144.85,10.0,0.0,0.0,1,,,,,synthetic,,,,
253.0,,target,999510301,HEAD ON,0.050000000000000086,0.4972222222222221,-38.04171296296296,144.85105823708847,10.0,180.0,180.0,18,danger,safe,0.05000000000000007,-37.00000000000003,synthetic,,,,
254.0,,own,999510000,OWN SHIP,0.0,0.7055555555555556,-38.03824074074074,144.85,10.0,0.0,0.0,1,,,,,synthetic,,,,
254.0,,target,999510301,HEAD ON,0.050000000000000086,0.49444444444444435,-38.04175925925926,144.85105823708847,10.0,180.0,180.0,18,danger,safe,0.05000000000000007,-38.00000000000003,synthetic,,,,
255.0,,own,999510000,OWN SHIP,0.0,0.7083333333333334,-38.03819444444444,144.85,10.0,0.0,0.0,1,,,,,synthetic,,,,
255.0,,target,999510301,HEAD ON,0.05000000000000009,0.4916666666666666,-38.041805555555555,144.85105823708847,10.0,180.0,180.0,18,danger,safe,0.05000000000000008,-39.00000000000002,synthetic,,,,
256.0,,own,999510000,OWN SHIP,0.0,0.7111111111111111,-38.038148148148146,144.85,10.0,0.0,0.0,1,,,,,synthetic,,,,
256.0,,target,999510301,HEAD ON,0.05000000000000009,0.4888888888888888,-38.04185185185185,144.85105823708847,10.0,180.0,180.0,18,danger,safe,0.05000000000000008,-40.00000000000002,synthetic,,,,
257.0,,own,999510000,OWN SHIP,0.0,0.7138888888888889,-38.03810185185185,144.85,10.0,0.0,0.0,1,,,,,synthetic,,,,
257.0,,target,999510301,HEAD ON,0.05000000000000009,0.48611111111111105,-38.04189814814814,144.85105823708847,10.0,180.0,180.0,18,danger,safe,0.05000000000000008,-41.000000000000014,synthetic,,,,
258.0,,own,999510000,OWN SHIP,0.0,0.7166666666666667,-38.03805555555555,144.85,10.0,0.0,0.0,1,,,,,synthetic,,,,
258.0,,target,999510301,HEAD ON,0.05000000000000009,0.4833333333333333,-38.04194444444444,144.85105823708847,10.0,180.0,180.0,18,danger,safe,0.05000000000000008,-42.000000000000014,synthetic,,,,
259.0,,own,999510000,OWN SHIP,0.0,0.7194444444444444,-38.038009259259255,144.85,10.0,0.0,0.0,1,,,,,synthetic,,,,
259.0,,target,999510301,HEAD ON,0.05000000000000009,0.4805555555555555,-38.04199074074074,144.85105823708847,10.0,180.0,180.0,18,danger,safe,0.05000000000000008,-43.00000000000001,synthetic,,,,
260.0,,own,999510000,OWN SHIP,0.0,0.7222222222222222,-38.03796296296296,144.85,10.0,0.0,0.0,1,,,,,synthetic,,,,
260.0,,target,999510301,HEAD ON,0.05000000000000009,0.47777777777777775,-38.04203703703703,144.85105823708847,10.0,180.0,180.0,18,danger,safe,0.05000000000000008,-44.00000000000001,synthetic,,,,
261.0,,own,999510000,OWN SHIP,0.0,0.725,-38.03791666666666,144.85,10.0,0.0,0.0,1,,,,,synthetic,,,,
261.0,,target,999510301,HEAD ON,0.05000000000000009,0.475,-38.04208333333333,144.85105823708847,10.0,180.0,180.0,18,danger,safe,0.05000000000000008,-45.0,synthetic,,,,
262.0,,own,999510000,OWN SHIP,0.0,0.7277777777777779,-38.03787037037037,144.85,10.0,0.0,0.0,1,,,,,synthetic,,,,
262.0,,target,999510301,HEAD ON,0.05000000000000009,0.4722222222222221,-38.04212962962963,144.85105823708847,10.0,180.0,180.0,18,danger,safe,0.05000000000000008,-46.00000000000004,synthetic,,,,
263.0,,own,999510000,OWN SHIP,0.0,0.7305555555555556,-38.037824074074074,144.85,10.0,0.0,0.0,1,,,,,synthetic,,,,
263.0,,target,999510301,HEAD ON,0.05000000000000009,0.46944444444444433,-38.042175925925925,144.85105823708847,10.0,180.0,180.0,18,danger,safe,0.05000000000000008,-47.000000000000036,synthetic,,,,
264.0,,own,999510000,OWN SHIP,0.0,0.7333333333333334,-38.03777777777778,144.85,10.0,0.0,0.0,1,,,,,synthetic,,,,
264.0,,target,999510301,HEAD ON,0.05000000000000009,0.46666666666666656,-38.04222222222222,144.85105823708847,10.0,180.0,180.0,18,danger,safe,0.05000000000000008,-48.00000000000003,synthetic,,,,
265.0,,own,999510000,OWN SHIP,0.0,0.7361111111111112,-38.03773148148148,144.85,10.0,0.0,0.0,1,,,,,synthetic,,,,
265.0,,target,999510301,HEAD ON,0.05000000000000009,0.4638888888888888,-38.04226851851852,144.85105823708847,10.0,180.0,180.0,18,danger,safe,0.05000000000000008,-49.00000000000003,synthetic,,,,
266.0,,own,999510000,OWN SHIP,0.0,0.7388888888888889,-38.03768518518518,144.85,10.0,0.0,0.0,1,,,,,synthetic,,,,
266.0,,target,999510301,HEAD ON,0.05000000000000009,0.461111111111111,-38.04231481481481,144.85105823708847,10.0,180.0,180.0,18,danger,safe,0.05000000000000008,-50.00000000000002,synthetic,,,,
267.0,,own,999510000,OWN SHIP,0.0,0.7416666666666667,-38.037638888888885,144.85,10.0,0.0,0.0,1,,,,,synthetic,,,,
267.0,,target,999510301,HEAD ON,0.05000000000000009,0.45833333333333326,-38.042361111111106,144.85105823708847,10.0,180.0,180.0,18,danger,safe,0.05000000000000007,-51.00000000000002,synthetic,,,,
268.0,,own,999510000,OWN SHIP,0.0,0.7444444444444445,-38.03759259259259,144.85,10.0,0.0,0.0,1,,,,,synthetic,,,,
268.0,,target,999510301,HEAD ON,0.05000000000000009,0.4555555555555555,-38.0424074074074,144.85105823708847,10.0,180.0,180.0,18,danger,safe,0.05000000000000007,-52.000000000000014,synthetic,,,,
269.0,,own,999510000,OWN SHIP,0.0,0.7472222222222222,-38.03754629629629,144.85,10.0,0.0,0.0,1,,,,,synthetic,,,,
269.0,,target,999510301,HEAD ON,0.05000000000000009,0.4527777777777777,-38.0424537037037,144.85105823708847,10.0,180.0,180.0,18,danger,safe,0.05000000000000007,-53.000000000000014,synthetic,,,,
270.0,,own,999510000,OWN SHIP,0.0,0.75,-38.037499999999994,144.85,10.0,0.0,0.0,1,,,,,synthetic,,,,
270.0,,target,999510301,HEAD ON,0.05000000000000009,0.44999999999999996,-38.0425,144.85105823708847,10.0,180.0,180.0,18,danger,safe,0.05000000000000007,-54.00000000000001,synthetic,,,,
271.0,,own,999510000,OWN SHIP,0.0,0.7527777777777778,-38.037453703703704,144.85,10.0,0.0,0.0,1,,,,,synthetic,,,,
271.0,,target,999510301,HEAD ON,0.05000000000000009,0.4472222222222222,-38.042546296296294,144.85105823708847,10.0,180.0,180.0,18,danger,safe,0.05000000000000007,-55.00000000000001,synthetic,,,,
272.0,,own,999510000,OWN SHIP,0.0,0.7555555555555555,-38.03740740740741,144.85,10.0,0.0,0.0,1,,,,,synthetic,,,,
272.0,,target,999510301,HEAD ON,0.05000000000000009,0.4444444444444444,-38.04259259259259,144.85105823708847,10.0,180.0,180.0,18,danger,safe,0.05000000000000007,-56.0,synthetic,,,,
273.0,,own,999510000,OWN SHIP,0.0,0.7583333333333334,-38.03736111111111,144.85,10.0,0.0,0.0,1,,,,,synthetic,,,,
273.0,,target,999510301,HEAD ON,0.05000000000000009,0.44166666666666654,-38.04263888888889,144.85105823708847,10.0,180.0,180.0,18,danger,safe,0.05000000000000007,-57.00000000000004,synthetic,,,,
274.0,,own,999510000,OWN SHIP,0.0,0.7611111111111112,-38.03731481481481,144.85,10.0,0.0,0.0,1,,,,,synthetic,,,,
274.0,,target,999510301,HEAD ON,0.05000000000000009,0.4388888888888888,-38.042685185185185,144.85105823708847,10.0,180.0,180.0,18,danger,safe,0.05000000000000007,-58.000000000000036,synthetic,,,,
275.0,,own,999510000,OWN SHIP,0.0,0.763888888888889,-38.037268518518516,144.85,10.0,0.0,0.0,1,,,,,synthetic,,,,
275.0,,target,999510301,HEAD ON,0.05000000000000009,0.436111111111111,-38.04273148148148,144.85105823708847,10.0,180.0,180.0,18,danger,safe,0.05000000000000007,-59.000000000000036,synthetic,,,,
276.0,,own,999510000,OWN SHIP,0.0,0.7666666666666667,-38.03722222222222,144.85,10.0,0.0,0.0,1,,,,,synthetic,,,,
276.0,,target,999510301,HEAD ON,0.0500000000000001,0.43333333333333324,-38.04277777777777,144.85105823708847,10.0,180.0,180.0,18,danger,safe,0.05000000000000008,-60.00000000000003,synthetic,,,,
277.0,,own,999510000,OWN SHIP,0.0,0.7694444444444445,-38.03717592592592,144.85,10.0,0.0,0.0,1,,,,,synthetic,,,,
277.0,,target,999510301,HEAD ON,0.0500000000000001,0.43055555555555547,-38.04282407407407,144.85105823708847,10.0,180.0,180.0,18,danger,safe,0.05000000000000008,-61.00000000000003,synthetic,,,,
278.0,,own,999510000,OWN SHIP,0.0,0.7722222222222223,-38.037129629629625,144.85,10.0,0.0,0.0,1,,,,,synthetic,,,,
278.0,,target,999510301,HEAD ON,0.0500000000000001,0.4277777777777777,-38.042870370370366,144.85105823708847,10.0,180.0,180.0,18,danger,safe,0.05000000000000008,-62.00000000000002,synthetic,,,,
279.0,,own,999510000,OWN SHIP,0.0,0.775,-38.03708333333333,144.85,10.0,0.0,0.0,1,,,,,synthetic,,,,
279.0,,target,999510301,HEAD ON,0.0500000000000001,0.42499999999999993,-38.04291666666666,144.85105823708847,10.0,180.0,180.0,18,danger,safe,0.05000000000000008,-63.00000000000002,synthetic,,,,
280.0,,own,999510000,OWN SHIP,0.0,0.7777777777777778,-38.03703703703703,144.85,10.0,0.0,0.0,1,,,,,synthetic,,,,
280.0,,target,999510301,HEAD ON,0.0500000000000001,0.42222222222222217,-38.04296296296296,144.85105823708847,10.0,180.0,180.0,18,danger,safe,0.05000000000000008,-64.00000000000001,synthetic,,,,
281.0,,own,999510000,OWN SHIP,0.0,0.7805555555555556,-38.03699074074074,144.85,10.0,0.0,0.0,1,,,,,synthetic,,,,
281.0,,target,999510301,HEAD ON,0.0500000000000001,0.4194444444444444,-38.04300925925926,144.85105823708847,10.0,180.0,180.0,18,danger,safe,0.05000000000000008,-65.0,synthetic,,,,
282.0,,own,999510000,OWN SHIP,0.0,0.7833333333333333,-38.036944444444444,144.85,10.0,0.0,0.0,1,,,,,synthetic,,,,
282.0,,target,999510301,HEAD ON,0.0500000000000001,0.41666666666666663,-38.043055555555554,144.85105823708847,10.0,180.0,180.0,18,danger,safe,0.05000000000000008,-66.0,synthetic,,,,
283.0,,own,999510000,OWN SHIP,0.0,0.7861111111111111,-38.03689814814815,144.85,10.0,0.0,0.0,1,,,,,synthetic,,,,
283.0,,target,999510301,HEAD ON,0.0500000000000001,0.41388888888888886,-38.04310185185185,144.85105823708847,10.0,180.0,180.0,18,danger,safe,0.05000000000000008,-67.0,synthetic,,,,
284.0,,own,999510000,OWN SHIP,0.0,0.788888888888889,-38.03685185185185,144.85,10.0,0.0,0.0,1,,,,,synthetic,,,,
284.0,,target,999510301,HEAD ON,0.0500000000000001,0.411111111111111,-38.04314814814815,144.85105823708847,10.0,180.0,180.0,18,danger,safe,0.05000000000000008,-68.00000000000004,synthetic,,,,
285.0,,own,999510000,OWN SHIP,0.0,0.7916666666666667,-38.03680555555555,144.85,10.0,0.0,0.0,1,,,,,synthetic,,,,
285.0,,target,999510301,HEAD ON,0.0500000000000001,0.4083333333333332,-38.04319444444444,144.85105823708847,10.0,180.0,180.0,18,danger,safe,0.05000000000000008,-69.00000000000003,synthetic,,,,
286.0,,own,999510000,OWN SHIP,0.0,0.7944444444444445,-38.036759259259256,144.85,10.0,0.0,0.0,1,,,,,synthetic,,,,
286.0,,target,999510301,HEAD ON,0.0500000000000001,0.40555555555555545,-38.043240740740735,144.85105823708847,10.0,180.0,180.0,18,danger,safe,0.05000000000000008,-70.00000000000003,synthetic,,,,
287.0,,own,999510000,OWN SHIP,0.0,0.7972222222222223,-38.03671296296296,144.85,10.0,0.0,0.0,1,,,,,synthetic,,,,
287.0,,target,999510301,HEAD ON,0.0500000000000001,0.4027777777777777,-38.04328703703703,144.85105823708847,10.0,180.0,180.0,18,danger,safe,0.05000000000000008,-71.00000000000003,synthetic,,,,
288.0,,own,999510000,OWN SHIP,0.0,0.8,-38.03666666666666,144.85,10.0,0.0,0.0,1,,,,,synthetic,,,,
288.0,,target,999510301,HEAD ON,0.0500000000000001,0.3999999999999999,-38.04333333333333,144.85105823708847,10.0,180.0,180.0,18,danger,safe,0.05000000000000007,-72.00000000000003,synthetic,,,,
289.0,,own,999510000,OWN SHIP,0.0,0.8027777777777778,-38.036620370370365,144.85,10.0,0.0,0.0,1,,,,,synthetic,,,,
289.0,,target,999510301,HEAD ON,0.0500000000000001,0.39722222222222214,-38.04337962962963,144.85105823708847,10.0,180.0,180.0,18,danger,safe,0.05000000000000007,-73.00000000000001,synthetic,,,,
290.0,,own,999510000,OWN SHIP,0.0,0.8055555555555556,-38.036574074074075,144.85,10.0,0.0,0.0,1,,,,,synthetic,,,,
290.0,,target,999510301,HEAD ON,0.0500000000000001,0.3944444444444444,-38.04342592592592,144.85105823708847,10.0,180.0,180.0,18,danger,safe,0.05000000000000007,-74.00000000000001,synthetic,,,,
291.0,,own,999510000,OWN SHIP,0.0,0.8083333333333333,-38.03652777777778,144.85,10.0,0.0,0.0,1,,,,,synthetic,,,,
291.0,,target,999510301,HEAD ON,0.0500000000000001,0.3916666666666666,-38.04347222222222,144.85105823708847,10.0,180.0,180.0,18,danger,safe,0.05000000000000007,-75.00000000000001,synthetic,,,,
292.0,,own,999510000,OWN SHIP,0.0,0.8111111111111111,-38.03648148148148,144.85,10.0,0.0,0.0,1,,,,,synthetic,,,,
292.0,,target,999510301,HEAD ON,0.0500000000000001,0.38888888888888884,-38.04351851851852,144.85105823708847,10.0,180.0,180.0,18,danger,safe,0.05000000000000007,-76.00000000000001,synthetic,,,,
293.0,,own,999510000,OWN SHIP,0.0,0.8138888888888889,-38.036435185185184,144.85,10.0,0.0,0.0,1,,,,,synthetic,,,,
293.0,,target,999510301,HEAD ON,0.0500000000000001,0.38611111111111107,-38.043564814814815,144.85105823708847,10.0,180.0,180.0,18,danger,safe,0.05000000000000007,-77.0,synthetic,,,,
294.0,,own,999510000,OWN SHIP,0.0,0.8166666666666667,-38.03638888888889,144.85,10.0,0.0,0.0,1,,,,,synthetic,,,,
294.0,,target,999510301,HEAD ON,0.0500000000000001,0.3833333333333333,-38.04361111111111,144.85105823708847,10.0,180.0,180.0,18,danger,safe,0.05000000000000007,-78.0,synthetic,,,,
295.0,,own,999510000,OWN SHIP,0.0,0.8194444444444445,-38.03634259259259,144.85,10.0,0.0,0.0,1,,,,,synthetic,,,,
295.0,,target,999510301,HEAD ON,0.0500000000000001,0.3805555555555554,-38.0436574074074,144.85105823708847,10.0,180.0,180.0,18,danger,safe,0.05000000000000007,-79.00000000000003,synthetic,,,,
296.0,,own,999510000,OWN SHIP,0.0,0.8222222222222223,-38.03629629629629,144.85,10.0,0.0,0.0,1,,,,,synthetic,,,,
296.0,,target,999510301,HEAD ON,0.05000000000000011,0.37777777777777766,-38.0437037037037,144.85105823708847,10.0,180.0,180.0,18,danger,safe,0.05000000000000008,-80.00000000000004,synthetic,,,,
297.0,,own,999510000,OWN SHIP,0.0,0.8250000000000001,-38.036249999999995,144.85,10.0,0.0,0.0,1,,,,,synthetic,,,,
297.0,,target,999510301,HEAD ON,0.05000000000000011,0.3749999999999999,-38.043749999999996,144.85105823708847,10.0,180.0,180.0,18,danger,safe,0.05000000000000008,-81.00000000000003,synthetic,,,,
298.0,,own,999510000,OWN SHIP,0.0,0.8277777777777778,-38.0362037037037,144.85,10.0,0.0,0.0,1,,,,,synthetic,,,,
298.0,,target,999510301,HEAD ON,0.05000000000000011,0.3722222222222221,-38.04379629629629,144.85105823708847,10.0,180.0,180.0,18,danger,safe,0.05000000000000008,-82.00000000000003,synthetic,,,,
299.0,,own,999510000,OWN SHIP,0.0,0.8305555555555556,-38.0361574074074,144.85,10.0,0.0,0.0,1,,,,,synthetic,,,,
299.0,,target,999510301,HEAD ON,0.05000000000000011,0.36944444444444435,-38.04384259259259,144.85105823708847,10.0,180.0,180.0,18,danger,safe,0.05000000000000008,-83.00000000000001,synthetic,,,,
300.0,,own,999510000,OWN SHIP,0.0,0.8333333333333334,-38.03611111111111,144.85,10.0,0.0,0.0,1,,,,,synthetic,,,,
300.0,,target,999510301,HEAD ON,0.05000000000000011,0.3666666666666666,-38.04388888888889,144.85105823708847,10.0,180.0,180.0,18,danger,safe,0.05000000000000008,-84.00000000000003,synthetic,,,,
301.0,,own,999510000,OWN SHIP,0.0,0.8361111111111111,-38.036064814814814,144.85,10.0,0.0,0.0,1,,,,,synthetic,,,,
301.0,,target,999510301,HEAD ON,0.05000000000000011,0.3638888888888888,-38.043935185185184,144.85105823708847,10.0,180.0,180.0,18,danger,safe,0.05000000000000008,-85.00000000000001,synthetic,,,,
302.0,,own,999510000,OWN SHIP,0.0,0.8388888888888889,-38.03601851851852,144.85,10.0,0.0,0.0,1,,,,,synthetic,,,,
302.0,,target,999510301,HEAD ON,0.05000000000000011,0.36111111111111105,-38.04398148148148,144.85105823708847,10.0,180.0,180.0,18,danger,safe,0.05000000000000008,-86.00000000000001,synthetic,,,,
303.0,,own,999510000,OWN SHIP,0.0,0.8416666666666667,-38.03597222222222,144.85,10.0,0.0,0.0,1,,,,,synthetic,,,,
303.0,,target,999510301,HEAD ON,0.05000000000000011,0.3583333333333333,-38.04402777777778,144.85105823708847,10.0,180.0,180.0,18,danger,safe,0.05000000000000008,-87.0,synthetic,,,,
304.0,,own,999510000,OWN SHIP,0.0,0.8444444444444444,-38.03592592592592,144.85,10.0,0.0,0.0,1,,,,,synthetic,,,,
304.0,,target,999510301,HEAD ON,0.05000000000000011,0.3555555555555555,-38.04407407407407,144.85105823708847,10.0,180.0,180.0,18,danger,safe,0.05000000000000008,-88.00000000000001,synthetic,,,,
305.0,,own,999510000,OWN SHIP,0.0,0.8472222222222222,-38.035879629629626,144.85,10.0,0.0,0.0,1,,,,,synthetic,,,,
305.0,,target,999510301,HEAD ON,0.05000000000000011,0.35277777777777775,-38.044120370370365,144.85105823708847,10.0,180.0,180.0,18,danger,safe,0.05000000000000008,-89.0,synthetic,,,,
306.0,,own,999510000,OWN SHIP,0.0,0.85,-38.03583333333333,144.85,10.0,0.0,0.0,1,,,,,synthetic,,,,
306.0,,target,999510301,HEAD ON,0.05000000000000011,0.35,-38.04416666666666,144.85105823708847,10.0,180.0,180.0,18,danger,safe,0.05000000000000008,-90.0,synthetic,,,,
307.0,,own,999510000,OWN SHIP,0.0,0.8527777777777779,-38.03578703703703,144.85,10.0,0.0,0.0,1,,,,,synthetic,,,,
307.0,,target,999510301,HEAD ON,0.05000000000000011,0.3472222222222221,-38.04421296296296,144.85105823708847,10.0,180.0,180.0,18,danger,safe,0.05000000000000008,-91.00000000000003,synthetic,,,,
308.0,,own,999510000,OWN SHIP,0.0,0.8555555555555556,-38.035740740740735,144.85,10.0,0.0,0.0,1,,,,,synthetic,,,,
308.0,,target,999510301,HEAD ON,0.05000000000000011,0.34444444444444433,-38.044259259259256,144.85105823708847,10.0,180.0,180.0,18,danger,safe,0.05000000000000007,-92.00000000000004,synthetic,,,,
309.0,,own,999510000,OWN SHIP,0.0,0.8583333333333334,-38.035694444444445,144.85,10.0,0.0,0.0,1,,,,,synthetic,,,,
309.0,,target,999510301,HEAD ON,0.05000000000000011,0.34166666666666656,-38.04430555555555,144.85105823708847,10.0,180.0,180.0,18,danger,safe,0.05000000000000007,-93.00000000000003,synthetic,,,,
310.0,,own,999510000,OWN SHIP,0.0,0.8611111111111112,-38.03564814814815,144.85,10.0,0.0,0.0,1,,,,,synthetic,,,,
310.0,,target,999510301,HEAD ON,0.05000000000000011,0.3388888888888888,-38.04435185185185,144.85105823708847,10.0,180.0,180.0,18,danger,safe,0.05000000000000007,-94.00000000000003,synthetic,,,,
311.0,,own,999510000,OWN SHIP,0.0,0.8638888888888889,-38.03560185185185,144.85,10.0,0.0,0.0,1,,,,,synthetic,,,,
311.0,,target,999510301,HEAD ON,0.05000000000000011,0.336111111111111,-38.04439814814815,144.85105823708847,10.0,180.0,180.0,18,danger,safe,0.05000000000000007,-95.00000000000001,synthetic,,,,
312.0,,own,999510000,OWN SHIP,0.0,0.8666666666666667,-38.035555555555554,144.85,10.0,0.0,0.0,1,,,,,synthetic,,,,
312.0,,target,999510301,HEAD ON,0.05000000000000011,0.33333333333333326,-38.044444444444444,144.85105823708847,10.0,180.0,180.0,18,danger,safe,0.05000000000000007,-96.00000000000001,synthetic,,,,
313.0,,own,999510000,OWN SHIP,0.0,0.8694444444444445,-38.03550925925926,144.85,10.0,0.0,0.0,1,,,,,synthetic,,,,
313.0,,target,999510301,HEAD ON,0.05000000000000011,0.3305555555555555,-38.04449074074074,144.85105823708847,10.0,180.0,180.0,18,danger,safe,0.05000000000000007,-97.00000000000001,synthetic,,,,
314.0,,own,999510000,OWN SHIP,0.0,0.8722222222222222,-38.03546296296296,144.85,10.0,0.0,0.0,1,,,,,synthetic,,,,
314.0,,target,999510301,HEAD ON,0.05000000000000011,0.3277777777777777,-38.04453703703703,144.85105823708847,10.0,180.0,180.0,18,danger,safe,0.05000000000000007,-98.00000000000001,synthetic,,,,
315.0,,own,999510000,OWN SHIP,0.0,0.875,-38.03541666666666,144.85,10.0,0.0,0.0,1,,,,,synthetic,,,,
315.0,,target,999510301,HEAD ON,0.05000000000000011,0.32499999999999996,-38.04458333333333,144.85105823708847,10.0,180.0,180.0,18,danger,safe,0.05000000000000007,-99.0,synthetic,,,,
316.0,,own,999510000,OWN SHIP,0.0,0.8777777777777778,-38.035370370370366,144.85,10.0,0.0,0.0,1,,,,,synthetic,,,,
316.0,,target,999510301,HEAD ON,0.05000000000000011,0.3222222222222222,-38.044629629629625,144.85105823708847,10.0,180.0,180.0,18,danger,safe,0.05000000000000007,-100.0,synthetic,,,,
317.0,,own,999510000,OWN SHIP,0.0,0.8805555555555555,-38.03532407407407,144.85,10.0,0.0,0.0,1,,,,,synthetic,,,,
317.0,,target,999510301,HEAD ON,0.050000000000000114,0.3194444444444444,-38.04467592592592,144.85105823708847,10.0,180.0,180.0,18,danger,safe,0.05000000000000008,-101.0,synthetic,,,,
318.0,,own,999510000,OWN SHIP,0.0,0.8833333333333334,-38.03527777777777,144.85,10.0,0.0,0.0,1,,,,,synthetic,,,,
318.0,,target,999510301,HEAD ON,0.050000000000000114,0.31666666666666654,-38.04472222222222,144.85105823708847,10.0,180.0,180.0,18,danger,safe,0.05000000000000008,-102.00000000000004,synthetic,,,,
319.0,,own,999510000,OWN SHIP,0.0,0.8861111111111112,-38.03523148148148,144.85,10.0,0.0,0.0,1,,,,,synthetic,,,,
319.0,,target,999510301,HEAD ON,0.050000000000000114,0.3138888888888888,-38.04476851851852,144.85105823708847,10.0,180.0,180.0,18,danger,safe,0.05000000000000008,-103.00000000000003,synthetic,,,,
320.0,,own,999510000,OWN SHIP,0.0,0.888888888888889,-38.035185185185185,144.85,10.0,0.0,0.0,1,,,,,synthetic,,,,
320.0,,target,999510301,HEAD ON,0.050000000000000114,0.311111111111111,-38.04481481481481,144.85105823708847,10.0,180.0,180.0,18,danger,safe,0.05000000000000008,-104.00000000000003,synthetic,,,,
321.0,,own,999510000,OWN SHIP,0.0,0.8916666666666667,-38.03513888888889,144.85,10.0,0.0,0.0,1,,,,,synthetic,,,,
321.0,,target,999510301,HEAD ON,0.050000000000000114,0.30833333333333324,-38.04486111111111,144.85105823708847,10.0,180.0,180.0,18,danger,safe,0.05000000000000008,-105.00000000000003,synthetic,,,,
322.0,,own,999510000,OWN SHIP,0.0,0.8944444444444445,-38.03509259259259,144.85,10.0,0.0,0.0,1,,,,,synthetic,,,,
322.0,,target,999510301,HEAD ON,0.050000000000000114,0.30555555555555547,-38.04490740740741,144.85105823708847,10.0,180.0,180.0,18,danger,safe,0.05000000000000008,-106.00000000000003,synthetic,,,,
323.0,,own,999510000,OWN SHIP,0.0,0.8972222222222223,-38.035046296296294,144.85,10.0,0.0,0.0,1,,,,,synthetic,,,,
323.0,,target,999510301,HEAD ON,0.050000000000000114,0.3027777777777777,-38.0449537037037,144.85105823708847,10.0,180.0,180.0,18,danger,safe,0.05000000000000008,-107.00000000000001,synthetic,,,,
324.0,,own,999510000,OWN SHIP,0.0,0.9,-38.035,144.85,10.0,0.0,0.0,1,,,,,synthetic,,,,
324.0,,target,999510301,HEAD ON,0.050000000000000114,0.29999999999999993,-38.044999999999995,144.85105823708847,10.0,180.0,180.0,18,danger,safe,0.05000000000000008,-108.00000000000001,synthetic,,,,
325.0,,own,999510000,OWN SHIP,0.0,0.9027777777777778,-38.0349537037037,144.85,10.0,0.0,0.0,1,,,,,synthetic,,,,
325.0,,target,999510301,HEAD ON,0.050000000000000114,0.29722222222222217,-38.04504629629629,144.85105823708847,10.0,180.0,180.0,18,danger,safe,0.05000000000000008,-109.00000000000001,synthetic,,,,
326.0,,own,999510000,OWN SHIP,0.0,0.9055555555555556,-38.0349074074074,144.85,10.0,0.0,0.0,1,,,,,synthetic,,,,
326.0,,target,999510301,HEAD ON,0.050000000000000114,0.2944444444444444,-38.04509259259259,144.85105823708847,10.0,180.0,180.0,18,danger,safe,0.05000000000000008,-110.00000000000001,synthetic,,,,
327.0,,own,999510000,OWN SHIP,0.0,0.9083333333333333,-38.034861111111105,144.85,10.0,0.0,0.0,1,,,,,synthetic,,,,
327.0,,target,999510301,HEAD ON,0.050000000000000114,0.29166666666666663,-38.045138888888886,144.85105823708847,10.0,180.0,180.0,18,danger,safe,0.05000000000000008,-111.0,synthetic,,,,
328.0,,own,999510000,OWN SHIP,0.0,0.9111111111111111,-38.034814814814816,144.85,10.0,0.0,0.0,1,,,,,synthetic,,,,
328.0,,target,999510301,HEAD ON,0.050000000000000114,0.28888888888888886,-38.04518518518518,144.85105823708847,10.0,180.0,180.0,18,danger,safe,0.05000000000000008,-112.0,synthetic,,,,
329.0,,own,999510000,OWN SHIP,0.0,0.913888888888889,-38.03476851851852,144.85,10.0,0.0,0.0,1,,,,,synthetic,,,,
329.0,,target,999510301,HEAD ON,0.050000000000000114,0.286111111111111,-38.04523148148148,144.85105823708847,10.0,180.0,180.0,18,danger,safe,0.05000000000000007,-113.00000000000003,synthetic,,,,
330.0,,own,999510000,OWN SHIP,0.0,0.9166666666666667,-38.03472222222222,144.85,10.0,0.0,0.0,1,,,,,synthetic,,,,
330.0,,target,999510301,HEAD ON,0.050000000000000114,0.2833333333333332,-38.04527777777778,144.85105823708847,10.0,180.0,180.0,18,danger,safe,0.05000000000000007,-114.00000000000004,synthetic,,,,
331.0,,own,999510000,OWN SHIP,0.0,0.9194444444444445,-38.034675925925924,144.85,10.0,0.0,0.0,1,,,,,synthetic,,,,
331.0,,target,999510301,HEAD ON,0.050000000000000114,0.28055555555555545,-38.045324074074074,144.85105823708847,10.0,180.0,180.0,18,danger,safe,0.05000000000000007,-115.00000000000003,synthetic,,,,
332.0,,own,999510000,OWN SHIP,0.0,0.9222222222222223,-38.03462962962963,144.85,10.0,0.0,0.0,1,,,,,synthetic,,,,
332.0,,target,999510301,HEAD ON,0.050000000000000114,0.2777777777777777,-38.04537037037037,144.85105823708847,10.0,180.0,180.0,18,danger,safe,0.05000000000000007,-116.00000000000003,synthetic,,,,
333.0,,own,999510000,OWN SHIP,0.0,0.925,-38.03458333333333,144.85,10.0,0.0,0.0,1,,,,,synthetic,,,,
333.0,,target,999510301,HEAD ON,0.050000000000000114,0.2749999999999999,-38.04541666666666,144.85105823708847,10.0,180.0,180.0,18,danger,safe,0.05000000000000007,-117.00000000000001,synthetic,,,,
334.0,,own,999510000,OWN SHIP,0.0,0.9277777777777778,-38.03453703703703,144.85,10.0,0.0,0.0,1,,,,,synthetic,,,,
334.0,,target,999510301,HEAD ON,0.050000000000000114,0.27222222222222214,-38.04546296296296,144.85105823708847,10.0,180.0,180.0,18,danger,safe,0.05000000000000007,-118.00000000000003,synthetic,,,,
335.0,,own,999510000,OWN SHIP,0.0,0.9305555555555556,-38.034490740740736,144.85,10.0,0.0,0.0,1,,,,,synthetic,,,,
335.0,,target,999510301,HEAD ON,0.050000000000000114,0.2694444444444444,-38.045509259259255,144.85105823708847,10.0,180.0,180.0,18,danger,safe,0.05000000000000007,-119.00000000000001,synthetic,,,,
336.0,,own,999510000,OWN SHIP,0.0,0.9333333333333333,-38.03444444444444,144.85,10.0,0.0,0.0,1,,,,,synthetic,,,,
336.0,,target,999510301,HEAD ON,0.050000000000000114,0.2666666666666666,-38.04555555555555,144.85105823708847,10.0,180.0,180.0,18,danger,safe,0.05000000000000007,-120.00000000000001,synthetic,,,,
337.0,,own,999510000,OWN SHIP,0.0,0.9361111111111111,-38.03439814814814,144.85,10.0,0.0,0.0,1,,,,,synthetic,,,,
337.0,,target,999510301,HEAD ON,0.05000000000000012,0.26388888888888884,-38.04560185185185,144.85105823708847,10.0,180.0,180.0,18,danger,safe,0.05000000000000008,-121.0,synthetic,,,,
338.0,,own,999510000,OWN SHIP,0.0,0.9388888888888889,-38.03435185185185,144.85,10.0,0.0,0.0,1,,,,,synthetic,,,,
338.0,,target,999510301,HEAD ON,0.05000000000000012,0.26111111111111107,-38.045648148148146,144.85105823708847,10.0,180.0,180.0,18,danger,safe,0.05000000000000008,-122.00000000000001,synthetic,,,,
339.0,,own,999510000,OWN SHIP,0.0,0.9416666666666667,-38.034305555555555,144.85,10.0,0.0,0.0,1,,,,,synthetic,,,,
339.0,,target,999510301,HEAD ON,0.05000000000000012,0.2583333333333333,-38.04569444444444,144.85105823708847,10.0,180.0,180.0,18,danger,safe,0.05000000000000008,-123.0,synthetic,,,,
340.0,,own,999510000,OWN SHIP,0.0,0.9444444444444445,-38.03425925925926,144.85,10.0,0.0,0.0,1,,,,,synthetic,,,,
340.0,,target,999510301,HEAD ON,0.05000000000000012,0.2555555555555554,-38.04574074074074,144.85105823708847,10.0,180.0,180.0,18,danger,safe,0.05000000000000008,-124.00000000000004,synthetic,,,,
341.0,,own,999510000,OWN SHIP,0.0,0.9472222222222223,-38.03421296296296,144.85,10.0,0.0,0.0,1,,,,,synthetic,,,,
341.0,,target,999510301,HEAD ON,0.05000000000000012,0.25277777777777766,-38.04578703703704,144.85105823708847,10.0,180.0,180.0,18,danger,safe,0.05000000000000008,-125.00000000000003,synthetic,,,,
342.0,,own,999510000,OWN SHIP,0.0,0.9500000000000001,-38.034166666666664,144.85,10.0,0.0,0.0,1,,,,,synthetic,,,,
342.0,,target,999510301,HEAD ON,0.05000000000000012,0.2499999999999999,-38.04583333333333,144.85105823708847,10.0,180.0,180.0,18,danger,safe,0.05000000000000008,-126.00000000000004,synthetic,,,,
343.0,,own,999510000,OWN SHIP,0.0,0.9527777777777778,-38.03412037037037,144.85,10.0,0.0,0.0,1,,,,,synthetic,,,,
343.0,,target,999510301,HEAD ON,0.05000000000000012,0.24722222222222212,-38.045879629629624,144.85105823708847,10.0,180.0,180.0,18,danger,safe,0.05000000000000008,-127.00000000000003,synthetic,,,,
344.0,,own,999510000,OWN SHIP,0.0,0.9555555555555556,-38.03407407407407,144.85,10.0,0.0,0.0,1,,,,,synthetic,,,,
344.0,,target,999510301,HEAD ON,0.05000000000000012,0.24444444444444435,-38.04592592592592,144.85105823708847,10.0,180.0,180.0,18,danger,safe,0.05000000000000008,-128.00000000000003,synthetic,,,,
345.0,,own,999510000,OWN SHIP,0.0,0.9583333333333334,-38.03402777777777,144.85,10.0,0.0,0.0,1,,,,,synthetic,,,,
345.0,,target,999510301,HEAD ON,0.05000000000000012,0.24166666666666659,-38.04597222222222,144.85105823708847,10.0,180.0,180.0,18,danger,safe,0.05000000000000008,-129.00000000000003,synthetic,,,,
346.0,,own,999510000,OWN SHIP,0.0,0.9611111111111111,-38.033981481481476,144.85,10.0,0.0,0.0,1,,,,,synthetic,,,,
346.0,,target,999510301,HEAD ON,0.05000000000000012,0.23888888888888882,-38.046018518518515,144.85105823708847,10.0,180.0,180.0,18,danger,safe,0.05000000000000008,-130.0,synthetic,,,,
347.0,,own,999510000,OWN SHIP,0.0,0.9638888888888889,-38.03393518518518,144.85,10.0,0.0,0.0,1,,,,,synthetic,,,,
347.0,,target,999510301,HEAD ON,0.05000000000000012,0.23611111111111105,-38.04606481481481,144.85105823708847,10.0,180.0,180.0,18,danger,safe,0.05000000000000008,-131.0,synthetic,,,,
348.0,,own,999510000,OWN SHIP,0.0,0.9666666666666667,-38.03388888888889,144.85,10.0,0.0,0.0,1,,,,,synthetic,,,,
348.0,,target,999510301,HEAD ON,0.05000000000000012,0.23333333333333328,-38.04611111111111,144.85105823708847,10.0,180.0,180.0,18,danger,safe,0.05000000000000008,-132.0,synthetic,,,,
349.0,,own,999510000,OWN SHIP,0.0,0.9694444444444444,-38.03384259259259,144.85,10.0,0.0,0.0,1,,,,,synthetic,,,,
349.0,,target,999510301,HEAD ON,0.05000000000000012,0.2305555555555555,-38.04615740740741,144.85105823708847,10.0,180.0,180.0,18,danger,safe,0.05000000000000007,-133.00000000000003,synthetic,,,,
350.0,,own,999510000,OWN SHIP,0.0,0.9722222222222222,-38.033796296296295,144.85,10.0,0.0,0.0,1,,,,,synthetic,,,,
350.0,,target,999510301,HEAD ON,0.05000000000000012,0.22777777777777775,-38.0462037037037,144.85105823708847,10.0,180.0,180.0,18,danger,safe,0.05000000000000007,-134.0,synthetic,,,,
351.0,,own,999510000,OWN SHIP,0.0,0.9750000000000001,-38.03375,144.85,10.0,0.0,0.0,1,,,,,synthetic,,,,
351.0,,target,999510301,HEAD ON,0.05000000000000012,0.22499999999999987,-38.04625,144.85105823708847,10.0,180.0,180.0,18,danger,safe,0.05000000000000007,-135.00000000000006,synthetic,,,,
352.0,,own,999510000,OWN SHIP,0.0,0.9777777777777779,-38.0337037037037,144.85,10.0,0.0,0.0,1,,,,,synthetic,,,,
352.0,,target,999510301,HEAD ON,0.05000000000000012,0.2222222222222221,-38.04629629629629,144.85105823708847,10.0,180.0,180.0,18,danger,safe,0.05000000000000007,-136.00000000000003,synthetic,,,,
353.0,,own,999510000,OWN SHIP,0.0,0.9805555555555556,-38.033657407407404,144.85,10.0,0.0,0.0,1,,,,,synthetic,,,,
353.0,,target,999510301,HEAD ON,0.05000000000000012,0.21944444444444433,-38.04634259259259,144.85105823708847,10.0,180.0,180.0,18,danger,safe,0.05000000000000007,-137.00000000000003,synthetic,,,,
354.0,,own,999510000,OWN SHIP,0.0,0.9833333333333334,-38.03361111111111,144.85,10.0,0.0,0.0,1,,,,,synthetic,,,,
354.0,,target,999510301,HEAD ON,0.05000000000000012,0.21666666666666656,-38.046388888888885,144.85105823708847,10.0,180.0,180.0,18,danger,safe,0.05000000000000007,-138.00000000000003,synthetic,,,,
355.0,,own,999510000,OWN SHIP,0.0,0.9861111111111112,-38.03356481481481,144.85,10.0,0.0,0.0,1,,,,,synthetic,,,,
355.0,,target,999510301,HEAD ON,0.05000000000000012,0.2138888888888888,-38.04643518518518,144.85105823708847,10.0,180.0,180.0,18,danger,safe,0.05000000000000007,-139.00000000000003,synthetic,,,,
356.0,,own,999510000,OWN SHIP,0.0,0.9888888888888889,-38.03351851851851,144.85,10.0,0.0,0.0,1,,,,,synthetic,,,,
356.0,,target,999510301,HEAD ON,0.05000000000000012,0.21111111111111103,-38.04648148148148,144.85105823708847,10.0,180.0,180.0,18,danger,safe,0.05000000000000007,-140.0,synthetic,,,,
357.0,,own,999510000,OWN SHIP,0.0,0.9916666666666667,-38.03347222222222,144.85,10.0,0.0,0.0,1,,,,,synthetic,,,,
357.0,,target,999510301,HEAD ON,0.05000000000000013,0.20833333333333326,-38.046527777777776,144.85105823708847,10.0,180.0,180.0,18,danger,safe,0.05000000000000008,-141.00000000000003,synthetic,,,,
358.0,,own,999510000,OWN SHIP,0.0,0.9944444444444445,-38.033425925925926,144.85,10.0,0.0,0.0,1,,,,,synthetic,,,,
358.0,,target,999510301,HEAD ON,0.05000000000000013,0.2055555555555555,-38.04657407407407,144.85105823708847,10.0,180.0,180.0,18,danger,safe,0.05000000000000008,-142.00000000000003,synthetic,,,,
359.0,,own,999510000,OWN SHIP,0.0,0.9972222222222222,-38.03337962962963,144.85,10.0,0.0,0.0,1,,,,,synthetic,,,,
359.0,,target,999510301,HEAD ON,0.05000000000000013,0.20277777777777772,-38.04662037037037,144.85105823708847,10.0,180.0,180.0,18,danger,safe,0.05000000000000008,-143.00000000000003,synthetic,,,,
360.0,,own,999510000,OWN SHIP,0.0,1.0,-38.03333333333333,144.85,10.0,0.0,0.0,1,,,,,synthetic,,,,
360.0,,target,999510301,HEAD ON,0.05000000000000013,0.19999999999999996,-38.04666666666667,144.85105823708847,10.0,180.0,180.0,18,danger,safe,0.05000000000000008,-144.0,synthetic,,,,
361.0,,own,999510000,OWN SHIP,0.0,1.0027777777777778,-38.033287037037034,144.85,10.0,0.0,0.0,1,,,,,synthetic,,,,
361.0,,target,999510301,HEAD ON,0.05000000000000013,0.1972222222222222,-38.04671296296296,144.85105823708847,10.0,180.0,180.0,18,danger,safe,0.05000000000000008,-145.0,synthetic,,,,
362.0,,own,999510000,OWN SHIP,0.0,1.0055555555555555,-38.03324074074074,144.85,10.0,0.0,0.0,1,,,,,synthetic,,,,
362.0,,target,999510301,HEAD ON,0.05000000000000013,0.19444444444444442,-38.046759259259254,144.85105823708847,10.0,180.0,180.0,18,danger,safe,0.05000000000000008,-146.0,synthetic,,,,
363.0,,own,999510000,OWN SHIP,0.0,1.0083333333333333,-38.03319444444444,144.85,10.0,0.0,0.0,1,,,,,synthetic,,,,
363.0,,target,999510301,HEAD ON,0.05000000000000013,0.19166666666666665,-38.04680555555555,144.85105823708847,10.0,180.0,180.0,18,danger,safe,0.05000000000000008,-147.0,synthetic,,,,
364.0,,own,999510000,OWN SHIP,0.0,1.011111111111111,-38.03314814814814,144.85,10.0,0.0,0.0,1,,,,,synthetic,,,,
364.0,,target,999510301,HEAD ON,0.05000000000000013,0.18888888888888888,-38.04685185185185,144.85105823708847,10.0,180.0,180.0,18,danger,safe,0.05000000000000008,-148.0,synthetic,,,,
365.0,,own,999510000,OWN SHIP,0.0,1.0138888888888888,-38.033101851851846,144.85,10.0,0.0,0.0,1,,,,,synthetic,,,,
365.0,,target,999510301,HEAD ON,0.05000000000000013,0.18611111111111112,-38.046898148148145,144.85105823708847,10.0,180.0,180.0,18,danger,safe,0.05000000000000008,-148.99999999999997,synthetic,,,,
366.0,,own,999510000,OWN SHIP,0.0,1.0166666666666666,-38.03305555555555,144.85,10.0,0.0,0.0,1,,,,,synthetic,,,,
366.0,,target,999510301,HEAD ON,0.05000000000000013,0.18333333333333335,-38.04694444444444,144.85105823708847,10.0,180.0,180.0,18,danger,safe,0.05000000000000008,-150.0,synthetic,,,,
367.0,,own,999510000,OWN SHIP,0.0,1.0194444444444444,-38.03300925925926,144.85,10.0,0.0,0.0,1,,,,,synthetic,,,,
367.0,,target,999510301,HEAD ON,0.05000000000000013,0.18055555555555558,-38.04699074074074,144.85105823708847,10.0,180.0,180.0,18,danger,safe,0.05000000000000008,-151.0,synthetic,,,,
368.0,,own,999510000,OWN SHIP,0.0,1.0222222222222224,-38.03296296296296,144.85,10.0,0.0,0.0,1,,,,,synthetic,,,,
368.0,,target,999510301,HEAD ON,0.05000000000000013,0.1777777777777776,-38.047037037037036,144.85105823708847,10.0,180.0,180.0,18,danger,safe,0.05000000000000008,-152.00000000000006,synthetic,,,,
369.0,,own,999510000,OWN SHIP,0.0,1.0250000000000001,-38.032916666666665,144.85,10.0,0.0,0.0,1,,,,,synthetic,,,,
369.0,,target,999510301,HEAD ON,0.05000000000000013,0.17499999999999982,-38.04708333333333,144.85105823708847,10.0,180.0,180.0,18,danger,safe,0.05000000000000007,-153.00000000000006,synthetic,,,,
370.0,,own,999510000,OWN SHIP,0.0,1.027777777777778,-38.03287037037037,144.85,10.0,0.0,0.0,1,,,,,synthetic,,,,
370.0,,target,999510301,HEAD ON,0.05000000000000013,0.17222222222222205,-38.04712962962963,144.85105823708847,10.0,180.0,180.0,18,danger,safe,0.05000000000000007,-154.00000000000006,synthetic,,,,
371.0,,own,999510000,OWN SHIP,0.0,1.0305555555555557,-38.03282407407407,144.85,10.0,0.0,0.0,1,,,,,synthetic,,,,
371.0,,target,999510301,HEAD ON,0.05000000000000013,0.1694444444444443,-38.04717592592592,144.85105823708847,10.0,180.0,180.0,18,danger,safe,0.05000000000000007,-155.00000000000006,synthetic,,,,
372.0,,own,999510000,OWN SHIP,0.0,1.0333333333333334,-38.032777777777774,144.85,10.0,0.0,0.0,1,,,,,synthetic,,,,
372.0,,target,999510301,HEAD ON,0.05000000000000013,0.16666666666666652,-38.04722222222222,144.85105823708847,10.0,180.0,180.0,18,danger,safe,0.05000000000000007,-156.00000000000003,synthetic,,,,
373.0,,own,999510000,OWN SHIP,0.0,1.0361111111111112,-38.03273148148148,144.85,10.0,0.0,0.0,1,,,,,synthetic,,,,
373.0,,target,999510301,HEAD ON,0.05000000000000013,0.16388888888888875,-38.047268518518514,144.85105823708847,10.0,180.0,180.0,18,danger,safe,0.05000000000000007,-157.00000000000003,synthetic,,,,
374.0,,own,999510000,OWN SHIP,0.0,1.038888888888889,-38.03268518518518,144.85,10.0,0.0,0.0,1,,,,,synthetic,,,,
374.0,,target,999510301,HEAD ON,0.05000000000000013,0.16111111111111098,-38.04731481481481,144.85105823708847,10.0,180.0,180.0,18,danger,safe,0.05000000000000007,-158.00000000000003,synthetic,,,,
375.0,,own,999510000,OWN SHIP,0.0,1.0416666666666667,-38.03263888888888,144.85,10.0,0.0,0.0,1,,,,,synthetic,,,,
375.0,,target,999510301,HEAD ON,0.05000000000000013,0.15833333333333321,-38.04736111111111,144.85105823708847,10.0,180.0,180.0,18,danger,safe,0.05000000000000007,-159.00000000000006,synthetic,,,,
376.0,,own,999510000,OWN SHIP,0.0,1.0444444444444445,-38.03259259259259,144.85,10.0,0.0,0.0,1,,,,,synthetic,,,,
376.0,,target,999510301,HEAD ON,0.05000000000000013,0.15555555555555545,-38.047407407407405,144.85105823708847,10.0,180.0,180.0,18,danger,safe,0.05000000000000007,-160.00000000000003,synthetic,,,,
377.0,,own,999510000,OWN SHIP,0.0,1.0472222222222223,-38.032546296296296,144.85,10.0,0.0,0.0,1,,,,,synthetic,,,,
377.0,,target,999510301,HEAD ON,0.05000000000000013,0.15277777777777768,-38.0474537037037,144.85105823708847,10.0,180.0,180.0,18,danger,safe,0.05000000000000007,-161.00000000000003,synthetic,,,,
378.0,,own,999510000,OWN SHIP,0.0,1.05,-38.0325,144.85,10.0,0.0,0.0,1,,,,,synthetic,,,,
378.0,,target,999510301,HEAD ON,0.050000000000000135,0.1499999999999999,-38.0475,144.85105823708847,10.0,180.0,180.0,18,danger,safe,0.05000000000000008,-162.00000000000003,synthetic,,,,
379.0,,own,999510000,OWN SHIP,0.0,1.0527777777777778,-38.0324537037037,144.85,10.0,0.0,0.0,1,,,,,synthetic,,,,
379.0,,target,999510301,HEAD ON,0.050000000000000135,0.14722222222222214,-38.0475462962963,144.85105823708847,10.0,180.0,180.0,18,danger,safe,0.05000000000000008,-163.00000000000003,synthetic,,,,
380.0,,own,999510000,OWN SHIP,0.0,1.0555555555555556,-38.032407407407405,144.85,10.0,0.0,0.0,1,,,,,synthetic,,,,
380.0,,target,999510301,HEAD ON,0.050000000000000135,0.14444444444444438,-38.047592592592586,144.85105823708847,10.0,180.0,180.0,18,danger,safe,0.05000000000000008,-164.0,synthetic,,,,
381.0,,own,999510000,OWN SHIP,0.0,1.0583333333333333,-38.03236111111111,144.85,10.0,0.0,0.0,1,,,,,synthetic,,,,
381.0,,target,999510301,HEAD ON,0.050000000000000135,0.1416666666666666,-38.04763888888888,144.85105823708847,10.0,180.0,180.0,18,danger,safe,0.05000000000000008,-165.0,synthetic,,,,
382.0,,own,999510000,OWN SHIP,0.0,1.0611111111111111,-38.03231481481481,144.85,10.0,0.0,0.0,1,,,,,synthetic,,,,
382.0,,target,999510301,HEAD ON,0.050000000000000135,0.13888888888888884,-38.04768518518518,144.85105823708847,10.0,180.0,180.0,18,danger,safe,0.05000000000000008,-166.0,synthetic,,,,
383.0,,own,999510000,OWN SHIP,0.0,1.0638888888888889,-38.032268518518514,144.85,10.0,0.0,0.0,1,,,,,synthetic,,,,
383.0,,target,999510301,HEAD ON,0.050000000000000135,0.13611111111111107,-38.04773148148148,144.85105823708847,10.0,180.0,180.0,18,danger,safe,0.05000000000000008,-167.00000000000003,synthetic,,,,
384.0,,own,999510000,OWN SHIP,0.0,1.0666666666666667,-38.03222222222222,144.85,10.0,0.0,0.0,1,,,,,synthetic,,,,
384.0,,target,999510301,HEAD ON,0.050000000000000135,0.1333333333333333,-38.047777777777775,144.85105823708847,10.0,180.0,180.0,18,danger,safe,0.05000000000000008,-168.0,synthetic,,,,
385.0,,own,999510000,OWN SHIP,0.0,1.0694444444444444,-38.03217592592592,144.85,10.0,0.0,0.0,1,,,,,synthetic,,,,
385.0,,target,999510301,HEAD ON,0.050000000000000135,0.13055555555555554,-38.04782407407407,144.85105823708847,10.0,180.0,180.0,18,danger,safe,0.05000000000000008,-169.0,synthetic,,,,
386.0,,own,999510000,OWN SHIP,0.0,1.0722222222222222,-38.03212962962963,144.85,10.0,0.0,0.0,1,,,,,synthetic,,,,
386.0,,target,999510301,HEAD ON,0.050000000000000135,0.12777777777777777,-38.04787037037037,144.85105823708847,10.0,180.0,180.0,18,danger,safe,0.05000000000000008,-170.0,synthetic,,,,
387.0,,own,999510000,OWN SHIP,0.0,1.075,-38.03208333333333,144.85,10.0,0.0,0.0,1,,,,,synthetic,,,,
387.0,,target,999510301,HEAD ON,0.050000000000000135,0.125,-38.047916666666666,144.85105823708847,10.0,180.0,180.0,18,danger,safe,0.05000000000000008,-171.0,synthetic,,,,
388.0,,own,999510000,OWN SHIP,0.0,1.0777777777777777,-38.032037037037036,144.85,10.0,0.0,0.0,1,,,,,synthetic,,,,
388.0,,target,999510301,HEAD ON,0.050000000000000135,0.12222222222222223,-38.04796296296296,144.85105823708847,10.0,180.0,180.0,18,danger,safe,0.05000000000000008,-172.0,synthetic,,,,
389.0,,own,999510000,OWN SHIP,0.0,1.0805555555555555,-38.03199074074074,144.85,10.0,0.0,0.0,1,,,,,synthetic,,,,
389.0,,target,999510301,HEAD ON,0.050000000000000135,0.11944444444444446,-38.04800925925926,144.85105823708847,10.0,180.0,180.0,18,danger,safe,0.05000000000000008,-172.99999999999997,synthetic,,,,
390.0,,own,999510000,OWN SHIP,0.0,1.0833333333333335,-38.03194444444444,144.85,10.0,0.0,0.0,1,,,,,synthetic,,,,
390.0,,target,999510301,HEAD ON,0.050000000000000135,0.11666666666666647,-38.04805555555555,144.85105823708847,10.0,180.0,180.0,18,danger,safe,0.05000000000000007,-174.00000000000006,synthetic,,,,
391.0,,own,999510000,OWN SHIP,0.0,1.0861111111111112,-38.031898148148144,144.85,10.0,0.0,0.0,1,,,,,synthetic,,,,
391.0,,target,999510301,HEAD ON,0.050000000000000135,0.1138888888888887,-38.04810185185185,144.85105823708847,10.0,180.0,180.0,18,danger,safe,0.05000000000000007,-175.00000000000006,synthetic,,,,
392.0,,own,999510000,OWN SHIP,0.0,1.088888888888889,-38.03185185185185,144.85,10.0,0.0,0.0,1,,,,,synthetic,,,,
392.0,,target,999510301,HEAD ON,0.050000000000000135,0.11111111111111094,-38.048148148148144,144.85105823708847,10.0,180.0,180.0,18,danger,safe,0.05000000000000007,-176.00000000000006,synthetic,,,,
393.0,,own,999510000,OWN SHIP,0.0,1.0916666666666668,-38.03180555555555,144.85,10.0,0.0,0.0,1,,,,,synthetic,,,,
393.0,,target,999510301,HEAD ON,0.050000000000000135,0.10833333333333317,-38.04819444444444,144.85105823708847,10.0,180.0,180.0,18,danger,safe,0.05000000000000007,-177.00000000000006,synthetic,,,,
394.0,,own,999510000,OWN SHIP,0.0,1.0944444444444446,-38.03175925925925,144.85,10.0,0.0,0.0,1,,,,,synthetic,,,,
394.0,,target,999510301,HEAD ON,0.050000000000000135,0.1055555555555554,-38.04824074074074,144.85105823708847,10.0,180.0,180.0,18,danger,safe,0.05000000000000007,-178.00000000000006,synthetic,,,,
395.0,,own,999510000,OWN SHIP,0.0,1.0972222222222223,-38.03171296296296,144.85,10.0,0.0,0.0,1,,,,,synthetic,,,,
395.0,,target,999510301,HEAD ON,0.050000000000000135,0.10277777777777763,-38.048287037037035,144.85105823708847,10.0,180.0,180.0,18,danger,safe,0.05000000000000007,-179.00000000000006,synthetic,,,,
396.0,,own,999510000,OWN SHIP,0.0,1.1,-38.031666666666666,144.85,10.0,0.0,0.0,1,,,,,synthetic,,,,
396.0,,target,999510301,HEAD ON,0.050000000000000135,0.09999999999999987,-38.04833333333333,144.85105823708847,10.0,180.0,180.0,18,danger,safe,0.05000000000000007,-180.00000000000003,synthetic,,,,
397.0,,own,999510000,OWN SHIP,0.0,1.1027777777777779,-38.03162037037037,144.85,10.0,0.0,0.0,1,,,,,synthetic,,,,
397.0,,target,999510301,HEAD ON,0.050000000000000135,0.0972222222222221,-38.04837962962963,144.85105823708847,10.0,180.0,180.0,18,danger,safe,0.05000000000000007,-181.00000000000003,synthetic,,,,
398.0,,own,999510000,OWN SHIP,0.0,1.1055555555555556,-38.03157407407407,144.85,10.0,0.0,0.0,1,,,,,synthetic,,,,
398.0,,target,999510301,HEAD ON,0.05000000000000014,0.09444444444444433,-38.048425925925926,144.85105823708847,10.0,180.0,180.0,18,danger,safe,0.05000000000000008,-182.00000000000003,synthetic,,,,
399.0,,own,999510000,OWN SHIP,0.0,1.1083333333333334,-38.031527777777775,144.85,10.0,0.0,0.0,1,,,,,synthetic,,,,
399.0,,target,999510301,HEAD ON,0.05000000000000014,0.09166666666666656,-38.048472222222216,144.85105823708847,10.0,180.0,180.0,18,danger,safe,0.05000000000000008,-183.00000000000003,synthetic,,,,
400.0,,own,999510000,OWN SHIP,0.0,1.1111111111111112,-38.03148148148148,144.85,10.0,0.0,0.0,1,,,,,synthetic,,,,
400.0,,target,999510301,HEAD ON,0.05000000000000014,0.0888888888888888,-38.04851851851851,144.85105823708847,10.0,180.0,180.0,18,danger,safe,0.05000000000000008,-184.00000000000003,synthetic,,,,
401.0,,own,999510000,OWN SHIP,0.0,1.113888888888889,-38.03143518518518,144.85,10.0,0.0,0.0,1,,,,,synthetic,,,,
401.0,,target,999510301,HEAD ON,0.05000000000000014,0.08611111111111103,-38.04856481481481,144.85105823708847,10.0,180.0,180.0,18,danger,safe,0.05000000000000008,-185.00000000000003,synthetic,,,,
402.0,,own,999510000,OWN SHIP,0.0,1.1166666666666667,-38.031388888888884,144.85,10.0,0.0,0.0,1,,,,,synthetic,,,,
402.0,,target,999510301,HEAD ON,0.05000000000000014,0.08333333333333326,-38.04861111111111,144.85105823708847,10.0,180.0,180.0,18,danger,safe,0.05000000000000008,-186.00000000000003,synthetic,,,,
403.0,,own,999510000,OWN SHIP,0.0,1.1194444444444445,-38.03134259259259,144.85,10.0,0.0,0.0,1,,,,,synthetic,,,,
403.0,,target,999510301,HEAD ON,0.05000000000000014,0.08055555555555549,-38.048657407407404,144.85105823708847,10.0,180.0,180.0,18,danger,safe,0.05000000000000008,-187.00000000000003,synthetic,,,,
404.0,,own,999510000,OWN SHIP,0.0,1.1222222222222222,-38.03129629629629,144.85,10.0,0.0,0.0,1,,,,,synthetic,,,,
404.0,,target,999510301,HEAD ON,0.05000000000000014,0.07777777777777772,-38.0487037037037,144.85105823708847,10.0,180.0,180.0,18,danger,safe,0.05000000000000008,-188.0,synthetic,,,,
405.0,,own,999510000,OWN SHIP,0.0,1.125,-38.03125,144.85,10.0,0.0,0.0,1,,,,,synthetic,,,,
405.0,,target,999510301,HEAD ON,0.05000000000000014,0.07499999999999996,-38.04875,144.85105823708847,10.0,180.0,180.0,18,danger,safe,0.05000000000000008,-189.0,synthetic,,,,
406.0,,own,999510000,OWN SHIP,0.0,1.1277777777777778,-38.0312037037037,144.85,10.0,0.0,0.0,1,,,,,synthetic,,,,
406.0,,target,999510301,HEAD ON,0.05000000000000014,0.07222222222222219,-38.048796296296295,144.85105823708847,10.0,180.0,180.0,18,danger,safe,0.05000000000000008,-190.0,synthetic,,,,
407.0,,own,999510000,OWN SHIP,0.0,1.1305555555555555,-38.031157407407406,144.85,10.0,0.0,0.0,1,,,,,synthetic,,,,
407.0,,target,999510301,HEAD ON,0.05000000000000014,0.06944444444444442,-38.04884259259259,144.85105823708847,10.0,180.0,180.0,18,danger,safe,0.05000000000000008,-191.0,synthetic,,,,
408.0,,own,999510000,OWN SHIP,0.0,1.1333333333333333,-38.03111111111111,144.85,10.0,0.0,0.0,1,,,,,synthetic,,,,
408.0,,target,999510301,HEAD ON,0.05000000000000014,0.06666666666666665,-38.04888888888889,144.85105823708847,10.0,180.0,180.0,18,danger,safe,0.05000000000000008,-192.0,synthetic,,,,
409.0,,own,999510000,OWN SHIP,0.0,1.136111111111111,-38.03106481481481,144.85,10.0,0.0,0.0,1,,,,,synthetic,,,,
409.0,,target,999510301,HEAD ON,0.05000000000000014,0.06388888888888888,-38.04893518518518,144.85105823708847,10.0,180.0,180.0,18,danger,safe,0.05000000000000008,-193.0,synthetic,,,,
410.0,,own,999510000,OWN SHIP,0.0,1.1388888888888888,-38.031018518518515,144.85,10.0,0.0,0.0,1,,,,,synthetic,,,,
410.0,,target,999510301,HEAD ON,0.05000000000000014,0.061111111111111116,-38.048981481481476,144.85105823708847,10.0,180.0,180.0,18,danger,safe,0.05000000000000007,-194.0,synthetic,,,,
411.0,,own,999510000,OWN SHIP,0.0,1.1416666666666666,-38.03097222222222,144.85,10.0,0.0,0.0,1,,,,,synthetic,,,,
411.0,,target,999510301,HEAD ON,0.05000000000000014,0.05833333333333335,-38.04902777777777,144.85105823708847,10.0,180.0,180.0,18,danger,safe,0.05000000000000007,-195.0,synthetic,,,,
412.0,,own,999510000,OWN SHIP,0.0,1.1444444444444446,-38.03092592592592,144.85,10.0,0.0,0.0,1,,,,,synthetic,,,,
412.0,,target,999510301,HEAD ON,0.05000000000000014,0.05555555555555536,-38.04907407407407,144.85105823708847,10.0,180.0,180.0,18,danger,safe,0.05000000000000007,-196.00000000000006,synthetic,,,,
413.0,,own,999510000,OWN SHIP,0.0,1.1472222222222224,-38.030879629629624,144.85,10.0,0.0,0.0,1,,,,,synthetic,,,,
413.0,,target,999510301,HEAD ON,0.05000000000000014,0.05277777777777759,-38.04912037037037,144.85105823708847,10.0,180.0,180.0,18,danger,safe,0.05000000000000007,-197.00000000000006,synthetic,,,,
414.0,,own,999510000,OWN SHIP,0.0,1.1500000000000001,-38.030833333333334,144.85,10.0,0.0,0.0,1,,,,,synthetic,,,,
414.0,,target,999510301,HEAD ON,0.05000000000000014,0.04999999999999982,-38.049166666666665,144.85105823708847,10.0,180.0,180.0,18,danger,safe,0.05000000000000007,-198.00000000000006,synthetic,,,,
415.0,,own,999510000,OWN SHIP,0.0,1.152777777777778,-38.03078703703704,144.85,10.0,0.0,0.0,1,,,,,synthetic,,,,
415.0,,target,999510301,HEAD ON,0.05000000000000014,0.047222222222222054,-38.04921296296296,144.85105823708847,10.0,180.0,180.0,18,danger,safe,0.05000000000000007,-199.00000000000006,synthetic,,,,
416.0,,own,999510000,OWN SHIP,0.0,1.1555555555555557,-38.03074074074074,144.85,10.0,0.0,0.0,1,,,,,synthetic,,,,
416.0,,target,999510301,HEAD ON,0.05000000000000014,0.04444444444444429,-38.04925925925926,144.85105823708847,10.0,180.0,180.0,18,danger,safe,0.05000000000000007,-200.00000000000003,synthetic,,,,
417.0,,own,999510000,OWN SHIP,0.0,1.1583333333333334,-38.03069444444444,144.85,10.0,0.0,0.0,1,,,,,synthetic,,,,
417.0,,target,999510301,HEAD ON,0.05000000000000014,0.04166666666666652,-38.049305555555556,144.85105823708847,10.0,180.0,180.0,18,danger,safe,0.05000000000000007,-201.00000000000006,synthetic,,,,
418.0,,own,999510000,OWN SHIP,0.0,1.1611111111111112,-38.030648148148146,144.85,10.0,0.0,0.0,1,,,,,synthetic,,,,
418.0,,target,999510301,HEAD ON,0.05000000000000014,0.03888888888888875,-38.049351851851846,144.85105823708847,10.0,180.0,180.0,18,danger,safe,0.05000000000000007,-202.00000000000006,synthetic,,,,
419.0,,own,999510000,OWN SHIP,0.0,1.163888888888889,-38.03060185185185,144.85,10.0,0.0,0.0,1,,,,,synthetic,,,,
419.0,,target,999510301,HEAD ON,0.05000000000000015,0.03611111111111098,-38.04939814814814,144.85105823708847,10.0,180.0,180.0,18,danger,safe,0.05000000000000008,-203.00000000000006,synthetic,,,,
420.0,,own,999510000,OWN SHIP,0.0,1.1666666666666667,-38.03055555555555,144.85,10.0,0.0,0.0,1,,,,,synthetic,,,,
420.0,,target,999510301,HEAD ON,0.05000000000000015,0.033333333333333215,-38.04944444444444,144.85105823708847,10.0,180.0,180.0,18,danger,safe,0.05000000000000008,-204.00000000000003,synthetic,,,,
421.0,,own,999510000,OWN SHIP,0.0,1.1694444444444445,-38.030509259259254,144.85,10.0,0.0,0.0,1,,,,,synthetic,,,,
421.0,,target,999510301,HEAD ON,0.05000000000000015,0.030555555555555447,-38.04949074074074,144.85105823708847,10.0,180.0,180.0,18,danger,safe,0.05000000000000008,-205.00000000000003,synthetic,,,,
422.0,,own,999510000,OWN SHIP,0.0,1.1722222222222223,-38.03046296296296,144.85,10.0,0.0,0.0,1,,,,,synthetic,,,,
422.0,,target,999510301,HEAD ON,0.05000000000000015,0.02777777777777768,-38.049537037037034,144.85105823708847,10.0,180.0,180.0,18,danger,safe,0.05000000000000008,-206.00000000000003,synthetic,,,,
423.0,,own,999510000,OWN SHIP,0.0,1.175,-38.03041666666666,144.85,10.0,0.0,0.0,1,,,,,synthetic,,,,
423.0,,target,999510301,HEAD ON,0.05000000000000015,0.02499999999999991,-38.04958333333333,144.85105823708847,10.0,180.0,180.0,18,danger,safe,0.05000000000000008,-207.00000000000003,synthetic,,,,
424.0,,own,999510000,OWN SHIP,0.0,1.1777777777777778,-38.03037037037037,144.85,10.0,0.0,0.0,1,,,,,synthetic,,,,
424.0,,target,999510301,HEAD ON,0.05000000000000015,0.022222222222222143,-38.04962962962963,144.85105823708847,10.0,180.0,180.0,18,danger,safe,0.05000000000000008,-208.0,synthetic,,,,
425.0,,own,999510000,OWN SHIP,0.0,1.1805555555555556,-38.03032407407407,144.85,10.0,0.0,0.0,1,,,,,synthetic,,,,
425.0,,target,999510301,HEAD ON,0.05000000000000015,0.019444444444444375,-38.049675925925925,144.85105823708847,10.0,180.0,180.0,18,danger,safe,0.05000000000000008,-209.0,synthetic,,,,
426.0,,own,999510000,OWN SHIP,0.0,1.1833333333333333,-38.030277777777776,144.85,10.0,0.0,0.0,1,,,,,synthetic,,,,
426.0,,target,999510301,HEAD ON,0.05000000000000015,0.016666666666666607,-38.04972222222222,144.85105823708847,10.0,180.0,180.0,18,danger,safe,0.05000000000000008,-210.00000000000003,synthetic,,,,
427.0,,own,999510000,OWN SHIP,0.0,1.1861111111111111,-38.03023148148148,144.85,10.0,0.0,0.0,1,,,,,synthetic,,,,
427.0,,target,999510301,HEAD ON,0.05000000000000015,0.01388888888888884,-38.04976851851852,144.85105823708847,10.0,180.0,180.0,18,danger,safe,0.05000000000000008,-211.00000000000003,synthetic,,,,
428.0,,own,999510000,OWN SHIP,0.0,1.1888888888888889,-38.03018518518518,144.85,10.0,0.0,0.0,1,,,,,synthetic,,,,
428.0,,target,999510301,HEAD ON,0.05000000000000015,0.011111111111111072,-38.04981481481481,144.85105823708847,10.0,180.0,180.0,18,danger,safe,0.05000000000000008,-212.0,synthetic,,,,
429.0,,own,999510000,OWN SHIP,0.0,1.1916666666666667,-38.030138888888885,144.85,10.0,0.0,0.0,1,,,,,synthetic,,,,
429.0,,target,999510301,HEAD ON,0.05000000000000015,0.008333333333333304,-38.049861111111106,144.85105823708847,10.0,180.0,180.0,18,danger,safe,0.05000000000000008,-213.0,synthetic,,,,
430.0,,own,999510000,OWN SHIP,0.0,1.1944444444444444,-38.03009259259259,144.85,10.0,0.0,0.0,1,,,,,synthetic,,,,
430.0,,target,999510301,HEAD ON,0.05000000000000015,0.005555555555555536,-38.0499074074074,144.85105823708847,10.0,180.0,180.0,18,danger,safe,0.05000000000000008,-214.0,synthetic,,,,
431.0,,own,999510000,OWN SHIP,0.0,1.1972222222222222,-38.03004629629629,144.85,10.0,0.0,0.0,1,,,,,synthetic,,,,
431.0,,target,999510301,HEAD ON,0.05000000000000015,0.002777777777777768,-38.0499537037037,144.85105823708847,10.0,180.0,180.0,18,danger,safe,0.05000000000000007,-215.0,synthetic,,,,
432.0,,own,999510000,OWN SHIP,0.0,1.2,-38.029999999999994,144.85,10.0,0.0,0.0,1,,,,,synthetic,,,,
432.0,,target,999510301,HEAD ON,0.05000000000000015,0.0,-38.05,144.85105823708847,10.0,180.0,180.0,18,danger,safe,0.05000000000000007,-216.0,synthetic,,,,
433.0,,own,999510000,OWN SHIP,0.0,1.2027777777777777,-38.029953703703704,144.85,10.0,0.0,0.0,1,,,,,synthetic,,,,
433.0,,target,999510301,HEAD ON,0.05000000000000015,-0.002777777777777768,-38.050046296296294,144.85105823708847,10.0,180.0,180.0,18,danger,safe,0.05000000000000007,-216.99999999999997,synthetic,,,,
434.0,,own,999510000,OWN SHIP,0.0,1.2055555555555555,-38.02990740740741,144.85,10.0,0.0,0.0,1,,,,,synthetic,,,,
434.0,,target,999510301,HEAD ON,0.05000000000000015,-0.005555555555555536,-38.05009259259259,144.85105823708847,10.0,180.0,180.0,18,danger,safe,0.05000000000000007,-218.0,synthetic,,,,
435.0,,own,999510000,OWN SHIP,0.0,1.2083333333333335,-38.02986111111111,144.85,10.0,0.0,0.0,1,,,,,synthetic,,,,
435.0,,target,999510301,HEAD ON,0.05000000000000015,-0.008333333333333526,-38.05013888888889,144.85105823708847,10.0,180.0,180.0,18,danger,safe,0.05000000000000007,-219.00000000000009,synthetic,,,,
436.0,,own,999510000,OWN SHIP,0.0,1.2111111111111112,-38.02981481481481,144.85,10.0,0.0,0.0,1,,,,,synthetic,,,,
436.0,,target,999510301,HEAD ON,0.05000000000000015,-0.011111111111111294,-38.050185185185185,144.85105823708847,10.0,180.0,180.0,18,danger,safe,0.05000000000000007,-220.00000000000006,synthetic,,,,
437.0,,own,999510000,OWN SHIP,0.0,1.213888888888889,-38.029768518518516,144.85,10.0,0.0,0.0,1,,,,,synthetic,,,,
437.0,,target,999510301,HEAD ON,0.05000000000000015,-0.013888888888889062,-38.050231481481475,144.85105823708847,10.0,180.0,180.0,18,danger,safe,0.05000000000000007,-221.00000000000006,synthetic,,,,
438.0,,own,999510000,OWN SHIP,0.0,1.2166666666666668,-38.02972222222222,144.85,10.0,0.0,0.0,1,,,,,synthetic,,,,
438.0,,target,999510301,HEAD ON,0.05000000000000015,-0.01666666666666683,-38.05027777777777,144.85105823708847,10.0,180.0,180.0,18,danger,safe,0.05000000000000007,-222.00000000000006,synthetic,,,,
439.0,,own,999510000,OWN SHIP,0.0,1.2194444444444446,-38.02967592592592,144.85,10.0,0.0,0.0,1,,,,,synthetic,,,,
439.0,,target,999510301,HEAD ON,0.050000000000000155,-0.019444444444444597,-38.05032407407407,144.85105823708847,10.0,180.0,180.0,18,danger,safe,0.05000000000000008,-223.00000000000006,synthetic,,,,
440.0,,own,999510000,OWN SHIP,0.0,1.2222222222222223,-38.029629629629625,144.85,10.0,0.0,0.0,1,,,,,synthetic,,,,
440.0,,target,999510301,HEAD ON,0.050000000000000155,-0.022222222222222365,-38.050370370370366,144.85105823708847,10.0,180.0,180.0,18,danger,safe,0.05000000000000008,-224.00000000000003,synthetic,,,,
441.0,,own,999510000,OWN SHIP,0.0,1.225,-38.02958333333333,144.85,10.0,0.0,0.0,1,,,,,synthetic,,,,
441.0,,target,999510301,HEAD ON,0.050000000000000155,-0.025000000000000133,-38.05041666666666,144.85105823708847,10.0,180.0,180.0,18,danger,safe,0.05000000000000008,-225.00000000000003,synthetic,,,,
442.0,,own,999510000,OWN SHIP,0.0,1.2277777777777779,-38.02953703703703,144.85,10.0,0.0,0.0,1,,,,,synthetic,,,,
442.0,,target,999510301,HEAD ON,0.050000000000000155,-0.0277777777777779,-38.05046296296296,144.85105823708847,10.0,180.0,180.0,18,danger,safe,0.05000000000000008,-226.00000000000003,synthetic,,,,
443.0,,own,999510000,OWN SHIP,0.0,1.2305555555555556,-38.02949074074074,144.85,10.0,0.0,0.0,1,,,,,synthetic,,,,
443.0,,target,999510301,HEAD ON,0.050000000000000155,-0.03055555555555567,-38.05050925925926,144.85105823708847,10.0,180.0,180.0,18,danger,safe,0.05000000000000008,-227.00000000000006,synthetic,,,,
444.0,,own,999510000,OWN SHIP,0.0,1.2333333333333334,-38.029444444444444,144.85,10.0,0.0,0.0,1,,,,,synthetic,,,,
444.0,,target,999510301,HEAD ON,0.050000000000000155,-0.03333333333333344,-38.050555555555555,144.85105823708847,10.0,180.0,180.0,18,danger,safe,0.05000000000000008,-228.00000000000003,synthetic,,,,
445.0,,own,999510000,OWN SHIP,0.0,1.2361111111111112,-38.02939814814815,144.85,10.0,0.0,0.0,1,,,,,synthetic,,,,
445.0,,target,999510301,HEAD ON,0.050000000000000155,-0.036111111111111205,-38.05060185185185,144.85105823708847,10.0,180.0,180.0,18,danger,safe,0.05000000000000008,-229.00000000000003,synthetic,,,,
446.0,,own,999510000,OWN SHIP,0.0,1.238888888888889,-38.02935185185185,144.85,10.0,0.0,0.0,1,,,,,synthetic,,,,
446.0,,target,999510301,HEAD ON,0.050000000000000155,-0.03888888888888897,-38.05064814814815,144.85105823708847,10.0,180.0,180.0,18,danger,safe,0.05000000000000008,-230.00000000000003,synthetic,,,,
447.0,,own,999510000,OWN SHIP,0.0,1.2416666666666667,-38.02930555555555,144.85,10.0,0.0,0.0,1,,,,,synthetic,,,,
447.0,,target,999510301,HEAD ON,0.050000000000000155,-0.04166666666666674,-38.05069444444444,144.85105823708847,10.0,180.0,180.0,18,danger,safe,0.05000000000000008,-231.00000000000003,synthetic,,,,
448.0,,own,999510000,OWN SHIP,0.0,1.2444444444444445,-38.029259259259256,144.85,10.0,0.0,0.0,1,,,,,synthetic,,,,
448.0,,target,999510301,HEAD ON,0.050000000000000155,-0.04444444444444451,-38.050740740740736,144.85105823708847,10.0,180.0,180.0,18,danger,safe,0.05000000000000008,-232.0,synthetic,,,,
449.0,,own,999510000,OWN SHIP,0.0,1.2472222222222222,-38.02921296296296,144.85,10.0,0.0,0.0,1,,,,,synthetic,,,,
449.0,,target,999510301,HEAD ON,0.050000000000000155,-0.047222222222222276,-38.05078703703703,144.85105823708847,10.0,180.0,180.0,18,danger,safe,0.05000000000000008,-233.0,synthetic,,,,
450.0,,own,999510000,OWN SHIP,0.0,1.25,-38.02916666666666,144.85,10.0,0.0,0.0,1,,,,,synthetic,,,,
450.0,,target,999510301,HEAD ON,0.050000000000000155,-0.050000000000000044,-38.05083333333333,144.85105823708847,10.0,180.0,180.0,18,danger,safe,0.05000000000000008,-234.0,synthetic,,,,
451.0,,own,999510000,OWN SHIP,0.0,1.2527777777777778,-38.029120370370364,144.85,10.0,0.0,0.0,1,,,,,synthetic,,,,
451.0,,target,999510301,HEAD ON,0.050000000000000155,-0.05277777777777781,-38.05087962962963,144.85105823708847,10.0,180.0,180.0,18,danger,safe,0.05000000000000007,-235.00000000000003,synthetic,,,,
452.0,,own,999510000,OWN SHIP,0.0,1.2555555555555555,-38.029074074074074,144.85,10.0,0.0,0.0,1,,,,,synthetic,,,,
452.0,,target,999510301,HEAD ON,0.050000000000000155,-0.05555555555555558,-38.050925925925924,144.85105823708847,10.0,180.0,180.0,18,danger,safe,0.05000000000000007,-236.0,synthetic,,,,
453.0,,own,999510000,OWN SHIP,0.0,1.2583333333333333,-38.02902777777778,144.85,10.0,0.0,0.0,1,,,,,synthetic,,,,
453.0,,target,999510301,HEAD ON,0.050000000000000155,-0.05833333333333335,-38.05097222222222,144.85105823708847,10.0,180.0,180.0,18,danger,safe,0.05000000000000007,-237.0,synthetic,,,,
454.0,,own,999510000,OWN SHIP,0.0,1.261111111111111,-38.02898148148148,144.85,10.0,0.0,0.0,1,,,,,synthetic,,,,
454.0,,target,999510301,HEAD ON,0.050000000000000155,-0.061111111111111116,-38.05101851851852,144.85105823708847,10.0,180.0,180.0,18,danger,safe,0.05000000000000007,-238.0,synthetic,,,,
455.0,,own,999510000,OWN SHIP,0.0,1.2638888888888888,-38.02893518518518,144.85,10.0,0.0,0.0,1,,,,,synthetic,,,,
455.0,,target,999510301,HEAD ON,0.050000000000000155,-0.06388888888888888,-38.051064814814815,144.85105823708847,10.0,180.0,180.0,18,danger,safe,0.05000000000000007,-239.0,synthetic,,,,
456.0,,own,999510000,OWN SHIP,0.0,1.2666666666666666,-38.028888888888886,144.85,10.0,0.0,0.0,1,,,,,synthetic,,,,
456.0,,target,999510301,HEAD ON,0.050000000000000155,-0.06666666666666665,-38.051111111111105,144.85105823708847,10.0,180.0,180.0,18,danger,safe,0.05000000000000007,-240.0,synthetic,,,,
457.0,,own,999510000,OWN SHIP,0.0,1.2694444444444446,-38.02884259259259,144.85,10.0,0.0,0.0,1,,,,,synthetic,,,,
457.0,,target,999510301,HEAD ON,0.050000000000000155,-0.06944444444444464,-38.0511574074074,144.85105823708847,10.0,180.0,180.0,18,danger,safe,0.05000000000000007,-241.00000000000006,synthetic,,,,
458.0,,own,999510000,OWN SHIP,0.0,1.2722222222222224,-38.02879629629629,144.85,10.0,0.0,0.0,1,,,,,synthetic,,,,
458.0,,target,999510301,HEAD ON,0.050000000000000155,-0.07222222222222241,-38.0512037037037,144.85105823708847,10.0,180.0,180.0,18,danger,safe,0.05000000000000007,-242.00000000000006,synthetic,,,,
459.0,,own,999510000,OWN SHIP,0.0,1.2750000000000001,-38.028749999999995,144.85,10.0,0.0,0.0,1,,,,,synthetic,,,,
459.0,,target,999510301,HEAD ON,0.05000000000000016,-0.07500000000000018,-38.051249999999996,144.85105823708847,10.0,180.0,180.0,18,danger,safe,0.05000000000000008,-243.00000000000006,synthetic,,,,
460.0,,own,999510000,OWN SHIP,0.0,1.277777777777778,-38.0287037037037,144.85,10.0,0.0,0.0,1,,,,,synthetic,,,,
460.0,,target,999510301,HEAD ON,0.05000000000000016,-0.07777777777777795,-38.05129629629629,144.85105823708847,10.0,180.0,180.0,18,danger,safe,0.05000000000000008,-244.00000000000006,synthetic,,,,
461.0,,own,999510000,OWN SHIP,0.0,1.2805555555555557,-38.0286574074074,144.85,10.0,0.0,0.0,1,,,,,synthetic,,,,
461.0,,target,999510301,HEAD ON,0.05000000000000016,-0.08055555555555571,-38.05134259259259,144.85105823708847,10.0,180.0,180.0,18,danger,safe,0.05000000000000008,-245.00000000000006,synthetic,,,,
462.0,,own,999510000,OWN SHIP,0.0,1.2833333333333334,-38.02861111111111,144.85,10.0,0.0,0.0,1,,,,,synthetic,,,,
462.0,,target,999510301,HEAD ON,0.05000000000000016,-0.08333333333333348,-38.05138888888889,144.85105823708847,10.0,180.0,180.0,18,danger,safe,0.05000000000000008,-246.00000000000006,synthetic,,,,
463.0,,own,999510000,OWN SHIP,0.0,1.2861111111111112,-38.028564814814814,144.85,10.0,0.0,0.0,1,,,,,synthetic,,,,
463.0,,target,999510301,HEAD ON,0.05000000000000016,-0.08611111111111125,-38.051435185185184,144.85105823708847,10.0,180.0,180.0,18,danger,safe,0.05000000000000008,-247.00000000000006,synthetic,,,,
464.0,,own,999510000,OWN SHIP,0.0,1.288888888888889,-38.02851851851852,144.85,10.0,0.0,0.0,1,,,,,synthetic,,,,
464.0,,target,999510301,HEAD ON,0.05000000000000016,-0.08888888888888902,-38.05148148148148,144.85105823708847,10.0,180.0,180.0,18,danger,safe,0.05000000000000008,-248.00000000000003,synthetic,,,,
465.0,,own,999510000,OWN SHIP,0.0,1.2916666666666667,-38.02847222222222,144.85,10.0,0.0,0.0,1,,,,,synthetic,,,,
465.0,,target,999510301,HEAD ON,0.05000000000000016,-0.09166666666666679,-38.05152777777778,144.85105823708847,10.0,180.0,180.0,18,danger,safe,0.05000000000000008,-249.00000000000003,synthetic,,,,
466.0,,own,999510000,OWN SHIP,0.0,1.2944444444444445,-38.02842592592592,144.85,10.0,0.0,0.0,1,,,,,synthetic,,,,
466.0,,target,999510301,HEAD ON,0.05000000000000016,-0.09444444444444455,-38.05157407407407,144.85105823708847,10.0,180.0,180.0,18,danger,safe,0.05000000000000008,-250.00000000000003,synthetic,,,,
467.0,,own,999510000,OWN SHIP,0.0,1.2972222222222223,-38.028379629629626,144.85,10.0,0.0,0.0,1,,,,,synthetic,,,,
467.0,,target,999510301,HEAD ON,0.05000000000000016,-0.09722222222222232,-38.051620370370365,144.85105823708847,10.0,180.0,180.0,18,danger,safe,0.05000000000000008,-251.00000000000003,synthetic,,,,
468.0,,own,999510000,OWN SHIP,0.0,1.3,-38.02833333333333,144.85,10.0,0.0,0.0,1,,,,,synthetic,,,,
468.0,,target,999510301,HEAD ON,0.05000000000000016,-0.10000000000000009,-38.05166666666666,144.85105823708847,10.0,180.0,180.0,18,danger,safe,0.05000000000000008,-252.00000000000003,synthetic,,,,
469.0,,own,999510000,OWN SHIP,0.0,1.3027777777777778,-38.02828703703703,144.85,10.0,0.0,0.0,1,,,,,synthetic,,,,
469.0,,target,999510301,HEAD ON,0.05000000000000016,-0.10277777777777786,-38.05171296296296,144.85105823708847,10.0,180.0,180.0,18,danger,safe,0.05000000000000008,-253.00000000000003,synthetic,,,,
470.0,,own,999510000,OWN SHIP,0.0,1.3055555555555556,-38.028240740740735,144.85,10.0,0.0,0.0,1,,,,,synthetic,,,,
470.0,,target,999510301,HEAD ON,0.05000000000000016,-0.10555555555555562,-38.051759259259256,144.85105823708847,10.0,180.0,180.0,18,danger,safe,0.05000000000000008,-254.0,synthetic,,,,
471.0,,own,999510000,OWN SHIP,0.0,1.3083333333333333,-38.028194444444445,144.85,10.0,0.0,0.0,1,,,,,synthetic,,,,
471.0,,target,999510301,HEAD ON,0.05000000000000016,-0.10833333333333339,-38.05180555555555,144.85105823708847,10.0,180.0,180.0,18,danger,safe,0.05000000000000007,-255.00000000000003,synthetic,,,,
472.0,,own,999510000,OWN SHIP,0.0,1.3111111111111111,-38.02814814814815,144.85,10.0,0.0,0.0,1,,,,,synthetic,,,,
472.0,,target,999510301,HEAD ON,0.05000000000000016,-0.11111111111111116,-38.05185185185185,144.85105823708847,10.0,180.0,180.0,18,danger,safe,0.05000000000000007,-256.0,synthetic,,,,
473.0,,own,999510000,OWN SHIP,0.0,1.3138888888888889,-38.02810185185185,144.85,10.0,0.0,0.0,1,,,,,synthetic,,,,
473.0,,target,999510301,HEAD ON,0.05000000000000016,-0.11388888888888893,-38.05189814814815,144.85105823708847,10.0,180.0,180.0,18,danger,safe,0.05000000000000007,-257.00000000000006,synthetic,,,,
474.0,,own,999510000,OWN SHIP,0.0,1.3166666666666667,-38.028055555555554,144.85,10.0,0.0,0.0,1,,,,,synthetic,,,,
474.0,,target,999510301,HEAD ON,0.05000000000000016,-0.1166666666666667,-38.051944444444445,144.85105823708847,10.0,180.0,180.0,18,danger,safe,0.05000000000000007,-258.0,synthetic,,,,
475.0,,own,999510000,OWN SHIP,0.0,1.3194444444444444,-38.02800925925926,144.85,10.0,0.0,0.0,1,,,,,synthetic,,,,
475.0,,target,999510301,HEAD ON,0.05000000000000016,-0.11944444444444446,-38.051990740740735,144.85105823708847,10.0,180.0,180.0,18,danger,safe,0.05000000000000007,-259.0,synthetic,,,,
476.0,,own,999510000,OWN SHIP,0.0,1.3222222222222222,-38.02796296296296,144.85,10.0,0.0,0.0,1,,,,,synthetic,,,,
476.0,,target,999510301,HEAD ON,0.05000000000000016,-0.12222222222222223,-38.05203703703703,144.85105823708847,10.0,180.0,180.0,18,danger,safe,0.05000000000000007,-260.0,synthetic,,,,
477.0,,own,999510000,OWN SHIP,0.0,1.325,-38.02791666666666,144.85,10.0,0.0,0.0,1,,,,,synthetic,,,,
477.0,,target,999510301,HEAD ON,0.05000000000000016,-0.125,-38.05208333333333,144.85105823708847,10.0,180.0,180.0,18,danger,safe,0.05000000000000007,-261.0,synthetic,,,,
478.0,,own,999510000,OWN SHIP,0.0,1.3277777777777777,-38.027870370370366,144.85,10.0,0.0,0.0,1,,,,,synthetic,,,,
478.0,,target,999510301,HEAD ON,0.05000000000000016,-0.12777777777777777,-38.052129629629626,144.85105823708847,10.0,180.0,180.0,18,danger,safe,0.05000000000000007,-262.0,synthetic,,,,
479.0,,own,999510000,OWN SHIP,0.0,1.3305555555555557,-38.02782407407407,144.85,10.0,0.0,0.0,1,,,,,synthetic,,,,
479.0,,target,999510301,HEAD ON,0.05000000000000016,-0.13055555555555576,-38.05217592592592,144.85105823708847,10.0,180.0,180.0,18,danger,safe,0.05000000000000007,-263.00000000000006,synthetic,,,,
480.0,,own,999510000,OWN SHIP,0.0,1.3333333333333335,-38.02777777777777,144.85,10.0,0.0,0.0,1,,,,,synthetic,,,,
480.0,,target,999510301,HEAD ON,0.05000000000000017,-0.13333333333333353,-38.05222222222222,144.85105823708847,10.0,180.0,180.0,18,danger,safe,0.05000000000000008,-264.00000000000006,synthetic,,,,
481.0,,own,999510000,OWN SHIP,0.0,1.3361111111111112,-38.02773148148148,144.85,10.0,0.0,0.0,1,,,,,synthetic,,,,
481.0,,target,999510301,HEAD ON,0.05000000000000017,-0.1361111111111113,-38.05226851851852,144.85105823708847,10.0,180.0,180.0,18,danger,safe,0.05000000000000008,-265.00000000000006,synthetic,,,,
482.0,,own,999510000,OWN SHIP,0.0,1.338888888888889,-38.027685185185184,144.85,10.0,0.0,0.0,1,,,,,synthetic,,,,
482.0,,target,999510301,HEAD ON,0.05000000000000017,-0.13888888888888906,-38.052314814814814,144.85105823708847,10.0,180.0,180.0,18,danger,safe,0.05000000000000008,-266.00000000000006,synthetic,,,,
483.0,,own,999510000,OWN SHIP,0.0,1.3416666666666668,-38.02763888888889,144.85,10.0,0.0,0.0,1,,,,,synthetic,,,,
483.0,,target,999510301,HEAD ON,0.05000000000000017,-0.14166666666666683,-38.05236111111111,144.85105823708847,10.0,180.0,180.0,18,danger,safe,0.05000000000000008,-267.00000000000006,synthetic,,,,
484.0,,own,999510000,OWN SHIP,0.0,1.3444444444444446,-38.02759259259259,144.85,10.0,0.0,0.0,1,,,,,synthetic,,,,
484.0,,target,999510301,HEAD ON,0.05000000000000017,-0.1444444444444446,-38.05240740740741,144.85105823708847,10.0,180.0,180.0,18,danger,safe,0.05000000000000008,-268.00000000000006,synthetic,,,,
485.0,,own,999510000,OWN SHIP,0.0,1.3472222222222223,-38.02754629629629,144.85,10.0,0.0,0.0,1,,,,,synthetic,,,,
485.0,,target,999510301,HEAD ON,0.05000000000000017,-0.14722222222222237,-38.0524537037037,144.85105823708847,10.0,180.0,180.0,18,danger,safe,0.05000000000000008,-269.00000000000006,synthetic,,,,
486.0,,own,999510000,OWN SHIP,0.0,1.35,-38.027499999999996,144.85,10.0,0.0,0.0,1,,,,,synthetic,,,,
486.0,,target,999510301,HEAD ON,0.05000000000000017,-0.15000000000000013,-38.052499999999995,144.85105823708847,10.0,180.0,180.0,18,danger,safe,0.05000000000000008,-270.00000000000006,synthetic,,,,
487.0,,own,999510000,OWN SHIP,0.0,1.3527777777777779,-38.0274537037037,144.85,10.0,0.0,0.0,1,,,,,synthetic,,,,
487.0,,target,999510301,HEAD ON,0.05000000000000017,-0.1527777777777779,-38.05254629629629,144.85105823708847,10.0,180.0,180.0,18,danger,safe,0.05000000000000008,-271.0,synthetic,,,,
488.0,,own,999510000,OWN SHIP,0.0,1.3555555555555556,-38.0274074074074,144.85,10.0,0.0,0.0,1,,,,,synthetic,,,,
488.0,,target,999510301,HEAD ON,0.05000000000000017,-0.15555555555555567,-38.05259259259259,144.85105823708847,10.0,180.0,180.0,18,danger,safe,0.05000000000000008,-272.00000000000006,synthetic,,,,
489.0,,own,999510000,OWN SHIP,0.0,1.3583333333333334,-38.027361111111105,144.85,10.0,0.0,0.0,1,,,,,synthetic,,,,
489.0,,target,999510301,HEAD ON,0.05000000000000017,-0.15833333333333344,-38.052638888888886,144.85105823708847,10.0,180.0,180.0,18,danger,safe,0.05000000000000008,-273.0,synthetic,,,,
490.0,,own,999510000,OWN SHIP,0.0,1.3611111111111112,-38.027314814814815,144.85,10.0,0.0,0.0,1,,,,,synthetic,,,,
490.0,,target,999510301,HEAD ON,0.05000000000000017,-0.1611111111111112,-38.05268518518518,144.85105823708847,10.0,180.0,180.0,18,danger,safe,0.05000000000000008,-274.0,synthetic,,,,
491.0,,own,999510000,OWN SHIP,0.0,1.363888888888889,-38.02726851851852,144.85,10.0,0.0,0.0,1,,,,,synthetic,,,,
491.0,,target,999510301,HEAD ON,0.05000000000000017,-0.16388888888888897,-38.05273148148148,144.85105823708847,10.0,180.0,180.0,18,danger,safe,0.05000000000000008,-275.00000000000006,synthetic,,,,
492.0,,own,999510000,OWN SHIP,0.0,1.3666666666666667,-38.02722222222222,144.85,10.0,0.0,0.0,1,,,,,synthetic,,,,
492.0,,target,999510301,HEAD ON,0.05000000000000017,-0.16666666666666674,-38.05277777777778,144.85105823708847,10.0,180.0,180.0,18,danger,safe,0.05000000000000007,-276.0,synthetic,,,,
493.0,,own,999510000,OWN SHIP,0.0,1.3694444444444445,-38.027175925925924,144.85,10.0,0.0,0.0,1,,,,,synthetic,,,,
493.0,,target,999510301,HEAD ON,0.05000000000000017,-0.1694444444444445,-38.052824074074074,144.85105823708847,10.0,180.0,180.0,18,danger,safe,0.05000000000000007,-277.00000000000006,synthetic,,,,
494.0,,own,999510000,OWN SHIP,0.0,1.3722222222222222,-38.02712962962963,144.85,10.0,0.0,0.0,1,,,,,synthetic,,,,
494.0,,target,999510301,HEAD ON,0.05000000000000017,-0.17222222222222228,-38.052870370370364,144.85105823708847,10.0,180.0,180.0,18,danger,safe,0.05000000000000007,-278.0,synthetic,,,,
495.0,,own,999510000,OWN SHIP,0.0,1.375,-38.02708333333333,144.85,10.0,0.0,0.0,1,,,,,synthetic,,,,
495.0,,target,999510301,HEAD ON,0.05000000000000017,-0.17500000000000004,-38.05291666666666,144.85105823708847,10.0,180.0,180.0,18,danger,safe,0.05000000000000007,-279.0,synthetic,,,,
496.0,,own,999510000,OWN SHIP,0.0,1.3777777777777778,-38.02703703703703,144.85,10.0,0.0,0.0,1,,,,,synthetic,,,,
496.0,,target,999510301,HEAD ON,0.05000000000000017,-0.1777777777777778,-38.05296296296296,144.85105823708847,10.0,180.0,180.0,18,danger,safe,0.05000000000000007,-280.0,synthetic,,,,
497.0,,own,999510000,OWN SHIP,0.0,1.3805555555555555,-38.026990740740736,144.85,10.0,0.0,0.0,1,,,,,synthetic,,,,
497.0,,target,999510301,HEAD ON,0.05000000000000017,-0.18055555555555558,-38.053009259259255,144.85105823708847,10.0,180.0,180.0,18,danger,safe,0.05000000000000007,-281.0,synthetic,,,,
498.0,,own,999510000,OWN SHIP,0.0,1.3833333333333333,-38.02694444444444,144.85,10.0,0.0,0.0,1,,,,,synthetic,,,,
498.0,,target,999510301,HEAD ON,0.05000000000000017,-0.18333333333333335,-38.05305555555555,144.85105823708847,10.0,180.0,180.0,18,danger,safe,0.05000000000000007,-282.00000000000006,synthetic,,,,
499.0,,own,999510000,OWN SHIP,0.0,1.386111111111111,-38.02689814814814,144.85,10.0,0.0,0.0,1,,,,,synthetic,,,,
499.0,,target,999510301,HEAD ON,0.05000000000000017,-0.18611111111111112,-38.05310185185185,144.85105823708847,10.0,180.0,180.0,18,danger,safe,0.05000000000000007,-283.0,synthetic,,,,
500.0,,own,999510000,OWN SHIP,0.0,1.3888888888888888,-38.02685185185185,144.85,10.0,0.0,0.0,1,,,,,synthetic,,,,
500.0,,target,999510301,HEAD ON,0.050000000000000176,-0.18888888888888888,-38.053148148148146,144.85105823708847,10.0,180.0,180.0,18,danger,safe,0.05000000000000008,-284.0,synthetic,,,,
501.0,,own,999510000,OWN SHIP,0.0,1.3916666666666668,-38.026805555555555,144.85,10.0,0.0,0.0,1,,,,,synthetic,,,,
501.0,,target,999510301,HEAD ON,0.050000000000000176,-0.19166666666666687,-38.05319444444444,144.85105823708847,10.0,180.0,180.0,18,danger,safe,0.05000000000000008,-285.00000000000006,synthetic,,,,
502.0,,own,999510000,OWN SHIP,0.0,1.3944444444444446,-38.02675925925926,144.85,10.0,0.0,0.0,1,,,,,synthetic,,,,
502.0,,target,999510301,HEAD ON,0.050000000000000176,-0.19444444444444464,-38.05324074074074,144.85105823708847,10.0,180.0,180.0,18,danger,safe,0.05000000000000008,-286.00000000000006,synthetic,,,,
503.0,,own,999510000,OWN SHIP,0.0,1.3972222222222224,-38.02671296296296,144.85,10.0,0.0,0.0,1,,,,,synthetic,,,,
503.0,,target,999510301,HEAD ON,0.050000000000000176,-0.1972222222222224,-38.05328703703704,144.85105823708847,10.0,180.0,180.0,18,danger,safe,0.05000000000000008,-287.00000000000006,synthetic,,,,
504.0,,own,999510000,OWN SHIP,0.0,1.4000000000000001,-38.026666666666664,144.85,10.0,0.0,0.0,1,,,,,synthetic,,,,
504.0,,target,999510301,HEAD ON,0.050000000000000176,-0.20000000000000018,-38.05333333333333,144.85105823708847,10.0,180.0,180.0,18,danger,safe,0.05000000000000008,-288.00000000000006,synthetic,,,,
505.0,,own,999510000,OWN SHIP,0.0,1.402777777777778,-38.02662037037037,144.85,10.0,0.0,0.0,1,,,,,synthetic,,,,
505.0,,target,999510301,HEAD ON,0.050000000000000176,-0.20277777777777795,-38.053379629629625,144.85105823708847,10.0,180.0,180.0,18,danger,safe,0.05000000000000008,-289.00000000000006,synthetic,,,,
506.0,,own,999510000,OWN SHIP,0.0,1.4055555555555557,-38.02657407407407,144.85,10.0,0.0,0.0,1,,,,,synthetic,,,,
506.0,,target,999510301,HEAD ON,0.050000000000000176,-0.2055555555555557,-38.05342592592592,144.85105823708847,10.0,180.0,180.0,18,danger,safe,0.05000000000000008,-290.00000000000006,synthetic,,,,
507.0,,own,999510000,OWN SHIP,0.0,1.4083333333333334,-38.02652777777777,144.85,10.0,0.0,0.0,1,,,,,synthetic,,,,
507.0,,target,999510301,HEAD ON,0.050000000000000176,-0.20833333333333348,-38.05347222222222,144.85105823708847,10.0,180.0,180.0,18,danger,safe,0.05000000000000008,-291.00000000000006,synthetic,,,,
508.0,,own,999510000,OWN SHIP,0.0,1.4111111111111112,-38.026481481481476,144.85,10.0,0.0,0.0,1,,,,,synthetic,,,,
508.0,,target,999510301,HEAD ON,0.050000000000000176,-0.21111111111111125,-38.053518518518516,144.85105823708847,10.0,180.0,180.0,18,danger,safe,0.05000000000000008,-292.00000000000006,synthetic,,,,
509.0,,own,999510000,OWN SHIP,0.0,1.413888888888889,-38.026435185185186,144.85,10.0,0.0,0.0,1,,,,,synthetic,,,,
509.0,,target,999510301,HEAD ON,0.050000000000000176,-0.21388888888888902,-38.05356481481481,144.85105823708847,10.0,180.0,180.0,18,danger,safe,0.05000000000000008,-293.00000000000006,synthetic,,,,
510.0,,own,999510000,OWN SHIP,0.0,1.4166666666666667,-38.02638888888889,144.85,10.0,0.0,0.0,1,,,,,synthetic,,,,
510.0,,target,999510301,HEAD ON,0.050000000000000176,-0.21666666666666679,-38.05361111111111,144.85105823708847,10.0,180.0,180.0,18,danger,safe,0.05000000000000008,-294.0,synthetic,,,,
511.0,,own,999510000,OWN SHIP,0.0,1.4194444444444445,-38.02634259259259,144.85,10.0,0.0,0.0,1,,,,,synthetic,,,,
511.0,,target,999510301,HEAD ON,0.050000000000000176,-0.21944444444444455,-38.05365740740741,144.85105823708847,10.0,180.0,180.0,18,danger,safe,0.05000000000000008,-295.00000000000006,synthetic,,,,
512.0,,own,999510000,OWN SHIP,0.0,1.4222222222222223,-38.026296296296294,144.85,10.0,0.0,0.0,1,,,,,synthetic,,,,
512.0,,target,999510301,HEAD ON,0.050000000000000176,-0.22222222222222232,-38.053703703703704,144.85105823708847,10.0,180.0,180.0,18,danger,safe,0.05000000000000007,-296.0,synthetic,,,,
513.0,,own,999510000,OWN SHIP,0.0,1.425,-38.02625,144.85,10.0,0.0,0.0,1,,,,,synthetic,,,,
513.0,,target,999510301,HEAD ON,0.050000000000000176,-0.2250000000000001,-38.053749999999994,144.85105823708847,10.0,180.0,180.0,18,danger,safe,0.05000000000000007,-297.00000000000006,synthetic,,,,
514.0,,own,999510000,OWN SHIP,0.0,1.4277777777777778,-38.0262037037037,144.85,10.0,0.0,0.0,1,,,,,synthetic,,,,
514.0,,target,999510301,HEAD ON,0.050000000000000176,-0.22777777777777786,-38.05379629629629,144.85105823708847,10.0,180.0,180.0,18,danger,safe,0.05000000000000007,-298.0,synthetic,,,,
515.0,,own,999510000,OWN SHIP,0.0,1.4305555555555556,-38.0261574074074,144.85,10.0,0.0,0.0,1,,,,,synthetic,,,,
515.0,,target,999510301,HEAD ON,0.050000000000000176,-0.23055555555555562,-38.05384259259259,144.85105823708847,10.0,180.0,180.0,18,danger,safe,0.05000000000000007,-299.0,synthetic,,,,
516.0,,own,999510000,OWN SHIP,0.0,1.4333333333333333,-38.026111111111106,144.85,10.0,0.0,0.0,1,,,,,synthetic,,,,
516.0,,target,999510301,HEAD ON,0.050000000000000176,-0.2333333333333334,-38.053888888888885,144.85105823708847,10.0,180.0,180.0,18,danger,safe,0.05000000000000007,-300.00000000000006,synthetic,,,,
517.0,,own,999510000,OWN SHIP,0.0,1.4361111111111111,-38.02606481481481,144.85,10.0,0.0,0.0,1,,,,,synthetic,,,,
517.0,,target,999510301,HEAD ON,0.050000000000000176,-0.23611111111111116,-38.05393518518518,144.85105823708847,10.0,180.0,180.0,18,danger,safe,0.05000000000000007,-301.0,synthetic,,,,
518.0,,own,999510000,OWN SHIP,0.0,1.4388888888888889,-38.02601851851851,144.85,10.0,0.0,0.0,1,,,,,synthetic,,,,
518.0,,target,999510301,HEAD ON,0.050000000000000176,-0.23888888888888893,-38.05398148148148,144.85105823708847,10.0,180.0,180.0,18,danger,safe,0.05000000000000007,-302.0,synthetic,,,,
519.0,,own,999510000,OWN SHIP,0.0,1.4416666666666667,-38.02597222222222,144.85,10.0,0.0,0.0,1,,,,,synthetic,,,,
519.0,,target,999510301,HEAD ON,0.050000000000000176,-0.2416666666666667,-38.054027777777776,144.85105823708847,10.0,180.0,180.0,18,danger,safe,0.05000000000000007,-303.0,synthetic,,,,
520.0,,own,999510000,OWN SHIP,0.0,1.4444444444444444,-38.025925925925925,144.85,10.0,0.0,0.0,1,,,,,synthetic,,,,
520.0,,target,999510301,HEAD ON,0.050000000000000176,-0.24444444444444446,-38.05407407407407,144.85105823708847,10.0,180.0,180.0,18,danger,safe,0.05000000000000007,-304.0,synthetic,,,,
521.0,,own,999510000,OWN SHIP,0.0,1.4472222222222222,-38.02587962962963,144.85,10.0,0.0,0.0,1,,,,,synthetic,,,,
521.0,,target,999510301,HEAD ON,0.05000000000000018,-0.24722222222222223,-38.05412037037037,144.85105823708847,10.0,180.0,180.0,18,danger,safe,0.05000000000000008,-305.0,synthetic,,,,
522.0,,own,999510000,OWN SHIP,0.0,1.45,-38.02583333333333,144.85,10.0,0.0,0.0,1,,,,,synthetic,,,,
522.0,,target,999510301,HEAD ON,0.05000000000000018,-0.25,-38.05416666666667,144.85105823708847,10.0,180.0,180.0,18,danger,safe,0.05000000000000008,-306.0,synthetic,,,,
523.0,,own,999510000,OWN SHIP,0.0,1.4527777777777777,-38.025787037037034,144.85,10.0,0.0,0.0,1,,,,,synthetic,,,,
523.0,,target,999510301,HEAD ON,0.05000000000000018,-0.25277777777777777,-38.05421296296296,144.85105823708847,10.0,180.0,180.0,18,danger,safe,0.05000000000000008,-306.99999999999994,synthetic,,,,
524.0,,own,999510000,OWN SHIP,0.0,1.4555555555555557,-38.02574074074074,144.85,10.0,0.0,0.0,1,,,,,synthetic,,,,
524.0,,target,999510301,HEAD ON,0.05000000000000018,-0.25555555555555576,-38.054259259259254,144.85105823708847,10.0,180.0,180.0,18,danger,safe,0.05000000000000008,-308.00000000000006,synthetic,,,,
525.0,,own,999510000,OWN SHIP,0.0,1.4583333333333335,-38.02569444444444,144.85,10.0,0.0,0.0,1,,,,,synthetic,,,,
525.0,,target,999510301,HEAD ON,0.05000000000000018,-0.2583333333333335,-38.05430555555555,144.85105823708847,10.0,180.0,180.0,18,danger,safe,0.05000000000000008,-309.0000000000001,synthetic,,,,
526.0,,own,999510000,OWN SHIP,0.0,1.4611111111111112,-38.02564814814814,144.85,10.0,0.0,0.0,1,,,,,synthetic,,,,
526.0,,target,999510301,HEAD ON,0.05000000000000018,-0.2611111111111113,-38.05435185185185,144.85105823708847,10.0,180.0,180.0,18,danger,safe,0.05000000000000008,-310.00000000000006,synthetic,,,,
527.0,,own,999510000,OWN SHIP,0.0,1.463888888888889,-38.025601851851846,144.85,10.0,0.0,0.0,1,,,,,synthetic,,,,
527.0,,target,999510301,HEAD ON,0.05000000000000018,-0.26388888888888906,-38.054398148148145,144.85105823708847,10.0,180.0,180.0,18,danger,safe,0.05000000000000008,-311.00000000000006,synthetic,,,,
528.0,,own,999510000,OWN SHIP,0.0,1.4666666666666668,-38.025555555555556,144.85,10.0,0.0,0.0,1,,,,,synthetic,,,,
528.0,,target,999510301,HEAD ON,0.05000000000000018,-0.26666666666666683,-38.05444444444444,144.85105823708847,10.0,180.0,180.0,18,danger,safe,0.05000000000000008,-312.00000000000006,synthetic,,,,
529.0,,own,999510000,OWN SHIP,0.0,1.4694444444444446,-38.02550925925926,144.85,10.0,0.0,0.0,1,,,,,synthetic,,,,
529.0,,target,999510301,HEAD ON,0.05000000000000018,-0.2694444444444446,-38.05449074074074,144.85105823708847,10.0,180.0,180.0,18,danger,safe,0.05000000000000008,-313.00000000000006,synthetic,,,,
530.0,,own,999510000,OWN SHIP,0.0,1.4722222222222223,-38.02546296296296,144.85,10.0,0.0,0.0,1,,,,,synthetic,,,,
530.0,,target,999510301,HEAD ON,0.05000000000000018,-0.27222222222222237,-38.054537037037036,144.85105823708847,10.0,180.0,180.0,18,danger,safe,0.05000000000000008,-314.0,synthetic,,,,
531.0,,own,999510000,OWN SHIP,0.0,1.475,-38.025416666666665,144.85,10.0,0.0,0.0,1,,,,,synthetic,,,,
531.0,,target,999510301,HEAD ON,0.05000000000000018,-0.27500000000000013,-38.05458333333333,144.85105823708847,10.0,180.0,180.0,18,danger,safe,0.05000000000000008,-315.00000000000006,synthetic,,,,
532.0,,own,999510000,OWN SHIP,0.0,1.4777777777777779,-38.02537037037037,144.85,10.0,0.0,0.0,1,,,,,synthetic,,,,
532.0,,target,999510301,HEAD ON,0.05000000000000018,-0.2777777777777779,-38.05462962962962,144.85105823708847,10.0,180.0,180.0,18,danger,safe,0.05000000000000008,-316.00000000000006,synthetic,,,,
533.0,,own,999510000,OWN SHIP,0.0,1.4805555555555556,-38.02532407407407,144.85,10.0,0.0,0.0,1,,,,,synthetic,,,,
533.0,,target,999510301,HEAD ON,0.05000000000000018,-0.28055555555555567,-38.05467592592592,144.85105823708847,10.0,180.0,180.0,18,danger,safe,0.05000000000000007,-317.00000000000006,synthetic,,,,
534.0,,own,999510000,OWN SHIP,0.0,1.4833333333333334,-38.025277777777774,144.85,10.0,0.0,0.0,1,,,,,synthetic,,,,
534.0,,target,999510301,HEAD ON,0.05000000000000018,-0.28333333333333344,-38.05472222222222,144.85105823708847,10.0,180.0,180.0,18,danger,safe,0.05000000000000007,-318.00000000000006,synthetic,,,,
535.0,,own,999510000,OWN SHIP,0.0,1.4861111111111112,-38.02523148148148,144.85,10.0,0.0,0.0,1,,,,,synthetic,,,,
535.0,,target,999510301,HEAD ON,0.05000000000000018,-0.2861111111111112,-38.054768518518514,144.85105823708847,10.0,180.0,180.0,18,danger,safe,0.05000000000000007,-319.0,synthetic,,,,
536.0,,own,999510000,OWN SHIP,0.0,1.488888888888889,-38.02518518518518,144.85,10.0,0.0,0.0,1,,,,,synthetic,,,,
536.0,,target,999510301,HEAD ON,0.05000000000000018,-0.288888888888889,-38.05481481481481,144.85105823708847,10.0,180.0,180.0,18,danger,safe,0.05000000000000007,-320.00000000000006,synthetic,,,,
537.0,,own,999510000,OWN SHIP,0.0,1.4916666666666667,-38.02513888888888,144.85,10.0,0.0,0.0,1,,,,,synthetic,,,,
537.0,,target,999510301,HEAD ON,0.05000000000000018,-0.29166666666666674,-38.05486111111111,144.85105823708847,10.0,180.0,180.0,18,danger,safe,0.05000000000000007,-321.0,synthetic,,,,
538.0,,own,999510000,OWN SHIP,0.0,1.4944444444444445,-38.02509259259259,144.85,10.0,0.0,0.0,1,,,,,synthetic,,,,
538.0,,target,999510301,HEAD ON,0.05000000000000018,-0.2944444444444445,-38.054907407407406,144.85105823708847,10.0,180.0,180.0,18,danger,safe,0.05000000000000007,-322.0,synthetic,,,,
539.0,,own,999510000,OWN SHIP,0.0,1.4972222222222222,-38.025046296296296,144.85,10.0,0.0,0.0,1,,,,,synthetic,,,,
539.0,,target,999510301,HEAD ON,0.05000000000000018,-0.2972222222222223,-38.0549537037037,144.85105823708847,10.0,180.0,180.0,18,danger,safe,0.05000000000000007,-323.0,synthetic,,,,
540.0,,own,999510000,OWN SHIP,0.0,1.5,-38.025,144.85,10.0,0.0,0.0,1,,,,,synthetic,,,,
540.0,,target,999510301,HEAD ON,0.05000000000000018,-0.30000000000000004,-38.055,144.85105823708847,10.0,180.0,180.0,18,danger,safe,0.05000000000000007,-324.0,synthetic,,,,
541.0,,own,999510000,OWN SHIP,0.0,1.5027777777777778,-38.0249537037037,144.85,10.0,0.0,0.0,1,,,,,synthetic,,,,
541.0,,target,999510301,HEAD ON,0.05000000000000019,-0.3027777777777778,-38.0550462962963,144.85105823708847,10.0,180.0,180.0,18,danger,safe,0.05000000000000008,-325.00000000000006,synthetic,,,,
542.0,,own,999510000,OWN SHIP,0.0,1.5055555555555555,-38.024907407407404,144.85,10.0,0.0,0.0,1,,,,,synthetic,,,,
542.0,,target,999510301,HEAD ON,0.05000000000000019,-0.3055555555555556,-38.05509259259259,144.85105823708847,10.0,180.0,180.0,18,danger,safe,0.05000000000000008,-326.0,synthetic,,,,
543.0,,own,999510000,OWN SHIP,0.0,1.5083333333333333,-38.02486111111111,144.85,10.0,0.0,0.0,1,,,,,synthetic,,,,
543.0,,target,999510301,HEAD ON,0.05000000000000019,-0.30833333333333335,-38.055138888888884,144.85105823708847,10.0,180.0,180.0,18,danger,safe,0.05000000000000008,-327.0,synthetic,,,,
544.0,,own,999510000,OWN SHIP,0.0,1.511111111111111,-38.02481481481481,144.85,10.0,0.0,0.0,1,,,,,synthetic,,,,
544.0,,target,999510301,HEAD ON,0.05000000000000019,-0.3111111111111111,-38.05518518518518,144.85105823708847,10.0,180.0,180.0,18,danger,safe,0.05000000000000008,-328.0,synthetic,,,,
545.0,,own,999510000,OWN SHIP,0.0,1.5138888888888888,-38.02476851851851,144.85,10.0,0.0,0.0,1,,,,,synthetic,,,,
545.0,,target,999510301,HEAD ON,0.05000000000000019,-0.3138888888888889,-38.05523148148148,144.85105823708847,10.0,180.0,180.0,18,danger,safe,0.05000000000000008,-329.0,synthetic,,,,
546.0,,own,999510000,OWN SHIP,0.0,1.5166666666666668,-38.024722222222216,144.85,10.0,0.0,0.0,1,,,,,synthetic,,,,
546.0,,target,999510301,HEAD ON,0.05000000000000019,-0.3166666666666669,-38.055277777777775,144.85105823708847,10.0,180.0,180.0,18,danger,safe,0.05000000000000008,-330.00000000000006,synthetic,,,,
547.0,,own,999510000,OWN SHIP,0.0,1.5194444444444446,-38.024675925925926,144.85,10.0,0.0,0.0,1,,,,,synthetic,,,,
547.0,,target,999510301,HEAD ON,0.05000000000000019,-0.31944444444444464,-38.05532407407407,144.85105823708847,10.0,180.0,180.0,18,danger,safe,0.05000000000000008,-331.00000000000006,synthetic,,,,
548.0,,own,999510000,OWN SHIP,0.0,1.5222222222222224,-38.02462962962963,144.85,10.0,0.0,0.0,1,,,,,synthetic,,,,
548.0,,target,999510301,HEAD ON,0.05000000000000019,-0.3222222222222224,-38.05537037037037,144.85105823708847,10.0,180.0,180.0,18,danger,safe,0.05000000000000008,-332.00000000000006,synthetic,,,,
549.0,,own,999510000,OWN SHIP,0.0,1.5250000000000001,-38.02458333333333,144.85,10.0,0.0,0.0,1,,,,,synthetic,,,,
549.0,,target,999510301,HEAD ON,0.05000000000000019,-0.3250000000000002,-38.055416666666666,144.85105823708847,10.0,180.0,180.0,18,danger,safe,0.05000000000000008,-333.00000000000006,synthetic,,,,
550.0,,own,999510000,OWN SHIP,0.0,1.527777777777778,-38.024537037037035,144.85,10.0,0.0,0.0,1,,,,,synthetic,,,,
550.0,,target,999510301,HEAD ON,0.05000000000000019,-0.32777777777777795,-38.05546296296296,144.85105823708847,10.0,180.0,180.0,18,danger,safe,0.05000000000000008,-334.00000000000006,synthetic,,,,
551.0,,own,999510000,OWN SHIP,0.0,1.5305555555555557,-38.02449074074074,144.85,10.0,0.0,0.0,1,,,,,synthetic,,,,
551.0,,target,999510301,HEAD ON,0.05000000000000019,-0.3305555555555557,-38.05550925925925,144.85105823708847,10.0,180.0,180.0,18,danger,safe,0.05000000000000008,-335.00000000000006,synthetic,,,,
552.0,,own,999510000,OWN SHIP,0.0,1.5333333333333334,-38.02444444444444,144.85,10.0,0.0,0.0,1,,,,,synthetic,,,,
552.0,,target,999510301,HEAD ON,0.05000000000000019,-0.3333333333333335,-38.05555555555555,144.85105823708847,10.0,180.0,180.0,18,danger,safe,0.05000000000000008,-336.00000000000006,synthetic,,,,
553.0,,own,999510000,OWN SHIP,0.0,1.5361111111111112,-38.024398148148144,144.85,10.0,0.0,0.0,1,,,,,synthetic,,,,
553.0,,target,999510301,HEAD ON,0.05000000000000019,-0.33611111111111125,-38.05560185185185,144.85105823708847,10.0,180.0,180.0,18,danger,safe,0.05000000000000007,-337.00000000000006,synthetic,,,,
554.0,,own,999510000,OWN SHIP,0.0,1.538888888888889,-38.02435185185185,144.85,10.0,0.0,0.0,1,,,,,synthetic,,,,
554.0,,target,999510301,HEAD ON,0.05000000000000019,-0.338888888888889,-38.055648148148144,144.85105823708847,10.0,180.0,180.0,18,danger,safe,0.05000000000000007,-338.00000000000006,synthetic,,,,
555.0,,own,999510000,OWN SHIP,0.0,1.5416666666666667,-38.02430555555555,144.85,10.0,0.0,0.0,1,,,,,synthetic,,,,
555.0,,target,999510301,HEAD ON,0.05000000000000019,-0.3416666666666668,-38.05569444444444,144.85105823708847,10.0,180.0,180.0,18,danger,safe,0.05000000000000007,-339.0,synthetic,,,,
556.0,,own,999510000,OWN SHIP,0.0,1.5444444444444445,-38.02425925925925,144.85,10.0,0.0,0.0,1,,,,,synthetic,,,,
556.0,,target,999510301,HEAD ON,0.05000000000000019,-0.34444444444444455,-38.05574074074074,144.85105823708847,10.0,180.0,180.0,18,danger,safe,0.05000000000000007,-340.00000000000006,synthetic,,,,
557.0,,own,999510000,OWN SHIP,0.0,1.5472222222222223,-38.02421296296296,144.85,10.0,0.0,0.0,1,,,,,synthetic,,,,
557.0,,target,999510301,HEAD ON,0.05000000000000019,-0.3472222222222223,-38.055787037037035,144.85105823708847,10.0,180.0,180.0,18,danger,safe,0.05000000000000007,-341.0,synthetic,,,,
558.0,,own,999510000,OWN SHIP,0.0,1.55,-38.024166666666666,144.85,10.0,0.0,0.0,1,,,,,synthetic,,,,
558.0,,target,999510301,HEAD ON,0.05000000000000019,-0.3500000000000001,-38.05583333333333,144.85105823708847,10.0,180.0,180.0,18,danger,safe,0.05000000000000007,-342.0,synthetic,,,,
559.0,,own,999510000,OWN SHIP,0.0,1.5527777777777778,-38.02412037037037,144.85,10.0,0.0,0.0,1,,,,,synthetic,,,,
559.0,,target,999510301,HEAD ON,0.05000000000000019,-0.35277777777777786,-38.05587962962963,144.85105823708847,10.0,180.0,180.0,18,danger,safe,0.05000000000000007,-343.00000000000006,synthetic,,,,
560.0,,own,999510000,OWN SHIP,0.0,1.5555555555555556,-38.02407407407407,144.85,10.0,0.0,0.0,1,,,,,synthetic,,,,
560.0,,target,999510301,HEAD ON,0.05000000000000019,-0.3555555555555556,-38.055925925925926,144.85105823708847,10.0,180.0,180.0,18,danger,safe,0.05000000000000007,-344.0,synthetic,,,,
561.0,,own,999510000,OWN SHIP,0.0,1.5583333333333333,-38.024027777777775,144.85,10.0,0.0,0.0,1,,,,,synthetic,,,,
561.0,,target,999510301,HEAD ON,0.0500000000000002,-0.3583333333333334,-38.055972222222216,144.85105823708847,10.0,180.0,180.0,18,danger,safe,0.05000000000000008,-345.00000000000006,synthetic,,,,
562.0,,own,999510000,OWN SHIP,0.0,1.5611111111111111,-38.02398148148148,144.85,10.0,0.0,0.0,1,,,,,synthetic,,,,
562.0,,target,999510301,HEAD ON,0.0500000000000002,-0.36111111111111116,-38.05601851851851,144.85105823708847,10.0,180.0,180.0,18,danger,safe,0.05000000000000008,-346.0,synthetic,,,,
563.0,,own,999510000,OWN SHIP,0.0,1.5638888888888889,-38.02393518518518,144.85,10.0,0.0,0.0,1,,,,,synthetic,,,,
563.0,,target,999510301,HEAD ON,0.0500000000000002,-0.36388888888888893,-38.05606481481481,144.85105823708847,10.0,180.0,180.0,18,danger,safe,0.05000000000000008,-347.0,synthetic,,,,
564.0,,own,999510000,OWN SHIP,0.0,1.5666666666666667,-38.023888888888884,144.85,10.0,0.0,0.0,1,,,,,synthetic,,,,
564.0,,target,999510301,HEAD ON,0.0500000000000002,-0.3666666666666667,-38.05611111111111,144.85105823708847,10.0,180.0,180.0,18,danger,safe,0.05000000000000008,-348.0,synthetic,,,,
565.0,,own,999510000,OWN SHIP,0.0,1.5694444444444444,-38.02384259259259,144.85,10.0,0.0,0.0,1,,,,,synthetic,,,,
565.0,,target,999510301,HEAD ON,0.0500000000000002,-0.36944444444444446,-38.056157407407404,144.85105823708847,10.0,180.0,180.0,18,danger,safe,0.05000000000000008,-349.0,synthetic,,,,
566.0,,own,999510000,OWN SHIP,0.0,1.5722222222222222,-38.0237962962963,144.85,10.0,0.0,0.0,1,,,,,synthetic,,,,
566.0,,target,999510301,HEAD ON,0.0500000000000002,-0.37222222222222223,-38.0562037037037,144.85105823708847,10.0,180.0,180.0,18,danger,safe,0.05000000000000008,-350.00000000000006,synthetic,,,,
567.0,,own,999510000,OWN SHIP,0.0,1.575,-38.02375,144.85,10.0,0.0,0.0,1,,,,,synthetic,,,,
567.0,,target,999510301,HEAD ON,0.0500000000000002,-0.375,-38.05625,144.85105823708847,10.0,180.0,180.0,18,danger,safe,0.05000000000000008,-351.0,synthetic,,,,
568.0,,own,999510000,OWN SHIP,0.0,1.577777777777778,-38.0237037037037,144.85,10.0,0.0,0.0,1,,,,,synthetic,,,,
568.0,,target,999510301,HEAD ON,0.0500000000000002,-0.377777777777778,-38.056296296296296,144.85105823708847,10.0,180.0,180.0,18,danger,safe,0.05000000000000008,-352.0000000000001,synthetic,,,,
569.0,,own,999510000,OWN SHIP,0.0,1.5805555555555557,-38.023657407407406,144.85,10.0,0.0,0.0,1,,,,,synthetic,,,,
569.0,,target,999510301,HEAD ON,0.0500000000000002,-0.38055555555555576,-38.05634259259259,144.85105823708847,10.0,180.0,180.0,18,danger,safe,0.05000000000000008,-353.00000000000006,synthetic,,,,
570.0,,own,999510000,OWN SHIP,0.0,1.5833333333333335,-38.02361111111111,144.85,10.0,0.0,0.0,1,,,,,synthetic,,,,
570.0,,target,999510301,HEAD ON,0.0500000000000002,-0.3833333333333335,-38.05638888888888,144.85105823708847,10.0,180.0,180.0,18,danger,safe,0.05000000000000008,-354.00000000000006,synthetic,,,,
571.0,,own,999510000,OWN SHIP,0.0,1.5861111111111112,-38.02356481481481,144.85,10.0,0.0,0.0,1,,,,,synthetic,,,,
571.0,,target,999510301,HEAD ON,0.0500000000000002,-0.3861111111111113,-38.05643518518518,144.85105823708847,10.0,180.0,180.0,18,danger,safe,0.05000000000000008,-355.00000000000006,synthetic,,,,
572.0,,own,999510000,OWN SHIP,0.0,1.588888888888889,-38.023518518518514,144.85,10.0,0.0,0.0,1,,,,,synthetic,,,,
572.0,,target,999510301,HEAD ON,0.0500000000000002,-0.38888888888888906,-38.05648148148148,144.85105823708847,10.0,180.0,180.0,18,danger,safe,0.05000000000000008,-356.00000000000006,synthetic,,,,
573.0,,own,999510000,OWN SHIP,0.0,1.5916666666666668,-38.02347222222222,144.85,10.0,0.0,0.0,1,,,,,synthetic,,,,
573.0,,target,999510301,HEAD ON,0.0500000000000002,-0.39166666666666683,-38.056527777777774,144.85105823708847,10.0,180.0,180.0,18,danger,safe,0.05000000000000007,-357.00000000000006,synthetic,,,,
574.0,,own,999510000,OWN SHIP,0.0,1.5944444444444446,-38.02342592592592,144.85,10.0,0.0,0.0,1,,,,,synthetic,,,,
574.0,,target,999510301,HEAD ON,0.0500000000000002,-0.3944444444444446,-38.05657407407407,144.85105823708847,10.0,180.0,180.0,18,danger,safe,0.05000000000000007,-358.00000000000006,synthetic,,,,
575.0,,own,999510000,OWN SHIP,0.0,1.5972222222222223,-38.02337962962962,144.85,10.0,0.0,0.0,1,,,,,synthetic,,,,
575.0,,target,999510301,HEAD ON,0.0500000000000002,-0.39722222222222237,-38.05662037037037,144.85105823708847,10.0,180.0,180.0,18,danger,safe,0.05000000000000007,-359.00000000000006,synthetic,,,,
576.0,,own,999510000,OWN SHIP,0.0,1.6,-38.02333333333333,144.85,10.0,0.0,0.0,1,,,,,synthetic,,,,
576.0,,target,999510301,HEAD ON,0.0500000000000002,-0.40000000000000013,-38.056666666666665,144.85105823708847,10.0,180.0,180.0,18,danger,safe,0.05000000000000007,-360.0,synthetic,,,,
577.0,,own,999510000,OWN SHIP,0.0,1.6027777777777779,-38.023287037037036,144.85,10.0,0.0,0.0,1,,,,,synthetic,,,,
577.0,,target,999510301,HEAD ON,0.0500000000000002,-0.4027777777777779,-38.05671296296296,144.85105823708847,10.0,180.0,180.0,18,danger,safe,0.05000000000000007,-361.0,synthetic,,,,
578.0,,own,999510000,OWN SHIP,0.0,1.6055555555555556,-38.02324074074074,144.85,10.0,0.0,0.0,1,,,,,synthetic,,,,
578.0,,target,999510301,HEAD ON,0.0500000000000002,-0.40555555555555567,-38.05675925925926,144.85105823708847,10.0,180.0,180.0,18,danger,safe,0.05000000000000007,-362.0,synthetic,,,,
579.0,,own,999510000,OWN SHIP,0.0,1.6083333333333334,-38.02319444444444,144.85,10.0,0.0,0.0,1,,,,,synthetic,,,,
579.0,,target,999510301,HEAD ON,0.0500000000000002,-0.40833333333333344,-38.056805555555556,144.85105823708847,10.0,180.0,180.0,18,danger,safe,0.05000000000000007,-363.0,synthetic,,,,
580.0,,own,999510000,OWN SHIP,0.0,1.6111111111111112,-38.023148148148145,144.85,10.0,0.0,0.0,1,,,,,synthetic,,,,
580.0,,target,999510301,HEAD ON,0.0500000000000002,-0.4111111111111112,-38.056851851851846,144.85105823708847,10.0,180.0,180.0,18,danger,safe,0.05000000000000007,-364.0,synthetic,,,,
581.0,,own,999510000,OWN SHIP,0.0,1.613888888888889,-38.02310185185185,144.85,10.0,0.0,0.0,1,,,,,synthetic,,,,
581.0,,target,999510301,HEAD ON,0.0500000000000002,-0.413888888888889,-38.05689814814814,144.85105823708847,10.0,180.0,180.0,18,danger,safe,0.05000000000000007,-365.0,synthetic,,,,
582.0,,own,999510000,OWN SHIP,0.0,1.6166666666666667,-38.02305555555555,144.85,10.0,0.0,0.0,1,,,,,synthetic,,,,
582.0,,target,999510301,HEAD ON,0.050000000000000204,-0.41666666666666674,-38.05694444444444,144.85105823708847,10.0,180.0,180.0,18,danger,safe,0.05000000000000008,-365.99999999999994,synthetic,,,,
583.0,,own,999510000,OWN SHIP,0.0,1.6194444444444445,-38.023009259259254,144.85,10.0,0.0,0.0,1,,,,,synthetic,,,,
583.0,,target,999510301,HEAD ON,0.050000000000000204,-0.4194444444444445,-38.05699074074074,144.85105823708847,10.0,180.0,180.0,18,danger,safe,0.05000000000000008,-367.0,synthetic,,,,
584.0,,own,999510000,OWN SHIP,0.0,1.6222222222222222,-38.02296296296296,144.85,10.0,0.0,0.0,1,,,,,synthetic,,,,
584.0,,target,999510301,HEAD ON,0.050000000000000204,-0.4222222222222223,-38.057037037037034,144.85105823708847,10.0,180.0,180.0,18,danger,safe,0.05000000000000008,-368.0,synthetic,,,,
585.0,,own,999510000,OWN SHIP,0.0,1.625,-38.02291666666667,144.85,10.0,0.0,0.0,1,,,,,synthetic,,,,
585.0,,target,999510301,HEAD ON,0.050000000000000204,-0.42500000000000004,-38.05708333333333,144.85105823708847,10.0,180.0,180.0,18,danger,safe,0.05000000000000008,-368.99999999999994,synthetic,,,,
586.0,,own,999510000,OWN SHIP,0.0,1.6277777777777778,-38.02287037037037,144.85,10.0,0.0,0.0,1,,,,,synthetic,,,,
586.0,,target,999510301,HEAD ON,0.050000000000000204,-0.4277777777777778,-38.05712962962963,144.85105823708847,10.0,180.0,180.0,18,danger,safe,0.05000000000000008,-370.0,synthetic,,,,
587.0,,own,999510000,OWN SHIP,0.0,1.6305555555555555,-38.02282407407407,144.85,10.0,0.0,0.0,1,,,,,synthetic,,,,
587.0,,target,999510301,HEAD ON,0.050000000000000204,-0.4305555555555556,-38.057175925925925,144.85105823708847,10.0,180.0,180.0,18,danger,safe,0.05000000000000008,-370.99999999999994,synthetic,,,,
588.0,,own,999510000,OWN SHIP,0.0,1.6333333333333333,-38.022777777777776,144.85,10.0,0.0,0.0,1,,,,,synthetic,,,,
588.0,,target,999510301,HEAD ON,0.050000000000000204,-0.43333333333333335,-38.05722222222222,144.85105823708847,10.0,180.0,180.0,18,danger,safe,0.05000000000000008,-372.0,synthetic,,,,
589.0,,own,999510000,OWN SHIP,0.0,1.636111111111111,-38.02273148148148,144.85,10.0,0.0,0.0,1,,,,,synthetic,,,,
589.0,,target,999510301,HEAD ON,0.050000000000000204,-0.4361111111111111,-38.05726851851851,144.85105823708847,10.0,180.0,180.0,18,danger,safe,0.05000000000000008,-372.99999999999994,synthetic,,,,
590.0,,own,999510000,OWN SHIP,0.0,1.638888888888889,-38.02268518518518,144.85,10.0,0.0,0.0,1,,,,,synthetic,,,,
590.0,,target,999510301,HEAD ON,0.050000000000000204,-0.4388888888888891,-38.05731481481481,144.85105823708847,10.0,180.0,180.0,18,danger,safe,0.05000000000000008,-374.0000000000001,synthetic,,,,
591.0,,own,999510000,OWN SHIP,0.0,1.6416666666666668,-38.022638888888885,144.85,10.0,0.0,0.0,1,,,,,synthetic,,,,
591.0,,target,999510301,HEAD ON,0.050000000000000204,-0.4416666666666669,-38.057361111111106,144.85105823708847,10.0,180.0,180.0,18,danger,safe,0.05000000000000008,-375.0000000000001,synthetic,,,,
592.0,,own,999510000,OWN SHIP,0.0,1.6444444444444446,-38.02259259259259,144.85,10.0,0.0,0.0,1,,,,,synthetic,,,,
592.0,,target,999510301,HEAD ON,0.050000000000000204,-0.44444444444444464,-38.0574074074074,144.85105823708847,10.0,180.0,180.0,18,danger,safe,0.05000000000000008,-376.0000000000001,synthetic,,,,
593.0,,own,999510000,OWN SHIP,0.0,1.6472222222222224,-38.02254629629629,144.85,10.0,0.0,0.0,1,,,,,synthetic,,,,
593.0,,target,999510301,HEAD ON,0.050000000000000204,-0.4472222222222224,-38.0574537037037,144.85105823708847,10.0,180.0,180.0,18,danger,safe,0.05000000000000008,-377.0000000000001,synthetic,,,,
594.0,,own,999510000,OWN SHIP,0.0,1.6500000000000001,-38.022499999999994,144.85,10.0,0.0,0.0,1,,,,,synthetic,,,,
594.0,,target,999510301,HEAD ON,0.050000000000000204,-0.4500000000000002,-38.0575,144.85105823708847,10.0,180.0,180.0,18,danger,safe,0.05000000000000007,-378.0000000000001,synthetic,,,,
595.0,,own,999510000,OWN SHIP,0.0,1.652777777777778,-38.022453703703704,144.85,10.0,0.0,0.0,1,,,,,synthetic,,,,
595.0,,target,999510301,HEAD ON,0.050000000000000204,-0.45277777777777795,-38.057546296296294,144.85105823708847,10.0,180.0,180.0,18,danger,safe,0.05000000000000007,-379.0000000000001,synthetic,,,,
596.0,,own,999510000,OWN SHIP,0.0,1.6555555555555557,-38.02240740740741,144.85,10.0,0.0,0.0,1,,,,,synthetic,,,,
596.0,,target,999510301,HEAD ON,0.050000000000000204,-0.4555555555555557,-38.05759259259259,144.85105823708847,10.0,180.0,180.0,18,danger,safe,0.05000000000000007,-380.00000000000006,synthetic,,,,
597.0,,own,999510000,OWN SHIP,0.0,1.6583333333333334,-38.02236111111111,144.85,10.0,0.0,0.0,1,,,,,synthetic,,,,
597.0,,target,999510301,HEAD ON,0.050000000000000204,-0.4583333333333335,-38.05763888888889,144.85105823708847,10.0,180.0,180.0,18,danger,safe,0.05000000000000007,-381.0000000000001,synthetic,,,,
598.0,,own,999510000,OWN SHIP,0.0,1.6611111111111112,-38.02231481481481,144.85,10.0,0.0,0.0,1,,,,,synthetic,,,,
598.0,,target,999510301,HEAD ON,0.050000000000000204,-0.46111111111111125,-38.057685185185186,144.85105823708847,10.0,180.0,180.0,18,danger,safe,0.05000000000000007,-382.00000000000006,synthetic,,,,
599.0,,own,999510000,OWN SHIP,0.0,1.663888888888889,-38.022268518518516,144.85,10.0,0.0,0.0,1,,,,,synthetic,,,,
599.0,,target,999510301,HEAD ON,0.050000000000000204,-0.463888888888889,-38.057731481481476,144.85105823708847,10.0,180.0,180.0,18,danger,safe,0.05000000000000007,-383.0000000000001,synthetic,,,,
600.0,,own,999510000,OWN SHIP,0.0,1.6666666666666667,-38.02222222222222,144.85,10.0,0.0,0.0,1,,,,,synthetic,,,,
600.0,,target,999510301,HEAD ON,0.050000000000000204,-0.4666666666666668,-38.05777777777777,144.85105823708847,10.0,180.0,180.0,18,danger,safe,0.05000000000000007,-384.00000000000006,synthetic,,,,
