time_sec,timestamp_utc,role,mmsi,name,x_nm,y_nm,lat,lon,sog_kn,cog_deg,heading_deg,message_type,expected_level,computed_level,cpa_nm,tcpa_sec,source,raw_aivdm,rx_signalpower_db,rx_ppm,rx_timestamp_raw,ship_type,aton_type,aton_virtual,aton_off_position
0.0,,own,999181101,HELGE INGSTAD,-0.9261382470294572,2.123655372792763,60.67706092287988,4.833516051189261,16.9,158,158,18,,,,,aibn_source_informed_model,,,,,35,,False,False
0.0,,target,999181102,SOLA TS,0.17963495581658037,-0.8362453671980646,60.62772924388003,4.871106666873644,3.7353846154,345.8,350,18,,caution,0.005813899119428803,551.9916270207087,aibn_source_informed_model,,,,,80,,False,False
1.0,,own,999181101,HELGE INGSTAD,-0.9243795653054965,2.11930276609515,60.67698837943492,4.833575837344891,16.90025906735751,157.99740932642487,157.99740932642487,18,,,,,aibn_source_informed_model,,,,,35,,False,False
1.0,,target,999181102,SOLA TS,0.17938011918224908,-0.8352382626249579,60.62774602895625,4.871098003735526,3.744307692323019,345.8,350.0,18,,caution,0.00577977529711117,550.74800003939,aibn_source_informed_model,,,,,80,,False,False
2.0,,own,999181101,HELGE INGSTAD,-0.9226206598144129,2.1149501722009116,60.67691583620335,4.833635631107454,16.900518134715025,157.99481865284974,157.99481865284974,18,,,,,aibn_source_informed_model,,,,,35,,False,False
2.0,,target,999181102,SOLA TS,0.1791246745210639,-0.8342287551531207,60.62776285408078,4.871089319927614,3.753230769246038,345.8,350.0,18,,caution,0.00574574690741168,549.5050306041974,aibn_source_informed_model,,,,,80,,False,False
3.0,,own,999181101,HELGE INGSTAD,-0.9208615305537687,2.1105975911213855,60.67684329318536,4.833695432477035,16.900777202072536,157.99222797927462,157.99222797927462,18,,,,,aibn_source_informed_model,,,,,35,,False,False
3.0,,target,999181102,SOLA TS,0.17886862183302485,-0.833216844782553,60.627779719253624,4.871080615449909,3.7621538461690567,345.8,350.0,18,,caution,0.005711813811026596,548.2627178405705,aibn_source_informed_model,,,,,80,,False,False
4.0,,own,999181101,HELGE INGSTAD,-0.9191021775211269,2.1062450228679084,60.67677075038113,4.833755241453716,16.90103626943005,157.9896373056995,157.9896373056995,18,,,,,aibn_source_informed_model,,,,,35,,False,False
4.0,,target,999181102,SOLA TS,0.1786119611181319,-0.8322025315132547,60.627796624474776,4.87107189030241,3.7710769230920755,345.8,350.0,18,,caution,0.005677975868894416,547.0210608754968,aibn_source_informed_model,,,,,80,,False,False
5.0,,own,999181101,HELGE INGSTAD,-0.9173426007140508,2.101892467451818,60.676698207790864,4.83381505803758,16.901295336787562,157.98704663212436,157.98704663212436,18,,,,,aibn_source_informed_model,,,,,35,,False,False
5.0,,target,999181102,SOLA TS,0.17835469237638507,-0.8311858153452261,60.62781356974425,4.871063144485118,3.7800000000150944,345.8,350.0,18,,caution,0.005644232942196859,545.7800588375069,aibn_source_informed_model,,,,,80,,False,False
6.0,,own,999181101,HELGE INGSTAD,-0.9155828001301045,2.0975399248844524,60.67662566541474,4.8338748822287085,16.901554404145077,157.98445595854923,157.98445595854923,18,,,,,aibn_source_informed_model,,,,,35,,False,False
6.0,,target,999181102,SOLA TS,0.17809681560778437,-0.8301666962784668,60.627830555062026,4.871054377998032,3.7889230769381133,345.8,350.0,18,,caution,0.005610584892358187,544.5397108566723,aibn_source_informed_model,,,,,80,,False,False
7.0,,own,999181101,HELGE INGSTAD,-0.9138227757668526,2.093187395177149,60.67655312325295,4.833934714027185,16.90181347150259,157.9818652849741,157.9818652849741,18,,,,,aibn_source_informed_model,,,,,35,,False,False
7.0,,target,999181102,SOLA TS,0.17783833081232978,-0.8291451743129772,60.62784758042812,4.871045590841153,3.797846153861132,345.8,350.0,18,,caution,0.00557703158104339,543.3000160646025,aibn_source_informed_model,,,,,80,,False,False
8.0,,own,999181101,HELGE INGSTAD,-0.9120625276218601,2.0888348783412463,60.67648058130569,4.833994553433094,16.902072538860104,157.97927461139898,157.97927461139898,18,,,,,aibn_source_informed_model,,,,,35,,False,False
8.0,,target,999181102,SOLA TS,0.1775792379900213,-0.828121249448757,60.62786464584252,4.87103678301448,3.806769230784151,345.8,350.0,18,,caution,0.005543572870155011,542.0609735944388,aibn_source_informed_model,,,,,80,,False,False
9.0,,own,999181101,HELGE INGSTAD,-0.910302055692693,2.0844823743880827,60.67640803957313,4.834054400446516,16.902331606217615,157.97668393782382,157.97668393782382,18,,,,,aibn_source_informed_model,,,,,35,,False,False
9.0,,target,999181102,SOLA TS,0.17731953714085893,-0.8270949216858063,60.62788175130524,4.871027954518015,3.81569230770717,345.8,350.0,18,,caution,0.005510208621842243,540.8225825808544,aibn_source_informed_model,,,,,80,,False,False
10.0,,own,999181101,HELGE INGSTAD,-0.9085413599769173,2.080129883328997,60.67633549805548,4.834114255067535,16.90259067357513,157.9740932642487,157.9740932642487,18,,,,,aibn_source_informed_model,,,,,35,,False,False
10.0,,target,999181102,SOLA TS,0.1770592282648427,-0.8260661910241252,60.62789889681626,4.871019105351754,3.8246153846301887,345.8,350.0,18,,caution,0.00547693869848533,539.5848421600488,aibn_source_informed_model,,,,,80,,False,False
11.0,,own,999181101,HELGE INGSTAD,-0.9067804404721002,2.075777405175328,60.67626295675292,4.834174117296232,16.90284974093264,157.97150259067357,157.97150259067357,18,,,,,aibn_source_informed_model,,,,,35,,False,False
11.0,,target,999181102,SOLA TS,0.17679831136197255,-0.8250350574637135,60.627916082375606,4.871010235515701,3.8335384615532075,345.8,350.0,18,,caution,0.0054437629627098715,538.3477514697455,aibn_source_informed_model,,,,,80,,False,False
12.0,,own,999181101,HELGE INGSTAD,-0.9050192971758088,2.071424939938415,60.67619041566564,4.834233987132692,16.903108808290153,157.96891191709844,157.96891191709844,18,,,,,aibn_source_informed_model,,,,,35,,False,False
12.0,,target,999181102,SOLA TS,0.17653678643224854,-0.8240015210045714,60.627933307983255,4.871001345009854,3.8424615384762264,345.8,350.0,18,,caution,0.005410681277377403,537.1113096491878,aibn_source_informed_model,,,,,80,,False,False
13.0,,own,999181101,HELGE INGSTAD,-0.9032579300856112,2.0670724876295976,60.676117874793825,4.834293864576996,16.903367875647668,157.9663212435233,157.9663212435233,18,,,,,aibn_source_informed_model,,,,,35,,False,False
13.0,,target,999181102,SOLA TS,0.17627465347567065,-0.8229655816466986,60.62795057363922,4.870992433834214,3.8513846153992453,345.8,350.0,18,,caution,0.005377693505587321,535.8755158391358,aibn_source_informed_model,,,,,80,,False,False
14.0,,own,999181101,HELGE INGSTAD,-0.901496339199076,2.0627200482602155,60.67604533413767,4.834353749629228,16.90362694300518,157.96373056994818,157.96373056994818,18,,,,,aibn_source_informed_model,,,,,35,,False,False
14.0,,target,999181102,SOLA TS,0.17601191249223885,-0.8219272393900955,60.627967879343494,4.87098350198878,3.860307692322264,345.8,350.0,18,,caution,0.005344799510678187,534.640369181864,aibn_source_informed_model,,,,,80,,False,False
15.0,,own,999181101,HELGE INGSTAD,-0.8997345245137724,2.0583676218416085,60.67597279369736,4.83441364228947,16.903886010362694,157.96113989637306,157.96113989637306,18,,,,,aibn_source_informed_model,,,,,35,,False,False
15.0,,target,999181102,SOLA TS,0.1757485634819532,-0.8208864942347618,60.62798522509608,4.870974549473553,3.869230769245283,345.8,350.0,18,,caution,0.005311999156223978,533.4058688211562,aibn_source_informed_model,,,,,80,,False,False
16.0,,own,999181101,HELGE INGSTAD,-0.8979724860272701,2.054015208385117,60.67590025347308,4.834473542557804,16.904145077720205,157.95854922279793,157.95854922279793,18,,,,,aibn_source_informed_model,,,,,35,,False,False
16.0,,target,999181102,SOLA TS,0.17548460644481365,-0.8198433461806977,60.628002610896985,4.8709655762885316,3.878153846168302,345.8,350.0,18,,caution,0.0052792923060341395,532.1720139023037,aibn_source_informed_model,,,,,80,,False,False
17.0,,own,999181101,HELGE INGSTAD,-0.8962102237371392,2.049662807902081,60.67582771346503,4.834533450434313,16.90440414507772,157.9559585492228,157.9559585492228,18,,,,,aibn_source_informed_model,,,,,35,,False,False
17.0,,target,999181102,SOLA TS,0.1752200413808202,-0.818797795227903,60.6280200367462,4.870956582433718,3.8870769230913207,345.8,350.0,18,,caution,0.0052466788241567605,530.9388035721009,aibn_source_informed_model,,,,,80,,False,False
18.0,,own,999181101,HELGE INGSTAD,-0.8944477376409506,2.0453104204038413,60.675755173673394,4.83459336591908,16.90466321243523,157.95336787564767,157.95336787564767,18,,,,,aibn_source_informed_model,,,,,35,,False,False
18.0,,target,999181102,SOLA TS,0.1749548682899729,-0.8177498413763779,60.62803750264373,4.870947567909109,3.8960000000143395,345.8,350.0,18,,caution,0.005214158574872536,529.7062369788429,aibn_source_informed_model,,,,,80,,False,False
19.0,,own,999181101,HELGE INGSTAD,-0.8926850277362758,2.040958045901739,60.67568263409836,4.834653289012188,16.904922279792746,157.95077720207254,157.95077720207254,18,,,,,aibn_source_informed_model,,,,,35,,False,False
19.0,,target,999181102,SOLA TS,0.1746890871722717,-0.8166994846261222,60.62805500858956,4.870938532714708,3.9049230769373584,345.8,350.0,18,,caution,0.005181731422698981,528.4743132723214,aibn_source_informed_model,,,,,80,,False,False
20.0,,own,999181101,HELGE INGSTAD,-0.8909220940206867,2.036605684407115,60.675610094740115,4.834713219713717,16.905181347150258,157.94818652849742,157.94818652849742,18,,,,,aibn_source_informed_model,,,,,35,,False,False
20.0,,target,999181102,SOLA TS,0.1744226980277166,-0.8156467249771361,60.62807255458371,4.870929476850513,3.9138461538603773,345.8,350.0,18,,caution,0.005149397232384763,527.2430316038225,aibn_source_informed_model,,,,,80,,False,False
21.0,,own,999181101,HELGE INGSTAD,-0.8891589364917558,2.0322533359313115,60.67553755559885,4.834773158023753,16.90544041450777,157.9455958549223,157.9455958549223,18,,,,,aibn_source_informed_model,,,,,35,,False,False
21.0,,target,999181102,SOLA TS,0.17415570085630763,-0.8145915624294194,60.62809014062618,4.870920400316525,3.922769230783396,345.8,350.0,18,,caution,0.005117155868917396,526.0123911261222,aibn_source_informed_model,,,,,80,,False,False
22.0,,own,999181101,HELGE INGSTAD,-0.8873955551470563,2.0279010004856692,60.67546501667476,4.834833103942376,16.905699481865284,157.94300518134716,157.94300518134716,18,,,,,aibn_source_informed_model,,,,,35,,False,False
22.0,,target,999181102,SOLA TS,0.17388809565804478,-0.8135339969829724,60.62810776671695,4.8709113031127425,3.931692307706415,345.8,350.0,18,,caution,0.005085007197513309,524.7823909934832,aibn_source_informed_model,,,,,80,,False,False
23.0,,own,999181101,HELGE INGSTAD,-0.8856319499841617,2.023548678081531,60.675392477968025,4.83489305746967,16.905958549222795,157.94041450777203,157.94041450777203,18,,,,,aibn_source_informed_model,,,,,35,,False,False
23.0,,target,999181102,SOLA TS,0.17361988243292803,-0.8124740286377947,60.62812543285604,4.870902185239167,3.940615384629434,345.8,350.0,18,,caution,0.005052951083623772,523.5530303616533,aibn_source_informed_model,,,,,80,,False,False
24.0,,own,999181101,HELGE INGSTAD,-0.8838681210006465,2.019196368730238,60.67531993947884,4.834953018605717,16.90621761658031,157.9378238341969,157.9378238341969,18,,,,,aibn_source_informed_model,,,,,35,,False,False
24.0,,target,999181102,SOLA TS,0.17335106118095742,-0.8114116573938867,60.62814313904344,4.870893046695798,3.9495384615524527,345.8,350.0,18,,caution,0.005020987392929854,522.3243083878601,aibn_source_informed_model,,,,,80,,False,False
25.0,,own,999181101,HELGE INGSTAD,-0.8821040681940854,2.014844072443133,60.675247401207386,4.835012987350598,16.90647668393782,157.93523316062175,157.93523316062175,18,,,,,aibn_source_informed_model,,,,,35,,False,False
25.0,,target,999181102,SOLA TS,0.1730816319021329,-0.810346883251248,60.628160885279144,4.870883887482635,3.958461538475472,345.8,350.0,18,,caution,0.00498911599135022,521.096224230809,aibn_source_informed_model,,,,,80,,False,False
26.0,,own,999181101,HELGE INGSTAD,-0.8803397915620537,2.010491789231559,60.675174863153856,4.835072963704397,16.906735751295336,157.93264248704662,157.93264248704662,18,,,,,aibn_source_informed_model,,,,,35,,False,False
26.0,,target,999181102,SOLA TS,0.1728115945964545,-0.809279706209879,60.62817867156317,4.870874707599679,3.9673846153984904,345.8,350.0,18,,caution,0.004957336745027147,519.868777050679,aibn_source_informed_model,,,,,80,,False,False
27.0,,own,999181101,HELGE INGSTAD,-0.8785752911021274,2.0061395191068585,60.67510232531845,4.835132947667197,16.906994818652848,157.9300518134715,157.9300518134715,18,,,,,aibn_source_informed_model,,,,,35,,False,False
27.0,,target,999181102,SOLA TS,0.17254094926392224,-0.8082101262697794,60.6281964978955,4.870865507046929,3.9763076923215097,345.8,350.0,18,,caution,0.0049256495203382185,518.6419660091209,aibn_source_informed_model,,,,,80,,False,False
28.0,,own,999181101,HELGE INGSTAD,-0.8768105668118831,2.001787262080375,60.67502978770134,4.835192939239079,16.907253886010363,157.92746113989637,157.92746113989637,18,,,,,aibn_source_informed_model,,,,,35,,False,False
28.0,,target,999181102,SOLA TS,0.17226969590453609,-0.8071381434309494,60.62821436427615,4.870856285824386,3.9852307692445286,345.8,350.0,18,,caution,0.0048940541838900856,517.4157902692527,aibn_source_informed_model,,,,,80,,False,False
29.0,,own,999181101,HELGE INGSTAD,-0.8750456186888977,1.9974350181634515,60.674957250302725,4.835252938420125,16.907512953367874,157.92487046632124,157.92487046632124,18,,,,,aibn_source_informed_model,,,,,35,,False,False
29.0,,target,999181102,SOLA TS,0.17199783451829606,-0.8060637576933888,60.62823227070511,4.8708470439320495,3.9941538461675474,345.8,350.0,18,,caution,0.0048625506025204955,516.1902489956572,aibn_source_informed_model,,,,,80,,False,False
30.0,,own,999181101,HELGE INGSTAD,-0.873280446730749,1.993082787367432,60.674884713122786,4.835312945210418,16.90777202072539,157.9222797927461,157.9222797927461,18,,,,,aibn_source_informed_model,,,,,35,,False,False
30.0,,target,999181102,SOLA TS,0.17172536510520214,-0.8049869690570978,60.628250217182384,4.870837781369919,4.003076923090566,345.8,350.0,18,,caution,0.004831138643294548,514.9653413543781,aibn_source_informed_model,,,,,80,,False,False
31.0,,own,999181101,HELGE INGSTAD,-0.8715150509350152,1.98873056970366,60.67481217616173,4.835372959610042,16.9080310880829,157.91968911917098,157.91968911917098,18,,,,,aibn_source_informed_model,,,,,35,,False,False
31.0,,target,999181102,SOLA TS,0.17145228766525433,-0.8039077775220762,60.62826820370796,4.870828498137995,4.012000000013585,345.8,350.0,18,,caution,0.004799818173505787,513.7410665129177,aibn_source_informed_model,,,,,80,,False,False
32.0,,own,999181101,HELGE INGSTAD,-0.8697494312992751,1.9843783651834799,60.67473963941973,4.835432981619077,16.90829015544041,157.91709844559585,157.91709844559585,18,,,,,aibn_source_informed_model,,,,,35,,False,False
32.0,,target,999181102,SOLA TS,0.17117860219845266,-0.8028261830883242,60.62828623028186,4.870819194236278,4.020923076936604,345.8,350.0,18,,caution,0.004768589060679004,512.5174236402328,aibn_source_informed_model,,,,,80,,False,False
33.0,,own,999181101,HELGE INGSTAD,-0.867983587821108,1.9800261738182359,60.67466710289697,4.835493011237606,16.908549222797927,157.91450777202073,157.91450777202073,18,,,,,aibn_source_informed_model,,,,,35,,False,False
33.0,,target,999181102,SOLA TS,0.1709043087047971,-0.8017421857558417,60.62830429690407,4.870809869664767,4.029846153859623,345.8,350.0,18,,caution,0.004737451172563898,511.2944119067325,aibn_source_informed_model,,,,,80,,False,False
34.0,,own,999181101,HELGE INGSTAD,-0.8662175204980939,1.9756739956192728,60.674594566593655,4.835553048465711,16.908808290155438,157.9119170984456,157.9119170984456,18,,,,,aibn_source_informed_model,,,,,35,,False,False
34.0,,target,999181102,SOLA TS,0.17062940718428762,-0.8006557855246287,60.628322403574586,4.870800524423463,4.038769230782641,345.8,350.0,18,,caution,0.004706404377137987,510.07203048427414,aibn_source_informed_model,,,,,80,,False,False
35.0,,own,999181101,HELGE INGSTAD,-0.8644512293278132,1.9713218305979354,60.67452203050996,4.8356130933034756,16.909067357512953,157.90932642487047,157.90932642487047,18,,,,,aibn_source_informed_model,,,,,35,,False,False
35.0,,target,999181102,SOLA TS,0.1703538976369243,-0.7995669823946852,60.62834055029342,4.870791158512365,4.047692307705661,345.8,350.0,18,,caution,0.004675448542604681,508.8502785461608,aibn_source_informed_model,,,,,80,,False,False
36.0,,own,999181101,HELGE INGSTAD,-0.862684714307847,1.9669696787655688,60.67444949464609,4.83567314575098,16.909326424870464,157.90673575129534,157.90673575129534,18,,,,,aibn_source_informed_model,,,,,35,,False,False
36.0,,target,999181102,SOLA TS,0.17007778006270707,-0.7984757763660112,60.628358737060566,4.870781771931473,4.056615384628679,345.8,350.0,18,,caution,0.00464458353739677,507.62915526713766,aibn_source_informed_model,,,,,80,,False,False
37.0,,own,999181101,HELGE INGSTAD,-0.860917975435777,1.9626175401335184,60.674376959002224,4.8357332058083085,16.90958549222798,157.90414507772022,157.90414507772022,18,,,,,aibn_source_informed_model,,,,,35,,False,False
37.0,,target,999181102,SOLA TS,0.16980105446163596,-0.7973821674386067,60.62837696387602,4.870772364680788,4.065538461551698,345.8,350.0,18,,caution,0.0046138092301692924,506.4086598233889,aibn_source_informed_model,,,,,80,,False,False
38.0,,own,999181101,HELGE INGSTAD,-0.8591510127091853,1.9582654147131298,60.674304423578555,4.8357932734755416,16.90984455958549,157.9015544041451,157.9015544041451,18,,,,,aibn_source_informed_model,,,,,35,,False,False
38.0,,target,999181102,SOLA TS,0.16952372083371098,-0.7962861556124716,60.62839523073979,4.870762936760309,4.074461538474717,345.8,350.0,18,,caution,0.004583125489804432,505.18879139253534,aibn_source_informed_model,,,,,80,,False,False
39.0,,own,999181101,HELGE INGSTAD,-0.8573838261256547,1.9539133025157487,60.67423188837526,4.835853348752762,16.910103626943005,157.89896373056996,157.89896373056996,18,,,,,aibn_source_informed_model,,,,,35,,False,False
39.0,,target,999181102,SOLA TS,0.1692457791789321,-0.7951877408876061,60.62841353765187,4.870753488170037,4.083384615397736,345.8,350.0,18,,caution,0.0045525321854077115,503.9695491536298,aibn_source_informed_model,,,,,80,,False,False
40.0,,own,999181101,HELGE INGSTAD,-0.8556164156827685,1.9495612035527212,60.67415935339255,4.835913431640052,16.910362694300517,157.89637305699483,157.89637305699483,18,,,,,aibn_source_informed_model,,,,,35,,False,False
40.0,,target,999181102,SOLA TS,0.16896722949729934,-0.7940869232640101,60.62843188461227,4.870744018909972,4.092307692320754,345.8,350.0,18,,caution,0.004522029186311018,502.7509322871558,aibn_source_informed_model,,,,,80,,False,False
41.0,,own,999181101,HELGE INGSTAD,-0.8538487813781107,1.9452091178353939,60.67408681863059,4.835973522137494,16.910621761658028,157.89378238341968,157.89378238341968,18,,,,,aibn_source_informed_model,,,,,35,,False,False
41.0,,target,999181102,SOLA TS,0.1686880717888127,-0.7929837027416836,60.62845027162097,4.870734528980113,4.101230769243774,345.8,350.0,18,,caution,0.004491616362069995,501.53293997502306,aibn_source_informed_model,,,,,80,,False,False
42.0,,own,999181101,HELGE INGSTAD,-0.8520809232092658,1.940857045375113,60.67401428408959,4.8360336202451695,16.910880829015543,157.89119170984455,157.89119170984455,18,,,,,aibn_source_informed_model,,,,,35,,False,False
42.0,,target,999181102,SOLA TS,0.16840830605347218,-0.7918780793206266,60.62846869867799,4.87072501838046,4.110153846166792,345.8,350.0,18,,caution,0.00446129358245973,500.3155714005648,aibn_source_informed_model,,,,,80,,False,False
43.0,,own,999181101,HELGE INGSTAD,-0.8503128411738187,1.9365049861832258,60.67394174976972,4.836093725963162,16.911139896373054,157.88860103626942,157.88860103626942,18,,,,,aibn_source_informed_model,,,,,35,,False,False
43.0,,target,999181102,SOLA TS,0.16812793229127776,-0.7907700530008391,60.62848716578332,4.870715487111014,4.119076923089811,345.8,350.0,18,,caution,0.004431060717481046,499.09882574853475,aibn_source_informed_model,,,,,80,,False,False
44.0,,own,999181101,HELGE INGSTAD,-0.848544535269355,1.9321529402710789,60.67386921567118,4.836153839291551,16.91139896373057,157.8860103626943,157.8860103626943,18,,,,,aibn_source_informed_model,,,,,35,,False,False
44.0,,target,999181102,SOLA TS,0.16784695050222947,-0.7896596237823211,60.62850567293696,4.870705935171775,4.12800000001283,345.8,350.0,18,,caution,0.004400917637358523,497.88270220510424,aibn_source_informed_model,,,,,80,,False,False
45.0,,own,999181101,HELGE INGSTAD,-0.846776005493461,1.92780090765002,60.673796681794165,4.83621396023042,16.91165803108808,157.88341968911917,157.88341968911917,18,,,,,aibn_source_informed_model,,,,,35,,False,False
45.0,,target,999181102,SOLA TS,0.1675653606863273,-0.7885467916650727,60.628524220138914,4.870696362562741,4.136923076935849,345.8,350.0,18,,caution,0.0043708642125370656,496.66719995785917,aibn_source_informed_model,,,,,80,,False,False
46.0,,own,999181101,HELGE INGSTAD,-0.8450072518437234,1.9234488883313965,60.67372414813885,4.836274088779852,16.911917098445596,157.88082901554404,157.88082901554404,18,,,,,aibn_source_informed_model,,,,,35,,False,False
46.0,,target,999181102,SOLA TS,0.16728316284357123,-0.7874315566490937,60.62854280738918,4.870686769283915,4.145846153858868,345.8,350.0,18,,caution,0.004340900313681388,495.452318195796,aibn_source_informed_model,,,,,80,,False,False
47.0,,own,999181101,HELGE INGSTAD,-0.8432382743177295,1.9190968823265562,60.67365161470544,4.836334224939929,16.912176165803107,157.8782383419689,157.8782383419689,18,,,,,aibn_source_informed_model,,,,,35,,False,False
47.0,,target,999181102,SOLA TS,0.1670003569739613,-0.7863139187343843,60.62856143468776,4.8706771553352946,4.154769230781887,345.8,350.0,18,,caution,0.004311025811678971,494.2380561093197,aibn_source_informed_model,,,,,80,,False,False
48.0,,own,999181101,HELGE INGSTAD,-0.8414690729130672,1.914744889646847,60.67357908149411,4.836394368710731,16.912435233160622,157.87564766839378,157.87564766839378,18,,,,,aibn_source_informed_model,,,,,35,,False,False
48.0,,target,999181102,SOLA TS,0.16671694307749746,-0.7851938779209443,60.62858010203465,4.87066752071688,4.163692307704905,345.8,350.0,18,,caution,0.004281240577638296,493.0244128902405,aibn_source_informed_model,,,,,80,,False,False
49.0,,own,999181101,HELGE INGSTAD,-0.8396996476273249,1.9103929103036177,60.67350654850506,4.836454520092341,16.912694300518133,157.87305699481865,157.87305699481865,18,,,,,aibn_source_informed_model,,,,,35,,False,False
49.0,,target,999181102,SOLA TS,0.16643292115417974,-0.7840714342087739,60.62859880942985,4.870657865428673,4.172615384627925,345.8,350.0,18,,caution,0.004251544482886402,491.81138773177094,aibn_source_informed_model,,,,,80,,False,False
50.0,,own,999181101,HELGE INGSTAD,-0.8379299984580917,1.9060409443082162,60.67343401573847,4.83651467908484,16.912953367875648,157.87046632124353,157.87046632124353,18,,,,,aibn_source_informed_model,,,,,35,,False,False
50.0,,target,999181102,SOLA TS,0.16614829120400815,-0.782946587597873,60.628617556873365,4.870648189470673,4.181538461550943,345.8,350.0,18,,caution,0.004221937398968624,490.5989798285216,aibn_source_informed_model,,,,,80,,False,False
51.0,,own,999181101,HELGE INGSTAD,-0.8361601254029571,1.9016889916719917,60.67336148319453,4.836574845688313,16.91321243523316,157.8678756476684,157.8678756476684,18,,,,,aibn_source_informed_model,,,,,35,,False,False
51.0,,target,999181102,SOLA TS,0.16586305322698267,-0.7818193380882416,60.6286363443652,4.870638492842878,4.190461538473962,345.8,350.0,18,,caution,0.00419241919765348,489.3871883765005,aibn_source_informed_model,,,,,80,,False,False
52.0,,own,999181101,HELGE INGSTAD,-0.8343900284595114,1.8973370524062931,60.673288950873435,4.836635019902839,16.91347150259067,157.86528497409327,157.86528497409327,18,,,,,aibn_source_informed_model,,,,,35,,False,False
52.0,,target,999181102,SOLA TS,0.1655772072231033,-0.7806896856798796,60.628655171905336,4.87062877554529,4.199384615396982,345.8,350.0,18,,caution,0.004162989750923729,488.1760125731076,aibn_source_informed_model,,,,,80,,False,False
53.0,,own,999181101,HELGE INGSTAD,-0.8326197076253452,1.8929851265224698,60.673216418775375,4.8366952017285,16.913730569948186,157.86269430051814,157.86269430051814,18,,,,,aibn_source_informed_model,,,,,35,,False,False
53.0,,target,999181102,SOLA TS,0.16529075319237005,-0.7795576303727872,60.62867403949379,4.870619037577909,4.20830769232,345.8,350.0,18,,caution,0.004133648930982244,486.9654516171332,aibn_source_informed_model,,,,,80,,False,False
54.0,,own,999181101,HELGE INGSTAD,-0.8308491628980498,1.8886332140318713,60.67314388690053,4.83675539116538,16.913989637305697,157.86010362694302,157.86010362694302,18,,,,,aibn_source_informed_model,,,,,35,,False,False
54.0,,target,999181102,SOLA TS,0.16500369113478291,-0.7784231721669643,60.62869294713055,4.8706092789407345,4.217230769243019,345.8,350.0,18,,caution,0.004104396610247802,485.7555047087547,aibn_source_informed_model,,,,,80,,False,False
55.0,,own,999181101,HELGE INGSTAD,-0.8290783942752171,1.8842813149458473,60.6730713552491,4.836815588213559,16.914248704663212,157.8575129533679,157.8575129533679,18,,,,,aibn_source_informed_model,,,,,35,,False,False
55.0,,target,999181102,SOLA TS,0.16471602105034192,-0.777286311062411,60.62871189481562,4.870599499633766,4.226153846166038,345.8,350.0,18,,caution,0.004075232661359396,484.5461710495333,aibn_source_informed_model,,,,,80,,False,False
56.0,,own,999181101,HELGE INGSTAD,-0.8273074017544395,1.8799294292757478,60.67299882382126,4.836875792873119,16.914507772020723,157.85492227979276,157.85492227979276,18,,,,,aibn_source_informed_model,,,,,35,,False,False
56.0,,target,999181102,SOLA TS,0.16442774293904702,-0.7761470470591271,60.628730882549014,4.870589699657003,4.235076923089057,345.8,350.0,18,,caution,0.004046156957169637,483.3374498424116,aibn_source_informed_model,,,,,80,,False,False
57.0,,own,999181101,HELGE INGSTAD,-0.8255361853333101,1.8755775570329232,60.67292629261721,4.8369360051441435,16.914766839378238,157.8523316062176,157.8523316062176,18,,,,,aibn_source_informed_model,,,,,35,,False,False
57.0,,target,999181102,SOLA TS,0.16413885680089824,-0.7750053801571127,60.62874991033071,4.870579879010449,4.2440000000120754,345.8,350.0,18,,caution,0.0040171693707500514,482.1293402917093,aibn_source_informed_model,,,,,80,,False,False
58.0,,own,999181101,HELGE INGSTAD,-0.8237647450094223,1.8712256982287239,60.67285376163714,4.836996225026712,16.91502590673575,157.84974093264248,157.84974093264248,18,,,,,aibn_source_informed_model,,,,,35,,False,False
58.0,,target,999181102,SOLA TS,0.16384936263589558,-0.7738613103563678,60.62876897816073,4.870570037694099,4.252923076935095,345.8,350.0,18,,caution,0.003988269775382453,480.9218416031224,aibn_source_informed_model,,,,,80,,False,False
59.0,,own,999181101,HELGE INGSTAD,-0.8219930807803704,1.8668738528745006,60.67278123088124,4.837056452520907,16.915284974093264,157.84715025906735,157.84715025906735,18,,,,,aibn_source_informed_model,,,,,35,,False,False
59.0,,target,999181102,SOLA TS,0.16355926044403904,-0.7727148376568925,60.62878808603905,4.870560175707957,4.261846153858113,345.8,350.0,18,,caution,0.003959458044571001,479.7149529837175,aibn_source_informed_model,,,,,80,,False,False
60.0,,own,999181101,HELGE INGSTAD,-0.8202211926437489,1.8625220209816045,60.672708700349695,4.8371166876268115,16.915544041450776,157.84455958549222,157.84455958549222,18,,,,,aibn_source_informed_model,,,,,35,,False,False
60.0,,target,999181102,SOLA TS,0.1632685502253286,-0.7715659620586867,60.62880723396569,4.870550293052021,4.2707692307811325,345.8,350.0,18,,caution,0.003930734052030145,478.5086736419319,aibn_source_informed_model,,,,,80,,False,False
61.0,,own,999181101,HELGE INGSTAD,-0.8184490805971534,1.8581702025613867,60.672636170042686,4.837176930344507,16.915803108808287,157.8419689119171,157.8419689119171,18,,,,,aibn_source_informed_model,,,,,35,,False,False
61.0,,target,999181102,SOLA TS,0.1629772319797643,-0.7704146835617502,60.62882642194064,4.870540389726291,4.279692307704151,345.8,350.0,18,,caution,0.0039020976716896065,477.30300278756795,aibn_source_informed_model,,,,,80,,False,False
62.0,,own,999181101,HELGE INGSTAD,-0.8166767446381794,1.8538183976251987,60.672563639960416,4.837237180674073,16.916062176165802,157.83937823834196,157.83937823834196,18,,,,,aibn_source_informed_model,,,,,35,,False,False
62.0,,target,999181102,SOLA TS,0.1626853057073461,-0.7692610021660834,60.6288456499639,4.870530465730768,4.28861538462717,345.8,350.0,18,,caution,0.003873548777692618,476.0979396317913,aibn_source_informed_model,,,,,80,,False,False
63.0,,own,999181101,HELGE INGSTAD,-0.8149041847644236,1.8494666061843923,60.672491110103074,4.837297438615593,16.916321243523313,157.83678756476684,157.83678756476684,18,,,,,aibn_source_informed_model,,,,,35,,False,False
63.0,,target,999181102,SOLA TS,0.162392771408074,-0.768104917871686,60.62886491803547,4.870520521065451,4.297538461550189,345.8,350.0,18,,caution,0.003845087244397634,474.89348338712864,aibn_source_informed_model,,,,,80,,False,False
64.0,,own,999181101,HELGE INGSTAD,-0.8131314009734828,1.8451148282503194,60.67241858047084,4.83735770416915,16.91658031088083,157.8341968911917,157.8341968911917,18,,,,,aibn_source_informed_model,,,,,35,,False,False
64.0,,target,999181102,SOLA TS,0.16209962908194805,-0.7669464306785582,60.62888422615536,4.870510555730341,4.306461538473208,345.8,350.0,18,,caution,0.003816712946373759,473.68963326746314,aibn_source_informed_model,,,,,80,,False,False
65.0,,own,999181101,HELGE INGSTAD,-0.8113583932629546,1.8407630638343322,60.672346051063904,4.837417977334822,16.91683937823834,157.83160621761658,157.83160621761658,18,,,,,aibn_source_informed_model,,,,,35,,False,False
65.0,,target,999181102,SOLA TS,0.1618058787289682,-0.7657855405866998,60.62890357432355,4.870500569725437,4.315384615396226,345.8,350.0,18,,caution,0.0037884257584038113,472.4863884880328,aibn_source_informed_model,,,,,80,,False,False
66.0,,own,999181101,HELGE INGSTAD,-0.809585161630437,1.8364113129477833,60.67227352188246,4.837478258112694,16.917098445595855,157.82901554404145,157.82901554404145,18,,,,,aibn_source_informed_model,,,,,35,,False,False
66.0,,target,999181102,SOLA TS,0.16151152034913446,-0.764622247596111,60.62892296254007,4.87049056305074,4.324307692319246,345.8,350.0,18,,caution,0.003760225555481101,471.28374826542716,aibn_source_informed_model,,,,,80,,False,False
67.0,,own,999181101,HELGE INGSTAD,-0.8078117060735289,1.8320595756020253,60.6722009929267,4.837538546502846,16.917357512953366,157.82642487046633,157.82642487046633,18,,,,,aibn_source_informed_model,,,,,35,,False,False
67.0,,target,999181102,SOLA TS,0.16121655394244686,-0.7634565517067916,60.62894239080489,4.870480535706249,4.333230769242264,345.8,350.0,18,,caution,0.003732112212813484,470.08171181758416,aibn_source_informed_model,,,,,80,,False,False
68.0,,own,999181101,HELGE INGSTAD,-0.8060380265898295,1.827707851808411,60.6721284641968,4.83759884250536,16.91761658031088,157.8238341968912,157.8238341968912,18,,,,,aibn_source_informed_model,,,,,35,,False,False
68.0,,target,999181102,SOLA TS,0.16092097950890535,-0.7622884529187418,60.62896185911802,4.870470487691965,4.342153846165283,345.8,350.0,18,,caution,0.0037040856058173314,468.880278363788,aibn_source_informed_model,,,,,80,,False,False
69.0,,own,999181101,HELGE INGSTAD,-0.8042641231769385,1.8233561415782942,60.672055935692974,4.837659146120319,16.917875647668392,157.82124352331607,157.82124352331607,18,,,,,aibn_source_informed_model,,,,,35,,False,False
69.0,,target,999181102,SOLA TS,0.16062479704850996,-0.7611179512319615,60.62898136747947,4.8704604190078875,4.351076923088302,345.8,350.0,18,,caution,0.0036761456101190373,467.67944712466476,aibn_source_informed_model,,,,,80,,False,False
70.0,,own,999181101,HELGE INGSTAD,-0.8024899958324565,1.8190044449230278,60.67198340741538,4.837719457347801,16.918134715025907,157.81865284974094,157.81865284974094,18,,,,,aibn_source_informed_model,,,,,35,,False,False
70.0,,target,999181102,SOLA TS,0.1603280065612607,-0.7599450466464507,60.62900091588922,4.870450329654016,4.360000000011321,345.8,350.0,18,,caution,0.003648292101558655,466.4792173221814,aibn_source_informed_model,,,,,80,,False,False
71.0,,own,999181101,HELGE INGSTAD,-0.8007156445539844,1.8146527618539656,60.67191087936423,4.837779776187891,16.91839378238342,157.81606217616581,157.81606217616581,18,,,,,aibn_source_informed_model,,,,,35,,False,False
71.0,,target,999181102,SOLA TS,0.16003060804715755,-0.7587697391622094,60.629020504347295,4.870440219630351,4.3689230769343395,345.8,350.0,18,,caution,0.00362052495618335,465.2795881796414,aibn_source_informed_model,,,,,80,,False,False
72.0,,own,999181101,HELGE INGSTAD,-0.7989410693391236,1.8103010923824616,60.671838351539705,4.837840102640669,16.91865284974093,157.8134715025907,157.8134715025907,18,,,,,aibn_source_informed_model,,,,,35,,False,False
72.0,,target,999181102,SOLA TS,0.1597326015062005,-0.7575920287792376,60.62904013285368,4.870430088936892,4.377846153857359,345.8,350.0,18,,caution,0.003592844050249476,464.08055892168244,aibn_source_informed_model,,,,,80,,False,False
73.0,,own,999181101,HELGE INGSTAD,-0.7971662701854763,1.80594943651987,60.671765823941996,4.837900436706217,16.918911917098445,157.81088082901553,157.81088082901553,18,,,,,aibn_source_informed_model,,,,,35,,False,False
73.0,,target,999181102,SOLA TS,0.1594339869383896,-0.7564119154975353,60.629059801408374,4.870419937573641,4.386769230780377,345.8,350.0,18,,caution,0.0035652492602232517,462.8821287742737,aibn_source_informed_model,,,,,80,,False,False
74.0,,own,999181101,HELGE INGSTAD,-0.7953912470906451,1.8015977942775452,60.67169329657129,4.837960778384617,16.919170984455956,157.8082901554404,157.8082901554404,18,,,,,aibn_source_informed_model,,,,,35,,False,False
74.0,,target,999181102,SOLA TS,0.15913476434372478,-0.7552293993171025,60.62907951001138,4.870409765540595,4.3956923077033965,345.8,350.0,18,,caution,0.0035377404627786285,461.6842969647128,aibn_source_informed_model,,,,,80,,False,False
75.0,,own,999181101,HELGE INGSTAD,-0.7936160000522333,1.7972461656668417,60.67162076942778,4.838021127675949,16.91943005181347,157.80569948186528,157.80569948186528,18,,,,,aibn_source_informed_model,,,,,35,,False,False
75.0,,target,999181102,SOLA TS,0.15883493372220608,-0.7540444802379392,60.6290992586627,4.870399572837756,4.404615384626415,345.8,350.0,18,,caution,0.0035103175347983304,460.48706272162315,aibn_source_informed_model,,,,,80,,False,False
76.0,,own,999181101,HELGE INGSTAD,-0.7918405290678447,1.7928945506991147,60.67154824251165,4.838081484580296,16.919689119170982,157.80310880829015,157.80310880829015,18,,,,,aibn_source_informed_model,,,,,35,,False,False
76.0,,target,999181102,SOLA TS,0.15853449507383352,-0.7528571582600455,60.62911904736233,4.870389359465124,4.413538461549434,345.8,350.0,18,,caution,0.003482980353371409,459.2904252749505,aibn_source_informed_model,,,,,80,,False,False
77.0,,own,999181101,HELGE INGSTAD,-0.7900648341350838,1.7885429493857192,60.67147571582309,4.838141849097737,16.919948186528497,157.80051813471502,157.80051813471502,18,,,,,aibn_source_informed_model,,,,,35,,False,False
77.0,,target,999181102,SOLA TS,0.15823344839860706,-0.7516674333834212,60.629138876110275,4.870379125422698,4.422461538472453,345.8,350.0,18,,caution,0.0034557287957935573,458.0943838559609,aibn_source_informed_model,,,,,80,,False,False
78.0,,own,999181101,HELGE INGSTAD,-0.7882889152515553,1.7841913617380107,60.6714031893623,4.838202221228356,16.92020725388601,157.7979274611399,157.7979274611399,18,,,,,aibn_source_informed_model,,,,,35,,False,False
78.0,,target,999181102,SOLA TS,0.1579317936965267,-0.7504753056080665,60.62915874490653,4.870368870710478,4.431384615395472,345.8,350.0,18,,caution,0.003428562739570693,456.89893769723756,aibn_source_informed_model,,,,,80,,False,False
79.0,,own,999181101,HELGE INGSTAD,-0.7865127724148648,1.7798397877673449,60.67133066312945,4.838262600972234,16.920466321243524,157.79533678756476,157.79533678756476,18,,,,,aibn_source_informed_model,,,,,35,,False,False
79.0,,target,999181102,SOLA TS,0.1576295309675925,-0.7492807749339813,60.6291786537511,4.870358595328465,4.44030769231849,345.8,350.0,18,,caution,0.0034014820624115264,455.70408603267776,aibn_source_informed_model,,,,,80,,False,False
80.0,,own,999181101,HELGE INGSTAD,-0.7847364056226185,1.7754882274850774,60.67125813712475,4.838322988329452,16.920725388601035,157.79274611398964,157.79274611398964,18,,,,,aibn_source_informed_model,,,,,35,,False,False
80.0,,target,999181102,SOLA TS,0.1573266602118044,-0.7480838413611656,60.62919860264398,4.8703482992766585,4.44923076924151,345.8,350.0,18,,caution,0.003374486642230369,454.5098280974907,aibn_source_informed_model,,,,,80,,False,False
81.0,,own,999181101,HELGE INGSTAD,-0.7829598148724229,1.7711366809025646,60.67118561134838,4.838383383300091,16.92098445595855,157.7901554404145,157.7901554404145,18,,,,,aibn_source_informed_model,,,,,35,,False,False
81.0,,target,999181102,SOLA TS,0.1570231814291624,-0.7468845048896193,60.62921859158517,4.870337982555058,4.458153846164528,345.8,350.0,18,,caution,0.003347576357147232,453.31616312819347,aibn_source_informed_model,,,,,80,,False,False
82.0,,own,999181101,HELGE INGSTAD,-0.7811830001618854,1.7667851480311627,60.67111308580052,4.838443785884232,16.92124352331606,157.78756476683938,157.78756476683938,18,,,,,aibn_source_informed_model,,,,,35,,False,False
82.0,,target,999181102,SOLA TS,0.15671909461966654,-0.7456827655193426,60.629238620574675,4.870327645163664,4.467076923087547,345.8,350.0,18,,caution,0.0033207510854894933,452.12309036261,aibn_source_informed_model,,,,,80,,False,False
83.0,,own,999181101,HELGE INGSTAD,-0.7794059614886136,1.7624336288822284,60.67104056048137,4.838504196081957,16.921502590673573,157.78497409326425,157.78497409326425,18,,,,,aibn_source_informed_model,,,,,35,,False,False
83.0,,target,999181102,SOLA TS,0.15641439978331678,-0.7444786232503354,60.62925868961249,4.870317287102477,4.476000000010566,345.8,350.0,18,,caution,0.0032940107057862307,450.930609039867,aibn_source_informed_model,,,,,80,,False,False
84.0,,own,999181101,HELGE INGSTAD,-0.777628698850216,1.7580821234671187,60.67096803539112,4.838564613893348,16.921761658031087,157.78238341968913,157.78238341968913,18,,,,,aibn_source_informed_model,,,,,35,,False,False
84.0,,target,999181102,SOLA TS,0.15610909692011316,-0.7432720780825978,60.62927879869862,4.8703069083714965,4.484923076933585,345.8,350.0,18,,caution,0.0032673550967713904,449.73871840039095,aibn_source_informed_model,,,,,80,,False,False
85.0,,own,999181101,HELGE INGSTAD,-0.7758512122443014,1.7537306317971906,60.67089551052995,4.838625039318485,16.9220207253886,157.779792746114,157.779792746114,18,,,,,aibn_source_informed_model,,,,,35,,False,False
85.0,,target,999181102,SOLA TS,0.15580318603005563,-0.7420631300161296,60.629298947833064,4.870296508970722,4.4938461538566035,345.8,350.0,18,,caution,0.003240784137380929,448.54741768590674,aibn_source_informed_model,,,,,80,,False,False
86.0,,own,999181101,HELGE INGSTAD,-0.7740735016684794,1.7493791538838015,60.67082298589806,4.838685472357449,16.922279792746114,157.77720207253887,157.77720207253887,18,,,,,aibn_source_informed_model,,,,,35,,False,False
86.0,,target,999181102,SOLA TS,0.15549666711314422,-0.7408517790509308,60.62931913701582,4.870286088900155,4.502769230779623,345.8,350.0,18,,caution,0.003214297706757076,447.3567061394335,aibn_source_informed_model,,,,,80,,False,False
87.0,,own,999181101,HELGE INGSTAD,-0.7722955671203601,1.745027689738309,60.670750461495636,4.838745913010323,16.922538860103625,157.77461139896374,157.77461139896374,18,,,,,aibn_source_informed_model,,,,,35,,False,False
87.0,,target,999181102,SOLA TS,0.15518954016937894,-0.7396380251870016,60.62933936624688,4.870275648159793,4.511692307702641,345.8,350.0,18,,caution,0.003187895684242666,446.1665830052828,aibn_source_informed_model,,,,,80,,False,False
88.0,,own,999181101,HELGE INGSTAD,-0.770517408597554,1.740676239372071,60.670677937322864,4.838806361277187,16.92279792746114,157.77202072538861,157.77202072538861,18,,,,,aibn_source_informed_model,,,,,35,,False,False
88.0,,target,999181102,SOLA TS,0.15488180519875977,-0.7384218684243419,60.62935963552626,4.870265186749639,4.5206153846256605,345.8,350.0,18,,caution,0.0031615779493818154,444.97704752905486,aibn_source_informed_model,,,,,80,,False,False
89.0,,own,999181101,HELGE INGSTAD,-0.7687390260976725,1.7363248027964453,60.67060541337994,4.838866817158123,16.92305699481865,157.76943005181346,157.76943005181346,18,,,,,aibn_source_informed_model,,,,,35,,False,False
89.0,,target,999181102,SOLA TS,0.1545734622012867,-0.7372033087629517,60.62937994485395,4.87025470466969,4.529538461548679,345.8,350.0,18,,caution,0.003135344381925066,443.78809895763726,aibn_source_informed_model,,,,,80,,False,False
90.0,,own,999181101,HELGE INGSTAD,-0.7669604196183273,1.7319733800227906,60.670532889667044,4.838927280653211,16.923316062176166,157.76683937823833,157.76683937823833,18,,,,,aibn_source_informed_model,,,,,35,,False,False
90.0,,target,999181102,SOLA TS,0.15426451117695977,-0.735982346202831,60.62940029422995,4.870244201919948,4.538461538471698,345.8,350.0,18,,caution,0.0031091948618173805,442.5997365392005,aibn_source_informed_model,,,,,80,,False,False
91.0,,own,999181101,HELGE INGSTAD,-0.7651815891571306,1.7276219710624652,60.67046036618437,4.838987751762533,16.923575129533678,157.7642487046632,157.7642487046632,18,,,,,aibn_source_informed_model,,,,,35,,False,False
91.0,,target,999181102,SOLA TS,0.15395495212577895,-0.7347589807439798,60.62942068365427,4.870233678500413,4.547384615394717,345.8,350.0,18,,caution,0.0030831292692097305,441.4119595231967,aibn_source_informed_model,,,,,80,,False,False
92.0,,own,999181101,HELGE INGSTAD,-0.7634025347116955,1.723270575926828,60.670387842932115,4.83904823048617,16.92383419689119,157.76165803108807,157.76165803108807,18,,,,,aibn_source_informed_model,,,,,35,,False,False
92.0,,target,999181102,SOLA TS,0.15364478504774423,-0.7335332123863981,60.629441113126894,4.870223134411084,4.556307692317736,345.8,350.0,18,,caution,0.0030571474844511962,440.2247671603563,aibn_source_informed_model,,,,,80,,False,False
93.0,,own,999181101,HELGE INGSTAD,-0.7616232562796353,1.7189191946272384,60.67031531991045,4.839108716824202,16.924093264248704,157.75906735751295,157.75906735751295,18,,,,,aibn_source_informed_model,,,,,35,,False,False
93.0,,target,999181102,SOLA TS,0.15333400994285565,-0.732305041130086,60.62946158264783,4.870212569651962,4.565230769240754,345.8,350.0,18,,caution,0.0030312493880948407,439.038158702685,aibn_source_informed_model,,,,,80,,False,False
94.0,,own,999181101,HELGE INGSTAD,-0.7598437538585643,1.7145678271750553,60.670242797119585,4.839169210776713,16.924352331606215,157.75647668393782,157.75647668393782,18,,,,,aibn_source_informed_model,,,,,35,,False,False
94.0,,target,999181102,SOLA TS,0.15302262681111317,-0.7310744669750433,60.62948209221708,4.870201984223045,4.574153846163774,345.8,350.0,18,,caution,0.003005434860887676,437.8521334034617,aibn_source_informed_model,,,,,80,,False,False
95.0,,own,999181101,HELGE INGSTAD,-0.7580640274460969,1.7102164735816385,60.670170274559695,4.839229712343781,16.92461139896373,157.7538860103627,157.7538860103627,18,,,,,aibn_source_informed_model,,,,,35,,False,False
95.0,,target,999181102,SOLA TS,0.1527106356525168,-0.7298414899212702,60.62950264183465,4.870191378124336,4.583076923086792,345.8,350.0,18,,caution,0.002979703783781111,436.66669051723557,aibn_source_informed_model,,,,,80,,False,False
96.0,,own,999181101,HELGE INGSTAD,-0.7562840770398485,1.7058651338583477,60.67009775223097,4.839290221525489,16.92487046632124,157.75129533678756,157.75129533678756,18,,,,,aibn_source_informed_model,,,,,35,,False,False
96.0,,target,999181102,SOLA TS,0.15239803646706657,-0.7286061099687665,60.62952323150052,4.870180751355833,4.592000000009811,345.8,350.0,18,,caution,0.002954056037920711,435.4818292998228,aibn_source_informed_model,,,,,80,,False,False
97.0,,own,999181101,HELGE INGSTAD,-0.7545039026374346,1.7015138080165428,60.67002523013361,4.839350738321917,16.925129533678756,157.74870466321244,157.74870466321244,18,,,,,aibn_source_informed_model,,,,,35,,False,False
97.0,,target,999181102,SOLA TS,0.15208482925476244,-0.7273683271175324,60.62954386121471,4.870170103917537,4.60092307693283,345.8,350.0,18,,caution,0.0029284915046555544,434.2975490083047,aibn_source_informed_model,,,,,80,,False,False
98.0,,own,999181101,HELGE INGSTAD,-0.7527235042364717,1.6971624960675844,60.66995270826779,4.8394112627331465,16.925388601036268,157.7461139896373,157.7461139896373,18,,,,,aibn_source_informed_model,,,,,35,,False,False
98.0,,target,999181102,SOLA TS,0.15177101401560442,-0.7261281413675678,60.629564530977206,4.870159435809446,4.609846153855849,345.8,350.0,18,,caution,0.002903010065528772,433.1138489010251,aibn_source_informed_model,,,,,80,,False,False
99.0,,own,999181101,HELGE INGSTAD,-0.7509428818345767,1.6928111980228329,60.66988018663371,4.839471794759258,16.925647668393783,157.74352331606218,157.74352331606218,18,,,,,aibn_source_informed_model,,,,,35,,False,False
99.0,,target,999181102,SOLA TS,0.15145659074959253,-0.7248855527188727,60.62958524078802,4.870148747031562,4.6187692307788675,345.8,350.0,18,,caution,0.0028776116022822744,431.9307282375863,aibn_source_informed_model,,,,,80,,False,False
100.0,,own,999181101,HELGE INGSTAD,-0.749162035429367,1.688459913893649,60.66980766523156,4.839532334400333,16.925906735751294,157.74093264248705,157.74093264248705,18,,,,,aibn_source_informed_model,,,,,35,,False,False
100.0,,target,999181102,SOLA TS,0.15114155945672675,-0.723640561171447,60.62960599064714,4.870138037583885,4.627692307701887,345.8,350.0,18,,caution,0.002852295996854415,430.7481862788484,aibn_source_informed_model,,,,,80,,False,False
101.0,,own,999181101,HELGE INGSTAD,-0.7473809650184606,1.6841086436913937,60.66973514406152,4.839592881656453,16.92616580310881,157.73834196891193,157.73834196891193,18,,,,,aibn_source_informed_model,,,,,35,,False,False
101.0,,target,999181102,SOLA TS,0.15082592013700707,-0.722393166725291,60.62962678055458,4.870127307466415,4.636615384624905,345.8,350.0,18,,caution,0.0028270631313834726,429.566222286925,aibn_source_informed_model,,,,,80,,False,False
102.0,,own,999181101,HELGE INGSTAD,-0.7455996705994763,1.6797573874274283,60.66966262312379,4.839653436527699,16.92642487046632,157.7357512953368,157.7357512953368,18,,,,,aibn_source_informed_model,,,,,35,,False,False
102.0,,target,999181102,SOLA TS,0.15050967279043354,-0.7211433693804044,60.629647610510325,4.87011655667915,4.6455384615479245,345.8,350.0,18,,caution,0.0028019128881997474,428.3848355251811,aibn_source_informed_model,,,,,80,,False,False
103.0,,own,999181101,HELGE INGSTAD,-0.7438181521700331,1.6754061451131144,60.66959010241855,4.83971399901415,16.92668393782383,157.73316062176167,157.73316062176167,18,,,,,aibn_source_informed_model,,,,,35,,False,False
103.0,,target,999181102,SOLA TS,0.1501928174170061,-0.7198911691367873,60.62966848051438,4.870105785222093,4.654461538470944,345.8,350.0,18,,caution,0.0027768451498316965,427.20402525823107,aibn_source_informed_model,,,,,80,,False,False
104.0,,own,999181101,HELGE INGSTAD,-0.7420364097277509,1.6710549167598137,60.669517581945996,4.839774569115889,16.926943005181347,157.73056994818654,157.73056994818654,18,,,,,aibn_source_informed_model,,,,,35,,False,False
104.0,,target,999181102,SOLA TS,0.14987535401672478,-0.7186365659944397,60.62968939056676,4.8700949930952415,4.663384615393962,345.8,350.0,18,,caution,0.002751859799004165,426.02379075193465,aibn_source_informed_model,,,,,80,,False,False
105.0,,own,999181101,HELGE INGSTAD,-0.7402544432702498,1.6667037023788882,60.66944506170631,4.839835146832996,16.927202072538858,157.72797927461139,157.72797927461139,18,,,,,aibn_source_informed_model,,,,,35,,False,False
105.0,,target,999181102,SOLA TS,0.14955728258958959,-0.7173795599533617,60.629710340667444,4.870084180298597,4.672307692316981,345.8,350.0,18,,caution,0.002726956718635373,424.844131273396,aibn_source_informed_model,,,,,80,,False,False
106.0,,own,999181101,HELGE INGSTAD,-0.7384722527951508,1.6623525019817003,60.669372541699694,4.839895732165552,16.927461139896373,157.72538860103626,157.72538860103626,18,,,,,aibn_source_informed_model,,,,,35,,False,False
106.0,,target,999181102,SOLA TS,0.1492386031356005,-0.7161201510135531,60.62973133081644,4.870073346832158,4.68123076924,345.8,350.0,18,,caution,0.002702135791837794,423.6650460909592,aibn_source_informed_model,,,,,80,,False,False
107.0,,own,999181101,HELGE INGSTAD,-0.7366898383000754,1.658001315579612,60.669300021926325,4.839956325113637,16.927720207253884,157.72279792746113,157.72279792746113,18,,,,,aibn_source_informed_model,,,,,35,,False,False
107.0,,target,999181102,SOLA TS,0.14891931565475755,-0.7148583391750141,60.62975236101375,4.870062492695927,4.690153846163019,345.8,350.0,18,,caution,0.002677396901919252,422.4865344742074,aibn_source_informed_model,,,,,80,,False,False
108.0,,own,999181101,HELGE INGSTAD,-0.7349071997826456,1.6536501431839865,60.6692275023864,4.840016925677334,16.9279792746114,157.720207253886,157.720207253886,18,,,,,aibn_source_informed_model,,,,,35,,False,False
108.0,,target,999181102,SOLA TS,0.1485994201470607,-0.7135941244377445,60.62977343125937,4.870051617889901,4.699076923086038,345.8,350.0,18,,caution,0.0026527399323808894,421.30859569395886,aibn_source_informed_model,,,,,80,,False,False
109.0,,own,999181101,HELGE INGSTAD,-0.733124337240484,1.6492989848061868,60.669154983080105,4.840077533856722,16.92823834196891,157.71761658031087,157.71761658031087,18,,,,,aibn_source_informed_model,,,,,35,,False,False
109.0,,target,999181102,SOLA TS,0.14827891661250997,-0.7123275068017444,60.6297945415533,4.870040722414083,4.708000000009057,345.8,350.0,18,,caution,0.0026281647669192487,420.13122902226525,aibn_source_informed_model,,,,,80,,False,False
110.0,,own,999181101,HELGE INGSTAD,-0.7313412506712137,1.6449478404575757,60.66908246400762,4.8401381496518825,16.928497409326425,157.71502590673575,157.71502590673575,18,,,,,aibn_source_informed_model,,,,,35,,False,False
110.0,,target,999181102,SOLA TS,0.14795780505110537,-0.7110584862670138,60.62981569189555,4.87002980626847,4.716923076932075,345.8,350.0,18,,caution,0.002603671289421332,418.95443373240863,aibn_source_informed_model,,,,,80,,False,False
111.0,,own,999181101,HELGE INGSTAD,-0.7295579400724584,1.640596710149517,60.66900994516916,4.8401987730628955,16.928756476683937,157.71243523316062,157.71243523316062,18,,,,,aibn_source_informed_model,,,,,35,,False,False
111.0,,target,999181102,SOLA TS,0.14763608546284687,-0.7097870628335528,60.62983688228611,4.870018869453064,4.725846153855095,345.8,350.0,18,,caution,0.002579259383966733,417.7782090988986,aibn_source_informed_model,,,,,80,,False,False
112.0,,own,999181101,HELGE INGSTAD,-0.7277744054418426,1.6362455938933742,60.66893742656489,4.840259404089843,16.929015544041448,157.7098445595855,157.7098445595855,18,,,,,aibn_source_informed_model,,,,,35,,False,False
112.0,,target,999181102,SOLA TS,0.14731375784773448,-0.7085132365013612,60.629858112724975,4.870007911967865,4.734769230778113,345.8,350.0,18,,caution,0.0025549289348305985,416.60255439747044,aibn_source_informed_model,,,,,80,,False,False
113.0,,own,999181101,HELGE INGSTAD,-0.725990646776991,1.6318944917005114,60.668864908195005,4.840320042732805,16.929274611398963,157.70725388601036,157.70725388601036,18,,,,,aibn_source_informed_model,,,,,35,,False,False
113.0,,target,999181102,SOLA TS,0.14699082220576823,-0.7072370072704391,60.629879383212156,4.869996933812872,4.7436923077011315,345.8,350.0,18,,caution,0.002530679826475936,415.4274689050815,aibn_source_informed_model,,,,,80,,False,False
114.0,,own,999181101,HELGE INGSTAD,-0.7242066640755291,1.6275434035822927,60.66879239005971,4.8403806889918615,16.929533678756474,157.70466321243524,157.70466321243524,18,,,,,aibn_source_informed_model,,,,,35,,False,False
114.0,,target,999181102,SOLA TS,0.14666727853694808,-0.7059583751407866,60.62990069374765,4.869985934988085,4.752615384624151,345.8,350.0,18,,caution,0.002506511943559175,414.25295189991,aibn_source_informed_model,,,,,80,,False,False
115.0,,own,999181101,HELGE INGSTAD,-0.722422457335083,1.6231923295500825,60.668719872159166,4.840441342867095,16.92979274611399,157.7020725388601,157.7020725388601,18,,,,,aibn_source_informed_model,,,,,35,,False,False
115.0,,target,999181102,SOLA TS,0.14634312684127404,-0.7046773401124036,60.62992204433146,4.869974915493505,4.76153846154717,345.8,350.0,18,,caution,0.002482425170925957,413.07900266135096,aibn_source_informed_model,,,,,80,,False,False
116.0,,own,999181101,HELGE INGSTAD,-0.7206380265532791,1.6188412696152457,60.66864735449359,4.8405020043585845,16.9300518134715,157.69948186528498,157.69948186528498,18,,,,,aibn_source_informed_model,,,,,35,,False,False
116.0,,target,999181102,SOLA TS,0.14601836711874613,-0.7033939021852901,60.62994343496358,4.869963875329131,4.7704615384701885,345.8,350.0,18,,caution,0.002458419393616848,411.90562047001475,aibn_source_informed_model,,,,,80,,False,False
117.0,,own,999181101,HELGE INGSTAD,-0.7188533717277447,1.614490223789147,60.668574837063154,4.840562673466412,16.930310880829015,157.69689119170985,157.69689119170985,18,,,,,aibn_source_informed_model,,,,,35,,False,False
117.0,,target,999181102,SOLA TS,0.14569299936936433,-0.702108061359446,60.629964865644006,4.869952814494964,4.779384615393208,345.8,350.0,18,,caution,0.0024344944968577834,410.7328046077242,aibn_source_informed_model,,,,,80,,False,False
118.0,,own,999181101,HELGE INGSTAD,-0.7170684928561074,1.6101391920831516,60.668502319868054,4.840623350190658,16.930569948186527,157.69430051813472,157.69430051813472,18,,,,,aibn_source_informed_model,,,,,35,,False,False
118.0,,target,999181102,SOLA TS,0.14536702359312864,-0.7008198176348716,60.62998633637275,4.869941732991004,4.788307692316226,345.8,350.0,18,,caution,0.0024106503660663984,409.5605543575116,aibn_source_informed_model,,,,,80,,False,False
119.0,,own,999181101,HELGE INGSTAD,-0.7152833899359956,1.605788174508625,60.66842980290848,4.840684034531401,16.93082901554404,157.6917098445596,157.6917098445596,18,,,,,aibn_source_informed_model,,,,,35,,False,False
119.0,,target,999181102,SOLA TS,0.14504043979003908,-0.6995291710115665,60.630007847149805,4.869930630817249,4.7972307692392455,345.8,350.0,18,,caution,0.0023868868868495933,408.3888690036168,aibn_source_informed_model,,,,,80,,False,False
120.0,,own,999181101,HELGE INGSTAD,-0.7134980629650381,1.6014371710769328,60.668357286184616,4.840744726488724,16.931088082901553,157.68911917098447,157.68911917098447,18,,,,,aibn_source_informed_model,,,,,35,,False,False
120.0,,target,999181102,SOLA TS,0.14471324796009563,-0.6982361214895311,60.63002939797517,4.869919507973702,4.806153846162264,345.8,350.0,18,,caution,0.0023632039450044626,407.21774783148436,aibn_source_informed_model,,,,,80,,False,False
121.0,,own,999181101,HELGE INGSTAD,-0.7117125119408644,1.5970861817994408,60.668284769696655,4.840805426062707,16.931347150259068,157.6865284974093,157.6865284974093,18,,,,,aibn_source_informed_model,,,,,35,,False,False
121.0,,target,999181102,SOLA TS,0.1443854481032983,-0.6969406690687651,60.63005098884885,4.86990836446036,4.815076923085283,345.8,350.0,18,,caution,0.002339601426516324,406.04719012776116,aibn_source_informed_model,,,,,80,,False,False
122.0,,own,999181101,HELGE INGSTAD,-0.7099267368611044,1.5927352066875153,60.66821225344479,4.840866133253431,16.93160621761658,157.68393782383419,157.68393782383419,18,,,,,aibn_source_informed_model,,,,,35,,False,False
122.0,,target,999181102,SOLA TS,0.14405704021964708,-0.6956428137492686,60.63007261977084,4.869897200277226,4.824000000008302,345.8,350.0,18,,caution,0.002316079217555908,404.87719518029377,aibn_source_informed_model,,,,,80,,False,False
123.0,,own,999181101,HELGE INGSTAD,-0.7081407377233887,1.5883842457525226,60.66813973742921,4.840926848060975,16.93186528497409,157.68134715025906,157.68134715025906,18,,,,,aibn_source_informed_model,,,,,35,,False,False
123.0,,target,999181102,SOLA TS,0.14372802430914197,-0.6943425555310416,60.63009429074115,4.8698860154242976,4.832923076931321,345.8,350.0,18,,caution,0.0022926372044837257,403.70776227812553,aibn_source_informed_model,,,,,80,,False,False
124.0,,own,999181101,HELGE INGSTAD,-0.7063545145253485,1.5840332990058292,60.6680672216501,4.840987570485421,16.932124352331606,157.67875647668393,157.67875647668393,18,,,,,aibn_source_informed_model,,,,,35,,False,False
124.0,,target,999181102,SOLA TS,0.14339840037178297,-0.6930398944140842,60.63011600175977,4.869874809901576,4.841846153854339,345.8,350.0,18,,caution,0.002269275273850171,402.53889071149524,aibn_source_informed_model,,,,,80,,False,False
125.0,,own,999181101,HELGE INGSTAD,-0.7045680672646154,1.5796823664588022,60.66799470610765,4.8410483005268485,16.932383419689117,157.6761658031088,157.6761658031088,18,,,,,aibn_source_informed_model,,,,,35,,False,False
125.0,,target,999181102,SOLA TS,0.1430681684075701,-0.6917348303983962,60.63013775282669,4.86986358370906,4.850769230777359,345.8,350.0,18,,caution,0.0022459933123888673,401.37057977183304,aibn_source_informed_model,,,,,80,,False,False
126.0,,own,999181101,HELGE INGSTAD,-0.7027813959388218,1.5753314481228085,60.667922190802045,4.841109038185339,16.932642487046632,157.67357512953367,157.67357512953367,18,,,,,aibn_source_informed_model,,,,,35,,False,False
126.0,,target,999181102,SOLA TS,0.14273732841650336,-0.6904273634839778,60.630159543941936,4.869852336846752,4.859692307700377,345.8,350.0,18,,caution,0.0022227912070223337,400.2028287517592,aibn_source_informed_model,,,,,80,,False,False
127.0,,own,999181101,HELGE INGSTAD,-0.7009945005456005,1.5709805440092155,60.667849675733486,4.841169783460972,16.932901554404143,157.67098445595855,157.67098445595855,18,,,,,aibn_source_informed_model,,,,,35,,False,False
127.0,,target,999181102,SOLA TS,0.1424058803985827,-0.6891174936708289,60.63018137510549,4.869841069314649,4.868615384623396,345.8,350.0,18,,caution,0.0021996688448570976,399.0356369450812,aibn_source_informed_model,,,,,80,,False,False
128.0,,own,999181101,HELGE INGSTAD,-0.699207381082585,1.566629654129391,60.667777160902155,4.841230536353829,16.933160621761658,157.66839378238342,157.66839378238342,18,,,,,aibn_source_informed_model,,,,,35,,False,False
128.0,,target,999181102,SOLA TS,0.1420738243538082,-0.6878052209589495,60.63020324631735,4.869829781112753,4.877538461546415,345.8,350.0,18,,caution,0.0021766261131894137,397.86900364679104,aibn_source_informed_model,,,,,80,,False,False
129.0,,own,999181101,HELGE INGSTAD,-0.697420037547409,1.5622787784947025,60.667704646308245,4.841291296863989,16.93341968911917,157.6658031088083,157.6658031088083,18,,,,,aibn_source_informed_model,,,,,35,,False,False
129.0,,target,999181102,SOLA TS,0.14174116028217978,-0.6864905453483395,60.63022515757753,4.8698184722410645,4.886461538469434,345.8,350.0,18,,caution,0.002153662899497463,396.70292815306277,aibn_source_informed_model,,,,,80,,False,False
130.0,,own,999181101,HELGE INGSTAD,-0.6956324699377073,1.5579279171165183,60.66763213195194,4.8413520649915345,16.933678756476684,157.66321243523316,157.66321243523316,18,,,,,aibn_source_informed_model,,,,,35,,False,False
130.0,,target,999181102,SOLA TS,0.14140788818369748,-0.6851734668389992,60.63024710888602,4.869807142699581,4.8953846153924525,345.8,350.0,18,,caution,0.0021307790914453077,395.53740976125044,aibn_source_informed_model,,,,,80,,False,False
131.0,,own,999181101,HELGE INGSTAD,-0.6938446782511151,1.5535770700062068,60.66755961783343,4.8414128407365435,16.933937823834196,157.66062176165804,157.66062176165804,18,,,,,aibn_source_informed_model,,,,,35,,False,False
131.0,,target,999181102,SOLA TS,0.14107400805836132,-0.6838539854309282,60.63026910024282,4.869795792488304,4.904307692315472,345.8,350.0,18,,caution,0.002107974576883043,394.3724477698853,aibn_source_informed_model,,,,,80,,False,False
132.0,,own,999181101,HELGE INGSTAD,-0.6920566624852679,1.5492262371751364,60.667487103952915,4.841473624099098,16.93419689119171,157.6580310880829,157.6580310880829,18,,,,,aibn_source_informed_model,,,,,35,,False,False
132.0,,target,999181102,SOLA TS,0.14073951990617126,-0.6825321011241269,60.63029113164793,4.869784421607235,4.91323076923849,345.8,350.0,18,,caution,0.0020852492438437334,393.20804147867324,aibn_source_informed_model,,,,,80,,False,False
133.0,,own,999181101,HELGE INGSTAD,-0.6902684226378021,1.544875418634676,60.66741459031058,4.841534415079278,16.934455958549222,157.65544041450778,157.65544041450778,18,,,,,aibn_source_informed_model,,,,,35,,False,False
133.0,,target,999181102,SOLA TS,0.1404044237271273,-0.681207813918595,60.63031320310136,4.869773030056371,4.9221538461615095,345.8,350.0,18,,caution,0.0020626029805447593,392.04419018849273,aibn_source_informed_model,,,,,80,,False,False
134.0,,own,999181101,HELGE INGSTAD,-0.6884799587063545,1.5405246143961946,60.6673420769066,4.841595213677164,16.934715025906733,157.65284974093265,157.65284974093265,18,,,,,aibn_source_informed_model,,,,,35,,False,False
134.0,,target,999181102,SOLA TS,0.14006871952122948,-0.6798811238143325,60.630335314603094,4.869761617835714,4.931076923084528,345.8,350.0,18,,caution,0.002040035675386261,390.8808932013917,aibn_source_informed_model,,,,,80,,False,False
135.0,,own,999181101,HELGE INGSTAD,-0.6866912706885625,1.5361738244710614,60.667269563741186,4.841656019892835,16.93497409326425,157.65025906735752,157.65025906735752,18,,,,,aibn_source_informed_model,,,,,35,,False,False
135.0,,target,999181102,SOLA TS,0.13973240728847777,-0.6785520308113396,60.63035746615314,4.869750184945263,4.940000000007547,345.8,350.0,18,,caution,0.002017547216953686,389.71814982058595,aibn_source_informed_model,,,,,80,,False,False
136.0,,own,999181101,HELGE INGSTAD,-0.684902358582064,1.5318230488706461,60.66719705081451,4.841716833726373,16.93523316062176,157.6476683937824,157.6476683937824,18,,,,,aibn_source_informed_model,,,,,35,,False,False
136.0,,target,999181102,SOLA TS,0.1393954870288722,-0.6772205349096162,60.630379657751504,4.869738731385019,4.948923076930566,345.8,350.0,18,,caution,0.0019951374940138326,388.5559593504562,aibn_source_informed_model,,,,,80,,False,False
137.0,,own,999181101,HELGE INGSTAD,-0.6831132223844978,1.5274722876063185,60.66712453812677,4.841777655177857,16.935492227979275,157.64507772020724,157.64507772020724,18,,,,,aibn_source_informed_model,,,,,35,,False,False
137.0,,target,999181102,SOLA TS,0.13905795874241272,-0.6758866361091623,60.63040188939818,4.869727257154982,4.957846153853585,345.8,350.0,18,,caution,0.0019728063955158966,387.3943210965455,aibn_source_informed_model,,,,,80,,False,False
138.0,,own,999181101,HELGE INGSTAD,-0.6813238620935027,1.5231215406894485,60.66705202567816,4.8418384842473685,16.935751295336786,157.6424870466321,157.6424870466321,18,,,,,aibn_source_informed_model,,,,,35,,False,False
138.0,,target,999181102,SOLA TS,0.13871982242909936,-0.6745503344099779,60.63042416109317,4.869715762255151,4.966769230776603,345.8,350.0,18,,caution,0.0019505538105893858,386.23323436555734,aibn_source_informed_model,,,,,80,,False,False
139.0,,own,999181101,HELGE INGSTAD,-0.6795342777067186,1.5187708081314064,60.66697951346885,4.841899320934988,16.9360103626943,157.63989637305698,157.63989637305698,18,,,,,aibn_source_informed_model,,,,,35,,False,False
139.0,,target,999181102,SOLA TS,0.13838107808893213,-0.6732116298120631,60.63044647283647,4.869704246685526,4.975692307699623,345.8,350.0,18,,caution,0.0019283796285492695,385.07269846535263,aibn_source_informed_model,,,,,80,,False,False
140.0,,own,999181101,HELGE INGSTAD,-0.6777444692217857,1.5144200899435627,60.666907001499055,4.841960165240793,16.936269430051812,157.63730569948186,157.63730569948186,18,,,,,aibn_source_informed_model,,,,,35,,False,False
140.0,,target,999181102,SOLA TS,0.138041725721911,-0.6718705223154177,60.630468824628075,4.869692710446108,4.984615384622641,345.8,350.0,18,,caution,0.0019062837388892696,383.91271270494804,aibn_source_informed_model,,,,,80,,False,False
141.0,,own,999181101,HELGE INGSTAD,-0.6759544366363448,1.5100693861372882,60.66683448976895,4.842021017164866,16.936528497409327,157.63471502590673,157.63471502590673,18,,,,,aibn_source_informed_model,,,,,35,,False,False
141.0,,target,999181102,SOLA TS,0.137701765328036,-0.6705270119200418,60.630491216468,4.869681153536896,4.99353846154566,345.8,350.0,18,,caution,0.0018842660312840993,382.7532763945126,aibn_source_informed_model,,,,,80,,False,False
142.0,,own,999181101,HELGE INGSTAD,-0.6741641799480373,1.505718696723954,60.66676197827873,4.8420818767072875,16.93678756476684,157.6321243523316,157.6321243523316,18,,,,,aibn_source_informed_model,,,,,35,,False,False
142.0,,target,999181102,SOLA TS,0.1373611969073071,-0.6691810986259354,60.630513648356235,4.86966957595789,5.002461538468679,345.8,350.0,18,,caution,0.0018623263955890425,381.59438884536604,aibn_source_informed_model,,,,,80,,False,False
143.0,,own,999181101,HELGE INGSTAD,-0.6723736991545053,1.501368021714931,60.66668946702858,4.842142743868136,16.93704663212435,157.62953367875647,157.62953367875647,18,,,,,aibn_source_informed_model,,,,,35,,False,False
143.0,,target,999181102,SOLA TS,0.13702002045972433,-0.6678327824330986,60.63053612029278,4.869657977709092,5.011384615391698,345.8,350.0,18,,caution,0.0018404647218405812,380.4360493699764,aibn_source_informed_model,,,,,80,,False,False
144.0,,own,999181101,HELGE INGSTAD,-0.6705829942533912,1.4970173611215911,60.66661695601869,4.842203618647493,16.937305699481865,157.62694300518135,157.62694300518135,18,,,,,aibn_source_informed_model,,,,,35,,False,False
144.0,,target,999181102,SOLA TS,0.13667823598528767,-0.6664820633415313,60.63055863227764,4.8696463587905,5.0203076923147165,345.8,350.0,18,,caution,0.001818680900254158,379.2782572819572,aibn_source_informed_model,,,,,80,,False,False
145.0,,own,999181101,HELGE INGSTAD,-0.6687920652423381,1.4926667149553057,60.66654444524925,4.842264501045438,16.937564766839376,157.62435233160622,157.62435233160622,18,,,,,aibn_source_informed_model,,,,,35,,False,False
145.0,,target,999181102,SOLA TS,0.13633584348399713,-0.6651289413512335,60.63058118431081,4.869634719202113,5.029230769237736,345.8,350.0,18,,caution,0.0017969748212231867,378.12101189606534,aibn_source_informed_model,,,,,80,,False,False
146.0,,own,999181101,HELGE INGSTAD,-0.6670009121189898,1.488316083227447,60.666471934720455,4.842325391062051,16.93782383419689,157.6217616580311,157.6217616580311,18,,,,,aibn_source_informed_model,,,,,35,,False,False
146.0,,target,999181102,SOLA TS,0.1359928429558527,-0.6637734164622051,60.6306037763923,4.869623058943934,5.038153846160754,345.8,350.0,18,,caution,0.0017753463753237342,376.96431252819866,aibn_source_informed_model,,,,,80,,False,False
147.0,,own,999181101,HELGE INGSTAD,-0.6652095348809904,1.483965465949387,60.66639942443249,4.842386288697412,16.938082901554402,157.61917098445596,157.61917098445596,18,,,,,aibn_source_informed_model,,,,,35,,False,False
147.0,,target,999181102,SOLA TS,0.13564923440085438,-0.6624154886744463,60.63062640852209,4.8696113780159616,5.0470769230837735,345.8,350.0,18,,caution,0.0017537954533070315,375.8081584953938,aibn_source_informed_model,,,,,80,,False,False
148.0,,own,999181101,HELGE INGSTAD,-0.6634179335259849,1.4796148631324983,60.66632691438554,4.842447193951602,16.938341968911917,157.61658031088083,157.61658031088083,18,,,,,aibn_source_informed_model,,,,,35,,False,False
148.0,,target,999181102,SOLA TS,0.1353050178190022,-0.661055157987957,60.6306490807002,4.869599676418195,5.056000000006792,345.8,350.0,18,,caution,0.0017323219461039454,374.65254911582304,aibn_source_informed_model,,,,,80,,False,False
149.0,,own,999181101,HELGE INGSTAD,-0.6616261080516185,1.4752642747881537,60.6662544045798,4.842508106824701,16.93860103626943,157.6139896373057,157.6139896373057,18,,,,,aibn_source_informed_model,,,,,35,,False,False
149.0,,target,999181102,SOLA TS,0.13496019321029612,-0.6596924244027372,60.63067179292662,4.869587954150635,5.064923076929811,345.8,350.0,18,,caution,0.0017109257448224833,373.49748370879314,aibn_source_informed_model,,,,,80,,False,False
150.0,,own,999181101,HELGE INGSTAD,-0.6598340584555372,1.4709137009277258,60.66618189501546,4.842569027316787,16.938860103626943,157.61139896373058,157.61139896373058,18,,,,,aibn_source_informed_model,,,,,35,,False,False
150.0,,target,999181102,SOLA TS,0.13461476057473615,-0.6583272879187869,60.63069454520135,4.869576211213282,5.0738461538528306,345.8,350.0,18,,caution,0.0016896067407500262,372.34296159474195,aibn_source_informed_model,,,,,80,,False,False
151.0,,own,999181101,HELGE INGSTAD,-0.6580417847353877,1.466563141562588,60.66610938569271,4.842629955427943,16.939119170984455,157.60880829015545,157.60880829015545,18,,,,,aibn_source_informed_model,,,,,35,,False,False
151.0,,target,999181102,SOLA TS,0.1342687199123223,-0.6569597485361062,60.630717337524395,4.869564447606135,5.082769230775849,345.8,350.0,18,,caution,0.0016683648253498994,371.18898209523684,aibn_source_informed_model,,,,,80,,False,False
152.0,,own,999181101,HELGE INGSTAD,-0.6562492868888169,1.4622125967041135,60.666036876611734,4.842690891158246,16.93937823834197,157.60621761658032,157.60621761658032,18,,,,,aibn_source_informed_model,,,,,35,,False,False
152.0,,target,999181102,SOLA TS,0.13392207122305458,-0.6555898062546949,60.63074016989575,4.869552663329194,5.091692307698867,345.8,350.0,18,,caution,0.0016471998902608533,370.03554453297147,aibn_source_informed_model,,,,,80,,False,False
153.0,,own,999181101,HELGE INGSTAD,-0.6544565649134726,1.4578620663636763,60.66596436777273,4.842751834507777,16.93963730569948,157.60362694300517,157.60362694300517,18,,,,,aibn_source_informed_model,,,,,35,,False,False
153.0,,target,999181102,SOLA TS,0.13357481450693295,-0.6542174610745531,60.63076304231542,4.86954085838246,5.100615384621887,345.8,350.0,18,,caution,0.0016261118273006455,368.8826482317644,aibn_source_informed_model,,,,,80,,False,False
154.0,,own,999181101,HELGE INGSTAD,-0.652663618807003,1.4535115505526501,60.66589185917588,4.842812785476618,16.939896373056992,157.60103626943004,157.60103626943004,18,,,,,aibn_source_informed_model,,,,,35,,False,False
154.0,,target,999181102,SOLA TS,0.13322694976395746,-0.6528427129956809,60.630785954783406,4.869529032765932,5.109538461544906,345.8,350.0,18,,caution,0.0016051005284615763,367.7302925165563,aibn_source_informed_model,,,,,80,,False,False
155.0,,own,999181101,HELGE INGSTAD,-0.6508704485670569,1.4491610492824092,60.66581935082137,4.842873744064847,16.940155440414507,157.5984455958549,157.5984455958549,18,,,,,aibn_source_informed_model,,,,,35,,False,False
155.0,,target,999181102,SOLA TS,0.13287847699412808,-0.6514655620180781,60.630808907299695,4.869517186479611,5.118461538467924,345.8,350.0,18,,caution,0.0015841658859115741,366.5784767134072,aibn_source_informed_model,,,,,80,,False,False
156.0,,own,999181101,HELGE INGSTAD,-0.6490770541912837,1.444810562564328,60.6657468427094,4.8429347102725435,16.94041450777202,157.59585492227978,157.59585492227978,18,,,,,aibn_source_informed_model,,,,,35,,False,False
156.0,,target,999181102,SOLA TS,0.1325293961974448,-0.6500860081417449,60.630831899864305,4.869505319523497,5.127384615390943,345.8,350.0,18,,caution,0.0015633077919947715,365.4272001494952,aibn_source_informed_model,,,,,80,,False,False
157.0,,own,999181101,HELGE INGSTAD,-0.6472834356773333,1.4404600904097808,60.66567433484016,4.8429956840997885,16.940673575129534,157.59326424870466,157.59326424870466,18,,,,,aibn_source_informed_model,,,,,35,,False,False
157.0,,target,999181102,SOLA TS,0.13217970737390766,-0.6487040513666811,60.63085493247722,4.869493431897588,5.136307692313962,345.8,350.0,18,,caution,0.0015425261392291096,364.2764621531132,aibn_source_informed_model,,,,,80,,False,False
158.0,,own,999181101,HELGE INGSTAD,-0.6454895930228562,1.4361096328301428,60.665601827213834,4.843056665546661,16.940932642487045,157.59067357512953,157.59067357512953,18,,,,,aibn_source_informed_model,,,,,35,,False,False
158.0,,target,999181102,SOLA TS,0.13182941052351663,-0.6473196916928868,60.63087800513845,4.869481523601887,5.145230769236981,345.8,350.0,18,,caution,0.0015218208203087867,363.1262620536672,aibn_source_informed_model,,,,,80,,False,False
159.0,,own,999181101,HELGE INGSTAD,-0.6436955262255036,1.431759189836789,60.66552931983061,4.843117654613241,16.94119170984456,157.5880829015544,157.5880829015544,18,,,,,aibn_source_informed_model,,,,,35,,False,False
159.0,,target,999181102,SOLA TS,0.1314785056462717,-0.645932929120362,60.63090111784799,4.869469594636391,5.15415384616,345.8,350.0,18,,caution,0.0015011917281006122,361.97659918167346,aibn_source_informed_model,,,,,80,,False,False
160.0,,own,999181101,HELGE INGSTAD,-0.6419012352829272,1.4274087614410949,60.665456812690685,4.84317865129961,16.94145077720207,157.58549222797927,157.58549222797927,18,,,,,aibn_source_informed_model,,,,,35,,False,False
160.0,,target,999181102,SOLA TS,0.1311269927421729,-0.6445437636491068,60.630924270605846,4.869457645001103,5.163076923083018,345.8,350.0,18,,caution,0.0014806387556462995,360.82747286875696,aibn_source_informed_model,,,,,80,,False,False
161.0,,own,999181101,HELGE INGSTAD,-0.6401067201927791,1.4230583476544358,60.66538430579424,4.843239655605846,16.941709844559586,157.58290155440415,157.58290155440415,18,,,,,aibn_source_informed_model,,,,,35,,False,False
161.0,,target,999181102,SOLA TS,0.13077487181122022,-0.643152195279121,60.630947463412014,4.869445674696021,5.1720000000060375,345.8,350.0,18,,caution,0.0014601617961594467,359.67888244764816,aibn_source_informed_model,,,,,80,,False,False
162.0,,own,999181101,HELGE INGSTAD,-0.6383119809527122,1.418707948488188,60.66531179914147,4.843300667532028,16.941968911917098,157.58031088082902,157.58031088082902,18,,,,,aibn_source_informed_model,,,,,35,,False,False
162.0,,target,999181102,SOLA TS,0.13042214285341366,-0.6417582240104048,60.630970696266495,4.8694336837211445,5.180923076929057,345.8,350.0,18,,caution,0.001439760743030112,358.53082725218167,aibn_source_informed_model,,,,,80,,False,False
163.0,,own,999181101,HELGE INGSTAD,-0.6365170175603799,1.4143575639537271,60.66523929273256,4.8433616870782386,16.94222797927461,157.5777202072539,157.5777202072539,18,,,,,aibn_source_informed_model,,,,,35,,False,False
163.0,,target,999181102,SOLA TS,0.13006880586875322,-0.6403618498429581,60.63099396916928,4.869421672076475,5.189846153852075,345.8,350.0,18,,caution,0.0014194354898181636,357.3833066172932,aibn_source_informed_model,,,,,80,,False,False
164.0,,own,999181101,HELGE INGSTAD,-0.6347218300134361,1.4100071940624297,60.6651667865677,4.8434227142445545,16.942487046632124,157.57512953367876,157.57512953367876,18,,,,,aibn_source_informed_model,,,,,35,,False,False
164.0,,target,999181102,SOLA TS,0.12971486085723888,-0.6389630727767809,60.63101728212039,4.869409639762012,5.198769230775094,345.8,350.0,18,,caution,0.0013991859302560263,356.2363198790175,aibn_source_informed_model,,,,,80,,False,False
165.0,,own,999181101,HELGE INGSTAD,-0.6329264183095352,1.4056568388256723,60.6650942806471,4.843483749031058,16.942746113989635,157.57253886010363,157.57253886010363,18,,,,,aibn_source_informed_model,,,,,35,,False,False
165.0,,target,999181102,SOLA TS,0.12936030781887067,-0.6375618928118731,60.6310406351198,4.869397586777756,5.207692307698113,345.8,350.0,18,,caution,0.0013790119582511326,355.0898663744867,aibn_source_informed_model,,,,,80,,False,False
166.0,,own,999181101,HELGE INGSTAD,-0.6311307824463325,1.4013064982548318,60.66502177497091,4.843544791437827,16.94300518134715,157.5699481865285,157.5699481865285,18,,,,,aibn_source_informed_model,,,,,35,,False,False
166.0,,target,999181102,SOLA TS,0.12900514675364858,-0.636158309948235,60.63106402816753,4.8693855131237065,5.216615384621132,345.8,350.0,18,,caution,0.0013589134678795745,353.943945441927,aibn_source_informed_model,,,,,80,,False,False
167.0,,own,999181101,HELGE INGSTAD,-0.6293349224214835,1.396956172361285,60.664949269539356,4.843605841464942,16.94326424870466,157.56735751295338,157.56735751295338,18,,,,,aibn_source_informed_model,,,,,35,,False,False
167.0,,target,999181102,SOLA TS,0.12864937766157258,-0.6347523241858662,60.63108746126357,4.869373418799863,5.225538461544151,345.8,350.0,18,,caution,0.0013388903533898002,352.7985564206575,aibn_source_informed_model,,,,,80,,False,False
168.0,,own,999181101,HELGE INGSTAD,-0.6275388382326444,1.3926058611564096,60.664876764352606,4.843666899112483,16.943523316062176,157.56476683937825,157.56476683937825,18,,,,,aibn_source_informed_model,,,,,35,,False,False
168.0,,target,999181102,SOLA TS,0.12829300054264273,-0.6333439355247671,60.63111093440792,4.869361303806226,5.234461538467169,345.8,350.0,18,,caution,0.0013189425092011487,351.6536986510866,aibn_source_informed_model,,,,,80,,False,False
169.0,,own,999181101,HELGE INGSTAD,-0.6257425298774721,1.3882555646515828,60.66480425941086,4.8437279643805295,16.943782383419688,157.5621761658031,157.5621761658031,18,,,,,aibn_source_informed_model,,,,,35,,False,False
169.0,,target,999181102,SOLA TS,0.12793601539685898,-0.6319331439649374,60.63113444760058,4.869349168142795,5.243384615390188,345.8,350.0,18,,caution,0.0012990698299056296,350.5093714747114,aibn_source_informed_model,,,,,80,,False,False
170.0,,own,999181101,HELGE INGSTAD,-0.623945997353624,1.3839052828581826,60.6647317547143,4.84378903726916,16.944041450777203,157.55958549222797,157.55958549222797,18,,,,,aibn_source_informed_model,,,,,35,,False,False
170.0,,target,999181102,SOLA TS,0.12757842222422133,-0.6305199495063772,60.63115800084156,4.869337011809572,5.252307692313208,345.8,350.0,18,,caution,0.0012792722102616218,349.36557423411404,aibn_source_informed_model,,,,,80,,False,False
171.0,,own,999181101,HELGE INGSTAD,-0.622149240658758,1.3795550157875869,60.66465925026313,4.843850117778456,16.944300518134714,157.55699481865284,157.55699481865284,18,,,,,aibn_source_informed_model,,,,,35,,False,False
171.0,,target,999181102,SOLA TS,0.12722022102472982,-0.6291043521490866,60.63118159413085,4.869324834806553,5.261230769236226,345.8,350.0,18,,caution,0.0012595495452010516,348.2223062729604,aibn_source_informed_model,,,,,80,,False,False
172.0,,own,999181101,HELGE INGSTAD,-0.6203522597905325,1.375204763451174,60.664586746057516,4.843911205908495,16.94455958549223,157.5544041450777,157.5544041450777,18,,,,,aibn_source_informed_model,,,,,35,,False,False
172.0,,target,999181102,SOLA TS,0.12686141179838442,-0.6276863518930654,60.63120522746845,4.869312637133743,5.2701538461592445,345.8,350.0,18,,caution,0.0012399017298231558,347.0795669359971,aibn_source_informed_model,,,,,80,,False,False
173.0,,own,999181101,HELGE INGSTAD,-0.6185550547466068,1.3708545258603222,60.664514242097674,4.843972301659358,16.94481865284974,157.55181347150258,157.55181347150258,18,,,,,aibn_source_informed_model,,,,,35,,False,False
173.0,,target,999181102,SOLA TS,0.12650199454518513,-0.6262659487383138,60.63122890085436,4.869300418791139,5.279076923082264,345.8,350.0,18,,caution,0.001220328659398769,345.9373555690502,aibn_source_informed_model,,,,,80,,False,False
174.0,,own,999181101,HELGE INGSTAD,-0.6167576255246403,1.3665043030264106,60.66444173838377,4.844033405031125,16.94507772020725,157.54922279792746,157.54922279792746,18,,,,,aibn_source_informed_model,,,,,35,,False,False
174.0,,target,999181102,SOLA TS,0.12614196926513196,-0.6248431426848317,60.631252614288584,4.86928817977874,5.288000000005283,345.8,350.0,18,,caution,0.0012008302293657449,344.7956715190221,aibn_source_informed_model,,,,,80,,False,False
175.0,,own,999181101,HELGE INGSTAD,-0.6149599721222934,1.362154094960818,60.664369234916016,4.8440945160238735,16.945336787564766,157.54663212435233,157.54663212435233,18,,,,,aibn_source_informed_model,,,,,35,,False,False
175.0,,target,999181102,SOLA TS,0.1257813359582249,-0.623417933732619,60.63127636777112,4.869275920096548,5.2969230769283016,345.8,350.0,18,,caution,0.0011814063353314057,343.65451413388956,aibn_source_informed_model,,,,,80,,False,False
176.0,,own,999181101,HELGE INGSTAD,-0.6131620945372268,1.3578039016749237,60.664296731694584,4.844155634637685,16.945595854922278,157.5440414507772,157.5440414507772,18,,,,,aibn_source_informed_model,,,,,35,,False,False
176.0,,target,999181102,SOLA TS,0.12542009462446396,-0.6219903218816759,60.63130016130197,4.869263639744563,5.30584615385132,345.8,350.0,18,,caution,0.0011620568730703292,342.51388276270234,aibn_source_informed_model,,,,,80,,False,False
177.0,,own,999181101,HELGE INGSTAD,-0.611363992767102,1.3534537231801071,60.66422422871967,4.844216760872639,16.945854922279793,157.54145077720207,157.54145077720207,18,,,,,aibn_source_informed_model,,,,,35,,False,False
177.0,,target,999181102,SOLA TS,0.12505824526384915,-0.6205603071320023,60.631323994881136,4.869251338722784,5.314769230774339,345.8,350.0,18,,caution,0.00114278173852718,341.3737767555793,aibn_source_informed_model,,,,,80,,False,False
178.0,,own,999181101,HELGE INGSTAD,-0.6095656668095808,1.349103559487748,60.66415172599146,4.844277894728813,16.946113989637304,157.53886010362694,157.53886010362694,18,,,,,aibn_source_informed_model,,,,,35,,False,False
178.0,,target,999181102,SOLA TS,0.12469578787638046,-0.6191278894835982,60.631347868508605,4.869239017031212,5.323692307697359,345.8,350.0,18,,caution,0.0011235808278116442,340.234195463708,aibn_source_informed_model,,,,,80,,False,False
179.0,,own,999181101,HELGE INGSTAD,-0.6077671166623257,1.3447534106092265,60.66407922351015,4.844339036206288,16.94637305699482,157.53626943005182,157.53626943005182,18,,,,,aibn_source_informed_model,,,,,35,,False,False
179.0,,target,999181102,SOLA TS,0.12433272246205787,-0.6176930689364636,60.63137178218439,4.8692266746698465,5.332615384620377,345.8,350.0,18,,caution,0.001104454037202276,339.0951382393413,aibn_source_informed_model,,,,,80,,False,False
180.0,,own,999181101,HELGE INGSTAD,-0.6059683423229999,1.3404032765559224,60.66400672127593,4.844400185305144,16.94663212435233,157.5336787564767,157.5336787564767,18,,,,,aibn_source_informed_model,,,,,35,,False,False
180.0,,target,999181102,SOLA TS,0.12396904902088139,-0.6162558454905985,60.63139573590849,4.869214311638688,5.341538461543395,345.8,350.0,18,,caution,0.0010854012631432695,337.9566044357956,aibn_source_informed_model,,,,,80,,False,False
181.0,,own,999181101,HELGE INGSTAD,-0.604169343789267,1.3360531573392163,60.66393421928898,4.8444613420254585,16.946891191709845,157.53108808290156,157.53108808290156,18,,,,,aibn_source_informed_model,,,,,35,,False,False
181.0,,target,999181102,SOLA TS,0.12360476755285103,-0.6148162191460029,60.6314197296809,4.869201927937734,5.350461538466415,345.8,350.0,18,,caution,0.0010664224022470374,336.81859340744865,aibn_source_informed_model,,,,,80,,False,False
182.0,,own,999181101,HELGE INGSTAD,-0.6023701210587912,1.331703052970489,60.66386171754951,4.844522506367313,16.947150259067357,157.52849740932643,157.52849740932643,18,,,,,aibn_source_informed_model,,,,,35,,False,False
182.0,,target,999181102,SOLA TS,0.1232398780579668,-0.6133741899026768,60.63144376350162,4.869189523566988,5.359384615389434,345.8,350.0,18,,caution,0.0010475173512908295,335.68110450973745,aibn_source_informed_model,,,,,80,,False,False
183.0,,own,999181101,HELGE INGSTAD,-0.6005706741292373,1.3273529634611214,60.66378921605769,4.844583678330785,16.947409326424868,157.5259067357513,157.5259067357513,18,,,,,aibn_source_informed_model,,,,,35,,False,False
183.0,,target,999181102,SOLA TS,0.12287438053622868,-0.6119297577606202,60.63146783737066,4.869177098526448,5.368307692312452,345.8,350.0,18,,caution,0.0010286860072173819,334.54413709915593,aibn_source_informed_model,,,,,80,,False,False
184.0,,own,999181101,HELGE INGSTAD,-0.5987710029982706,1.3230028888224945,60.66371671481371,4.844644857915956,16.947668393782383,157.52331606217618,157.52331606217618,18,,,,,aibn_source_informed_model,,,,,35,,False,False
184.0,,target,999181102,SOLA TS,0.12250827498763667,-0.6104829227198331,60.631491951288005,4.8691646528161145,5.377230769235471,345.8,350.0,18,,caution,0.001009928267137282,333.40769053325266,aibn_source_informed_model,,,,,80,,False,False
185.0,,own,999181101,HELGE INGSTAD,-0.596971107663557,1.3186528290659898,60.66364421381777,4.844706045122903,16.947927461139894,157.52072538860102,157.52072538860102,18,,,,,aibn_source_informed_model,,,,,35,,False,False
185.0,,target,999181102,SOLA TS,0.12214156141219078,-0.6090336847803155,60.63151610525366,4.869152186435988,5.38615384615849,345.8,350.0,18,,caution,0.0009912440283242135,332.2717641706291,aibn_source_informed_model,,,,,80,,False,False
186.0,,own,999181101,HELGE INGSTAD,-0.5951709881227631,1.314302784202989,60.66357171307005,4.8447672399517066,16.94818652849741,157.5181347150259,157.5181347150259,18,,,,,aibn_source_informed_model,,,,,35,,False,False
186.0,,target,999181102,SOLA TS,0.12177423980989101,-0.6075820439420674,60.631540299267634,4.869139699386068,5.395076923081509,345.8,350.0,18,,caution,0.0009726331882164624,331.1363573709374,aibn_source_informed_model,,,,,80,,False,False
187.0,,own,999181101,HELGE INGSTAD,-0.593370644373556,1.3099527542448741,60.66349921257075,4.844828442402446,16.94844559585492,157.51554404145077,157.51554404145077,18,,,,,aibn_source_informed_model,,,,,35,,False,False
187.0,,target,999181102,SOLA TS,0.12140631018073735,-0.6061280002050888,60.631564533329914,4.869127191666354,5.404000000004528,345.8,350.0,18,,caution,0.0009540956444170446,330.0014694948775,aibn_source_informed_model,,,,,80,,False,False
188.0,,own,999181101,HELGE INGSTAD,-0.5915700764136033,1.305602739203027,60.66342671232005,4.8448896524752,16.948704663212435,157.51295336787564,157.51295336787564,18,,,,,aibn_source_informed_model,,,,,35,,False,False
188.0,,target,999181102,SOLA TS,0.1210377725247298,-0.6046715535693797,60.63158880744051,4.8691146632768465,5.412923076927547,345.8,350.0,18,,caution,0.0009356312946952171,328.86709990419587,aibn_source_informed_model,,,,,80,,False,False
189.0,,own,999181101,HELGE INGSTAD,-0.5897692842405732,1.3012527390888302,60.66335421231815,4.84495087017005,16.948963730569947,157.5103626943005,157.5103626943005,18,,,,,aibn_source_informed_model,,,,,35,,False,False
189.0,,target,999181102,SOLA TS,0.12066862684186838,-0.6032127040349402,60.631613121599415,4.8691021142175455,5.421846153850566,345.8,350.0,18,,caution,0.000917240036981928,327.73324796168345,aibn_source_informed_model,,,,,80,,False,False
190.0,,own,999181101,HELGE INGSTAD,-0.5879682678521344,1.2969027539136662,60.66328171256523,4.845012095487072,16.94922279792746,157.50777202072538,157.50777202072538,18,,,,,aibn_source_informed_model,,,,,35,,False,False
190.0,,target,999181102,SOLA TS,0.12029887313215307,-0.6017514516017701,60.631637475806635,4.8690895444884505,5.430769230773585,345.8,350.0,18,,caution,0.0008989217693721271,326.5999130311723,aibn_source_informed_model,,,,,80,,False,False
191.0,,own,999181101,HELGE INGSTAD,-0.5861670272459564,1.292552783688918,60.66320921306148,4.845073328426347,16.949481865284973,157.50518134715026,157.50518134715026,18,,,,,aibn_source_informed_model,,,,,35,,False,False
191.0,,target,999181102,SOLA TS,0.11992851139558387,-0.6002877962698696,60.63166187006217,4.869076954089563,5.439692307696603,345.8,350.0,18,,caution,0.0008806763901230009,325.46709447753483,aibn_source_informed_model,,,,,80,,False,False
192.0,,own,999181101,HELGE INGSTAD,-0.584365562419709,1.2882028284259686,60.6631367138071,4.845134568987954,16.949740932642488,157.50259067357513,157.50259067357513,18,,,,,aibn_source_informed_model,,,,,35,,False,False
192.0,,target,999181102,SOLA TS,0.1195575416321608,-0.5988217380392385,60.63168630436601,4.869064343020881,5.448615384619623,345.8,350.0,18,,caution,0.0008625037976572733,324.33479166668116,aibn_source_informed_model,,,,,80,,False,False
193.0,,own,999181101,HELGE INGSTAD,-0.5825638733710629,1.2838528881362012,60.66306421480227,4.845195817171972,16.95,157.5,157.5,18,,,,,aibn_source_informed_model,,,,,35,,False,False
193.0,,target,999181102,SOLA TS,0.11918596384188383,-0.597353276909877,60.631710778718165,4.869051711282406,5.457538461542641,345.8,350.0,18,,caution,0.0008444038905577453,323.2030039655567,aibn_source_informed_model,,,,,80,,False,False
194.0,,own,999181101,HELGE INGSTAD,-0.5807619600976889,1.2795029628309997,60.66299171604718,4.845257072978481,16.95025906735751,157.49740932642487,157.49740932642487,18,,,,,aibn_source_informed_model,,,,,35,,False,False
194.0,,target,999181102,SOLA TS,0.11881377802475299,-0.595882412881785,60.63173529311864,4.8690390588741375,5.46646153846566,345.8,350.0,18,,caution,0.0008263765675700254,322.07173074214063,aibn_source_informed_model,,,,,80,,False,False
195.0,,own,999181101,HELGE INGSTAD,-0.5789598225972589,1.2751530525217478,60.662919217542026,4.845318336407559,16.950518134715026,157.49481865284974,157.49481865284974,18,,,,,aibn_source_informed_model,,,,,35,,False,False
195.0,,target,999181102,SOLA TS,0.11844098418076826,-0.5944091459549625,60.631759847567416,4.869026385796075,5.475384615388679,345.8,350.0,18,,caution,0.0008084217276009952,320.9409713654432,aibn_source_informed_model,,,,,80,,False,False
196.0,,own,999181101,HELGE INGSTAD,-0.5771574608674449,1.2708031572198295,60.662846719286996,4.845379607459286,16.950777202072537,157.49222797927462,157.49222797927462,18,,,,,aibn_source_informed_model,,,,,35,,False,False
196.0,,target,999181102,SOLA TS,0.11806758230992966,-0.5929334761294095,60.63178444206451,4.869013692048219,5.484307692311698,345.8,350.0,18,,caution,0.0007905392697210703,319.81072520550424,aibn_source_informed_model,,,,,80,,False,False
197.0,,own,999181101,HELGE INGSTAD,-0.5753548749059199,1.2664532769366292,60.66277422128228,4.845440886133741,16.951036269430052,157.4896373056995,157.4896373056995,18,,,,,aibn_source_informed_model,,,,,35,,False,False
197.0,,target,999181102,SOLA TS,0.11769357241223716,-0.591455403405126,60.63180907660991,4.86900097763057,5.493230769234716,345.8,350.0,18,,caution,0.000772729093159549,318.6809916333903,aibn_source_informed_model,,,,,80,,False,False
198.0,,own,999181101,HELGE INGSTAD,-0.573552064710357,1.2621034116835312,60.66270172352806,4.845502172431002,16.951295336787563,157.48704663212436,157.48704663212436,18,,,,,aibn_source_informed_model,,,,,35,,False,False
198.0,,target,999181102,SOLA TS,0.11731895448769078,-0.589974927782112,60.63183375120363,4.868988242543127,5.502153846157736,345.8,350.0,18,,caution,0.0007549910973079384,317.55177002119365,aibn_source_informed_model,,,,,80,,False,False
199.0,,own,999181101,HELGE INGSTAD,-0.5717490302784303,1.2577535614719206,60.66262922602453,4.845563466351149,16.951554404145078,157.48445595854923,157.48445595854923,18,,,,,aibn_source_informed_model,,,,,35,,False,False
199.0,,target,999181102,SOLA TS,0.11694372853629052,-0.5884920492603676,60.63185846584566,4.8689754867858905,5.511076923080754,345.8,350.0,18,,caution,0.0007373251817168059,316.4230597420288,aibn_source_informed_model,,,,,80,,False,False
200.0,,own,999181101,HELGE INGSTAD,-0.5699457716078142,1.2534037263131823,60.66255672877188,4.845624767894261,16.95181347150259,157.4818652849741,157.4818652849741,18,,,,,aibn_source_informed_model,,,,,35,,False,False
200.0,,target,999181102,SOLA TS,0.11656789455803637,-0.5870067678398926,60.631883220536004,4.868962710358861,5.520000000003773,345.8,350.0,18,,caution,0.0007197312460993705,315.29486017003154,aibn_source_informed_model,,,,,80,,False,False
201.0,,own,999181101,HELGE INGSTAD,-0.5681422886961839,1.2490539062187016,60.662484231770314,4.845686077060417,16.952072538860104,157.47927461139898,157.47927461139898,18,,,,,aibn_source_informed_model,,,,,35,,False,False
201.0,,target,999181102,SOLA TS,0.11619145255292834,-0.5855190835206872,60.631908015274654,4.868949913262038,5.528923076926793,345.8,350.0,18,,caution,0.0007022091903268234,314.1671706803567,aibn_source_informed_model,,,,,80,,False,False
202.0,,own,999181101,HELGE INGSTAD,-0.5663385815412149,1.2447041011998639,60.662411735019994,4.845747393849697,16.952331606217616,157.47668393782382,157.47668393782382,18,,,,,aibn_source_informed_model,,,,,35,,False,False
202.0,,target,999181102,SOLA TS,0.11581440252096643,-0.5840289963027512,60.63193285006162,4.868937095495421,5.537846153849811,345.8,350.0,18,,caution,0.0006847589144306897,313.0399906491754,aibn_source_informed_model,,,,,80,,False,False
203.0,,own,999181101,HELGE INGSTAD,-0.5645346501405835,1.2403543112680548,60.662339238521135,4.8458087182621785,16.95259067357513,157.4740932642487,157.4740932642487,18,,,,,aibn_source_informed_model,,,,,35,,False,False
203.0,,target,999181102,SOLA TS,0.11543674446215063,-0.5825365061860848,60.6319577248969,4.86892425705901,5.54676923077283,345.8,350.0,18,,caution,0.0006673803185995303,311.91331945367364,aibn_source_informed_model,,,,,80,,False,False
204.0,,own,999181101,HELGE INGSTAD,-0.5627304944919663,1.2360045364346606,60.66226674227391,4.845870050297941,16.952849740932642,157.47150259067357,157.47150259067357,18,,,,,aibn_source_informed_model,,,,,35,,False,False
204.0,,target,999181102,SOLA TS,0.11505847837648095,-0.5810416131706878,60.63198263978049,4.8689113979528065,5.555692307695849,345.8,350.0,18,,caution,0.0006500733031849197,310.78715647205024,aibn_source_informed_model,,,,,80,,False,False
205.0,,own,999181101,HELGE INGSTAD,-0.5609261145930409,1.2316547767110675,60.66219424627852,4.845931389957063,16.953108808290153,157.46891191709844,157.46891191709844,18,,,,,aibn_source_informed_model,,,,,35,,False,False
205.0,,target,999181102,SOLA TS,0.11467960426395739,-0.5795443172565603,60.63200759471239,4.868898518176809,5.564615384618868,345.8,350.0,18,,caution,0.0006328377686941128,309.66150108351417,aibn_source_informed_model,,,,,80,,False,False
206.0,,own,999181101,HELGE INGSTAD,-0.5591215104414851,1.2273050321086618,60.66212175053514,4.845992737239624,16.95336787564767,157.4663212435233,157.4663212435233,18,,,,,aibn_source_informed_model,,,,,35,,False,False
206.0,,target,999181102,SOLA TS,0.11430012212457993,-0.5780446184437024,60.63203258969261,4.868885617731018,5.573538461541887,345.8,350.0,18,,caution,0.0006156736157923381,308.53635266828337,aibn_source_informed_model,,,,,80,,False,False
207.0,,own,999181101,HELGE INGSTAD,-0.5573166820349774,1.2229553026388305,60.66204925504398,4.846054092145703,16.95362694300518,157.46373056994818,157.46373056994818,18,,,,,aibn_source_informed_model,,,,,35,,False,False
207.0,,target,999181102,SOLA TS,0.1139200319583486,-0.5765425167321139,60.63205762472113,4.868872696615433,5.582461538464905,345.8,350.0,18,,caution,0.0005985807453055459,307.41171060758205,aibn_source_informed_model,,,,,80,,False,False
208.0,,own,999181101,HELGE INGSTAD,-0.5555116293711969,1.21860558831296,60.66197675980521,4.846115454675378,16.953886010362694,157.46113989637306,157.46113989637306,18,,,,,aibn_source_informed_model,,,,,35,,False,False
208.0,,target,999181102,SOLA TS,0.11353933376526339,-0.575038012121795,60.63208269979797,4.868859754830056,5.591384615387924,345.8,350.0,18,,caution,0.0005815590582144344,306.2875742836387,aibn_source_informed_model,,,,,80,,False,False
209.0,,own,999181101,HELGE INGSTAD,-0.5537063524478232,1.2142558891424382,60.66190426481904,4.8461768248287305,16.954145077720206,157.45854922279793,157.45854922279793,18,,,,,aibn_source_informed_model,,,,,35,,False,False
209.0,,target,999181102,SOLA TS,0.1131580275453243,-0.5735311046127455,60.63210781492312,4.868846792374884,5.600307692310944,345.8,350.0,18,,caution,0.0005646084556579057,305.1639430796845,aibn_source_informed_model,,,,,80,,False,False
210.0,,own,999181101,HELGE INGSTAD,-0.5519008512625365,1.209906205138652,60.66183177008564,4.846238202605836,16.95440414507772,157.4559585492228,157.4559585492228,18,,,,,aibn_source_informed_model,,,,,35,,False,False
210.0,,target,999181102,SOLA TS,0.11277611329853131,-0.5720217942049656,60.632132970096585,4.868833809249919,5.609230769233962,345.8,350.0,18,,caution,0.0005477288389320235,304.04081637995074,aibn_source_informed_model,,,,,80,,False,False
211.0,,own,999181101,HELGE INGSTAD,-0.5500951258130176,1.2055565363129892,60.66175927560521,4.846299588006775,16.954663212435232,157.45336787564767,157.45336787564767,18,,,,,aibn_source_informed_model,,,,,35,,False,False
211.0,,target,999181102,SOLA TS,0.11239359102488444,-0.5705100808984551,60.63215816531836,4.868820805455161,5.61815384615698,345.8,350.0,18,,caution,0.0005309201094901452,302.91819356966715,aibn_source_informed_model,,,,,80,,False,False
212.0,,own,999181101,HELGE INGSTAD,-0.5482891760969478,1.2012068826768378,60.661686781377945,4.846360981031626,16.954922279792747,157.45077720207254,157.45077720207254,18,,,,,aibn_source_informed_model,,,,,35,,False,False
212.0,,target,999181102,SOLA TS,0.1120104607243837,-0.5689959646932142,60.632183400588445,4.8688077809906085,5.62707692308,345.8,350.0,18,,caution,0.000514182168940895,301.79607403505975,aibn_source_informed_model,,,,,80,,False,False
213.0,,own,999181101,HELGE INGSTAD,-0.5464830021120092,1.1968572442415861,60.66161428740403,4.846422381680468,16.95518134715026,157.44818652849742,157.44818652849742,18,,,,,aibn_source_informed_model,,,,,35,,False,False
213.0,,target,999181102,SOLA TS,0.11162672239702906,-0.5674794455892428,60.632208675906845,4.868794735856262,5.636000000003019,345.8,350.0,18,,caution,0.0004975149190497729,300.6744571633491,aibn_source_informed_model,,,,,80,,False,False
214.0,,own,999181101,HELGE INGSTAD,-0.544676603855884,1.1925076210186223,60.66154179368364,4.84648378995338,16.95544041450777,157.4455958549223,157.4455958549223,18,,,,,aibn_source_informed_model,,,,,35,,False,False
214.0,,target,999181102,SOLA TS,0.11124237604282054,-0.5659605235865409,60.63223399127356,4.868781670052123,5.6449230769260375,345.8,350.0,18,,danger,0.000480918261736402,299.55334234274767,aibn_source_informed_model,,,,,80,,False,False
215.0,,own,999181101,HELGE INGSTAD,-0.5428699813262555,1.188158013019335,60.661469300216986,4.846545205850441,16.955699481865285,157.44300518134716,157.44300518134716,18,,,,,aibn_source_informed_model,,,,,35,,False,False
215.0,,target,999181102,SOLA TS,0.11085742166175815,-0.5644391986851085,60.63225934668858,4.86876858357819,5.653846153849057,345.8,350.0,18,,danger,0.0004643920990783184,298.4327289624583,aibn_source_informed_model,,,,,80,,False,False
216.0,,own,999181101,HELGE INGSTAD,-0.5410631345208072,1.1838084202551131,60.66139680700425,4.846606629371728,16.955958549222796,157.44041450777203,157.44041450777203,18,,,,,aibn_source_informed_model,,,,,35,,False,False
216.0,,target,999181102,SOLA TS,0.11047185925384186,-0.5629154708849456,60.63228474215192,4.8687554764344645,5.662769230772075,345.8,350.0,18,,danger,0.00044793633330686986,297.31261641267247,aibn_source_informed_model,,,,,80,,False,False
217.0,,own,999181101,HELGE INGSTAD,-0.5392560634372234,1.1794588427373458,60.66132431404562,4.846668060517321,16.95621761658031,157.4378238341969,157.4378238341969,18,,,,,aibn_source_informed_model,,,,,35,,False,False
217.0,,target,999181102,SOLA TS,0.11008568881907169,-0.5613893401860522,60.63231017766356,4.868742348620945,5.6716923076950945,345.8,350.0,18,,danger,0.0004315508668067706,296.19300408456724,aibn_source_informed_model,,,,,80,,False,False
218.0,,own,999181101,HELGE INGSTAD,-0.5374487680731889,1.1751092804774226,60.66125182134129,4.846729499287299,16.956476683937822,157.43523316062175,157.43523316062175,18,,,,,aibn_source_informed_model,,,,,35,,False,False
218.0,,target,999181102,SOLA TS,0.10969891035744764,-0.5598608065884284,60.63233565322353,4.868729200137631,5.680615384618113,345.8,350.0,18,,danger,0.000415235602120833,295.0738913703048,aibn_source_informed_model,,,,,80,,False,False
219.0,,own,999181101,HELGE INGSTAD,-0.5356412484263889,1.1707597334867328,60.66117932889144,4.84679094568174,16.956735751295337,157.43264248704662,157.43264248704662,18,,,,,aibn_source_informed_model,,,,,35,,False,False
219.0,,target,999181102,SOLA TS,0.1093115238689697,-0.558329870092074,60.6323611688318,4.868716030984524,5.689538461541132,345.8,350.0,18,,danger,0.00039899044194159736,293.955277663029,aibn_source_informed_model,,,,,80,,False,False
220.0,,own,999181101,HELGE INGSTAD,-0.5338335044945095,1.1664102017766664,60.66110683669628,4.846852399700724,16.95699481865285,157.4300518134715,157.4300518134715,18,,,,,aibn_source_informed_model,,,,,35,,False,False
220.0,,target,999181102,SOLA TS,0.10892352935363787,-0.5567965306969892,60.632386724488384,4.868702841161625,5.698461538464151,345.8,350.0,18,,danger,0.00038281528911866006,292.83716235686444,aibn_source_informed_model,,,,,80,,False,False
221.0,,own,999181101,HELGE INGSTAD,-0.5320255362752371,1.1620606853586135,60.661034344755976,4.846913861344328,16.957253886010363,157.42746113989637,157.42746113989637,18,,,,,aibn_source_informed_model,,,,,35,,False,False
221.0,,target,999181102,SOLA TS,0.10853492681145217,-0.5552607884031738,60.63241232019328,4.86868963066893,5.70738461538717,345.8,350.0,18,,danger,0.0003667100466537623,291.7195448469134,aibn_source_informed_model,,,,,80,,False,False
222.0,,own,999181101,HELGE INGSTAD,-0.5302173437662587,1.1577111842439642,60.66096185307073,4.846975330612632,16.957512953367875,157.42487046632124,157.42487046632124,18,,,,,aibn_source_informed_model,,,,,35,,False,False
222.0,,target,999181102,SOLA TS,0.10814571624241259,-0.553722643210628,60.632437955946486,4.868676399506443,5.716307692310188,345.8,350.0,18,,danger,0.0003506746177018844,290.6024245292556,aibn_source_informed_model,,,,,80,,False,False
223.0,,own,999181101,HELGE INGSTAD,-0.5284089269652621,1.1533616984441093,60.660889361640734,4.847036807505713,16.95777202072539,157.4222797927461,157.4222797927461,18,,,,,aibn_source_informed_model,,,,,35,,False,False
223.0,,target,999181102,SOLA TS,0.10775589764651912,-0.5521820951193517,60.63246363174801,4.868663147674162,5.725230769233208,345.8,350.0,18,,danger,0.00033470890557207156,289.4858008009441,aibn_source_informed_model,,,,,80,,False,False
224.0,,own,999181101,HELGE INGSTAD,-0.5266002858699353,1.1490122279704396,60.66081687046617,4.8470982920236505,16.9580310880829,157.41968911917098,157.41968911917098,18,,,,,aibn_source_informed_model,,,,,35,,False,False
224.0,,target,999181102,SOLA TS,0.10736547102377177,-0.5506391441293449,60.63248934759784,4.868649875172087,5.734153846156226,345.8,350.0,18,,danger,0.0003188128137251499,288.3696730600051,aibn_source_informed_model,,,,,80,,False,False
225.0,,own,999181101,HELGE INGSTAD,-0.5247914204779673,1.144662772834346,60.66074437954724,4.847159784166523,16.958290155440412,157.41709844559585,157.41709844559585,18,,,,,aibn_source_informed_model,,,,,35,,False,False
225.0,,target,999181102,SOLA TS,0.10697443637417053,-0.5490937902406076,60.63251510349599,4.86863658200022,5.743076923079245,345.8,350.0,18,,danger,0.00030298624577331147,287.25404070543505,aibn_source_informed_model,,,,,80,,False,False
226.0,,own,999181101,HELGE INGSTAD,-0.5229823307870474,1.14031333304722,60.66067188888412,4.8472212839344095,16.958549222797927,157.41450777202073,157.41450777202073,18,,,,,aibn_source_informed_model,,,,,35,,False,False
226.0,,target,999181102,SOLA TS,0.10658279369771541,-0.5475460334531398,60.632540899442446,4.868623268158558,5.752000000002264,345.8,350.0,18,,danger,0.0002872291054830717,286.13890313719867,aibn_source_informed_model,,,,,80,,False,False
227.0,,own,999181101,HELGE INGSTAD,-0.5211730167948654,1.135963908620453,60.660599398477004,4.847282791327388,16.95880829015544,157.4119170984456,157.4119170984456,18,,,,,aibn_source_informed_model,,,,,35,,False,False
227.0,,target,999181102,SOLA TS,0.1061905429944064,-0.5459958737669415,60.632566735437216,4.868609933647103,5.760923076925282,345.8,350.0,18,,danger,0.0002715412967702096,285.02425975622776,aibn_source_informed_model,,,,,80,,False,False
228.0,,own,999181101,HELGE INGSTAD,-0.5193634784991118,1.1316144995654367,60.66052690832609,4.847344306345537,16.959067357512954,157.40932642487047,157.40932642487047,18,,,,,aibn_source_informed_model,,,,,35,,False,False
228.0,,target,999181102,SOLA TS,0.10579768426424352,-0.5444433111820127,60.6325926114803,4.868596578465855,5.7698461538483015,345.8,350.0,18,,danger,0.00025592272370368265,283.9101099644183,aibn_source_informed_model,,,,,80,,False,False
229.0,,own,999181101,HELGE INGSTAD,-0.5175537158974778,1.127265105893563,60.660454418431556,4.8474058289889355,16.959326424870465,157.40673575129534,157.40673575129534,18,,,,,aibn_source_informed_model,,,,,35,,False,False
229.0,,target,999181102,SOLA TS,0.10540421750722674,-0.5428883456983534,60.632618527571694,4.868583202614812,5.778769230771321,345.8,350.0,18,,danger,0.00024037329050160722,282.79645316462944,aibn_source_informed_model,,,,,80,,False,False
230.0,,own,999181101,HELGE INGSTAD,-0.5157437289876549,1.1229157276162245,60.660381928793605,4.847467359257661,16.95958549222798,157.40414507772022,157.40414507772022,18,,,,,aibn_source_informed_model,,,,,35,,False,False
230.0,,target,999181102,SOLA TS,0.10501014272335608,-0.5413309773159636,60.6326444837114,4.868569806093977,5.787692307694339,345.8,350.0,18,,danger,0.00022489290153597803,281.68328876068045,aibn_source_informed_model,,,,,80,,False,False
231.0,,own,999181101,HELGE INGSTAD,-0.5139335177673353,1.1185663647448134,60.660309439412416,4.847528897151793,16.95984455958549,157.4015544041451,157.4015544041451,18,,,,,aibn_source_informed_model,,,,,35,,False,False
231.0,,target,999181102,SOLA TS,0.10461545991263155,-0.5397712060348433,60.63267047989942,4.868556388903348,5.7966153846173585,345.8,350.0,18,,danger,0.00020948146132600132,280.57061615735006,aibn_source_informed_model,,,,,80,,False,False
232.0,,own,999181101,HELGE INGSTAD,-0.512123082234212,1.1142170172907224,60.66023695028818,4.847590442671409,16.960103626943006,157.39896373056996,157.39896373056996,18,,,,,aibn_source_informed_model,,,,,35,,False,False
232.0,,target,999181102,SOLA TS,0.10422016907505312,-0.5382090318549925,60.63269651613575,4.868542951042925,5.805538461540378,345.8,350.0,18,,danger,0.00019413887454255348,279.45843476037345,aibn_source_informed_model,,,,,80,,False,False
233.0,,own,999181101,HELGE INGSTAD,-0.5103124223859781,1.1098676852653446,60.66016446142109,4.847651995816588,16.960362694300517,157.39637305699483,157.39637305699483,18,,,,,aibn_source_informed_model,,,,,35,,False,False
233.0,,target,999181102,SOLA TS,0.10382427021062081,-0.5366444547764112,60.63272259242039,4.8685294925127085,5.814461538463396,345.8,350.0,18,,danger,0.00017886504600608168,278.3467439764411,aibn_source_informed_model,,,,,80,,False,False
234.0,,own,999181101,HELGE INGSTAD,-0.5085015382203276,1.1055183686800734,60.66009197281134,4.847713556587409,16.96062176165803,157.39378238341968,157.39378238341968,18,,,,,aibn_source_informed_model,,,,,35,,False,False
234.0,,target,999181102,SOLA TS,0.10342776331933462,-0.5350774747990994,60.63274870875335,4.868516013312699,5.823384615386415,345.8,350.0,18,,danger,0.00016365988068839537,277.23554321319637,aibn_source_informed_model,,,,,80,,False,False
235.0,,own,999181101,HELGE INGSTAD,-0.506690429734955,1.101169067546302,60.660019484459106,4.847775124983949,16.960880829015544,157.39119170984455,157.39119170984455,18,,,,,aibn_source_informed_model,,,,,35,,False,False
235.0,,target,999181102,SOLA TS,0.10303064840119455,-0.5335080919230571,60.632774865134614,4.868502513442896,5.832307692309434,345.8,350.0,18,,danger,0.00014852328370705358,276.12483187923374,aibn_source_informed_model,,,,,80,,False,False
236.0,,own,999181101,HELGE INGSTAD,-0.5048790969275555,1.096819781875424,60.65994699636459,4.847836701006288,16.961139896373055,157.38860103626942,157.38860103626942,18,,,,,aibn_source_informed_model,,,,,35,,False,False
236.0,,target,999181102,SOLA TS,0.10263292545620059,-0.5319363061482844,60.632801061564194,4.868488992903299,5.841230769232453,345.8,350.0,18,,danger,0.0001334551603312612,275.0146093840971,aibn_source_informed_model,,,,,80,,False,False
237.0,,own,999181101,HELGE INGSTAD,-0.5030675397958246,1.0924705116788334,60.65987450852798,4.8478982846545025,16.96139896373057,157.3860103626943,157.3860103626943,18,,,,,aibn_source_informed_model,,,,,35,,False,False
237.0,,target,999181102,SOLA TS,0.10223459448435275,-0.5303621174747811,60.63282729804209,4.868475451693909,5.850153846155472,345.8,350.0,18,,danger,0.00011845541597742848,273.9048751382776,aibn_source_informed_model,,,,,80,,False,False
238.0,,own,999181101,HELGE INGSTAD,-0.5012557583374585,1.0881212569679244,60.65980202094946,4.847959875928671,16.96165803108808,157.38341968911917,157.38341968911917,18,,,,,aibn_source_informed_model,,,,,35,,False,False
238.0,,target,999181102,SOLA TS,0.10183565548565103,-0.5287855259025473,60.63285357456829,4.868461889814725,5.85907692307849,345.8,350.0,18,,danger,0.00010352395621249471,272.79562855321177,aibn_source_informed_model,,,,,80,,False,False
239.0,,own,999181101,HELGE INGSTAD,-0.499443752550154,1.0837720177540915,60.65972953362923,4.848021474828873,16.961917098445596,157.38082901554404,157.38082901554404,18,,,,,aibn_source_informed_model,,,,,35,,False,False
239.0,,target,999181102,SOLA TS,0.10143610846009542,-0.5272065314315831,60.63287989114281,4.868448307265748,5.868000000001509,345.8,350.0,18,,danger,8.86606867491215e-05,271.6868690412797,aibn_source_informed_model,,,,,80,,False,False
240.0,,own,999181101,HELGE INGSTAD,-0.4976315224316085,1.079422794048729,60.659657046567474,4.848083081355187,16.962176165803108,157.3782383419689,157.3782383419689,18,,,,,aibn_source_informed_model,,,,,35,,False,False
240.0,,target,999181102,SOLA TS,0.10103595340768592,-0.5256251340618884,60.63290624776563,4.868434704046977,5.876923076924529,345.8,350.0,18,,danger,7.386551344899308e-05,270.5785960158035,aibn_source_informed_model,,,,,80,,False,False
241.0,,own,999181101,HELGE INGSTAD,-0.4958190679795199,1.0750735858632323,60.65958455976438,4.84814469550769,16.962435233160623,157.37564766839378,157.37564766839378,18,,,,,aibn_source_informed_model,,,,,35,,False,False
241.0,,target,999181102,SOLA TS,0.10063519032842255,-0.5240413337934632,60.63293264443678,4.868421080158412,5.885846153847547,345.8,350.0,18,,danger,5.913834232021562e-05,269.4708088910444,aibn_source_informed_model,,,,,80,,False,False
242.0,,own,999181101,HELGE INGSTAD,-0.49400638919158674,1.0707243932089963,60.65951207322015,4.848206317286461,16.962694300518134,157.37305699481865,157.37305699481865,18,,,,,aibn_source_informed_model,,,,,35,,False,False
242.0,,target,999181102,SOLA TS,0.10023381922230529,-0.5224551306263074,60.63295908115623,4.868407435600054,5.8947692307705655,345.8,350.0,18,,danger,4.4479079520150236e-05,268.363507082202,aibn_source_informed_model,,,,,80,,False,False
243.0,,own,999181101,HELGE INGSTAD,-0.492193486065508,1.0663752160974163,60.65943958693496,4.8482679466915775,16.96295336787565,157.37046632124353,157.37046632124353,18,,,,,aibn_source_informed_model,,,,,35,,False,False
243.0,,target,999181102,SOLA TS,0.09983184008933414,-0.5208665245604213,60.632985557923995,4.868393770371903,5.903692307693585,345.8,350.0,18,,danger,2.9887631351309706e-05,267.2566900054118,aibn_source_informed_model,,,,,80,,False,False
244.0,,own,999181101,HELGE INGSTAD,-0.4903803585989834,1.0620260545398879,60.659367100908995,4.848329583723118,16.96321243523316,157.3678756476684,157.3678756476684,18,,,,,aibn_source_informed_model,,,,,35,,False,False
244.0,,target,999181102,SOLA TS,0.09942925292950912,-0.5192755155958045,60.633012074740066,4.868380084473958,5.912615384616604,345.8,350.0,18,,danger,1.536390426262798e-05,266.15035707774354,aibn_source_informed_model,,,,,80,,False,False
245.0,,own,999181101,HELGE INGSTAD,-0.48856700678971304,1.0576769085478068,60.659294615142464,4.848391228381162,16.96347150259067,157.36528497409327,157.36528497409327,18,,,,,aibn_source_informed_model,,,,,35,,False,False
245.0,,target,999181102,SOLA TS,0.0990260577428302,-0.5176821037324574,60.63303863160446,4.868366377906219,5.9215384615396225,345.8,350.0,18,,danger,9.078048510466408e-07,265.04450771719905,aibn_source_informed_model,,,,,80,,False,False
246.0,,own,999181101,HELGE INGSTAD,-0.48675343063539783,1.0533277781325694,60.659222129635545,4.848452880665786,16.963730569948186,157.36269430051814,157.36269430051814,18,,,,,aibn_source_informed_model,,,,,35,,False,False
246.0,,target,999181102,SOLA TS,0.0986222545292974,-0.5160862889703797,60.63306522851716,4.868352650668688,5.930461538462641,345.8,350.0,18,,danger,1.3480760141681914e-05,263.93914134271074,aibn_source_informed_model,,,,,80,,False,False
247.0,,own,999181101,HELGE INGSTAD,-0.4849396301337391,1.0489786633055718,60.65914964438843,4.848514540577068,16.963989637305698,157.36010362694302,157.36010362694302,18,,,,,aibn_source_informed_model,,,,,35,,False,False
247.0,,target,999181102,SOLA TS,0.09821784328891073,-0.5144880713095715,60.63309186547817,4.868338902761362,5.93938461538566,345.8,350.0,18,,danger,2.7801883828319414e-05,262.8342573741395,aibn_source_informed_model,,,,,80,,False,False
248.0,,own,999181101,HELGE INGSTAD,-0.48312560528243875,1.0446295640782106,60.6590771594013,4.848576208115087,16.964248704663213,157.3575129533679,157.3575129533679,18,,,,,aibn_source_informed_model,,,,,35,,False,False
248.0,,target,999181102,SOLA TS,0.09781282402167017,-0.5128874507500328,60.6331185424875,4.868325134184243,5.9483076923086795,345.8,350.0,18,,danger,4.2055659176219546e-05,261.7298552322729,aibn_source_informed_model,,,,,80,,False,False
249.0,,own,999181101,HELGE INGSTAD,-0.4813113560791993,1.0402804804618828,60.659004674674364,4.848637883279921,16.964507772020724,157.35492227979276,157.35492227979276,18,,,,,aibn_source_informed_model,,,,,35,,False,False
249.0,,target,999181102,SOLA TS,0.09740719672757572,-0.5112844272917637,60.63314525954514,4.8683113449373305,5.957230769231698,345.8,350.0,18,,danger,5.6242179005480524e-05,260.62593433882375,aibn_source_informed_model,,,,,80,,False,False
250.0,,own,999181101,HELGE INGSTAD,-0.4794968825217238,1.0359314124679853,60.6589321902078,4.848699566071649,16.96476683937824,157.3523316062176,157.3523316062176,18,,,,,aibn_source_informed_model,,,,,35,,False,False
250.0,,target,999181102,SOLA TS,0.0970009614066274,-0.509679000934764,60.63317201665109,4.868297535020624,5.966153846154716,345.8,350.0,18,,danger,7.036153599342171e-05,259.5224941164272,aibn_source_informed_model,,,,,80,,False,False
251.0,,own,999181101,HELGE INGSTAD,-0.4776821846077159,1.0315823601079153,60.6588597060018,4.848761256490347,16.96502590673575,157.34974093264248,157.34974093264248,18,,,,,aibn_source_informed_model,,,,,35,,False,False
251.0,,target,999181102,SOLA TS,0.09659411805882519,-0.5080711716790339,60.63319881380535,4.868283704434124,5.975076923077736,345.8,350.0,18,,danger,8.441382267309598e-05,258.4195339886401,aibn_source_informed_model,,,,,80,,False,False
252.0,,own,999181101,HELGE INGSTAD,-0.4758672623348798,1.0272333233930704,60.65878722205655,4.848822954536094,16.965284974093265,157.34715025906735,157.34715025906735,18,,,,,aibn_source_informed_model,,,,,35,,False,False
252.0,,target,999181102,SOLA TS,0.09618666668416909,-0.5064609395245733,60.633225651007926,4.868269853177831,5.984000000000755,345.8,350.0,18,,danger,9.839913143261638e-05,257.3170533799385,aibn_source_informed_model,,,,,80,,False,False
253.0,,own,999181101,HELGE INGSTAD,-0.4740521157009203,1.0228843023348484,60.65871473837225,4.848884660208968,16.965544041450777,157.34455958549222,157.34455958549222,18,,,,,aibn_source_informed_model,,,,,35,,False,False
253.0,,target,999181102,SOLA TS,0.0957786072826591,-0.5048483044713821,60.63325252825881,4.868255981251744,5.992923076923773,345.8,350.0,18,,danger,0.00011231755451487071,256.215051715716,aibn_source_informed_model,,,,,80,,False,False
254.0,,own,999181101,HELGE INGSTAD,-0.4722367447035428,1.0185352969446473,60.65864225494908,4.8489463735090474,16.965803108808288,157.3419689119171,157.3419689119171,18,,,,,aibn_source_informed_model,,,,,35,,False,False
254.0,,target,999181102,SOLA TS,0.09536993985429525,-0.5032332665194604,60.63327944555801,4.868242088655864,6.001846153846792,345.8,350.0,18,,danger,0.00012616918402030573,255.11352842228177,aibn_source_informed_model,,,,,80,,False,False
255.0,,own,999181101,HELGE INGSTAD,-0.4704211493404532,1.0141863072338653,60.65856977178723,4.84900809443641,16.966062176165803,157.33937823834196,157.33937823834196,18,,,,,aibn_source_informed_model,,,,,35,,False,False
255.0,,target,999181102,SOLA TS,0.0949606643990775,-0.5016158256688082,60.63330640290552,4.868228175390191,6.010769230769811,345.8,350.0,18,,danger,0.00013995411190608823,254.01248292685892,aibn_source_informed_model,,,,,80,,False,False
256.0,,own,999181101,HELGE INGSTAD,-0.468605329609358,1.0098373332139008,60.6584972888869,4.849069822991134,16.966321243523314,157.33678756476684,157.33678756476684,18,,,,,aibn_source_informed_model,,,,,35,,False,False
256.0,,target,999181102,SOLA TS,0.09455078091700586,-0.4999959819194256,60.63333340030134,4.868214241454723,6.01969230769283,345.8,350.0,18,,danger,0.00015367242998629385,252.91191465758263,aibn_source_informed_model,,,,,80,,False,False
257.0,,own,999181101,HELGE INGSTAD,-0.46678928550796434,1.0054883748961527,60.65842480624827,4.849131559173296,16.96658031088083,157.3341968911917,157.3341968911917,18,,,,,aibn_source_informed_model,,,,,35,,False,False
257.0,,target,999181102,SOLA TS,0.09414028940808035,-0.4983737352713125,60.63336043774548,4.868200286849462,6.028615384615849,345.8,350.0,18,,danger,0.00016732422993047567,251.81182304349815,aibn_source_informed_model,,,,,80,,False,False
258.0,,own,999181101,HELGE INGSTAD,-0.4649730170339798,1.0011394322920197,60.65835232387153,4.849193302982975,16.96683937823834,157.33160621761658,157.33160621761658,18,,,,,aibn_source_informed_model,,,,,35,,False,False
258.0,,target,999181102,SOLA TS,0.09372918987230094,-0.4967490857244689,60.63338751523793,4.868186311574408,6.037538461538867,345.8,350.0,18,,danger,0.00018090960326750806,250.71220751455957,aibn_source_informed_model,,,,,80,,False,False
259.0,,own,999181101,HELGE INGSTAD,-0.4631565241851126,0.9967905054129014,60.65827984175688,4.84925505442025,16.967098445595855,157.32901554404145,157.32901554404145,18,,,,,aibn_source_informed_model,,,,,35,,False,False
259.0,,target,999181102,SOLA TS,0.09331748230966766,-0.4951220332788948,60.63341463277868,4.86817231562956,6.0464615384618865,345.8,350.0,18,,danger,0.00019442864138356468,249.61306750162709,aibn_source_informed_model,,,,,80,,False,False
260.0,,own,999181101,HELGE INGSTAD,-0.46133980695907156,0.9924415942701968,60.6582073599045,4.849316813485197,16.967357512953367,157.32642487046633,157.32642487046633,18,,,,,aibn_source_informed_model,,,,,35,,False,False
260.0,,target,999181102,SOLA TS,0.0929051667201805,-0.4934925779345902,60.633441790367755,4.868158299014919,6.055384615384906,345.8,350.0,18,,danger,0.00020788143552154551,248.51440243646599,aibn_source_informed_model,,,,,80,,False,False
261.0,,own,999181101,HELGE INGSTAD,-0.459522865353566,0.9880926988753059,60.658134878314584,4.849378580177895,16.96761658031088,157.3238341968912,157.3238341968912,18,,,,,aibn_source_informed_model,,,,,35,,False,False
261.0,,target,999181102,SOLA TS,0.09249224310383945,-0.49186071969155515,60.63346898800514,4.8681442617304835,6.064307692307924,345.8,350.0,18,,danger,0.000221268076784191,247.41621175174447,aibn_source_informed_model,,,,,80,,False,False
262.0,,own,999181101,HELGE INGSTAD,-0.45770569936630595,0.9837438192396285,60.658062396987326,4.849440354498421,16.967875647668393,157.32124352331607,157.32124352331607,18,,,,,aibn_source_informed_model,,,,,35,,False,False
262.0,,target,999181102,SOLA TS,0.09207871146064452,-0.4902264585497896,60.633496225690834,4.868130203776255,6.073230769230943,345.8,350.0,18,,danger,0.00023458865613221674,246.31849488103225,aibn_source_informed_model,,,,,80,,False,False
263.0,,own,999181101,HELGE INGSTAD,-0.4558883089950018,0.9793949553745647,60.65798991592291,4.849502136446853,16.968134715025908,157.31865284974094,157.31865284974094,18,,,,,aibn_source_informed_model,,,,,35,,False,False
263.0,,target,999181102,SOLA TS,0.0916645717905957,-0.4885897945092935,60.63352350342485,4.868116125152233,6.082153846153962,345.8,350.0,18,,danger,0.00024784326438550733,245.221251258798,aibn_source_informed_model,,,,,80,,False,False
264.0,,own,999181101,HELGE INGSTAD,-0.45407069423736474,0.9750461072915149,60.657917435121526,4.8495639260232695,16.96839378238342,157.31606217616581,157.31606217616581,18,,,,,aibn_source_informed_model,,,,,35,,False,False
264.0,,target,999181102,SOLA TS,0.091249824093693,-0.48695072757006697,60.633550821207166,4.868102025858418,6.091076923076981,345.8,350.0,18,,danger,0.0002610319922217133,244.1244803204084,aibn_source_informed_model,,,,,80,,False,False
265.0,,own,999181101,HELGE INGSTAD,-0.45225285509110635,0.9706972750018797,60.65784495458336,4.849625723227748,16.96865284974093,157.3134715025907,157.3134715025907,18,,,,,aibn_source_informed_model,,,,,35,,False,False
265.0,,target,999181102,SOLA TS,0.09083446836993642,-0.48530925773210987,60.6335781790378,4.868087905894809,6.1,345.8,350.0,18,,danger,0.00027415493017895234,243.02818150212602,aibn_source_informed_model,,,,,80,,False,False
266.0,,own,999181101,HELGE INGSTAD,-0.4504347915539389,0.9663484585170602,60.657772474308615,4.849687528060366,16.968911917098445,157.31088082901553,157.31088082901553,18,,,,,aibn_source_informed_model,,,,,35,,False,False
266.0,,target,999181102,SOLA TS,0.09041859345083546,-0.48366573605412977,60.633605571065765,4.868073768281222,6.106315789473684,345.8,350.0,18,,danger,0.0002681108749847619,241.95964307197335,aibn_source_informed_model,,,,,80,,False,False
267.0,,own,999181101,HELGE INGSTAD,-0.4486165036235752,0.9619996578484573,60.657699994297474,4.8497493405212015,16.969170984455957,157.3082901554404,157.3082901554404,18,,,,,aibn_source_informed_model,,,,,35,,False,False
267.0,,target,999181102,SOLA TS,0.09000228816789962,-0.48202051359483405,60.63363299144009,4.868059616037472,6.112631578947368,345.8,350.0,18,,danger,0.0002620936702842661,240.89142625510775,aibn_source_informed_model,,,,,80,,False,False
268.0,,own,999181101,HELGE INGSTAD,-0.44679799129772857,0.9576508730074724,60.65762751455012,4.849811160610332,16.96943005181347,157.30569948186528,157.30569948186528,18,,,,,aibn_source_informed_model,,,,,35,,False,False
268.0,,target,999181102,SOLA TS,0.08958555252112892,-0.4803735903542227,60.63366044016076,4.86804544916356,6.118947368421052,345.8,350.0,18,,danger,0.0002561033056521985,239.82353077568396,aibn_source_informed_model,,,,,80,,False,False
269.0,,own,999181101,HELGE INGSTAD,-0.44497925457411297,0.9533021040055072,60.65755503506676,4.849872988327836,16.969689119170983,157.30310880829015,157.30310880829015,18,,,,,aibn_source_informed_model,,,,,35,,False,False
269.0,,target,999181102,SOLA TS,0.08916838651052333,-0.4787249663322958,60.633687917227796,4.868031267659486,6.125263157894737,345.8,350.0,18,,danger,0.00025013977067951486,238.75595635817095,aibn_source_informed_model,,,,,80,,False,False
270.0,,own,999181101,HELGE INGSTAD,-0.44316029345044294,0.9489533508539634,60.657482555847565,4.84993482367379,16.969948186528498,157.30051813471502,157.30051813471502,18,,,,,aibn_source_informed_model,,,,,35,,False,False
270.0,,target,999181102,SOLA TS,0.08875079013608286,-0.4770746415290532,60.63371542264118,4.86801707152525,6.13157894736842,345.8,350.0,18,,danger,0.0002442030549706634,237.68870272735137,aibn_source_informed_model,,,,,80,,False,False
271.0,,own,999181101,HELGE INGSTAD,-0.44134110792443354,0.9446046135642431,60.65741007689274,4.849996666648273,16.97020725388601,157.2979274611399,157.2979274611399,18,,,,,aibn_source_informed_model,,,,,35,,False,False
271.0,,target,999181102,SOLA TS,0.08833276339780752,-0.4754226159444951,60.63374295640092,4.868002860760851,6.137894736842105,345.8,350.0,18,,danger,0.0002382931481445955,236.6217696083215,aibn_source_informed_model,,,,,80,,False,False
272.0,,own,999181101,HELGE INGSTAD,-0.4395216979938005,0.9402558921477486,60.65733759820246,4.850058517251361,16.970466321243524,157.29533678756476,157.29533678756476,18,,,,,aibn_source_informed_model,,,,,35,,False,False
272.0,,target,999181102,SOLA TS,0.0879143062956973,-0.47376888957862134,60.63377051850702,4.86798863536629,6.144210526315789,345.8,350.0,18,,danger,0.00023241003983336356,235.55515672649042,aibn_source_informed_model,,,,,80,,False,False
273.0,,own,999181101,HELGE INGSTAD,-0.4377020636562599,0.9359071866158825,60.65726511977693,4.850120375483132,16.970725388601036,157.29274611398964,157.29274611398964,18,,,,,aibn_source_informed_model,,,,,35,,False,False
273.0,,target,999181102,SOLA TS,0.0874954188297522,-0.472113462431432,60.633798108959475,4.867974395341566,6.150526315789473,345.8,350.0,18,,danger,0.00022655371968415247,234.48886380757946,aibn_source_informed_model,,,,,80,,False,False
274.0,,own,999181101,HELGE INGSTAD,-0.4358822049095287,0.9315584969800474,60.657192641616334,4.850182241343665,16.97098445595855,157.2901554404145,157.2901554404145,18,,,,,aibn_source_informed_model,,,,,35,,False,False
274.0,,target,999181102,SOLA TS,0.08707610099997223,-0.470456334502927,60.633825727758285,4.867960140686679,6.1568421052631574,345.8,350.0,18,,danger,0.0002207241773581792,233.42289057762235,aibn_source_informed_model,,,,,80,,False,False
275.0,,own,999181101,HELGE INGSTAD,-0.43406212175132425,0.9272098232516467,60.65712016372086,4.850244114833036,16.971243523316062,157.28756476683938,157.28756476683938,18,,,,,aibn_source_informed_model,,,,,35,,False,False
275.0,,target,999181102,SOLA TS,0.08665635280635739,-0.4687975057931064,60.633853374903445,4.8679458714016315,6.163157894736842,345.8,350.0,18,,danger,0.00021492140253083405,232.357236762964,aibn_source_informed_model,,,,,80,,False,False
276.0,,own,999181101,HELGE INGSTAD,-0.4322418141793644,0.9228611654420833,60.6570476860907,4.850305995951325,16.971502590673573,157.28497409326425,157.28497409326425,18,,,,,aibn_source_informed_model,,,,,35,,False,False
276.0,,target,999181102,SOLA TS,0.08623617424890767,-0.46713697630197026,60.63388105039497,4.86793158748642,6.169473684210526,345.8,350.0,18,,danger,0.00020914538489044793,231.2919020902607,aibn_source_informed_model,,,,,80,,False,False
277.0,,own,999181101,HELGE INGSTAD,-0.43042128219136777,0.9185125235627609,60.656975208726045,4.850367884698606,16.971761658031088,157.28238341968913,157.28238341968913,18,,,,,aibn_source_informed_model,,,,,35,,False,False
277.0,,target,999181102,SOLA TS,0.08581556532762308,-0.4654747460295185,60.63390875423284,4.867917288941047,6.17578947368421,345.8,350.0,18,,danger,0.00020339611414061114,230.22688628647944,aibn_source_informed_model,,,,,80,,False,False
278.0,,own,999181101,HELGE INGSTAD,-0.4286005257850534,0.9141638976250832,60.656902731627085,4.8504297810749595,16.9720207253886,157.279792746114,157.279792746114,18,,,,,aibn_source_informed_model,,,,,35,,False,False
278.0,,target,999181102,SOLA TS,0.08539452604250361,-0.4638108149757511,60.63393648641707,4.867902975765511,6.1821052631578945,345.8,350.0,18,,danger,0.00019767357999879792,229.16218907889728,aibn_source_informed_model,,,,,80,,False,False
279.0,,own,999181101,HELGE INGSTAD,-0.426779544958141,0.9098152876404542,60.65683025479401,4.850491685080462,16.972279792746114,157.27720207253887,157.27720207253887,18,,,,,aibn_source_informed_model,,,,,35,,False,False
279.0,,target,999181102,SOLA TS,0.08497305639354927,-0.4621451831406681,60.633964246947656,4.867888647959814,6.188421052631579,345.8,350.0,18,,danger,0.00019197777219584123,228.09781019510123,aibn_source_informed_model,,,,,80,,False,False
280.0,,own,999181101,HELGE INGSTAD,-0.42495833970835084,0.905466693620278,60.656757778227,4.85055359671519,16.972538860103626,157.27461139896374,157.27461139896374,18,,,,,aibn_source_informed_model,,,,,35,,False,False
280.0,,target,999181102,SOLA TS,0.08455115638076005,-0.4604778505242695,60.6339920358246,4.867874305523953,6.194736842105263,345.8,350.0,18,,danger,0.00018630868047658666,227.03374936298783,aibn_source_informed_model,,,,,80,,False,False
281.0,,own,999181101,HELGE INGSTAD,-0.42313691003340365,0.9011181155759591,60.65668530192627,4.850615515979222,16.97279792746114,157.27202072538861,157.27202072538861,18,,,,,aibn_source_informed_model,,,,,35,,False,False
281.0,,target,999181102,SOLA TS,0.08412882600413596,-0.4588088171265553,60.63401985304789,4.86785994845793,6.201052631578947,345.8,350.0,18,,danger,0.000180666294600723,225.97000631076216,aibn_source_informed_model,,,,,80,,False,False
282.0,,own,999181101,HELGE INGSTAD,-0.4213152559310208,0.8967695535189023,60.65661282589198,4.8506774428726365,16.973056994818652,157.26943005181346,157.26943005181346,18,,,,,aibn_source_informed_model,,,,,35,,False,False
282.0,,target,999181102,SOLA TS,0.083706065263677,-0.4571380829475255,60.63404769861754,4.867845576761745,6.207368421052632,345.8,350.0,18,,danger,0.00017505060434049366,224.90658076693794,aibn_source_informed_model,,,,,80,,False,False
283.0,,own,999181101,HELGE INGSTAD,-0.41949337739892434,0.8924210074605124,60.65654035012434,4.850739377395509,16.973316062176167,157.26683937823833,157.26683937823833,18,,,,,aibn_source_informed_model,,,,,35,,False,False
283.0,,target,999181102,SOLA TS,0.08328287415938315,-0.4554656479871801,60.63407557253355,4.867831190435397,6.213684210526315,345.8,350.0,18,,danger,0.00016946159948472711,223.84347246033707,aibn_source_informed_model,,,,,80,,False,False
284.0,,own,999181101,HELGE INGSTAD,-0.41767127443483676,0.8880724774121947,60.65646787462354,4.8508013195479185,16.97357512953368,157.2642487046632,157.2642487046632,18,,,,,aibn_source_informed_model,,,,,35,,False,False
284.0,,target,999181102,SOLA TS,0.08285925269125444,-0.45379151224551906,60.63410347479591,4.867816789478887,6.22,345.8,350.0,18,,danger,0.00016389926983241567,222.78068112008907,aibn_source_informed_model,,,,,80,,False,False
285.0,,own,999181101,HELGE INGSTAD,-0.4158489470364811,0.8837239633853546,60.65639539938976,4.850863269329941,16.97383419689119,157.26165803108807,157.26165803108807,18,,,,,aibn_source_informed_model,,,,,35,,False,False
285.0,,target,999181102,SOLA TS,0.08243520085929085,-0.4521156757225424,60.634131405404624,4.867802373892215,6.226315789473684,345.8,350.0,18,,danger,0.0001583636051989287,221.7182064756305,aibn_source_informed_model,,,,,80,,False,False
286.0,,own,999181101,HELGE INGSTAD,-0.41402639520158113,0.8793754653913978,60.656322924423186,4.850925226741654,16.974093264248705,157.25906735751295,157.25906735751295,18,,,,,aibn_source_informed_model,,,,,35,,False,False
286.0,,target,999181102,SOLA TS,0.08201071866349238,-0.4504381384182502,60.6341593643597,4.86778794367538,6.232631578947368,345.8,350.0,18,,danger,0.00015285459541317917,220.65604825670462,aibn_source_informed_model,,,,,80,,False,False
287.0,,own,999181101,HELGE INGSTAD,-0.41220361892786106,0.87502698344173,60.65625044972403,4.850987191783136,16.974352331606216,157.25647668393782,157.25647668393782,18,,,,,aibn_source_informed_model,,,,,35,,False,False
287.0,,target,999181102,SOLA TS,0.08158580610385904,-0.4487589003326424,60.63418735166112,4.867773498828383,6.238947368421052,345.8,350.0,18,,danger,0.00014737223031668678,219.59420619336123,aibn_source_informed_model,,,,,80,,False,False
288.0,,own,999181101,HELGE INGSTAD,-0.4103806182130457,0.8706785175477575,60.656177975292465,4.851049164454464,16.97461139896373,157.2538860103627,157.2538860103627,18,,,,,aibn_source_informed_model,,,,,35,,False,False
288.0,,target,999181102,SOLA TS,0.08116046318039083,-0.44707796146571893,60.634215367308904,4.867759039351224,6.245263157894737,345.8,350.0,18,,danger,0.00014191649976638638,218.53268001595583,aibn_source_informed_model,,,,,80,,False,False
289.0,,own,999181101,HELGE INGSTAD,-0.4085573930548605,0.8663300677208865,60.65610550112868,4.8511111447557145,16.974870466321242,157.25129533678756,157.25129533678756,18,,,,,aibn_source_informed_model,,,,,35,,False,False
289.0,,target,999181102,SOLA TS,0.08073468989308774,-0.4453953218174799,60.63424341130304,4.8677445652439015,6.2515789473684205,345.8,350.0,18,,danger,0.00013648739363197635,217.47146945514945,aibn_source_informed_model,,,,,80,,False,False
290.0,,own,999181101,HELGE INGSTAD,-0.4067339434510313,0.8619816339725237,60.65603302723287,4.851173132686966,16.975129533678757,157.24870466321244,157.24870466321244,18,,,,,aibn_source_informed_model,,,,,35,,False,False
290.0,,target,999181102,SOLA TS,0.08030848624194978,-0.4437109813879252,60.63427148364353,4.867730076506417,6.257894736842105,345.8,350.0,18,,danger,0.0001310849017979453,216.41057424190808,aibn_source_informed_model,,,,,80,,False,False
291.0,,own,999181101,HELGE INGSTAD,-0.40491026939928476,0.857633216314076,60.65596055360523,4.851235128248295,16.97538860103627,157.2461139896373,157.2461139896373,18,,,,,aibn_source_informed_model,,,,,35,,False,False
291.0,,target,999181102,SOLA TS,0.07988185222697694,-0.44202494017705496,60.63429958433038,4.867715573138771,6.2642105263157895,345.8,350.0,18,,danger,0.0001257090141608717,215.34999410750225,aibn_source_informed_model,,,,,80,,False,False
292.0,,own,999181101,HELGE INGSTAD,-0.40308637089734795,0.8532848147569504,60.65588808024595,4.851297131439779,16.975647668393783,157.24352331606218,157.24352331606218,18,,,,,aibn_source_informed_model,,,,,35,,False,False
292.0,,target,999181102,SOLA TS,0.07945478784816923,-0.4403371981848691,60.63432771336358,4.867701055140961,6.270526315789473,345.8,350.0,18,,danger,0.00012035972063243378,214.28972878350677,aibn_source_informed_model,,,,,80,,False,False
293.0,,own,999181101,HELGE INGSTAD,-0.4012622479429485,0.8489364293125543,60.655815607155205,4.851359142261495,16.975906735751295,157.24093264248705,157.24093264248705,18,,,,,aibn_source_informed_model,,,,,35,,False,False
293.0,,target,999181102,SOLA TS,0.07902729310552664,-0.43864775541136763,60.63435587074314,4.86768652251299,6.276842105263158,345.8,350.0,18,,danger,0.0001150370111374416,213.2297780018,aibn_source_informed_model,,,,,80,,False,False
294.0,,own,999181101,HELGE INGSTAD,-0.3994379005338147,0.8445880599922952,60.65574313433321,4.85142116071352,16.97616580310881,157.23834196891193,157.23834196891193,18,,,,,aibn_source_informed_model,,,,,35,,False,False
294.0,,target,999181102,SOLA TS,0.07859936799904918,-0.43695661185655055,60.63438405646906,4.867671975254856,6.283157894736842,345.8,350.0,18,,danger,0.00010974087561504948,212.1701414945637,aibn_source_informed_model,,,,,80,,False,False
295.0,,own,999181101,HELGE INGSTAD,-0.39761332866767546,0.840239706807581,60.65567066178013,4.851483186795932,16.97642487046632,157.2357512953368,157.2357512953368,18,,,,,aibn_source_informed_model,,,,,35,,False,False
295.0,,target,999181102,SOLA TS,0.07817101252873684,-0.43526376752041784,60.634412270541326,4.86765741336656,6.289473684210526,345.8,350.0,18,,danger,0.00010447130401684007,211.11081899428257,aibn_source_informed_model,,,,,80,,False,False
296.0,,own,999181101,HELGE INGSTAD,-0.3957885323422601,0.8358913697698196,60.65559818949616,4.851545220508807,16.976683937823832,157.23316062176167,157.23316062176167,18,,,,,aibn_source_informed_model,,,,,35,,False,False
296.0,,target,999181102,SOLA TS,0.07774222669458963,-0.4335692224029696,60.63444051295995,4.867642836848101,6.29578947368421,345.8,350.0,18,,danger,9.922828630923829e-05,210.05181023374354,aibn_source_informed_model,,,,,80,,False,False
297.0,,own,999181101,HELGE INGSTAD,-0.3939635115552986,0.8315430488904193,60.6555257174815,4.851607261852224,16.976943005181347,157.23056994818654,157.23056994818654,18,,,,,aibn_source_informed_model,,,,,35,,False,False
297.0,,target,999181102,SOLA TS,0.07731301049660755,-0.4318729765042057,60.63446878372493,4.86762824569948,6.302105263157895,345.8,350.0,18,,danger,9.401181247221176e-05,208.99311494603563,aibn_source_informed_model,,,,,80,,False,False
298.0,,own,999181101,HELGE INGSTAD,-0.3921382663045215,0.8271947441807886,60.655453245736346,4.851669310826258,16.97720207253886,157.22797927461139,157.22797927461139,18,,,,,aibn_source_informed_model,,,,,35,,False,False
298.0,,target,999181102,SOLA TS,0.07688336393479057,-0.4301750298241262,60.63449708283626,4.867613639920697,6.308421052631579,345.8,350.0,18,,danger,8.882187249768755e-05,207.93473286454952,aibn_source_informed_model,,,,,80,,False,False
299.0,,own,999181101,HELGE INGSTAD,-0.3903127965876599,0.8228464556523364,60.65538077426087,4.851731367430989,16.977461139896374,157.22538860103626,157.22538860103626,18,,,,,aibn_source_informed_model,,,,,35,,False,False
299.0,,target,999181102,SOLA TS,0.07645328700913873,-0.4284753823627311,60.63452541029395,4.867599019511752,6.314736842105263,345.8,350.0,18,,danger,8.36584563937335e-05,206.8766637229769,aibn_source_informed_model,,,,,80,,False,False
300.0,,own,999181101,HELGE INGSTAD,-0.38848710240244555,0.8184981833164715,60.65530830305527,4.851793431666491,16.977720207253885,157.22279792746113,157.22279792746113,18,,,,,aibn_source_informed_model,,,,,35,,False,False
300.0,,target,999181102,SOLA TS,0.076022779719652,-0.42677403412002035,60.634553766098,4.867584384472643,6.321052631578947,345.8,350.0,18,,danger,7.852155418050555e-05,205.81890725531036,aibn_source_informed_model,,,,,80,,False,False
301.0,,own,999181101,HELGE INGSTAD,-0.3866611837466107,0.8141499271846032,60.65523583211974,4.851855503532843,16.9779792746114,157.220207253886,157.220207253886,18,,,,,aibn_source_informed_model,,,,,35,,False,False
301.0,,target,999181102,SOLA TS,0.0755918420663304,-0.42507098509599406,60.6345821502484,4.867569734803372,6.327368421052632,345.8,350.0,18,,danger,7.341115589219778e-05,204.76146319584254,aibn_source_informed_model,,,,,80,,False,False
302.0,,own,999181101,HELGE INGSTAD,-0.38483504061788815,0.809801687268141,60.65516336145447,4.851917583030121,16.97823834196891,157.21761658031087,157.21761658031087,18,,,,,aibn_source_informed_model,,,,,35,,False,False
302.0,,target,999181102,SOLA TS,0.07516047404917393,-0.42336623529065215,60.63461056274515,4.86755507050394,6.333684210526315,345.8,350.0,18,,danger,6.832725157548036e-05,203.7043312791662,aibn_source_informed_model,,,,,80,,False,False
303.0,,own,999181101,HELGE INGSTAD,-0.38300867301401137,0.8054534635784945,60.65509089105964,4.851979670158403,16.978497409326426,157.21502590673575,157.21502590673575,18,,,,,aibn_source_informed_model,,,,,35,,False,False
303.0,,target,999181102,SOLA TS,0.07472867566818259,-0.4216597847039946,60.63463900358827,4.8675403915743445,6.34,345.8,350.0,18,,danger,6.326983129160813e-05,202.64751124017346,aibn_source_informed_model,,,,,80,,False,False
304.0,,own,999181101,HELGE INGSTAD,-0.3811820809327143,0.8011052561270737,60.65501842093545,4.852041764917765,16.978756476683937,157.21243523316062,157.21243523316062,18,,,,,aibn_source_informed_model,,,,,35,,False,False
304.0,,target,999181102,SOLA TS,0.07429644692335637,-0.4199516333360215,60.634667472777735,4.867525698014586,6.346315789473684,345.8,350.0,18,,danger,5.8238885115325794e-05,201.59100281405537,aibn_source_informed_model,,,,,80,,False,False
305.0,,own,999181101,HELGE INGSTAD,-0.37935526437173145,0.7967570649252889,60.654945951082084,4.852103867308285,16.97901554404145,157.2098445595855,157.2098445595855,18,,,,,aibn_source_informed_model,,,,,35,,False,False
305.0,,target,999181102,SOLA TS,0.07386378781469527,-0.4182417811867327,60.63469597031355,4.867510989824666,6.352631578947368,345.8,350.0,18,,danger,5.323440313453108e-05,200.534805736302,aibn_source_informed_model,,,,,80,,False,False
306.0,,own,999181101,HELGE INGSTAD,-0.37752822332879804,0.7924088899845504,60.65487348149974,4.85216597733004,16.979274611398964,157.20725388601036,157.20725388601036,18,,,,,aibn_source_informed_model,,,,,35,,False,False
306.0,,target,999181102,SOLA TS,0.0734306983421993,-0.4165302282561284,60.63472449619573,4.867496267004584,6.3589473684210525,345.8,350.0,18,,danger,4.825637545012133e-05,199.47891974270092,aibn_source_informed_model,,,,,80,,False,False
307.0,,own,999181101,HELGE INGSTAD,-0.37570095780164975,0.7880607313162689,60.65480101218861,4.852228094983106,16.979533678756475,157.20466321243524,157.20466321243524,18,,,,,aibn_source_informed_model,,,,,35,,False,False
307.0,,target,999181102,SOLA TS,0.07299717850586845,-0.41481697454420846,60.634753050424266,4.867481529554339,6.365263157894737,345.8,350.0,18,,danger,4.330479217754785e-05,198.42334456933813,aibn_source_informed_model,,,,,80,,False,False
308.0,,own,999181101,HELGE INGSTAD,-0.37387346778802283,0.7837125889318551,60.65472854314886,4.852290220267561,16.97979274611399,157.2020725388601,157.2020725388601,18,,,,,aibn_source_informed_model,,,,,35,,False,False
308.0,,target,999181102,SOLA TS,0.07256322830570273,-0.4131020200509729,60.63478163299915,4.867466777473932,6.371578947368421,345.8,350.0,18,,danger,3.83796434447422e-05,197.3680799525965,aibn_source_informed_model,,,,,80,,False,False
309.0,,own,999181101,HELGE INGSTAD,-0.37204575328565415,0.7793644628427204,60.65465607438071,4.852352353183481,16.9800518134715,157.19948186528498,157.19948186528498,18,,,,,aibn_source_informed_model,,,,,35,,False,False
309.0,,target,999181102,SOLA TS,0.07212884774170214,-0.41138536477642174,60.63481024392039,4.867452010763362,6.377894736842105,345.8,350.0,18,,danger,3.348091939367235e-05,196.31312562915622,aibn_source_informed_model,,,,,80,,False,False
310.0,,own,999181101,HELGE INGSTAD,-0.3702178142922811,0.7750163530602762,60.65458360588433,4.852414493730944,16.980310880829016,157.19689119170985,157.19689119170985,18,,,,,aibn_source_informed_model,,,,,35,,False,False
310.0,,target,999181102,SOLA TS,0.07169403681386667,-0.40966700872055495,60.63483888318799,4.86743722942263,6.38421052631579,345.8,350.0,18,,danger,2.860861017849584e-05,195.25848133599376,aibn_source_informed_model,,,,,80,,False,False
311.0,,own,999181101,HELGE INGSTAD,-0.3683896508056418,0.7706682595959339,60.65451113765993,4.852476641910026,16.980569948186528,157.19430051813472,157.19430051813472,18,,,,,aibn_source_informed_model,,,,,35,,False,False
311.0,,target,999181102,SOLA TS,0.07125879552219633,-0.4079469518833726,60.63486755080194,4.867422433451735,6.390526315789474,345.8,350.0,18,,danger,2.376270596831971e-05,194.20414681038176,aibn_source_informed_model,,,,,80,,False,False
312.0,,own,999181101,HELGE INGSTAD,-0.3665612628234747,0.7663201824611053,60.65443866970769,4.852538797720804,16.980829015544042,157.1917098445596,157.1917098445596,18,,,,,aibn_source_informed_model,,,,,35,,False,False
312.0,,target,999181102,SOLA TS,0.07082312386669111,-0.40622519426487463,60.63489624676225,4.867407622850679,6.396842105263158,345.8,350.0,18,,danger,1.894319694459745e-05,193.15012178988843,aibn_source_informed_model,,,,,80,,False,False
313.0,,own,999181101,HELGE INGSTAD,-0.3647326503435189,0.7619721216672027,60.65436620202779,4.852600961163355,16.981088082901554,157.18911917098447,157.18911917098447,18,,,,,aibn_source_informed_model,,,,,35,,False,False
313.0,,target,999181102,SOLA TS,0.07038702184735102,-0.40450173586506105,60.63492497106891,4.86739279761946,6.403157894736842,345.8,350.0,18,,danger,1.4150073302897345e-05,192.09640601237743,aibn_source_informed_model,,,,,80,,False,False
314.0,,own,999181101,HELGE INGSTAD,-0.36290381336351424,0.7576240772256384,60.654293734620424,4.8526631322377565,16.98134715025907,157.1865284974093,157.1865284974093,18,,,,,aibn_source_informed_model,,,,,35,,False,False
314.0,,target,999181102,SOLA TS,0.06995048946417605,-0.40277657668393185,60.634953723721935,4.8673779577580785,6.409473684210527,345.8,350.0,18,,danger,9.383325249810764e-06,191.04299921600713,aibn_source_informed_model,,,,,80,,False,False
315.0,,own,999181101,HELGE INGSTAD,-0.3610747518812009,0.7532760491478249,60.654221267485795,4.852725310944083,16.98160621761658,157.18393782383419,157.18393782383419,18,,,,,aibn_source_informed_model,,,,,35,,False,False
315.0,,target,999181102,SOLA TS,0.06951352671716621,-0.40104971672148704,60.63498250472131,4.867363103266534,6.41578947368421,345.8,350.0,18,,danger,4.642943008745105e-06,189.98990113923045,aibn_source_informed_model,,,,,80,,False,False
316.0,,own,999181101,HELGE INGSTAD,-0.35924546589431977,0.7489280374451749,60.654148800624085,4.8527874972824145,16.98186528497409,157.18134715025906,157.18134715025906,18,,,,,aibn_source_informed_model,,,,,35,,False,False
316.0,,target,999181102,SOLA TS,0.06907613360632149,-0.39932115597772666,60.635011314067036,4.867348234144828,6.422105263157895,345.8,350.0,18,,danger,7.108318628278363e-08,188.93711152079413,aibn_source_informed_model,,,,,80,,False,False
317.0,,own,999181101,HELGE INGSTAD,-0.3574159554006123,0.7445800421291016,60.65407633403549,4.8528496912528265,16.982124352331606,157.17875647668393,157.17875647668393,18,,,,,aibn_source_informed_model,,,,,35,,False,False
317.0,,target,999181102,SOLA TS,0.0686383101316419,-0.39759089445265067,60.63504015175912,4.867333350392959,6.428421052631579,345.8,350.0,18,,danger,4.758763086521263e-06,187.88463009973876,aibn_source_informed_model,,,,,80,,False,False
318.0,,own,999181101,HELGE INGSTAD,-0.35558622039782045,0.7402320632110181,60.654003867720185,4.852911892855395,16.982383419689118,157.1761658031088,157.1761658031088,18,,,,,aibn_source_informed_model,,,,,35,,False,False
318.0,,target,999181102,SOLA TS,0.06820005629312743,-0.39585893214625906,60.63506901779756,4.867318452010927,6.434736842105263,345.8,350.0,18,,danger,9.4201064317771e-06,186.832456615398,aibn_source_informed_model,,,,,80,,False,False
319.0,,own,999181101,HELGE INGSTAD,-0.3537562608836869,0.735884100702338,60.65393140167837,4.852974102090196,16.982642487046633,157.17357512953367,157.17357512953367,18,,,,,aibn_source_informed_model,,,,,35,,False,False
319.0,,target,999181102,SOLA TS,0.0677613720907781,-0.39412526905855183,60.63509791218236,4.867303538998734,6.441052631578947,345.8,350.0,18,,danger,1.4055122946860573e-05,185.78059080739823,aibn_source_informed_model,,,,,80,,False,False
320.0,,own,999181101,HELGE INGSTAD,-0.3519260768559547,0.7315361546144751,60.65385893591024,4.85303631895731,16.982901554404144,157.17098445595855,157.17098445595855,18,,,,,aibn_source_informed_model,,,,,35,,False,False
320.0,,target,999181102,SOLA TS,0.06732225752459388,-0.392389905189529,60.63512683491351,4.867288611356378,6.447368421052632,345.8,350.0,18,,danger,1.8663822344025863e-05,184.72903241565837,aibn_source_informed_model,,,,,80,,False,False
321.0,,own,999181101,HELGE INGSTAD,-0.3500956683123676,0.7271882249588434,60.65378647041598,4.8530985434568095,16.98316062176166,157.16839378238342,157.16839378238342,18,,,,,aibn_source_informed_model,,,,,35,,False,False
321.0,,target,999181102,SOLA TS,0.06688271259457479,-0.3906528405391906,60.63515578599101,4.86727366908386,6.4536842105263155,345.8,350.0,18,,danger,2.3246214322997467e-05,183.6777811803892,aibn_source_informed_model,,,,,80,,False,False
322.0,,own,999181101,HELGE INGSTAD,-0.34826503525066993,0.722840311746857,60.65371400519578,4.853160775588773,16.98341968911917,157.1658031088083,157.1658031088083,18,,,,,aibn_source_informed_model,,,,,35,,False,False
322.0,,target,999181102,SOLA TS,0.06644273730072082,-0.38891407510753656,60.63518476541487,4.8672587121811794,6.46,345.8,350.0,18,,danger,2.7802308569489143e-05,182.626836842093,aibn_source_informed_model,,,,,80,,False,False
323.0,,own,999181101,HELGE INGSTAD,-0.34643417766860657,0.7184924149899304,60.65364154024983,4.853223015353277,16.983678756476685,157.16321243523316,157.16321243523316,18,,,,,aibn_source_informed_model,,,,,35,,False,False
323.0,,target,999181102,SOLA TS,0.06600233164303199,-0.3871736088945669,60.63521377318509,4.867243740648337,6.4663157894736845,345.8,350.0,18,,danger,3.23321147562945e-05,181.57619914156328,aibn_source_informed_model,,,,,80,,False,False
324.0,,own,999181101,HELGE INGSTAD,-0.34460309556392293,0.7141445346994785,60.653569075578325,4.853285262750399,16.983937823834196,157.16062176165804,157.16062176165804,18,,,,,aibn_source_informed_model,,,,,35,,False,False
324.0,,target,999181102,SOLA TS,0.06556149562150827,-0.38543144190028167,60.63524280930166,4.867228754485331,6.472631578947368,345.8,350.0,18,,danger,3.6835642543211016e-05,180.52586781988433,aibn_source_informed_model,,,,,80,,False,False
325.0,,own,999181101,HELGE INGSTAD,-0.34277178893436505,0.7097966708869159,60.653496611181446,4.853347517780214,16.98419689119171,157.1580310880829,157.1580310880829,18,,,,,aibn_source_informed_model,,,,,35,,False,False
325.0,,target,999181102,SOLA TS,0.06512022923614968,-0.3836875741246808,60.63527187376459,4.867213753692163,6.478947368421053,345.8,350.0,18,,danger,4.131290157727287e-05,179.47584261843065,aibn_source_informed_model,,,,,80,,False,False
326.0,,own,999181101,HELGE INGSTAD,-0.3409402577776795,0.705448823563658,60.6534241470594,4.853409780442799,16.984455958549223,157.15544041450778,157.15544041450778,18,,,,,aibn_source_informed_model,,,,,35,,False,False
326.0,,target,999181102,SOLA TS,0.06467853248695622,-0.38194200556776436,60.63530096657387,4.867198738268833,6.485263157894737,345.8,350.0,18,,danger,4.576390149207319e-05,178.42612327886675,aibn_source_informed_model,,,,,80,,False,False
327.0,,own,999181101,HELGE INGSTAD,-0.3391085020916134,0.7011009927411201,60.65335168321235,4.853472050738231,16.984715025906734,157.15284974093265,157.15284974093265,18,,,,,aibn_source_informed_model,,,,,35,,False,False
327.0,,target,999181102,SOLA TS,0.06423640537392787,-0.3801947362295323,60.63533008772951,4.86718370821534,6.491578947368421,345.8,350.0,18,,danger,5.01886519081306e-05,177.37670954314652,aibn_source_informed_model,,,,,80,,False,False
328.0,,own,999181101,HELGE INGSTAD,-0.3372765218739146,0.6967531784307179,60.65327921964051,4.853534328666588,16.98497409326425,157.15025906735752,157.15025906735752,18,,,,,aibn_source_informed_model,,,,,35,,False,False
328.0,,target,999181102,SOLA TS,0.06379384789706465,-0.37844576610998465,60.6353592372315,4.867168663531685,6.497894736842105,345.8,350.0,18,,danger,5.458716243260351e-05,176.32760115351311,aibn_source_informed_model,,,,,80,,False,False
329.0,,own,999181101,HELGE INGSTAD,-0.3354443171223313,0.6924053806438674,60.65320675634406,4.853596614227944,16.98523316062176,157.1476683937824,157.1476683937824,18,,,,,aibn_source_informed_model,,,,,35,,False,False
329.0,,target,999181102,SOLA TS,0.06335086005636655,-0.37669509520912137,60.635388415079845,4.867153604217868,6.50421052631579,345.8,350.0,18,,danger,5.895944266092646e-05,175.27879785249837,aibn_source_informed_model,,,,,80,,False,False
330.0,,own,999181101,HELGE INGSTAD,-0.3336118878346125,0.6880575993919845,60.6531342933232,4.853658907422377,16.985492227979275,157.14507772020724,157.14507772020724,18,,,,,aibn_source_informed_model,,,,,35,,False,False
330.0,,target,999181102,SOLA TS,0.06290744185183357,-0.37494272352694247,60.63541762127455,4.867138530273888,6.510526315789473,345.8,350.0,18,,danger,6.330550217452166e-05,174.2302993829223,aibn_source_informed_model,,,,,80,,False,False
331.0,,own,999181101,HELGE INGSTAD,-0.33177923400850756,0.6837098346864857,60.65306183057811,4.853721208249962,16.985751295336787,157.1424870466321,157.1424870466321,18,,,,,aibn_source_informed_model,,,,,35,,False,False
331.0,,target,999181102,SOLA TS,0.06246359328346573,-0.373188651063448,60.63544685581561,4.8671234416997455,6.516842105263158,345.8,350.0,18,,danger,6.762535054147678e-05,173.182105487893,aibn_source_informed_model,,,,,80,,False,False
332.0,,own,999181101,HELGE INGSTAD,-0.32994635564176655,0.6793620865387876,60.652989368108976,4.853783516710778,16.9860103626943,157.13989637305698,157.13989637305698,18,,,,,aibn_source_informed_model,,,,,35,,False,False
332.0,,target,999181102,SOLA TS,0.06201931435126301,-0.37143287781863793,60.635476118703025,4.8671083384954414,6.523157894736842,345.8,350.0,18,,danger,7.191899731722102e-05,172.1342159108059,aibn_source_informed_model,,,,,80,,False,False
333.0,,own,999181101,HELGE INGSTAD,-0.32811325273214004,0.6750143549603069,60.652916905916,4.8538458328048995,16.986269430051813,157.13730569948186,157.13730569948186,18,,,,,aibn_source_informed_model,,,,,35,,False,False
333.0,,target,999181102,SOLA TS,0.06157460505522542,-0.36967540379251224,60.63550540993679,4.8670932206609745,6.529473684210526,345.8,350.0,18,,danger,7.618645204558856e-05,171.08663039534366,aibn_source_informed_model,,,,,80,,False,False
334.0,,own,999181101,HELGE INGSTAD,-0.32627992527737926,0.6706666399624608,60.65284444399937,4.853908156532404,16.986528497409328,157.13471502590673,157.13471502590673,18,,,,,aibn_source_informed_model,,,,,35,,False,False
334.0,,target,999181102,SOLA TS,0.061129465395352946,-0.3679162289850709,60.63553472951691,4.867078088196345,6.53578947368421,345.8,350.0,18,,danger,8.042772425557075e-05,170.03934868547532,aibn_source_informed_model,,,,,80,,False,False
335.0,,own,999181101,HELGE INGSTAD,-0.32444637327523596,0.6663189415566666,60.652771982359276,4.853970487893367,16.98678756476684,157.1321243523316,157.1321243523316,18,,,,,aibn_source_informed_model,,,,,35,,False,False
335.0,,target,999181102,SOLA TS,0.0606838953716456,-0.366155353396314,60.63556407744339,4.867062941101553,6.542105263157895,345.8,350.0,18,,danger,8.464282346430624e-05,168.99237052545666,aibn_source_informed_model,,,,,80,,False,False
336.0,,own,999181101,HELGE INGSTAD,-0.32261259672346243,0.6619712597543418,60.6526995209959,4.854032826887865,16.98704663212435,157.12953367875647,157.12953367875647,18,,,,,aibn_source_informed_model,,,,,35,,False,False
336.0,,target,999181102,SOLA TS,0.060237894984103375,-0.3643927770262415,60.635593453716226,4.867047779376599,6.548421052631579,345.8,350.0,18,,danger,8.883175917552072e-05,167.9456956598291,aibn_source_informed_model,,,,,80,,False,False
337.0,,own,999181101,HELGE INGSTAD,-0.3207785956198116,0.6576235945669042,60.65262705990945,4.854095173515976,16.987305699481865,157.12694300518135,157.12694300518135,18,,,,,aibn_source_informed_model,,,,,35,,False,False
337.0,,target,999181102,SOLA TS,0.05979146423272628,-0.3626284998748534,60.63562285833542,4.8670326030214826,6.554736842105263,345.8,350.0,18,,danger,9.299454088121448e-05,166.89932383341954,aibn_source_informed_model,,,,,80,,False,False
338.0,,own,999181101,HELGE INGSTAD,-0.3189443699620369,0.6532759460057719,60.65255459910009,4.854157527777774,16.987564766839377,157.12435233160622,157.12435233160622,18,,,,,aibn_source_informed_model,,,,,35,,False,False
338.0,,target,999181102,SOLA TS,0.05934460311751431,-0.3608625219421497,60.635652291300964,4.867017412036204,6.5610526315789475,345.8,350.0,18,,danger,9.713117805911864e-05,165.85325479134005,aibn_source_informed_model,,,,,80,,False,False
339.0,,own,999181101,HELGE INGSTAD,-0.3171099197478924,0.6489283140823631,60.65248213856804,4.854219889673336,16.98782383419689,157.1217616580311,157.1217616580311,18,,,,,aibn_source_informed_model,,,,,35,,False,False
339.0,,target,999181102,SOLA TS,0.05889731163846746,-0.35909484322813034,60.63568175261286,4.8670022064207625,6.567368421052632,345.8,350.0,18,,danger,0.00010124168017477165,164.80748827898728,aibn_source_informed_model,,,,,80,,False,False
340.0,,own,999181101,HELGE INGSTAD,-0.3152752449751327,0.6445806988080962,60.65240967831347,4.854282259202741,16.988082901554403,157.11917098445596,157.11917098445596,18,,,,,aibn_source_informed_model,,,,,35,,False,False
340.0,,target,999181102,SOLA TS,0.05844958979558574,-0.3573254637327954,60.63571124227112,4.866986986175158,6.573684210526316,345.8,350.0,18,,danger,0.00010532605668115834,163.76202404204236,aibn_source_informed_model,,,,,80,,False,False
341.0,,own,999181101,HELGE INGSTAD,-0.313440345641513,0.6402331001943901,60.65233721833657,4.854344636366061,16.988341968911918,157.11658031088083,157.11658031088083,18,,,,,aibn_source_informed_model,,,,,35,,False,False
341.0,,target,999181102,SOLA TS,0.058001437588869144,-0.3555543834561449,60.63574076027573,4.866971751299393,6.58,345.8,350.0,18,,danger,0.00010938431701835357,162.71686182647005,aibn_source_informed_model,,,,,80,,False,False
342.0,,own,999181101,HELGE INGSTAD,-0.3116052217447891,0.6358855182526636,60.65226475863754,4.854407021163375,16.98860103626943,157.1139896373057,157.1139896373057,18,,,,,aibn_source_informed_model,,,,,35,,False,False
342.0,,target,999181102,SOLA TS,0.057552855018317674,-0.35378160239817874,60.635770306626696,4.866956501793464,6.586315789473685,345.8,350.0,18,,danger,0.00011341647061317919,161.67200137851893,aibn_source_informed_model,,,,,80,,False,False
343.0,,own,999181101,HELGE INGSTAD,-0.3097698732827173,0.631537952994336,60.65219229921657,4.854469413594759,16.988860103626944,157.11139896373058,157.11139896373058,18,,,,,aibn_source_informed_model,,,,,35,,False,False
343.0,,target,999181102,SOLA TS,0.05710384208393133,-0.352007120558897,60.63579988132402,4.8669412376573735,6.592631578947368,345.8,350.0,18,,danger,0.00011742252687985999,160.62744244472037,aibn_source_informed_model,,,,,80,,False,False
344.0,,own,999181101,HELGE INGSTAD,-0.30793430025305457,0.6271904044308269,60.652119840073844,4.854531813660289,16.989119170984456,157.10880829015545,157.10880829015545,18,,,,,aibn_source_informed_model,,,,,35,,False,False
344.0,,target,999181102,SOLA TS,0.05665439878571011,-0.3502309379382996,60.6358294843677,4.8669259588911205,6.598947368421053,345.8,350.0,18,,danger,0.0001214024952207044,159.58318477188888,aibn_source_informed_model,,,,,80,,False,False
345.0,,own,999181101,HELGE INGSTAD,-0.3060985026535583,0.6228428725735556,60.652047381209556,4.854594221360041,16.98937823834197,157.10621761658032,157.10621761658032,18,,,,,aibn_source_informed_model,,,,,35,,False,False
345.0,,target,999181102,SOLA TS,0.056204525123654016,-0.34845305453638664,60.635859115757725,4.8669106654947045,6.605263157894737,345.8,350.0,18,,danger,0.0001253563850246429,158.5392281071207,aibn_source_informed_model,,,,,80,,False,False
346.0,,own,999181101,HELGE INGSTAD,-0.3042624804819866,0.6184953574339423,60.6519749226239,4.8546566366940915,16.989637305699482,157.10362694300517,157.10362694300517,18,,,,,aibn_source_informed_model,,,,,35,,False,False
346.0,,target,999181102,SOLA TS,0.05575422109776305,-0.3466734703531581,60.63588877549412,4.866895357468127,6.611578947368421,345.8,350.0,18,,danger,0.00012928420566797624,157.49557219779447,aibn_source_informed_model,,,,,80,,False,False
347.0,,own,999181101,HELGE INGSTAD,-0.30242623373609817,0.6141478590234072,60.651902464317054,4.854719059662516,16.989896373056993,157.10103626943004,157.10103626943004,18,,,,,aibn_source_informed_model,,,,,35,,False,False
347.0,,target,999181102,SOLA TS,0.055303486708037204,-0.34489218538861394,60.63591846357686,4.866880034811386,6.617894736842105,345.8,350.0,18,,danger,0.0001331859665135388,156.4522167915702,aibn_source_informed_model,,,,,80,,False,False
348.0,,own,999181101,HELGE INGSTAD,-0.3005897624136521,0.6098003773533706,60.651830006289224,4.854781490265392,16.990155440414508,157.0984455958549,157.0984455958549,18,,,,,aibn_source_informed_model,,,,,35,,False,False
348.0,,target,999181102,SOLA TS,0.05485232195447648,-0.34310919964275416,60.635948180005954,4.866864697524483,6.62421052631579,345.8,350.0,18,,danger,0.00013706167691318236,155.40916163638903,aibn_source_informed_model,,,,,80,,False,False
349.0,,own,999181101,HELGE INGSTAD,-0.29875306651240824,0.605452912435253,60.65175754854059,4.8548439285027944,16.99041450777202,157.09585492227978,157.09585492227978,18,,,,,aibn_source_informed_model,,,,,35,,False,False
349.0,,target,999181102,SOLA TS,0.05440072683708088,-0.34132451311557876,60.63597792478141,4.866849345607418,6.630526315789474,345.8,350.0,18,,danger,0.00014091134620520154,154.3664064804729,aibn_source_informed_model,,,,,80,,False,False
350.0,,own,999181101,HELGE INGSTAD,-0.29691614603012695,0.6011054642804754,60.65168509107134,4.8549063743748,16.990673575129534,157.09326424870466,157.09326424870466,18,,,,,aibn_source_informed_model,,,,,35,,False,False
350.0,,target,999181102,SOLA TS,0.053948701355850406,-0.33953812580708775,60.63600769790322,4.866833979060191,6.636842105263158,345.8,350.0,18,,danger,0.00014473498371492046,153.32395107232392,aibn_source_informed_model,,,,,80,,False,False
351.0,,own,999181101,HELGE INGSTAD,-0.2950790009645691,0.5967580329004589,60.651612633881676,4.854968827881485,16.990932642487046,157.09067357512953,157.09067357512953,18,,,,,aibn_source_informed_model,,,,,35,,False,False
351.0,,target,999181102,SOLA TS,0.05349624551078506,-0.3377500377172812,60.636037499371376,4.8668185978828005,6.643157894736842,345.8,350.0,18,,danger,0.00014853259875531694,152.28179516072456,aibn_source_informed_model,,,,,80,,False,False
352.0,,own,999181101,HELGE INGSTAD,-0.2932416313134963,0.5924106183066249,60.65154017697178,4.855031289022925,16.99119170984456,157.0880829015544,157.0880829015544,18,,,,,aibn_source_informed_model,,,,,35,,False,False
352.0,,target,999181102,SOLA TS,0.053043359301884835,-0.335960248846159,60.6360673291859,4.866803202075248,6.649473684210527,345.8,350.0,18,,danger,0.00015230420062772038,151.2399384947364,aibn_source_informed_model,,,,,80,,False,False
353.0,,own,999181101,HELGE INGSTAD,-0.2914040370746705,0.5880632205103948,60.65146772034184,4.855093757799196,16.991450777202072,157.08549222797927,157.08549222797927,18,,,,,aibn_source_informed_model,,,,,35,,False,False
353.0,,target,999181102,SOLA TS,0.05259004272914974,-0.3341687591937212,60.63609718734677,4.866787791637534,6.6557894736842105,345.8,350.0,18,,danger,0.000156049798619673,150.19838082370057,aibn_source_informed_model,,,,,80,,False,False
354.0,,own,999181101,HELGE INGSTAD,-0.2895662182458544,0.5837158395231905,60.65139526399205,4.855156234210376,16.991709844559587,157.08290155440415,157.08290155440415,18,,,,,aibn_source_informed_model,,,,,35,,False,False
354.0,,target,999181102,SOLA TS,0.052136295792579765,-0.33237556875996777,60.636127073854,4.8667723665696565,6.662105263157895,345.8,350.0,18,,danger,0.00015976940200651142,149.1571218972368,aibn_source_informed_model,,,,,80,,False,False
355.0,,own,999181101,HELGE INGSTAD,-0.2877281748248112,0.5793684753564341,60.651322807922604,4.855218718256538,16.9919689119171,157.08031088082902,157.08031088082902,18,,,,,aibn_source_informed_model,,,,,35,,False,False
355.0,,target,999181102,SOLA TS,0.05168211849217492,-0.3305806775448987,60.63615698870758,4.866756926871617,6.6684210526315795,345.8,350.0,18,,danger,0.00016346302005104183,148.11616146524332,aibn_source_informed_model,,,,,80,,False,False
356.0,,own,999181101,HELGE INGSTAD,-0.28588990680930476,0.5750211280215478,60.651250352133694,4.855281209937759,16.99222797927461,157.0777202072539,157.0777202072539,18,,,,,aibn_source_informed_model,,,,,35,,False,False
356.0,,target,999181102,SOLA TS,0.051227510827935197,-0.3287840855485141,60.636186931907524,4.866741472543415,6.674736842105263,345.8,350.0,18,,danger,0.00016713066200415422,147.07549927789643,aibn_source_informed_model,,,,,80,,False,False
357.0,,own,999181101,HELGE INGSTAD,-0.2840514141970994,0.5706737975299542,60.6511778966255,4.855343709254116,16.992487046632125,157.07512953367876,157.07512953367876,18,,,,,aibn_source_informed_model,,,,,35,,False,False
357.0,,target,999181102,SOLA TS,0.0507724727998606,-0.3269857927708139,60.63621690345382,4.866726003585051,6.681052631578948,345.8,350.0,18,,danger,0.00017077233710342669,146.0351350856498,aibn_source_informed_model,,,,,80,,False,False
358.0,,own,999181101,HELGE INGSTAD,-0.2822126969859601,0.5663264838930759,60.651105441398215,4.855406216205685,16.992746113989636,157.07253886010363,157.07253886010363,18,,,,,aibn_source_informed_model,,,,,35,,False,False
358.0,,target,999181102,SOLA TS,0.05031700440795113,-0.3251857992117981,60.63624690334647,4.866710519996524,6.687368421052632,345.8,350.0,18,,danger,0.0001743880545741181,144.9950686392348,aibn_source_informed_model,,,,,80,,False,False
359.0,,own,999181101,HELGE INGSTAD,-0.2803737551736523,0.5619791871223362,60.65103298645204,4.855468730792541,16.99300518134715,157.0699481865285,157.0699481865285,18,,,,,aibn_source_informed_model,,,,,35,,False,False
359.0,,target,999181102,SOLA TS,0.049861105652206784,-0.3233841048714666,60.63627693158548,4.8666950217778355,6.693684210526316,345.8,350.0,18,,danger,0.00017797782362967207,143.9552996896593,aibn_source_informed_model,,,,,80,,False,False
360.0,,own,999181101,HELGE INGSTAD,-0.2785345887579422,0.557631907229158,60.65096053178715,4.85553125301476,16.993264248704662,157.06735751295338,157.06735751295338,18,,,,,aibn_source_informed_model,,,,,35,,False,False
360.0,,target,999181102,SOLA TS,0.049404776532627565,-0.32158070974981956,60.63630698817084,4.866679508928984,6.7,345.8,350.0,18,,danger,0.00018154165347049512,142.91582798820778,aibn_source_informed_model,,,,,80,,False,False
361.0,,own,999181101,HELGE INGSTAD,-0.2766951977365964,0.5532846442249649,60.65088807740375,4.855593782872419,16.993523316062177,157.06476683937825,157.06476683937825,18,,,,,aibn_source_informed_model,,,,,35,,False,False
361.0,,target,999181102,SOLA TS,0.04894801929069177,-0.3197756227050929,60.636337072954916,4.866663981526169,6.70625,345.8,350.0,18,,danger,0.00018536355736136433,141.87704707528212,aibn_source_informed_model,,,,,80,,False,False
362.0,,own,999181101,HELGE INGSTAD,-0.27485558210738215,0.5489373981211807,60.650815623302016,4.855656320365593,16.99378238341969,157.0621761658031,157.0621761658031,18,,,,,aibn_source_informed_model,,,,,35,,False,False
362.0,,target,999181102,SOLA TS,0.04849083616787772,-0.3179688525955227,60.63636718579007,4.866648439645589,6.7125,345.8,350.0,18,,danger,0.00018915741161594445,140.8385597186646,aibn_source_informed_model,,,,,80,,False,False
363.0,,own,999181101,HELGE INGSTAD,-0.27301574186806726,0.5445901689292293,60.650743169482155,4.8557188654943575,16.994041450777203,157.05958549222797,157.05958549222797,18,,,,,aibn_source_informed_model,,,,,35,,False,False
363.0,,target,999181102,SOLA TS,0.048033227164185406,-0.31616039942110896,60.63639732667632,4.866632883287244,6.71875,345.8,350.0,18,,danger,0.00019292322692240796,139.8003656755444,aibn_source_informed_model,,,,,80,,False,False
364.0,,own,999181101,HELGE INGSTAD,-0.27117567701642015,0.5402429566605348,60.650670715944344,4.85578141825879,16.994300518134715,157.05699481865284,157.05699481865284,18,,,,,aibn_source_informed_model,,,,,35,,False,False
364.0,,target,999181102,SOLA TS,0.04757519227961483,-0.3143502631818516,60.63642749561363,4.866617312451135,6.7250000000000005,345.8,350.0,18,,danger,0.0001966610139543045,138.76246470337722,aibn_source_informed_model,,,,,80,,False,False
365.0,,own,999181101,HELGE INGSTAD,-0.26933538755020975,0.5358957613265216,60.650598262688774,4.855843978658964,16.99455958549223,157.0544041450777,157.0544041450777,18,,,,,aibn_source_informed_model,,,,,35,,False,False
365.0,,target,999181102,SOLA TS,0.04711673151416599,-0.3125384438777507,60.636457692602036,4.86660172713726,6.73125,345.8,350.0,18,,danger,0.00020037078337174465,137.72485655988513,aibn_source_informed_model,,,,,80,,False,False
366.0,,own,999181101,HELGE INGSTAD,-0.2674948734672056,0.5315485829386144,60.650525809715646,4.855906546694957,16.99481865284974,157.05181347150258,157.05181347150258,18,,,,,aibn_source_informed_model,,,,,35,,False,False
366.0,,target,999181102,SOLA TS,0.04665784486783889,-0.31072494150880625,60.63648791764152,4.866586127345621,6.7375,345.8,350.0,18,,danger,0.00020405254582077432,136.687541003056,aibn_source_informed_model,,,,,80,,False,False
367.0,,own,999181101,HELGE INGSTAD,-0.26565413476517774,0.5272014215082381,60.650453357025135,4.855969122366845,16.995077720207252,157.04922279792746,157.04922279792746,18,,,,,aibn_source_informed_model,,,,,35,,False,False
367.0,,target,999181102,SOLA TS,0.04619853234063353,-0.3089097560750182,60.63651817073208,4.8665705130762165,6.74375,345.8,350.0,18,,danger,0.00020770631193402822,135.6505177911435,aibn_source_informed_model,,,,,80,,False,False
368.0,,own,999181101,HELGE INGSTAD,-0.263813171441897,0.5228542770468179,60.65038090461744,4.856031705674702,16.995336787564767,157.04663212435233,157.04663212435233,18,,,,,aibn_source_informed_model,,,,,35,,False,False
368.0,,target,999181102,SOLA TS,0.045738793932549905,-0.3070928875763866,60.63654845187373,4.866554884329047,6.75,345.8,350.0,18,,danger,0.00021133209232976284,134.61378668266616,aibn_source_informed_model,,,,,80,,False,False
369.0,,own,999181101,HELGE INGSTAD,-0.2619719834951345,0.5185071495657789,60.65030845249276,4.856094296618606,16.99559585492228,157.0440414507772,157.0440414507772,18,,,,,aibn_source_informed_model,,,,,35,,False,False
369.0,,target,999181102,SOLA TS,0.04527862964358802,-0.30527433601291143,60.63657876106645,4.866539241104113,6.75625,345.8,350.0,18,,danger,0.0002149298976126023,133.57734743640762,aibn_source_informed_model,,,,,80,,False,False
370.0,,own,999181101,HELGE INGSTAD,-0.2601305709226622,0.514160039076547,60.650236000651276,4.856156895198631,16.995854922279793,157.04145077720207,157.04145077720207,18,,,,,aibn_source_informed_model,,,,,35,,False,False
370.0,,target,999181102,SOLA TS,0.04481803947374787,-0.30345410138459267,60.63660909831025,4.866523583401415,6.7625,345.8,350.0,18,,danger,0.00021849973837324895,132.5411998114158,aibn_source_informed_model,,,,,80,,False,False
371.0,,own,999181101,HELGE INGSTAD,-0.25828893372225237,0.5098129455905478,60.65016354909317,4.856219501414854,16.996113989637305,157.03886010362694,157.03886010362694,18,,,,,aibn_source_informed_model,,,,,35,,False,False
371.0,,target,999181102,SOLA TS,0.04435702342302946,-0.30163218369143036,60.63663946360514,4.866507911220951,6.76875,345.8,350.0,18,,danger,0.00022204162518918793,131.50534356700288,aibn_source_informed_model,,,,,80,,False,False
372.0,,own,999181101,HELGE INGSTAD,-0.2564470718916781,0.5054658691192075,60.65009109781865,4.85628211526735,16.99637305699482,157.03626943005182,157.03626943005182,18,,,,,aibn_source_informed_model,,,,,35,,False,False
372.0,,target,999181102,SOLA TS,0.04389558149143279,-0.2998085829334245,60.63666985695111,4.866492224562722,6.775,345.8,350.0,18,,danger,0.00022555556862334552,130.46977846274456,aibn_source_informed_model,,,,,80,,False,False
373.0,,own,999181101,HELGE INGSTAD,-0.25460498542871285,0.5011188096739524,60.650018646827895,4.856344736756195,16.99663212435233,157.0336787564767,157.0336787564767,18,,,,,aibn_source_informed_model,,,,,35,,False,False
373.0,,target,999181102,SOLA TS,0.04343371367895786,-0.29798329911057503,60.63670027834816,4.866476523426729,6.78125,345.8,350.0,18,,danger,0.0002290415792252095,129.43450425848013,aibn_source_informed_model,,,,,80,,False,False
374.0,,own,999181101,HELGE INGSTAD,-0.2527626743311308,0.49677176726620903,60.6499461961211,4.856407365881464,16.996891191709846,157.03108808290156,157.03108808290156,18,,,,,aibn_source_informed_model,,,,,35,,False,False
374.0,,target,999181102,SOLA TS,0.042971419985604664,-0.296156332222882,60.636730727796284,4.866460807812971,6.7875,345.8,350.0,18,,danger,0.0002324996675312052,128.39952071431185,aibn_source_informed_model,,,,,80,,False,False
375.0,,own,999181101,HELGE INGSTAD,-0.2509201385967067,0.4924247419074041,60.64987374569846,4.856470002643233,16.997150259067357,157.02849740932643,157.02849740932643,18,,,,,aibn_source_informed_model,,,,,35,,False,False
375.0,,target,999181102,SOLA TS,0.04250870041137321,-0.29432768227034545,60.63676120529549,4.866445077721448,6.79375,345.8,350.0,18,,danger,0.00023592984406303053,127.36482759060452,aibn_source_informed_model,,,,,80,,False,False
376.0,,own,999181101,HELGE INGSTAD,-0.24907737822321574,0.48807773360896467,60.649801295560145,4.856532647041578,16.99740932642487,157.0259067357513,157.0259067357513,18,,,,,aibn_source_informed_model,,,,,35,,False,False
376.0,,target,999181102,SOLA TS,0.04204555495626349,-0.2924973492529653,60.636791710845785,4.86642933315216,6.8,345.8,350.0,18,,danger,0.0002393321193293735,126.33042464798531,aibn_source_informed_model,,,,,80,,False,False
377.0,,own,999181101,HELGE INGSTAD,-0.2472343932084338,0.483730742382318,60.64972884570637,4.856595299076575,16.997668393782384,157.02331606217618,157.02331606217618,18,,,,,aibn_source_informed_model,,,,,35,,False,False
377.0,,target,999181102,SOLA TS,0.04158198362027551,-0.29066533317074156,60.63682224444715,4.866413574105107,6.8062499999999995,345.8,350.0,18,,danger,0.00024270650382470307,125.29631164734336,aibn_source_informed_model,,,,,80,,False,False
378.0,,own,999181101,HELGE INGSTAD,-0.24539118355013728,0.47938376823889156,60.64965639613732,4.856657958748298,16.997927461139895,157.02072538860102,157.02072538860102,18,,,,,aibn_source_informed_model,,,,,35,,False,False
378.0,,target,999181102,SOLA TS,0.041117986403409267,-0.2888316340236743,60.636852806099604,4.866397800580289,6.8125,345.8,350.0,18,,danger,0.00024605300803086735,124.2624883498294,aibn_source_informed_model,,,,,80,,False,False
379.0,,own,999181101,HELGE INGSTAD,-0.2435477492461032,0.47503681119011304,60.64958394685317,4.856720626056823,16.99818652849741,157.0181347150259,157.0181347150259,18,,,,,aibn_source_informed_model,,,,,35,,False,False
379.0,,target,999181102,SOLA TS,0.04065356330566476,-0.2869962518117634,60.63688339580314,4.866382012577707,6.81875,345.8,350.0,18,,danger,0.00024937164241492255,123.22895451685525,aibn_source_informed_model,,,,,80,,False,False
380.0,,own,999181101,HELGE INGSTAD,-0.24170409029410914,0.4706898712474104,60.64951149785412,4.856783301002228,16.99844559585492,157.01554404145077,157.01554404145077,18,,,,,aibn_source_informed_model,,,,,35,,False,False
380.0,,target,999181102,SOLA TS,0.040188714327042,-0.285159186535009,60.63691401355775,4.866366210097359,6.825,345.8,350.0,18,,danger,0.00025266241743077225,122.19570991009381,aibn_source_informed_model,,,,,80,,False,False
381.0,,own,999181101,HELGE INGSTAD,-0.23986020669193323,0.4663429484222119,60.64943904914037,4.856845983584585,16.998704663212436,157.01295336787564,157.01295336787564,18,,,,,aibn_source_informed_model,,,,,35,,False,False
381.0,,target,999181102,SOLA TS,0.03972343946754097,-0.283320438193411,60.636944659363444,4.866350393139247,6.83125,345.8,350.0,18,,danger,0.00025592534351876313,121.1627542914783,aibn_source_informed_model,,,,,80,,False,False
382.0,,own,999181101,HELGE INGSTAD,-0.2380160984373542,0.4619960427259459,60.6493666007121,4.8569086738039715,16.998963730569947,157.0103626943005,157.0103626943005,18,,,,,aibn_source_informed_model,,,,,35,,False,False
382.0,,target,999181102,SOLA TS,0.03925773872716168,-0.28148000678696944,60.636975333220214,4.86633456170337,6.8374999999999995,345.8,350.08474576271186,18,,danger,0.0002591604311061011,120.1300874232022,aibn_source_informed_model,,,,,80,,False,False
383.0,,own,999181101,HELGE INGSTAD,-0.23617176552815133,0.4576491541700411,60.6492941525695,4.856971371660463,16.999222797927462,157.00777202072538,157.00777202072538,18,,,,,aibn_source_informed_model,,,,,35,,False,False
383.0,,target,999181102,SOLA TS,0.03879161210590413,-0.2796378923156843,60.637006035128074,4.866318715789728,6.84375,345.8,350.1694915254237,18,,danger,0.0002623676906057207,119.09770906771867,aibn_source_informed_model,,,,,80,,False,False
384.0,,own,999181101,HELGE INGSTAD,-0.23432720796210452,0.4533022827659264,60.649221704712765,4.857034077154134,16.999481865284974,157.00518134715026,157.00518134715026,18,,,,,aibn_source_informed_model,,,,,35,,False,False
384.0,,target,999181102,SOLA TS,0.038325059603768315,-0.27779409477955563,60.637036765087004,4.866302855398321,6.85,345.8,350.2542372881356,18,,danger,0.0002655471324176372,118.06561898774054,aibn_source_informed_model,,,,,80,,False,False
385.0,,own,999181101,HELGE INGSTAD,-0.23248242573699418,0.4489554285250309,60.649149257142085,4.857096790285061,16.99974093264249,157.00259067357513,157.00259067357513,18,,,,,aibn_source_informed_model,,,,,35,,False,False
385.0,,target,999181102,SOLA TS,0.03785808122075424,-0.27594861417858335,60.63706752309702,4.866286980529149,6.85625,345.8,350.33898305084745,18,,danger,0.0002686987669276466,117.03381694623941,aibn_source_informed_model,,,,,80,,False,False
386.0,,own,999181101,HELGE INGSTAD,-0.23063741885060135,0.444608591458784,60.64907680985765,4.857159511053319,17.0,157.0,157.0,18,,,,,aibn_source_informed_model,,,,,35,,False,False
386.0,,target,999181102,SOLA TS,0.03739067695686191,-0.2741014505127675,60.63709830915812,4.866271091182212,6.8625,345.8,350.4237288135593,18,,danger,0.0002718226045091057,116.00230270644595,aibn_source_informed_model,,,,,80,,False,False
387.0,,own,999181101,HELGE INGSTAD,-0.22879229963273534,0.4402617629841475,60.649004362716404,4.85722223564027,17.0,157.0,157.0,18,,,,,aibn_source_informed_model,,,,,35,,False,False
387.0,,target,999181102,SOLA TS,0.036922846812091306,-0.27225260378210814,60.6371291232703,4.8662551873575115,6.8687499999999995,345.8,350.50847457627117,18,,danger,0.00024992034144894203,114.97216791376397,aibn_source_informed_model,,,,,80,,False,False
388.0,,own,999181101,HELGE INGSTAD,-0.22694718041486933,0.43591493450951097,60.648931915575155,4.857284960227222,17.0,157.0,157.0,18,,,,,aibn_source_informed_model,,,,,35,,False,False
388.0,,target,999181102,SOLA TS,0.03645459078644245,-0.27040207398660515,60.637159965433554,4.866239269055045,6.875,345.8,350.59322033898303,18,,danger,0.00022821908108033634,113.94230949677865,aibn_source_informed_model,,,,,80,,False,False
389.0,,own,999181101,HELGE INGSTAD,-0.22510206119700332,0.43156810603487444,60.64885946843391,4.857347684814173,17.0,157.0,157.0,18,,,,,aibn_source_informed_model,,,,,35,,False,False
389.0,,target,999181102,SOLA TS,0.035985908879915325,-0.2685498611262586,60.63719083564789,4.866223336274814,6.88125,345.8,350.6779661016949,18,,danger,0.00020671866620684866,112.91272724203135,aibn_source_informed_model,,,,,80,,False,False
390.0,,own,999181101,HELGE INGSTAD,-0.2232569419791373,0.4272212775602379,60.64878702129267,4.857410409401125,17.0,157.0,157.0,18,,,,,aibn_source_informed_model,,,,,35,,False,False
390.0,,target,999181102,SOLA TS,0.035516801092509945,-0.26669596520106853,60.637221733913314,4.866207389016817,6.8875,345.8,350.76271186440675,18,,danger,0.00018541893979418517,111.88342093628027,aibn_source_informed_model,,,,,80,,False,False
391.0,,own,999181101,HELGE INGSTAD,-0.22140947533331024,0.42287594932235334,60.64871459915537,4.857473213788584,16.996666666666666,156.93333333333334,156.93333333333334,18,,,,,aibn_source_informed_model,,,,,35,,False,False
391.0,,target,999181102,SOLA TS,0.0350472674242263,-0.26484038621103484,60.63725266022981,4.8661914272810565,6.89375,345.8,350.8474576271187,18,,danger,0.0007709729695598274,110.87399657847968,aibn_source_informed_model,,,,,80,,False,False
392.0,,own,999181101,HELGE INGSTAD,-0.21955731719534424,0.41853362533708033,60.64864222708895,4.8575361776627055,16.993333333333332,156.86666666666667,156.86666666666667,18,,,,,aibn_source_informed_model,,,,,35,,False,False
392.0,,target,999181102,SOLA TS,0.03457730787506439,-0.2629831241561576,60.63728361459739,4.866175451067531,6.8999999999999995,345.8,350.93220338983053,18,,danger,0.0013509025409883845,109.86462335287221,aibn_source_informed_model,,,,,80,,False,False
393.0,,own,999181101,HELGE INGSTAD,-0.2177004720547572,0.4141943106379167,60.6485699051773,4.857599300870869,16.99,156.8,156.8,18,,,,,aibn_source_informed_model,,,,,35,,False,False
393.0,,target,999181102,SOLA TS,0.034106922445024224,-0.2611241790364368,60.63731459701606,4.86615946037624,6.90625,345.8,351.0169491525424,18,,danger,0.0019252137006104254,108.85530140557621,aibn_source_informed_model,,,,,80,,False,False
394.0,,own,999181101,HELGE INGSTAD,-0.2158389444064275,0.4098580102519806,60.6484976335042,4.8576625832602724,16.986666666666668,156.73333333333332,156.73333333333332,18,,,,,aibn_source_informed_model,,,,,35,,False,False
394.0,,target,999181102,SOLA TS,0.03363611113410579,-0.2592635508518724,60.6373456074858,4.866143455207185,6.9125,345.8,351.10169491525426,18,,danger,0.0024939124959974905,107.84603087931323,aibn_source_informed_model,,,,,80,,False,False
395.0,,own,999181101,HELGE INGSTAD,-0.21397273875058528,0.40552472920000493,60.64842541215333,4.85772602467793,16.983333333333334,156.66666666666666,156.66666666666666,18,,,,,aibn_source_informed_model,,,,,35,,False,False
395.0,,target,999181102,SOLA TS,0.033164873942309096,-0.25740123960246447,60.63737664600662,4.866127435560364,6.91875,345.8,351.1864406779661,18,,danger,0.0030570049757501624,106.8368119134176,aibn_source_informed_model,,,,,80,,False,False
396.0,,own,999181101,HELGE INGSTAD,-0.2121018595928037,0.40119447249633156,60.64835324120827,4.8577896249706765,16.98,156.6,156.6,18,,,,,aibn_source_informed_model,,,,,35,,False,False
396.0,,target,999181102,SOLA TS,0.03269321086963414,-0.255537245288213,60.63740771257853,4.866111401435779,6.925,345.8,351.271186440678,18,,danger,0.003614497189487436,105.82764464384559,aibn_source_informed_model,,,,,80,,False,False
397.0,,own,999181101,HELGE INGSTAD,-0.21022631144399012,0.39686724514890565,60.64828112075248,4.857853383985164,16.976666666666667,156.53333333333333,156.53333333333333,18,,,,,aibn_source_informed_model,,,,,35,,False,False
397.0,,target,999181102,SOLA TS,0.032221121916080925,-0.2536715679091179,60.63743880720151,4.866095352833429,6.93125,345.8,351.35593220338984,18,,danger,0.004166395187834883,104.81852920318458,aibn_source_informed_model,,,,,80,,False,False
398.0,,own,999181101,HELGE INGSTAD,-0.20834609882037733,0.3925430521592702,60.64820905086932,4.857917301567863,16.973333333333333,156.46666666666667,156.46666666666667,18,,,,,aibn_source_informed_model,,,,,35,,False,False
398.0,,target,999181102,SOLA TS,0.03174860708164945,-0.25180420746517923,60.63746992987558,4.866079289753314,6.9375,345.8,351.4406779661017,18,,danger,0.004712705022412884,103.8094657206625,aibn_source_informed_model,,,,,80,,False,False
399.0,,own,999181101,HELGE INGSTAD,-0.20646122624351476,0.3882218985225604,60.648137031642044,4.857981377565064,16.97,156.4,156.4,18,,,,,aibn_source_informed_model,,,,,35,,False,False
399.0,,target,999181102,SOLA TS,0.03127566636633971,-0.24993516395639703,60.63750108060073,4.866063212195434,6.94375,345.8,351.52542372881356,18,,danger,0.005253432745825078,102.80045432215685,aibn_source_informed_model,,,,,80,,False,False
400.0,,own,999181101,HELGE INGSTAD,-0.20457169824025973,0.38390378922749785,60.648065063153794,4.858045611822878,16.966666666666665,156.33333333333334,156.33333333333334,18,,,,,aibn_source_informed_model,,,,,35,,False,False
400.0,,target,999181102,SOLA TS,0.030802299770151705,-0.24806443738277126,60.637532259376954,4.86604712015979,6.95,345.8,351.6101694915254,18,,danger,0.005788584411648601,101.7914951302039,aibn_source_informed_model,,,,,80,,False,False
401.0,,own,999181101,HELGE INGSTAD,-0.2026775193427685,0.37958872925638515,60.647993145487604,4.8581100041872345,16.96333333333333,156.26666666666668,156.26666666666668,18,,,,,aibn_source_informed_model,,,,,35,,False,False
401.0,,target,999181102,SOLA TS,0.030328507293085442,-0.2461920277443019,60.63756346620426,4.86603101364638,6.95625,345.8,351.6949152542373,18,,danger,0.0063181660744211976,100.78258826400797,aibn_source_informed_model,,,,,80,,False,False
402.0,,own,999181101,HELGE INGSTAD,-0.2007786940884877,0.37527672358510034,60.647921278726415,4.858174554503883,16.96,156.2,156.2,18,,,,,aibn_source_informed_model,,,,,35,,False,False
402.0,,target,999181102,SOLA TS,0.029854288935140916,-0.244317935040989,60.63759470108265,4.866014892655206,6.9625,345.8,351.77966101694915,18,,danger,0.006842183789631539,99.77373383945037,aibn_source_informed_model,,,,,80,,False,False
403.0,,own,999181101,HELGE INGSTAD,-0.19887522702014526,0.3709677771830912,60.64784946295305,4.858239262618395,16.956666666666667,156.13333333333333,156.13333333333333,18,,,,,aibn_source_informed_model,,,,,35,,False,False
403.0,,target,999181102,SOLA TS,0.029379644696318128,-0.24244215927283252,60.637625964012116,4.865998757186266,6.96875,345.8,351.864406779661,18,,danger,0.007360643613707666,98.76493196909867,aibn_source_informed_model,,,,,80,,False,False
404.0,,own,999181101,HELGE INGSTAD,-0.19696712268574176,0.3666618950133698,60.64777769825022,4.858304128376162,16.953333333333333,156.06666666666666,156.06666666666666,18,,,,,aibn_source_informed_model,,,,,35,,False,False
404.0,,target,999181102,SOLA TS,0.02890457457661708,-0.24056470043983247,60.63765725499267,4.865982607239562,6.975,345.8,351.9491525423729,18,,danger,0.007873551604006414,97.75618276221559,aibn_source_informed_model,,,,,80,,False,False
405.0,,own,999181101,HELGE INGSTAD,-0.19505438563854158,0.362359082032507,60.64770598470054,4.858369151622394,16.95,156.0,156.0,18,,,,,aibn_source_informed_model,,,,,35,,False,False
405.0,,target,999181102,SOLA TS,0.02842907857603777,-0.23868555854198886,60.6376885740243,4.865966442815093,6.98125,345.8,352.03389830508473,18,,danger,0.008380913818802994,96.74748632476808,aibn_source_informed_model,,,,,80,,False,False
406.0,,own,999181101,HELGE INGSTAD,-0.193137020437064,0.3580593431906267,60.64763432238651,4.858434332202128,16.946666666666665,155.93333333333334,155.93333333333334,18,,,,,aibn_source_informed_model,,,,,35,,False,False
406.0,,target,999181102,SOLA TS,0.0279531566945802,-0.23680473357930168,60.63771992110701,4.865950263912859,6.9875,345.8,352.1186440677966,18,,danger,0.008882736317279864,95.73884275943642,aibn_source_informed_model,,,,,80,,False,False
407.0,,own,999181101,HELGE INGSTAD,-0.1912150316450744,0.3537626834314006,60.64756271139052,4.858499669960217,16.94333333333333,155.86666666666667,155.86666666666667,18,,,,,aibn_source_informed_model,,,,,35,,False,False
407.0,,target,999181102,SOLA TS,0.027476808932244363,-0.23492222555177092,60.6377512962408,4.865934070532861,6.99375,345.8,352.20338983050846,18,,danger,0.00937902515951712,94.73025216562309,aibn_source_informed_model,,,,,80,,False,False
408.0,,own,999181101,HELGE INGSTAD,-0.18928842383157543,0.34946910769204254,60.64749115179487,4.85856516474134,16.939999999999998,155.8,155.8,18,,,,,aibn_source_informed_model,,,,,35,,False,False
408.0,,target,999181102,SOLA TS,0.027000035289030267,-0.2330380344593966,60.63778269942568,4.865917862675097,7.0,345.8,352.2881355932203,18,,danger,0.009869786406481094,93.72171463946174,aibn_source_informed_model,,,,,80,,False,False
409.0,,own,999181101,HELGE INGSTAD,-0.18735720157079822,0.34517862090330304,60.64741964368172,4.858630816389995,16.936666666666667,155.73333333333332,155.73333333333332,18,,,,,aibn_source_informed_model,,,,,35,,False,False
409.0,,target,999181102,SOLA TS,0.02652283576493791,-0.23115216030217872,60.63781413066163,4.865901640339569,7.00625,345.8,352.3728813559322,18,,danger,0.010355026120014788,92.71323027382608,aibn_source_informed_model,,,,,80,,False,False
410.0,,own,999181101,HELGE INGSTAD,-0.18542136944219334,0.3408912279894638,60.647348187133154,4.858696624750507,16.933333333333334,155.66666666666666,155.66666666666666,18,,,,,aibn_source_informed_model,,,,,35,,False,False
410.0,,target,999181102,SOLA TS,0.02604521035996729,-0.22926460308011726,60.63784558994866,4.865885403526275,7.0125,345.8,352.45762711864404,18,,danger,0.010834750362827592,91.70479915833891,aibn_source_informed_model,,,,,80,,False,False
411.0,,own,999181101,HELGE INGSTAD,-0.18348093203042215,0.3366069338683323,60.64727678223114,4.858762589667017,16.93,155.6,155.6,18,,,,,aibn_source_informed_model,,,,,35,,False,False
411.0,,target,999181102,SOLA TS,0.02556715907411841,-0.22737536279321224,60.63787707728678,4.865869152235217,7.01875,345.8,352.54237288135596,18,,danger,0.011308965198484748,90.69642137938075,aibn_source_informed_model,,,,,80,,False,False
412.0,,own,999181101,HELGE INGSTAD,-0.18153589392534783,0.33232574345123617,60.64720542905752,4.858828710983496,16.926666666666666,155.53333333333333,155.53333333333333,18,,,,,aibn_source_informed_model,,,,,35,,False,False
412.0,,target,999181102,SOLA TS,0.025088681907391264,-0.22548443944146365,60.63790859267598,4.865852886466394,7.025,345.8,352.6271186440678,18,,danger,0.011777676691398009,89.68809702009882,aibn_source_informed_model,,,,,80,,False,False
413.0,,own,999181101,HELGE INGSTAD,-0.1795862597220265,0.32804766164301796,60.64713412769405,4.858894988543735,16.923333333333332,155.46666666666667,155.46666666666667,18,,,,,aibn_source_informed_model,,,,,35,,False,False
413.0,,target,999181102,SOLA TS,0.02460977885978586,-0.22359183302487148,60.63794013611625,4.865836606219807,7.03125,345.8,352.7118644067797,18,,danger,0.012240890906815979,88.67982616041593,aibn_source_informed_model,,,,,80,,False,False
414.0,,own,999181101,HELGE INGSTAD,-0.17763203402069833,0.3237726933420296,60.647062878222364,4.858961422191349,16.919999999999998,155.4,155.4,18,,,,,aibn_source_informed_model,,,,,35,,False,False
414.0,,target,999181102,SOLA TS,0.024130449931302193,-0.22169754354343577,60.63797170760761,4.865820311495454,7.0375,345.8,352.79661016949154,18,,danger,0.012698613910813205,87.67160887703895,aibn_source_informed_model,,,,,80,,False,False
415.0,,own,999181101,HELGE INGSTAD,-0.17567322142677877,0.3195008434401271,60.646991680724,4.859028011769778,16.916666666666664,155.33333333333334,155.33333333333334,18,,,,,aibn_source_informed_model,,,,,35,,False,False
415.0,,target,999181102,SOLA TS,0.023650695121940263,-0.21980157099715647,60.63800330715004,4.865804002293336,7.04375,345.8,352.8813559322034,18,,danger,0.013150851770281332,86.6634452434679,aibn_source_informed_model,,,,,80,,False,False
416.0,,own,999181101,HELGE INGSTAD,-0.17370982655084954,0.3152321168226647,60.64692053528038,4.8590947571222864,16.91333333333333,155.26666666666668,155.26666666666668,18,,,,,aibn_source_informed_model,,,,,35,,False,False
416.0,,target,999181102,SOLA TS,0.02317051443170007,-0.2179039153860336,60.638034934743565,4.8657876786134535,7.05,345.8,352.96610169491527,18,,danger,0.013597610552919807,85.65533533000445,aibn_source_informed_model,,,,,80,,False,False
417.0,,own,999181101,HELGE INGSTAD,-0.1717418540086498,0.3109665183684902,60.646849441972805,4.859161658091962,16.91,155.2,155.2,18,,,,,aibn_source_informed_model,,,,,35,,False,False
417.0,,target,999181102,SOLA TS,0.02268990786058162,-0.21600457671006718,60.63806659038816,4.865771340455806,7.05625,345.8,353.0508474576271,18,,danger,0.014038896327225565,84.64727920376062,aibn_source_informed_model,,,,,80,,False,False
418.0,,own,999181101,HELGE INGSTAD,-0.1697693084210672,0.30670405294993885,60.646778400882496,4.859228714521717,16.906666666666666,155.13333333333333,155.13333333333333,18,,,,,aibn_source_informed_model,,,,,35,,False,False
418.0,,target,999181102,SOLA TS,0.022208875408584905,-0.21410355496925718,60.638098274083845,4.865754987820394,7.0625,345.8,353.135593220339,18,,danger,0.014474715162484006,83.63927692866763,aibn_source_informed_model,,,,,80,,False,False
419.0,,own,999181101,HELGE INGSTAD,-0.16779219441412901,0.3024447254328285,60.64670741209055,4.859295926254293,16.903333333333332,155.06666666666666,155.06666666666666,18,,,,,aibn_source_informed_model,,,,,35,,False,False
419.0,,target,999181102,SOLA TS,0.02172741707570993,-0.2122008501636036,60.6381299858306,4.865738620707217,7.06875,345.8,353.22033898305085,18,,danger,0.014905073128759862,82.63132856548427,aibn_source_informed_model,,,,,80,,False,False
420.0,,own,999181101,HELGE INGSTAD,-0.16581051661899326,0.298188540676454,60.64663647567794,4.859363293132253,16.9,155.0,155.0,18,,,,,aibn_source_informed_model,,,,,35,,False,False
420.0,,target,999181102,SOLA TS,0.02124553286195669,-0.21029646229310647,60.63816172562845,4.865722239116275,7.075,345.8,353.3050847457627,18,,danger,0.01532997629688832,81.62343417180566,aibn_source_informed_model,,,,,80,,False,False
421.0,,own,999181101,HELGE INGSTAD,-0.16382298931978764,0.2939355953585728,60.64656559325598,4.859430858863339,16.9,154.90384615384616,154.90384615384616,18,,,,,aibn_source_informed_model,,,,,35,,False,False
421.0,,target,999181102,SOLA TS,0.02076322276732519,-0.20839039135776577,60.63819349347737,4.865705843047568,7.08125,345.8,353.3898305084746,18,,danger,0.015949268214427402,80.6050595433679,aibn_source_informed_model,,,,,80,,False,False
422.0,,own,999181101,HELGE INGSTAD,-0.16182832752477472,0.2896859914987417,60.64649476652498,4.85949866713068,16.9,154.80769230769232,154.80769230769232,18,,,,,aibn_source_informed_model,,,,,35,,False,False
422.0,,target,999181102,SOLA TS,0.02028048679181543,-0.2064826373575815,60.638225289377374,4.865689432501097,7.0875,345.8,353.47457627118644,18,,danger,0.01656060842191849,79.58683307473362,aibn_source_informed_model,,,,,80,,False,False
423.0,,own,999181101,HELGE INGSTAD,-0.15982653685163742,0.28543974106536923,60.64642399568442,4.859566717743302,16.9,154.71153846153845,154.71153846153845,18,,,,,aibn_source_informed_model,,,,,35,,False,False
423.0,,target,999181102,SOLA TS,0.019797324935427407,-0.20457320029255366,60.63825711332846,4.86567300747686,7.09375,345.8,353.5593220338983,18,,danger,0.017164002462270015,78.56875486572682,aibn_source_informed_model,,,,,80,,False,False
424.0,,own,999181101,HELGE INGSTAD,-0.15781762293813614,0.2811968560174194,60.646353280933624,4.8596350105095505,16.9,154.6153846153846,154.6153846153846,18,,,,,aibn_source_informed_model,,,,,35,,False,False
424.0,,target,999181102,SOLA TS,0.01931373719816112,-0.20266208016268225,60.638288965330624,4.865656567974859,7.1,345.8,353.64406779661016,18,,danger,0.017759455881297456,77.55082501043405,aibn_source_informed_model,,,,,80,,False,False
425.0,,own,999181101,HELGE INGSTAD,-0.15580159144209293,0.27695734830437807,60.64628262247174,4.859703545237088,16.9,154.51923076923077,154.51923076923077,18,,,,,aibn_source_informed_model,,,,,35,,False,False
425.0,,target,999181102,SOLA TS,0.018829723580016573,-0.20074927696796727,60.638320845383866,4.865640113995092,7.10625,345.8,353.728813559322,18,,danger,0.01834697422770416,76.53304359722664,aibn_source_informed_model,,,,,80,,False,False
426.0,,own,999181101,HELGE INGSTAD,-0.15377844804137544,0.27272122986621933,60.64621202049777,4.859772321732896,16.9,154.42307692307693,154.42307692307693,18,,,,,aibn_source_informed_model,,,,,35,,False,False
426.0,,target,999181102,SOLA TS,0.018345284080993764,-0.19883479070840873,60.63835275348819,4.865623645537561,7.1125,345.8,353.8135593220339,18,,danger,0.018926563053057267,75.51541070878281,aibn_source_informed_model,,,,,80,,False,False
427.0,,own,999181101,HELGE INGSTAD,-0.15174819843388104,0.2684885126333718,60.646141475210555,4.8598413398032765,16.9,154.32692307692307,154.32692307692307,18,,,,,aibn_source_informed_model,,,,,35,,False,False
427.0,,target,999181102,SOLA TS,0.017860418701092694,-0.19691862138400662,60.6383846896436,4.865607162602266,7.11875,345.8,353.89830508474574,18,,danger,0.019498227911766437,74.49792642210947,aibn_source_informed_model,,,,,80,,False,False
428.0,,own,999181101,HELGE INGSTAD,-0.1497108483375207,0.2642592085266852,60.64607098680878,4.859910599253849,16.9,154.23076923076923,154.23076923076923,18,,,,,aibn_source_informed_model,,,,,35,,False,False
428.0,,target,999181102,SOLA TS,0.017375127440313363,-0.19500076899476093,60.638416653850086,4.865590665189204,7.125,345.8,353.9830508474576,18,,danger,0.02006197436106271,73.48059080856439,aibn_source_informed_model,,,,,80,,False,False
429.0,,own,999181101,HELGE INGSTAD,-0.14766640349020296,0.26003332945739666,60.64600055549096,4.859980099889554,16.9,154.1346153846154,154.1346153846154,18,,,,,aibn_source_informed_model,,,,,35,,False,False
429.0,,target,999181102,SOLA TS,0.016889410298655767,-0.1930812335406717,60.638448646107655,4.865574153298379,7.1312500000000005,345.8,354.06779661016947,18,,danger,0.020617807960976765,72.46340393387773,aibn_source_informed_model,,,,,80,,False,False
430.0,,own,999181101,HELGE INGSTAD,-0.14561486964981768,0.255810887327097,60.64593018145545,4.860049841514653,16.9,154.03846153846155,154.03846153846155,18,,,,,aibn_source_informed_model,,,,,35,,False,False
430.0,,target,999181102,SOLA TS,0.01640326727611991,-0.19116001502173888,60.63848066641631,4.865557626929788,7.1375,345.8,354.1525423728814,18,,danger,0.021165734274317533,71.44636585817373,aibn_source_informed_model,,,,,80,,False,False
431.0,,own,999181101,HELGE INGSTAD,-0.14355625259421984,0.2515918940276976,60.64585986490046,4.860119823932728,16.9,153.94230769230768,153.94230769230768,18,,,,,aibn_source_informed_model,,,,,35,,False,False
431.0,,target,999181102,SOLA TS,0.015916698372705793,-0.18923711343796248,60.638512714776034,4.865541086083433,7.14375,345.8,354.23728813559325,18,,danger,0.02170575886665246,70.42947663599236,aibn_source_informed_model,,,,,80,,False,False
432.0,,own,999181101,HELGE INGSTAD,-0.14149055812121336,0.2473763614413966,60.645789606024024,4.860190046946685,16.9,153.84615384615384,153.84615384615384,18,,,,,aibn_source_informed_model,,,,,35,,False,False
432.0,,target,999181102,SOLA TS,0.015429703588413413,-0.18731252878934254,60.638544791186845,4.865524530759313,7.15,345.8,354.3220338983051,18,,danger,0.022237887306284378,69.41273631631054,aibn_source_informed_model,,,,,80,,False,False
433.0,,own,999181101,HELGE INGSTAD,-0.13941779204853466,0.2431643014406455,60.64571940502401,4.860260510358749,16.9,153.75,153.75,18,,,,,aibn_source_informed_model,,,,,35,,False,False
433.0,,target,999181102,SOLA TS,0.014942282923242772,-0.18538626107587902,60.63857689564873,4.865507960957427,7.15625,345.8,354.40677966101697,18,,danger,0.02276212516423397,68.39614494256377,aibn_source_informed_model,,,,,80,,False,False
434.0,,own,999181101,HELGE INGSTAD,-0.13733796021383635,0.23895572588811578,60.64564926209813,4.860331213970471,16.9,153.65384615384616,153.65384615384616,18,,,,,aibn_source_informed_model,,,,,35,,False,False
434.0,,target,999181102,SOLA TS,0.01445443637719387,-0.18345831029757192,60.6386090281617,4.865491376677777,7.1625000000000005,345.8,354.49152542372883,18,,danger,0.023278478014217063,67.37970255266708,aibn_source_informed_model,,,,,80,,False,False
435.0,,own,999181101,HELGE INGSTAD,-0.13525106847467072,0.2347506466366655,60.64557917744394,4.860402157582723,16.9,153.55769230769232,153.55769230769232,18,,,,,aibn_source_informed_model,,,,,35,,False,False
435.0,,target,999181102,SOLA TS,0.013966163950266704,-0.18152867645442128,60.63864118872576,4.865474777920363,7.16875,345.8,354.5762711864407,18,,danger,0.023786951432625526,66.3634091790363,aibn_source_informed_model,,,,,80,,False,False
436.0,,own,999181101,HELGE INGSTAD,-0.13315712270847332,0.23054907552930587,60.64550915125882,4.860473340995704,16.9,153.46153846153845,153.46153846153845,18,,,,,aibn_source_informed_model,,,,,35,,False,False
436.0,,target,999181102,SOLA TS,0.013477465642461278,-0.17959735954642705,60.63867337734089,4.865458164685183,7.175,345.8,354.66101694915255,18,,danger,0.024287550998507792,65.34726484860894,aibn_source_informed_model,,,,,80,,False,False
437.0,,own,999181101,HELGE INGSTAD,-0.13105612881254639,0.22635102439916788,60.64543918373999,4.860544764008935,16.9,153.3653846153846,153.3653846153846,18,,,,,aibn_source_informed_model,,,,,35,,False,False
437.0,,target,999181102,SOLA TS,0.012988341453777589,-0.17766435957358925,60.63870559400711,4.865441536972238,7.18125,345.8,354.7457627118644,18,,danger,0.024780282293547635,64.33126958286529,aibn_source_informed_model,,,,,80,,False,False
438.0,,own,999181101,HELGE INGSTAD,-0.12894809270404214,0.222156505069469,60.64536927508449,4.860616426421263,16.9,153.26923076923077,153.26923076923077,18,,,,,aibn_source_informed_model,,,,,35,,False,False
438.0,,target,999181102,SOLA TS,0.012498791384215639,-0.1757296765359079,60.6387378387244,4.865424894781529,7.1875,345.8,354.8305084745763,18,,danger,0.025265150902046212,63.31542339784897,aibn_source_informed_model,,,,,80,,False,False
439.0,,own,999181101,HELGE INGSTAD,-0.12683302031994628,0.2179655293534799,60.64529942548922,4.860688328030861,16.9,153.17307692307693,153.17307692307693,18,,,,,aibn_source_informed_model,,,,,35,,False,False
439.0,,target,999181102,SOLA TS,0.012008815433775426,-0.17379331043338297,60.638770111492775,4.865408238113054,7.1937500000000005,345.8,354.91525423728814,18,,danger,0.025742162410902217,62.299726304187736,aibn_source_informed_model,,,,,80,,False,False
440.0,,own,999181101,HELGE INGSTAD,-0.12471091761706113,0.21377810905449118,60.645229635150905,4.860760468635228,16.9,153.07692307692307,153.07692307692307,18,,,,,aibn_source_informed_model,,,,,35,,False,False
440.0,,target,999181102,SOLA TS,0.011518413602456952,-0.17185526126601447,60.63880241231223,4.8653915669668155,7.2,345.8,355.0,18,,danger,0.026211322409592428,61.284178307114125,aibn_source_informed_model,,,,,80,,False,False
441.0,,own,999181101,HELGE INGSTAD,-0.12258179057198892,0.20959425596578007,60.645159904266094,4.860832848031192,16.9,152.98076923076923,152.98076923076923,18,,,,,aibn_source_informed_model,,,,,35,,False,False
441.0,,target,999181102,SOLA TS,0.011030675771788127,-0.16991564485843938,60.63883473925236,4.86537498638293,7.2,345.97,355.1,18,,danger,0.02633289954083936,60.29629596606323,aibn_source_informed_model,,,,,80,,False,False
442.0,,own,999181101,HELGE INGSTAD,-0.12044564518111497,0.2054139818705773,60.645090233031176,4.860905466014905,16.9,152.8846153846154,152.8846153846154,18,,,,,aibn_source_informed_model,,,,,35,,False,False
442.0,,target,999181102,SOLA TS,0.010548695037291465,-0.1679745898433576,60.63886709016928,4.865358601510779,7.2,346.14,355.2,18,,danger,0.026452640939617314,59.308462217794066,aibn_source_informed_model,,,,,80,,False,False
443.0,,own,999181101,HELGE INGSTAD,-0.11830248746059077,0.20123729854203384,60.64502062164237,4.860978322381849,16.9,152.78846153846155,152.78846153846155,18,,,,,aibn_source_informed_model,,,,,35,,False,False
443.0,,target,999181102,SOLA TS,0.010072475642053986,-0.16603211330872467,60.638899464778184,4.865342412494602,7.2,346.31,355.3,18,,danger,0.026570544909963148,58.3206681787005,aibn_source_informed_model,,,,,80,,False,False
444.0,,own,999181101,HELGE INGSTAD,-0.11615232344631703,0.1970642177431878,60.64495107029572,4.861051416926834,16.9,152.69230769230768,152.69230769230768,18,,,,,aibn_source_informed_model,,,,,35,,False,False
444.0,,target,999181102,SOLA TS,0.00960202177844312,-0.16408823235501027,60.63893186279408,4.865326419476921,7.2,346.48,355.4,18,,danger,0.026686609596492095,57.33290496132492,aibn_source_informed_model,,,,,80,,False,False
445.0,,own,999181101,HELGE INGSTAD,-0.11399515919392669,0.19289475122693125,60.644881579187114,4.861124749444,16.9,152.59615384615384,152.59615384615384,18,,,,,aibn_source_informed_model,,,,,35,,False,False
445.0,,target,999181102,SOLA TS,0.009137337588069804,-0.1621429640950479,60.63896428393175,4.865310622598529,7.2,346.65,355.5,18,,danger,0.026800832984258866,56.34516367411746,aibn_source_informed_model,,,,,80,,False,False
446.0,,own,999181101,HELGE INGSTAD,-0.11183100077876792,0.18872891073597714,60.644812148512266,4.8611983197268165,16.9,152.5,152.5,18,,,,,aibn_source_informed_model,,,,,35,,False,False
446.0,,target,999181102,SOLA TS,0.008678427161752022,-0.16019632565388403,60.63899672790577,4.865295021998492,7.2,346.82,355.6,18,,danger,0.026913212898614196,55.357435421195085,aibn_source_informed_model,,,,,80,,False,False
447.0,,own,999181101,HELGE INGSTAD,-0.10965317941994891,0.18457019665936078,60.64474283661099,4.8612723544796195,16.9,152.22,152.22,18,,,,,aibn_source_informed_model,,,,,35,,False,False
447.0,,target,999181102,SOLA TS,0.008225294539478789,-0.15824833416862755,60.63902919443052,4.865279617814149,7.2,346.99,355.7,18,,danger,0.0278478560067503,54.369863025091874,aibn_source_informed_model,,,,,80,,False,False
448.0,,own,999181101,HELGE INGSTAD,-0.1074550608364226,0.1804221750424051,60.64467370291737,4.861347079233926,16.9,151.94,151.94,18,,,,,aibn_source_informed_model,,,,,35,,False,False
448.0,,target,999181102,SOLA TS,0.007777943710374583,-0.1562990067882987,60.63906168322019,4.86526441018111,7.2,347.16,355.8,18,,danger,0.02876577238448798,53.38221180107387,aibn_source_informed_model,,,,,80,,False,False
449.0,,own,999181101,HELGE INGSTAD,-0.1052366975235651,0.17628494494798888,60.64460474908247,4.861422492205165,16.9,151.66,151.66,18,,,,,aibn_source_informed_model,,,,,35,,False,False
449.0,,target,999181102,SOLA TS,0.007336378612664235,-0.1543483606736782,60.63909419398877,4.865249399233255,7.2,347.33,355.9,18,,danger,0.02966696004489091,52.39446175703349,aibn_source_informed_model,,,,,80,,False,False
450.0,,own,999181101,HELGE INGSTAD,-0.10299814246023627,0.17215860518126824,60.64453597675302,4.861498591592325,16.9,151.38,151.38,18,,,,,aibn_source_informed_model,,,,,35,,False,False
450.0,,target,999181102,SOLA TS,0.006900603133638252,-0.15239641299715617,60.639126726450044,4.865234585102732,7.2,347.5,356.0,18,,danger,0.030551416501604405,51.40659286512647,aibn_source_informed_model,,,,,80,,False,False
451.0,,own,999181101,HELGE INGSTAD,-0.1007394491075145,0.16804325428731692,60.64446738757145,4.861575375578003,16.9,151.1,151.1,18,,,,,aibn_source_informed_model,,,,,35,,False,False
451.0,,target,999181102,SOLA TS,0.006470855605575356,-0.1504438403950235,60.63915926932675,4.8652199758916135,7.195,347.675,356.1,18,,danger,0.0314247084700662,50.429217298734535,aibn_source_informed_model,,,,,80,,False,False
452.0,,own,999181101,HELGE INGSTAD,-0.09846067140742003,0.1639389905487729,60.64439898317581,4.861652842328448,16.9,150.82,150.82,18,,,,,aibn_source_informed_model,,,,,35,,False,False
452.0,,target,999181102,SOLA TS,0.0060473682615094105,-0.14849132164316467,60.63919181130595,4.865205579494634,7.19,347.85,356.2,18,,danger,0.032281945530010674,49.45146633645543,aibn_source_informed_model,,,,,80,,False,False
453.0,,own,999181101,HELGE INGSTAD,-0.09616186378162657,0.15984591198349113,60.644330765199726,4.861730989993603,16.9,150.54,150.54,18,,,,,aibn_source_informed_model,,,,,35,,False,False
453.0,,target,999181102,SOLA TS,0.0056301367606697,-0.14653887675478874,60.639224352054086,4.865191395764228,7.1850000000000005,348.025,356.3,18,,danger,0.033123096566963675,48.47331820437971,aibn_source_informed_model,,,,,80,,False,False
454.0,,own,999181101,HELGE INGSTAD,-0.09384308113016171,0.15576411634220275,60.64426273527237,4.861809816707149,16.9,150.26,150.26,18,,,,,aibn_source_informed_model,,,,,35,,False,False
454.0,,target,999181102,SOLA TS,0.005219156698471285,-0.1445865257170826,60.63925689123805,4.865177424550662,7.18,348.2,356.4,18,,danger,0.03394812989204876,47.4947511342582,aibn_source_informed_model,,,,,80,,False,False
455.0,,own,999181101,HELGE INGSTAD,-0.09150437883009577,0.15169370110618055,60.64419489501844,4.861889320586548,16.9,149.98,149.98,18,,,,,aibn_source_informed_model,,,,,35,,False,False
455.0,,target,999181102,SOLA TS,0.004814423606633497,-0.142634288491008,60.639289428525146,4.865163665702038,7.175,348.375,356.5,18,,danger,0.03475701323958538,46.515743363066875,aibn_source_informed_model,,,,,80,,False,False
456.0,,own,999181101,HELGE INGSTAD,-0.08914581273421927,0.147634763484911,60.64412724605808,4.8619694997330924,16.9,149.7,149.7,18,,,,,aibn_source_informed_model,,,,,35,,False,False
456.0,,target,999181102,SOLA TS,0.004415932953299068,-0.14068218501109897,60.63932196358315,4.865150119064297,7.17,348.55,356.6,18,,danger,0.03554971376461887,45.53627313259608,aibn_source_informed_model,,,,,80,,False,False
457.0,,own,999181101,HELGE INGSTAD,-0.08676779237782291,0.14358719287693641,60.64405978654795,4.862050340224685,16.9,149.42999999999998,149.42999999999998,18,,,,,aibn_source_informed_model,,,,,35,,False,False
457.0,,target,999181102,SOLA TS,0.004023680143153921,-0.13873023518525976,60.639354496080244,4.86513678448122,7.165,348.725,356.7,18,,danger,0.03628946517027084,44.55644067223421,aibn_source_informed_model,,,,,80,,False,False
458.0,,own,999181101,HELGE INGSTAD,-0.08437072476872624,0.13955087332573696,60.64399251455543,4.862131828225145,16.9,149.16,149.16,18,,,,,aibn_source_informed_model,,,,,35,,False,False
458.0,,target,999181102,SOLA TS,0.003637660517547575,-0.1367784588945634,60.63938702568509,4.8651236617944384,7.16,348.9,356.8,18,,danger,0.03701376575305924,43.5761186514619,aibn_source_informed_model,,,,,80,,False,False
459.0,,own,999181101,HELGE INGSTAD,-0.0819546631375761,0.1355258944641205,60.6439254315744,4.8622139619249065,16.9,148.89,148.89,18,,,,,aibn_source_informed_model,,,,,35,,False,False
459.0,,target,999181102,SOLA TS,0.003257869354614208,-0.1348268759930505,60.639419552066784,4.8651107508434315,7.155,349.075,356.9,18,,danger,0.037722581739449,42.595286028651124,aibn_source_informed_model,,,,,80,,False,False
460.0,,own,999181101,HELGE INGSTAD,-0.07951966113681132,0.13151234567305706,60.64385853909455,4.86229673950006,16.9,148.62,148.62,18,,,,,aibn_source_informed_model,,,,,35,,False,False
460.0,,target,999181102,SOLA TS,0.0028843018693943505,-0.1328755063075288,60.639452074894876,4.865098051465536,7.15,349.25,357.0,18,,danger,0.03841587879180279,41.61392176640778,aibn_source_informed_model,,,,,80,,False,False
461.0,,own,999181101,HELGE INGSTAD,-0.07706577283947139,0.12751031607969404,60.64379183860133,4.8623801591124005,16.9,148.35,148.35,18,,,,,aibn_source_informed_model,,,,,35,,False,False
461.0,,target,999181102,SOLA TS,0.0025169532139572137,-0.1309243696373731,60.63948459383938,4.865085563495948,7.145,349.425,357.1,18,,danger,0.03909362200580376,40.632004831286075,aibn_source_informed_model,,,,,80,,False,False
462.0,,own,999181101,HELGE INGSTAD,-0.07459305273799562,0.12351989455537696,60.64372533157592,4.862464218909464,16.9,148.07999999999998,148.07999999999998,18,,,,,aibn_source_informed_model,,,,,35,,False,False
462.0,,target,999181102,SOLA TS,0.0021558184775236577,-0.12897348575432552,60.63951710857076,4.865073286767726,7.14,349.6,357.2,18,,danger,0.03975577590781893,39.64951419352845,aibn_source_informed_model,,,,,80,,False,False
463.0,,own,999181101,HELGE INGSTAD,-0.0721015557430131,0.119541169713676,60.643659019495225,4.862548917024571,16.9,147.81,147.81,18,,,,,aibn_source_informed_model,,,,,35,,False,False
463.0,,target,999181102,SOLA TS,0.0018008926865897784,-0.12702287440229648,60.63954961875996,4.8650612211117945,7.135,349.775,357.3,18,,danger,0.04040230445220433,38.66642882683175,aibn_source_informed_model,,,,,80,,False,False
464.0,,own,999181101,HELGE INGSTAD,-0.06959133718212326,0.1155742299084181,60.64359290383181,4.862634251576868,16.9,147.54,147.54,18,,,,,aibn_source_informed_model,,,,,35,,False,False
464.0,,target,999181102,SOLA TS,0.0014521708050511356,-0.1250725552971662,60.63958212407838,4.865049366356954,7.13,349.95,357.4,18,,danger,0.041033171018553,37.68272770814041,aibn_source_informed_model,,,,,80,,False,False
465.0,,own,999181101,HELGE INGSTAD,-0.06706245279866732,0.11161916323172504,60.643526986053864,4.862720220671365,16.9,147.27,147.27,18,,,,,aibn_source_informed_model,,,,,35,,False,False
465.0,,target,999181102,SOLA TS,0.0011096477343276023,-0.1231225481265865,60.63961462419789,4.865037722329877,7.125,350.125,357.5,18,,danger,0.04164833840888278,36.69838981746705,aibn_source_informed_model,,,,,80,,False,False
466.0,,own,999181101,HELGE INGSTAD,-0.06451495875049035,0.10767605751205707,60.6434612676252,4.862806822398986,16.9,147.0,147.0,18,,,,,aibn_source_informed_model,,,,,35,,False,False
466.0,,target,999181102,SOLA TS,0.0007733183134888391,-0.12117287254978322,60.63964711879083,4.865026288855119,7.12,350.3,357.6,18,,danger,0.04224776884476911,35.713394137741346,aibn_source_informed_model,,,,,80,,False,False
467.0,,own,999181101,HELGE INGSTAD,-0.06195852464419718,0.10373874201769338,60.643395645700295,4.862893728042716,16.9,147.01,147.01,18,,,,,aibn_source_informed_model,,,,,35,,False,False
467.0,,target,999181102,SOLA TS,0.00044317731938040553,-0.11922354819735914,60.63967960753004,4.865015065755121,7.114999999999999,350.475,357.7,18,,danger,0.04202907730520379,34.735326900450346,aibn_source_informed_model,,,,,80,,False,False
468.0,,own,999181101,HELGE INGSTAD,-0.059402777768027916,0.09980098040137805,60.64333001634002,4.862980610324147,16.9,147.02,147.02,18,,,,,aibn_source_informed_model,,,,,35,,False,False
468.0,,target,999181102,SOLA TS,0.00011921946675047171,-0.11727459467109741,60.639712090088814,4.865004052850209,7.109999999999999,350.65,357.8,18,,danger,0.04181682159480516,33.75684028345715,aibn_source_informed_model,,,,,80,,False,False
469.0,,own,999181101,HELGE INGSTAD,-0.05684771819983504,0.09586277278306216,60.64326437954638,4.863067469240633,16.9,147.03,147.03,18,,,,,aibn_source_informed_model,,,,,35,,False,False
469.0,,target,999181102,SOLA TS,-0.00019856059162283457,-0.11532603154376543,60.639744566140934,4.864993249958608,7.1049999999999995,350.825,357.9,18,,danger,0.041610984381207666,32.777931769979816,aibn_source_informed_model,,,,,80,,False,False
470.0,,own,999181101,HELGE INGSTAD,-0.05429334601745013,0.09192411928271037,60.64319873532138,4.8631543047895285,16.9,147.04,147.04,18,,,,,aibn_source_informed_model,,,,,35,,False,False
470.0,,target,999181102,SOLA TS,-0.0005101682648034673,-0.11337787835891931,60.63977703536068,4.864982656896435,7.1,351.0,358.0,18,,danger,0.04141154826594191,31.798598839380684,aibn_source_informed_model,,,,,80,,False,False
471.0,,own,999181101,HELGE INGSTAD,-0.051739661298683806,0.08798502002030092,60.643133083667,4.8632411169681875,16.9,147.05,147.05,18,,,,,aibn_source_informed_model,,,,,35,,False,False
471.0,,target,999181102,SOLA TS,-0.000815885512841148,-0.1114300574203583,60.63980949904299,4.864972264078496,7.096,351.16,358.08,18,,danger,0.04123139571464019,30.81644722791546,aibn_source_informed_model,,,,,80,,False,False
472.0,,own,999181101,HELGE INGSTAD,-0.04918666412132575,0.08404547511582565,60.64306742458526,4.863327905773967,16.9,147.06,147.06,18,,,,,aibn_source_informed_model,,,,,35,,False,False
472.0,,target,999181102,SOLA TS,-0.0011159930160967858,-0.10948248850398576,60.63984195852493,4.864962061963099,7.092,351.32,358.16,18,,danger,0.04105714315866905,29.833924081422825,aibn_source_informed_model,,,,,80,,False,False
473.0,,own,999181101,HELGE INGSTAD,-0.046634354563144714,0.08010548468928995,60.64300175807816,4.863414671204222,16.9,147.07,147.07,18,,,,,aibn_source_informed_model,,,,,35,,False,False
473.0,,target,999181102,SOLA TS,-0.0014104945674900929,-0.10753518774242374,60.639874413537626,4.864952050421302,7.088,351.48,358.24,18,,danger,0.0408887772164463,28.851027341154996,aibn_source_informed_model,,,,,80,,False,False
474.0,,own,999181101,HELGE INGSTAD,-0.04408273270188848,0.07616504886071279,60.64293608414768,4.863501413256309,16.9,147.07999999999998,147.07999999999998,18,,,,,aibn_source_informed_model,,,,,35,,False,False
474.0,,target,999181102,SOLA TS,-0.0016993940062723805,-0.10558817124907234,60.63990686381251,4.864942229322594,7.084,351.64,358.32,18,,danger,0.04072628445733846,27.86775494529736,aibn_source_informed_model,,,,,80,,False,False
475.0,,own,999181101,HELGE INGSTAD,-0.041531798615283895,0.07222416775012672,60.642870402795836,4.863588131927587,16.9,147.09,147.09,18,,,,,aibn_source_informed_model,,,,,35,,False,False
475.0,,target,999181102,SOLA TS,-0.001982695217948782,-0.10364145511797679,60.63993930908136,4.864932598534885,7.08,351.8,358.4,18,,danger,0.04056965140166443,26.884104828955316,aibn_source_informed_model,,,,,80,,False,False
476.0,,own,999181101,HELGE INGSTAD,-0.038981552381036864,0.06828284147757782,60.64280471402463,4.863674827215414,16.9,147.1,147.1,18,,,,,aibn_source_informed_model,,,,,35,,False,False
476.0,,target,999181102,SOLA TS,-0.0022604021342000832,-0.10169505542369486,60.639971749076274,4.864923157924518,7.076,351.96,358.48,18,,danger,0.04041886452070001,25.900074924141066,aibn_source_informed_model,,,,,80,,False,False
477.0,,own,999181101,HELGE INGSTAD,-0.03643199407683233,0.06434107016312578,60.64273901783605,4.863761499117149,16.9,147.10999999999999,147.10999999999999,18,,,,,aibn_source_informed_model,,,,,35,,False,False
477.0,,target,999181102,SOLA TS,-0.002532518732804166,-0.09974898822116456,60.64000418352965,4.864913907356271,7.072,352.12,358.56,18,,danger,0.04027391023668136,24.915663159760502,aibn_source_informed_model,,,,,80,,False,False
478.0,,own,999181101,HELGE INGSTAD,-0.033883123780334264,0.06039885392684381,60.64267331423211,4.863848147630152,16.9,147.12,147.12,18,,,,,aibn_source_informed_model,,,,,35,,False,False
478.0,,target,999181102,SOLA TS,-0.002799049037557093,-0.09780326954557203,60.64003661217424,4.864904846693353,7.068,352.28,358.64,18,,danger,0.04013477492280978,23.93086746160031,aibn_source_informed_model,,,,,80,,False,False
479.0,,own,999181101,HELGE INGSTAD,-0.03133494156918571,0.05645619288881869,60.64260760321481,4.863934772751783,16.9,147.13,147.13,18,,,,,aibn_source_informed_model,,,,,35,,False,False
479.0,,target,999181102,SOLA TS,-0.00305999711819379,-0.09585791541221989,60.64006903474313,4.864895975797416,7.064,352.44,358.72,18,,danger,0.04000144490325502,22.945685752315025,aibn_source_informed_model,,,,,80,,False,False
480.0,,own,999181101,HELGE INGSTAD,-0.028787447521008737,0.05251308716915073,60.642541884786155,4.864021374479404,16.9,147.14,147.14,18,,,,,aibn_source_informed_model,,,,,35,,False,False
480.0,,target,999181102,SOLA TS,-0.003315367090308377,-0.09391294181639569,60.64010145096972,4.8648872945285495,7.06,352.6,358.8,18,,danger,0.03987390645315981,21.96011595141428,aibn_source_informed_model,,,,,80,,False,False
481.0,,own,999181101,HELGE INGSTAD,-0.026240641713404445,0.048569536887953804,60.642476158948135,4.864107952810376,16.9,147.14999999999998,147.14999999999998,18,,,,,aibn_source_informed_model,,,,,35,,False,False
481.0,,target,999181102,SOLA TS,-0.0035651631152741046,-0.09196836473324083,60.64013386058778,4.864878802745289,7.056,352.76,358.88,18,,danger,0.03975214579864333,20.974155975250156,aibn_source_informed_model,,,,,80,,False,False
482.0,,own,999181101,HELGE INGSTAD,-0.02369452422395298,0.044625542165355324,60.64241042570276,4.864194507742063,16.9,147.16,147.16,18,,,,,aibn_source_informed_model,,,,,35,,False,False
482.0,,target,999181102,SOLA TS,-0.003809389400162921,-0.09002420011761961,60.64016626333137,4.864870500304615,7.052,352.92,358.96,18,,danger,0.03963614911680514,19.987803737004604,aibn_source_informed_model,,,,,80,,False,False
483.0,,own,999181101,HELGE INGSTAD,-0.021149095130213513,0.04068110312149624,60.642344685052024,4.864281039271828,16.9,147.17,147.17,18,,,,,aibn_source_informed_model,,,,,35,,False,False
483.0,,target,999181102,SOLA TS,-0.004048050197664668,-0.08808046390398869,60.640198658934935,4.864862387061958,7.048,353.08,359.04,18,,danger,0.039525902535729567,19.001057146676953,aibn_source_informed_model,,,,,80,,False,False
484.0,,own,999181101,HELGE INGSTAD,-0.01860435450972425,0.036736219876531036,60.64227893699794,4.864367547397033,16.9,147.17999999999998,147.17999999999998,18,,,,,aibn_source_informed_model,,,,,35,,False,False
484.0,,target,999181102,SOLA TS,-0.004281149806005904,-0.08613717200626676,60.64023104713323,4.864854462871201,7.044,353.24,359.12,18,,danger,0.03942139213448857,18.013914111071614,aibn_source_informed_model,,,,,80,,False,False
485.0,,own,999181101,HELGE INGSTAD,-0.01606030244000242,0.032790892550627726,60.64221318154251,4.864454032115046,16.9,147.19,147.19,18,,,,,aibn_source_informed_model,,,,,35,,False,False
485.0,,target,999181102,SOLA TS,-0.004508692568868353,-0.0841943403177046,60.640263427661374,4.864846727584681,7.04,353.4,359.2,18,,danger,0.03932260394314631,17.02637253378578,aibn_source_informed_model,,,,,80,,False,False
486.0,,own,999181101,HELGE INGSTAD,-0.01351693899854428,0.02884512126396785,60.642147418687735,4.86454049342323,16.9,147.2,147.2,18,,,,,aibn_source_informed_model,,,,,35,,False,False
486.0,,target,999181102,SOLA TS,-0.0047306828753069805,-0.08225198471075533,60.64029580025482,4.864839181053192,7.036,353.56,359.28,18,,danger,0.039229523942762606,16.03843031519731,aibn_source_informed_model,,,,,80,,False,False
487.0,,own,999181101,HELGE INGSTAD,-0.010968183377546493,0.02490283088572229,60.64208171384809,4.8646271380378545,16.9,147.03333333333333,147.03333333333333,18,,,,,aibn_source_informed_model,,,,,35,,False,False
487.0,,target,999181102,SOLA TS,-0.004947125159667708,-0.080310121036945,60.64032816464938,4.864831823125989,7.032,353.72,359.36,18,,danger,0.039365116230853314,15.041416897006503,aibn_source_informed_model,,,,,80,,False,False
488.0,,own,999181101,HELGE INGSTAD,-0.008407970898120766,0.02096797120561068,60.64201613285343,4.864714172126885,16.9,146.86666666666665,146.86666666666665,18,,,,,aibn_source_informed_model,,,,,35,,False,False
488.0,,target,999181102,SOLA TS,-0.005158023901504746,-0.07836876512674351,60.64036052058122,4.864824653650791,7.028,353.88,359.44,18,,danger,0.039492176589460165,14.043738423413695,aibn_source_informed_model,,,,,80,,False,False
489.0,,own,999181101,HELGE INGSTAD,-0.005836323223732919,0.017040575518798503,60.641950676258645,4.864801594953876,16.9,146.7,146.7,18,,,,,aibn_source_informed_model,,,,,35,,False,False
489.0,,target,999181102,SOLA TS,-0.005363383625497578,-0.07642793278943578,60.640392867786844,4.864817672473781,7.024,354.04,359.52,18,,danger,0.039610676503052084,13.045382488509581,aibn_source_informed_model,,,,,80,,False,False
490.0,,own,999181101,HELGE INGSTAD,-0.0032532621146086982,0.013120677057294016,60.64188534461762,4.864889405779091,16.9,146.53333333333333,146.53333333333333,18,,,,,aibn_source_informed_model,,,,,35,,False,False
490.0,,target,999181102,SOLA TS,-0.005563208901367553,-0.07448763981299328,60.640425206003115,4.864810879439613,7.02,354.2,359.6,18,,danger,0.039720587164428105,12.046336686292006,aibn_source_informed_model,,,,,80,,False,False
491.0,,own,999181101,HELGE INGSTAD,-0.000658809427549643,0.009208308989667026,60.64182013848316,4.8649776038595105,16.9,146.36666666666665,146.36666666666665,18,,,,,aibn_source_informed_model,,,,,35,,False,False
491.0,,target,999181102,SOLA TS,-0.0057575043437941365,-0.07254790196394574,60.64045753496727,4.864804274391411,7.016,354.36,359.68,18,,danger,0.039821879473582136,11.046588610650632,aibn_source_informed_model,,,,,80,,False,False
492.0,,own,999181101,HELGE INGSTAD,0.0019470128842518576,0.005303504420768247,60.641755058407014,4.865066188448839,16.9,146.2,146.2,18,,,,,aibn_source_informed_model,,,,,35,,False,False
492.0,,target,999181102,SOLA TS,-0.005946274612330783,-0.07060873498725333,60.64048985441688,4.864797857170774,7.012,354.52,359.76,18,,danger,0.03991452403655415,10.046125855359932,aibn_source_informed_model,,,,,80,,False,False
493.0,,own,999181101,HELGE INGSTAD,0.004564182771398325,0.0014062963914491752,60.641690104939855,4.865155158797511,16.9,146.03333333333333,146.03333333333333,18,,,,,aibn_source_informed_model,,,,,35,,False,False
493.0,,target,999181102,SOLA TS,-0.006129524411320445,-0.06867015460617899,60.640522164089894,4.8647916276177785,7.008,354.68,359.84,18,,danger,0.03999849116426868,9.04493601408073,aibn_source_informed_model,,,,,80,,False,False
494.0,,own,999181101,HELGE INGSTAD,0.007192678088473757,-0.0024832821217174923,60.6416252786313,4.865244514152694,16.9,145.86666666666665,145.86666666666665,18,,,,,aibn_source_informed_model,,,,,35,,False,False
494.0,,target,999181102,SOLA TS,-0.00630725848981073,-0.06673217652216118,60.64055446372463,4.864785585570981,7.004,354.84,359.92,18,,danger,0.040073750871360066,8.043006680370294,aibn_source_informed_model,,,,,80,,False,False
495.0,,own,999181101,HELGE INGSTAD,0.009832476594231018,-0.006365198206716887,60.64156058002989,4.8653342537583,16.9,145.7,145.7,18,,,,,aibn_source_informed_model,,,,,35,,False,False
495.0,,target,999181102,SOLA TS,-0.0064794816414686825,-0.06479481641468683,60.64058675305976,4.864779730867423,7.0,355.0,0.0,18,,danger,0.04014027287498442,7.040325447701332,aibn_source_informed_model,,,,,80,,False,False
