time_sec,timestamp_utc,role,mmsi,name,x_nm,y_nm,lat,lon,sog_kn,cog_deg,heading_deg,message_type,expected_level,computed_level,cpa_nm,tcpa_sec,source,raw_aivdm,rx_signalpower_db,rx_ppm,rx_timestamp_raw
0.0,,own,999510000,OWN SHIP,0.0,0.0,-38.05,144.85,9.0,0.0,0.0,1,,,,,synthetic,,,,
0.0,,target,999510101,CROSS STBD,0.7,0.525,-38.04125,144.8648153192387,12.0,270.0,270.0,18,danger,danger,1.5700924586837752e-16,210.0,synthetic,,,,
0.0,,target,999510201,SAFE PASS,2.0,2.0,-38.016666666666666,144.8923294835391,8.0,180.0,180.0,18,safe,safe,2.0,423.52941176470586,synthetic,,,,
1.0,,own,999510000,OWN SHIP,0.0,0.0025,-38.04995833333333,144.85,9.0,0.0,0.0,1,,,,,synthetic,,,,
1.0,,target,999510101,CROSS STBD,0.6966666666666667,0.525,-38.04125,144.86474477009943,12.0,270.0,270.0,18,danger,danger,0.0,209.0,synthetic,,,,
1.0,,target,999510201,SAFE PASS,2.0,1.9977777777777779,-38.0167037037037,144.8923294835391,8.0,180.0,180.0,18,safe,safe,2.0,422.5294117647059,synthetic,,,,
2.0,,own,999510000,OWN SHIP,0.0,0.005,-38.04991666666666,144.85,9.0,0.0,0.0,1,,,,,synthetic,,,,
2.0,,target,999510101,CROSS STBD,0.6933333333333332,0.525,-38.04125,144.8646742209602,12.0,270.0,270.0,18,danger,danger,0.0,207.99999999999997,synthetic,,,,
2.0,,target,999510201,SAFE PASS,2.0,1.9955555555555555,-38.01674074074074,144.8923294835391,8.0,180.0,180.0,18,safe,safe,2.0,421.5294117647059,synthetic,,,,
3.0,,own,999510000,OWN SHIP,0.0,0.0075,-38.049875,144.85,9.0,0.0,0.0,1,,,,,synthetic,,,,
3.0,,target,999510101,CROSS STBD,0.69,0.525,-38.04125,144.864603671821,12.0,270.0,270.0,18,danger,danger,1.1102230246251565e-16,207.0,synthetic,,,,
3.0,,target,999510201,SAFE PASS,2.0,1.9933333333333334,-38.016777777777776,144.8923294835391,8.0,180.0,180.0,18,safe,safe,2.0,420.52941176470586,synthetic,,,,
4.0,,own,999510000,OWN SHIP,0.0,0.01,-38.04983333333333,144.85,9.0,0.0,0.0,1,,,,,synthetic,,,,
4.0,,target,999510101,CROSS STBD,0.6866666666666666,0.525,-38.04125,144.86453312268176,12.0,270.0,270.0,18,danger,danger,1.5700924586837752e-16,206.0,synthetic,,,,
4.0,,target,999510201,SAFE PASS,2.0,1.991111111111111,-38.016814814814815,144.8923294835391,8.0,180.0,180.0,18,safe,safe,2.0,419.52941176470586,synthetic,,,,
5.0,,own,999510000,OWN SHIP,0.0,0.0125,-38.049791666666664,144.85,9.0,0.0,0.0,1,,,,,synthetic,,,,
5.0,,target,999510101,CROSS STBD,0.6833333333333332,0.525,-38.04125,144.8644625735425,12.0,270.0,270.0,18,danger,danger,0.0,204.99999999999997,synthetic,,,,
5.0,,target,999510201,SAFE PASS,2.0,1.988888888888889,-38.01685185185185,144.8923294835391,8.0,180.0,180.0,18,safe,safe,2.0,418.52941176470586,synthetic,,,,
6.0,,own,999510000,OWN SHIP,0.0,0.015,-38.049749999999996,144.85,9.0,0.0,0.0,1,,,,,synthetic,,,,
6.0,,target,999510101,CROSS STBD,0.6799999999999999,0.525,-38.04125,144.8643920244033,12.0,270.0,270.0,18,danger,danger,0.0,203.99999999999997,synthetic,,,,
6.0,,target,999510201,SAFE PASS,2.0,1.9866666666666666,-38.016888888888886,144.8923294835391,8.0,180.0,180.0,18,safe,safe,2.0,417.52941176470586,synthetic,,,,
7.0,,own,999510000,OWN SHIP,0.0,0.0175,-38.04970833333333,144.85,9.0,0.0,0.0,1,,,,,synthetic,,,,
7.0,,target,999510101,CROSS STBD,0.6766666666666666,0.525,-38.04125,144.86432147526406,12.0,270.0,270.0,18,danger,danger,1.1102230246251565e-16,203.0,synthetic,,,,
7.0,,target,999510201,SAFE PASS,2.0,1.9844444444444445,-38.016925925925925,144.8923294835391,8.0,180.0,180.0,18,safe,safe,2.0,416.5294117647058,synthetic,,,,
8.0,,own,999510000,OWN SHIP,0.0,0.02,-38.04966666666667,144.85,9.0,0.0,0.0,1,,,,,synthetic,,,,
8.0,,target,999510101,CROSS STBD,0.6733333333333333,0.525,-38.04125,144.8642509261248,12.0,270.0,270.0,18,danger,danger,1.1102230246251565e-16,202.0,synthetic,,,,
8.0,,target,999510201,SAFE PASS,2.0,1.9822222222222223,-38.01696296296296,144.8923294835391,8.0,180.0,180.0,18,safe,safe,2.0,415.52941176470586,synthetic,,,,
9.0,,own,999510000,OWN SHIP,0.0,0.0225,-38.049625,144.85,9.0,0.0,0.0,1,,,,,synthetic,,,,
9.0,,target,999510101,CROSS STBD,0.6699999999999999,0.525,-38.04125,144.8641803769856,12.0,270.0,270.0,18,danger,danger,0.0,200.99999999999997,synthetic,,,,
9.0,,target,999510201,SAFE PASS,2.0,1.98,-38.016999999999996,144.8923294835391,8.0,180.0,180.0,18,safe,safe,2.0,414.52941176470586,synthetic,,,,
10.0,,own,999510000,OWN SHIP,0.0,0.025,-38.04958333333333,144.85,9.0,0.0,0.0,1,,,,,synthetic,,,,
10.0,,target,999510101,CROSS STBD,0.6666666666666666,0.525,-38.04125,144.86410982784636,12.0,270.0,270.0,18,danger,danger,0.0,199.99999999999997,synthetic,,,,
10.0,,target,999510201,SAFE PASS,2.0,1.9777777777777779,-38.017037037037035,144.8923294835391,8.0,180.0,180.0,18,safe,safe,2.0,413.5294117647059,synthetic,,,,
11.0,,own,999510000,OWN SHIP,0.0,0.0275,-38.04954166666666,144.85,9.0,0.0,0.0,1,,,,,synthetic,,,,
11.0,,target,999510101,CROSS STBD,0.6633333333333333,0.525,-38.04125,144.86403927870714,12.0,270.0,270.0,18,danger,danger,1.1102230246251565e-16,199.0,synthetic,,,,
11.0,,target,999510201,SAFE PASS,2.0,1.9755555555555555,-38.017074074074074,144.8923294835391,8.0,180.0,180.0,18,safe,safe,2.0,412.52941176470586,synthetic,,,,
12.0,,own,999510000,OWN SHIP,0.0,0.03,-38.049499999999995,144.85,9.0,0.0,0.0,1,,,,,synthetic,,,,
12.0,,target,999510101,CROSS STBD,0.6599999999999999,0.525,-38.04125,144.8639687295679,12.0,270.0,270.0,18,danger,danger,5.551115123125783e-17,197.99999999999997,synthetic,,,,
12.0,,target,999510201,SAFE PASS,2.0,1.9733333333333334,-38.017111111111106,144.8923294835391,8.0,180.0,180.0,18,safe,safe,2.0,411.5294117647059,synthetic,,,,
13.0,,own,999510000,OWN SHIP,0.0,0.0325,-38.049458333333334,144.85,9.0,0.0,0.0,1,,,,,synthetic,,,,
13.0,,target,999510101,CROSS STBD,0.6566666666666666,0.525,-38.04125,144.86389818042866,12.0,270.0,270.0,18,danger,danger,0.0,196.99999999999997,synthetic,,,,
13.0,,target,999510201,SAFE PASS,2.0,1.971111111111111,-38.017148148148145,144.8923294835391,8.0,180.0,180.0,18,safe,safe,2.0,410.52941176470586,synthetic,,,,
14.0,,own,999510000,OWN SHIP,0.0,0.035,-38.049416666666666,144.85,9.0,0.0,0.0,1,,,,,synthetic,,,,
14.0,,target,999510101,CROSS STBD,0.6533333333333333,0.525,-38.04125,144.86382763128944,12.0,270.0,270.0,18,danger,danger,5.551115123125783e-17,195.99999999999997,synthetic,,,,
14.0,,target,999510201,SAFE PASS,2.0,1.968888888888889,-38.017185185185184,144.8923294835391,8.0,180.0,180.0,18,safe,safe,2.0,409.52941176470586,synthetic,,,,
15.0,,own,999510000,OWN SHIP,0.0,0.0375,-38.049375,144.85,9.0,0.0,0.0,1,,,,,synthetic,,,,
15.0,,target,999510101,CROSS STBD,0.6499999999999999,0.525,-38.04125,144.86375708215022,12.0,270.0,270.0,18,danger,danger,0.0,194.99999999999997,synthetic,,,,
15.0,,target,999510201,SAFE PASS,2.0,1.9666666666666666,-38.017222222222216,144.8923294835391,8.0,180.0,180.0,18,safe,safe,2.0,408.52941176470586,synthetic,,,,
16.0,,own,999510000,OWN SHIP,0.0,0.04,-38.04933333333333,144.85,9.0,0.0,0.0,1,,,,,synthetic,,,,
16.0,,target,999510101,CROSS STBD,0.6466666666666666,0.525,-38.04125,144.86368653301096,12.0,270.0,270.0,18,danger,danger,0.0,193.99999999999997,synthetic,,,,
16.0,,target,999510201,SAFE PASS,2.0,1.9644444444444444,-38.017259259259255,144.8923294835391,8.0,180.0,180.0,18,safe,safe,2.0,407.5294117647058,synthetic,,,,
17.0,,own,999510000,OWN SHIP,0.0,0.0425,-38.04929166666666,144.85,9.0,0.0,0.0,1,,,,,synthetic,,,,
17.0,,target,999510101,CROSS STBD,0.6433333333333333,0.525,-38.04125,144.86361598387174,12.0,270.0,270.0,18,danger,danger,0.0,192.99999999999997,synthetic,,,,
17.0,,target,999510201,SAFE PASS,2.0,1.9622222222222223,-38.017296296296294,144.8923294835391,8.0,180.0,180.0,18,safe,safe,2.0,406.52941176470586,synthetic,,,,
18.0,,own,999510000,OWN SHIP,0.0,0.045,-38.04925,144.85,9.0,0.0,0.0,1,,,,,synthetic,,,,
18.0,,target,999510101,CROSS STBD,0.6399999999999999,0.525,-38.04125,144.86354543473252,12.0,270.0,270.0,18,danger,danger,1.1102230246251565e-16,191.99999999999994,synthetic,,,,
18.0,,target,999510201,SAFE PASS,2.0,1.96,-38.01733333333333,144.8923294835391,8.0,180.0,180.0,18,safe,safe,2.0,405.52941176470586,synthetic,,,,
19.0,,own,999510000,OWN SHIP,0.0,0.0475,-38.04920833333333,144.85,9.0,0.0,0.0,1,,,,,synthetic,,,,
19.0,,target,999510101,CROSS STBD,0.6366666666666666,0.525,-38.04125,144.86347488559326,12.0,270.0,270.0,18,danger,danger,0.0,190.99999999999997,synthetic,,,,
19.0,,target,999510201,SAFE PASS,2.0,1.9577777777777778,-38.017370370370365,144.8923294835391,8.0,180.0,180.0,18,safe,safe,2.0,404.52941176470586,synthetic,,,,
20.0,,own,999510000,OWN SHIP,0.0,0.05,-38.049166666666665,144.85,9.0,0.0,0.0,1,,,,,synthetic,,,,
20.0,,target,999510101,CROSS STBD,0.6333333333333333,0.525,-38.04125,144.86340433645404,12.0,270.0,270.0,18,danger,danger,1.2412670766236366e-16,190.0,synthetic,,,,
20.0,,target,999510201,SAFE PASS,2.0,1.9555555555555555,-38.017407407407404,144.8923294835391,8.0,180.0,180.0,18,safe,safe,2.0,403.52941176470586,synthetic,,,,
21.0,,own,999510000,OWN SHIP,0.0,0.0525,-38.049125,144.85,9.0,0.0,0.0,1,,,,,synthetic,,,,
21.0,,target,999510101,CROSS STBD,0.6299999999999999,0.525,-38.04125,144.86333378731482,12.0,270.0,270.0,18,danger,danger,0.0,188.99999999999997,synthetic,,,,
21.0,,target,999510201,SAFE PASS,2.0,1.9533333333333334,-38.01744444444444,144.8923294835391,8.0,180.0,180.0,18,safe,safe,2.0,402.5294117647059,synthetic,,,,
22.0,,own,999510000,OWN SHIP,0.0,0.055,-38.04908333333333,144.85,9.0,0.0,0.0,1,,,,,synthetic,,,,
22.0,,target,999510101,CROSS STBD,0.6266666666666666,0.525,-38.04125,144.8632632381756,12.0,270.0,270.0,18,danger,danger,0.0,187.99999999999997,synthetic,,,,
22.0,,target,999510201,SAFE PASS,2.0,1.951111111111111,-38.017481481481475,144.8923294835391,8.0,180.0,180.0,18,safe,safe,2.0,401.52941176470586,synthetic,,,,
23.0,,own,999510000,OWN SHIP,0.0,0.0575,-38.04904166666666,144.85,9.0,0.0,0.0,1,,,,,synthetic,,,,
23.0,,target,999510101,CROSS STBD,0.6233333333333333,0.525,-38.04125,144.86319268903634,12.0,270.0,270.0,18,danger,danger,0.0,186.99999999999997,synthetic,,,,
23.0,,target,999510201,SAFE PASS,2.0,1.948888888888889,-38.017518518518514,144.8923294835391,8.0,180.0,180.0,18,safe,safe,2.0,400.52941176470586,synthetic,,,,
24.0,,own,999510000,OWN SHIP,0.0,0.06,-38.049,144.85,9.0,0.0,0.0,1,,,,,synthetic,,,,
24.0,,target,999510101,CROSS STBD,0.62,0.525,-38.04125,144.86312213989711,12.0,270.0,270.0,18,danger,danger,5.551115123125783e-17,186.0,synthetic,,,,
24.0,,target,999510201,SAFE PASS,2.0,1.9466666666666668,-38.01755555555555,144.8923294835391,8.0,180.0,180.0,18,safe,safe,2.0,399.52941176470586,synthetic,,,,
25.0,,own,999510000,OWN SHIP,0.0,0.0625,-38.04895833333333,144.85,9.0,0.0,0.0,1,,,,,synthetic,,,,
25.0,,target,999510101,CROSS STBD,0.6166666666666666,0.525,-38.04125,144.8630515907579,12.0,270.0,270.0,18,danger,danger,1.2412670766236366e-16,184.99999999999994,synthetic,,,,
25.0,,target,999510201,SAFE PASS,2.0,1.9444444444444444,-38.01759259259259,144.8923294835391,8.0,180.0,180.0,18,safe,safe,2.0,398.52941176470586,synthetic,,,,
26.0,,own,999510000,OWN SHIP,0.0,0.065,-38.04891666666666,144.85,9.0,0.0,0.0,1,,,,,synthetic,,,,
26.0,,target,999510101,CROSS STBD,0.6133333333333333,0.525,-38.04125,144.86298104161864,12.0,270.0,270.0,18,danger,danger,1.2412670766236366e-16,183.99999999999994,synthetic,,,,
26.0,,target,999510201,SAFE PASS,2.0,1.9422222222222223,-38.017629629629624,144.8923294835391,8.0,180.0,180.0,18,safe,safe,2.0,397.5294117647059,synthetic,,,,
27.0,,own,999510000,OWN SHIP,0.0,0.0675,-38.048874999999995,144.85,9.0,0.0,0.0,1,,,,,synthetic,,,,
27.0,,target,999510101,CROSS STBD,0.61,0.525,-38.04125,144.86291049247941,12.0,270.0,270.0,18,danger,danger,5.551115123125783e-17,183.0,synthetic,,,,
27.0,,target,999510201,SAFE PASS,2.0,1.94,-38.01766666666666,144.8923294835391,8.0,180.0,180.0,18,safe,safe,2.0,396.52941176470586,synthetic,,,,
28.0,,own,999510000,OWN SHIP,0.0,0.07,-38.04883333333333,144.85,9.0,0.0,0.0,1,,,,,synthetic,,,,
28.0,,target,999510101,CROSS STBD,0.6066666666666666,0.525,-38.04125,144.8628399433402,12.0,270.0,270.0,18,danger,danger,1.2412670766236366e-16,182.0,synthetic,,,,
28.0,,target,999510201,SAFE PASS,2.0,1.9377777777777778,-38.0177037037037,144.8923294835391,8.0,180.0,180.0,18,safe,safe,2.0,395.52941176470586,synthetic,,,,
29.0,,own,999510000,OWN SHIP,0.0,0.0725,-38.048791666666666,144.85,9.0,0.0,0.0,1,,,,,synthetic,,,,
29.0,,target,999510101,CROSS STBD,0.6033333333333333,0.525,-38.04125,144.86276939420097,12.0,270.0,270.0,18,danger,danger,0.0,180.99999999999997,synthetic,,,,
29.0,,target,999510201,SAFE PASS,2.0,1.9355555555555555,-38.017740740740734,144.8923294835391,8.0,180.0,180.0,18,safe,safe,2.0,394.52941176470586,synthetic,,,,
30.0,,own,999510000,OWN SHIP,0.0,0.075,-38.04875,144.85,9.0,0.0,0.0,1,,,,,synthetic,,,,
30.0,,target,999510101,CROSS STBD,0.6,0.525,-38.04125,144.86269884506171,12.0,270.0,270.0,18,danger,danger,0.0,179.99999999999997,synthetic,,,,
30.0,,target,999510201,SAFE PASS,2.0,1.9333333333333333,-38.01777777777777,144.8923294835391,8.0,180.0,180.0,18,safe,safe,2.0,393.5294117647059,synthetic,,,,
31.0,,own,999510000,OWN SHIP,0.0,0.0775,-38.04870833333333,144.85,9.0,0.0,0.0,1,,,,,synthetic,,,,
31.0,,target,999510101,CROSS STBD,0.5966666666666666,0.525,-38.04125,144.8626282959225,12.0,270.0,270.0,18,danger,danger,0.0,178.99999999999997,synthetic,,,,
31.0,,target,999510201,SAFE PASS,2.0,1.931111111111111,-38.01781481481481,144.8923294835391,8.0,180.0,180.0,18,safe,safe,2.0,392.5294117647059,synthetic,,,,
32.0,,own,999510000,OWN SHIP,0.0,0.08,-38.04866666666666,144.85,9.0,0.0,0.0,1,,,,,synthetic,,,,
32.0,,target,999510101,CROSS STBD,0.5933333333333333,0.525,-38.04125,144.86255774678327,12.0,270.0,270.0,18,danger,danger,0.0,177.99999999999997,synthetic,,,,
32.0,,target,999510201,SAFE PASS,2.0,1.9288888888888889,-38.01785185185185,144.8923294835391,8.0,180.0,180.0,18,safe,safe,2.0,391.52941176470586,synthetic,,,,
33.0,,own,999510000,OWN SHIP,0.0,0.0825,-38.048624999999994,144.85,9.0,0.0,0.0,1,,,,,synthetic,,,,
33.0,,target,999510101,CROSS STBD,0.59,0.525,-38.04125,144.86248719764401,12.0,270.0,270.0,18,danger,danger,1.2412670766236366e-16,176.99999999999994,synthetic,,,,
33.0,,target,999510201,SAFE PASS,2.0,1.9266666666666667,-38.01788888888888,144.8923294835391,8.0,180.0,180.0,18,safe,safe,2.0,390.52941176470586,synthetic,,,,
34.0,,own,999510000,OWN SHIP,0.0,0.085,-38.04858333333333,144.85,9.0,0.0,0.0,1,,,,,synthetic,,,,
34.0,,target,999510101,CROSS STBD,0.5866666666666667,0.525,-38.04125,144.8624166485048,12.0,270.0,270.0,18,danger,danger,5.551115123125783e-17,176.0,synthetic,,,,
34.0,,target,999510201,SAFE PASS,2.0,1.9244444444444444,-38.01792592592592,144.8923294835391,8.0,180.0,180.0,18,safe,safe,2.0,389.52941176470586,synthetic,,,,
35.0,,own,999510000,OWN SHIP,0.0,0.08750000000000001,-38.048541666666665,144.85,9.0,0.0,0.0,1,,,,,synthetic,,,,
35.0,,target,999510101,CROSS STBD,0.5833333333333333,0.525,-38.04125,144.86234609936557,12.0,270.0,270.0,18,danger,danger,0.0,174.99999999999997,synthetic,,,,
35.0,,target,999510201,SAFE PASS,2.0,1.9222222222222223,-38.01796296296296,144.8923294835391,8.0,180.0,180.0,18,safe,safe,2.0,388.5294117647059,synthetic,,,,
36.0,,own,999510000,OWN SHIP,0.0,0.09,-38.0485,144.85,9.0,0.0,0.0,1,,,,,synthetic,,,,
36.0,,target,999510101,CROSS STBD,0.58,0.525,-38.04125,144.86227555022634,12.0,270.0,270.0,18,danger,danger,1.2412670766236366e-16,174.0,synthetic,,,,
36.0,,target,999510201,SAFE PASS,2.0,1.92,-38.018,144.8923294835391,8.0,180.0,180.0,18,safe,safe,2.0,387.5294117647058,synthetic,,,,
37.0,,own,999510000,OWN SHIP,0.0,0.0925,-38.04845833333333,144.85,9.0,0.0,0.0,1,,,,,synthetic,,,,
37.0,,target,999510101,CROSS STBD,0.5766666666666667,0.525,-38.04125,144.8622050010871,12.0,270.0,270.0,18,danger,danger,0.0,172.99999999999997,synthetic,,,,
37.0,,target,999510201,SAFE PASS,2.0,1.9177777777777778,-38.01803703703703,144.8923294835391,8.0,180.0,180.0,18,safe,safe,2.0,386.52941176470586,synthetic,,,,
38.0,,own,999510000,OWN SHIP,0.0,0.095,-38.04841666666666,144.85,9.0,0.0,0.0,1,,,,,synthetic,,,,
38.0,,target,999510101,CROSS STBD,0.5733333333333333,0.525,-38.04125,144.86213445194787,12.0,270.0,270.0,18,danger,danger,5.551115123125783e-17,171.99999999999997,synthetic,,,,
38.0,,target,999510201,SAFE PASS,2.0,1.9155555555555555,-38.01807407407407,144.8923294835391,8.0,180.0,180.0,18,safe,safe,2.0,385.52941176470586,synthetic,,,,
39.0,,own,999510000,OWN SHIP,0.0,0.0975,-38.048375,144.85,9.0,0.0,0.0,1,,,,,synthetic,,,,
39.0,,target,999510101,CROSS STBD,0.57,0.525,-38.04125,144.86206390280864,12.0,270.0,270.0,18,danger,danger,0.0,170.99999999999997,synthetic,,,,
39.0,,target,999510201,SAFE PASS,2.0,1.9133333333333333,-38.01811111111111,144.8923294835391,8.0,180.0,180.0,18,safe,safe,2.0,384.5294117647059,synthetic,,,,
40.0,,own,999510000,OWN SHIP,0.0,0.1,-38.04833333333333,144.85,9.0,0.0,0.0,1,,,,,synthetic,,,,
40.0,,target,999510101,CROSS STBD,0.5666666666666667,0.525,-38.04125,144.86199335366942,12.0,270.0,270.0,18,danger,danger,5.551115123125783e-17,170.0,synthetic,,,,
40.0,,target,999510201,SAFE PASS,2.0,1.9111111111111112,-38.01814814814814,144.8923294835391,8.0,180.0,180.0,18,safe,safe,2.0,383.5294117647059,synthetic,,,,
41.0,,own,999510000,OWN SHIP,0.0,0.10250000000000001,-38.048291666666664,144.85,9.0,0.0,0.0,1,,,,,synthetic,,,,
41.0,,target,999510101,CROSS STBD,0.5633333333333332,0.525,-38.04125,144.86192280453017,12.0,270.0,270.0,18,danger,danger,1.2412670766236366e-16,168.99999999999994,synthetic,,,,
41.0,,target,999510201,SAFE PASS,2.0,1.9088888888888889,-38.01818518518518,144.8923294835391,8.0,180.0,180.0,18,safe,safe,2.0,382.52941176470586,synthetic,,,,
42.0,,own,999510000,OWN SHIP,0.0,0.105,-38.048249999999996,144.85,9.0,0.0,0.0,1,,,,,synthetic,,,,
42.0,,target,999510101,CROSS STBD,0.5599999999999999,0.525,-38.04125,144.86185225539094,12.0,270.0,270.0,18,danger,danger,1.2412670766236366e-16,168.0,synthetic,,,,
42.0,,target,999510201,SAFE PASS,2.0,1.9066666666666667,-38.01822222222222,144.8923294835391,8.0,180.0,180.0,18,safe,safe,2.0,381.52941176470586,synthetic,,,,
43.0,,own,999510000,OWN SHIP,0.0,0.1075,-38.04820833333333,144.85,9.0,0.0,0.0,1,,,,,synthetic,,,,
43.0,,target,999510101,CROSS STBD,0.5566666666666666,0.525,-38.04125,144.86178170625172,12.0,270.0,270.0,18,danger,danger,1.2412670766236366e-16,167.0,synthetic,,,,
43.0,,target,999510201,SAFE PASS,2.0,1.9044444444444444,-38.01825925925926,144.8923294835391,8.0,180.0,180.0,18,safe,safe,2.0,380.52941176470586,synthetic,,,,
44.0,,own,999510000,OWN SHIP,0.0,0.11,-38.04816666666667,144.85,9.0,0.0,0.0,1,,,,,synthetic,,,,
44.0,,target,999510101,CROSS STBD,0.5533333333333332,0.525,-38.04125,144.86171115711247,12.0,270.0,270.0,18,danger,danger,0.0,165.99999999999997,synthetic,,,,
44.0,,target,999510201,SAFE PASS,2.0,1.9022222222222223,-38.01829629629629,144.8923294835391,8.0,180.0,180.0,18,safe,safe,2.0,379.5294117647058,synthetic,,,,
45.0,,own,999510000,OWN SHIP,0.0,0.1125,-38.048125,144.85,9.0,0.0,0.0,1,,,,,synthetic,,,,
45.0,,target,999510101,CROSS STBD,0.5499999999999999,0.525,-38.04125,144.86164060797324,12.0,270.0,270.0,18,danger,danger,0.0,164.99999999999997,synthetic,,,,
45.0,,target,999510201,SAFE PASS,2.0,1.9,-38.01833333333333,144.8923294835391,8.0,180.0,180.0,18,safe,safe,2.0,378.5294117647058,synthetic,,,,
46.0,,own,999510000,OWN SHIP,0.0,0.115,-38.04808333333333,144.85,9.0,0.0,0.0,1,,,,,synthetic,,,,
46.0,,target,999510101,CROSS STBD,0.5466666666666666,0.525,-38.04125,144.86157005883402,12.0,270.0,270.0,18,danger,danger,0.0,163.99999999999997,synthetic,,,,
46.0,,target,999510201,SAFE PASS,2.0,1.8977777777777778,-38.01837037037037,144.8923294835391,8.0,180.0,180.0,18,safe,safe,2.0,377.52941176470586,synthetic,,,,
47.0,,own,999510000,OWN SHIP,0.0,0.11750000000000001,-38.04804166666666,144.85,9.0,0.0,0.0,1,,,,,synthetic,,,,
47.0,,target,999510101,CROSS STBD,0.5433333333333332,0.525,-38.04125,144.8614995096948,12.0,270.0,270.0,18,danger,danger,0.0,162.99999999999997,synthetic,,,,
47.0,,target,999510201,SAFE PASS,2.0,1.8955555555555557,-38.0184074074074,144.8923294835391,8.0,180.0,180.0,18,safe,safe,2.0,376.5294117647059,synthetic,,,,
48.0,,own,999510000,OWN SHIP,0.0,0.12,-38.047999999999995,144.85,9.0,0.0,0.0,1,,,,,synthetic,,,,
48.0,,target,999510101,CROSS STBD,0.5399999999999999,0.525,-38.04125,144.86142896055554,12.0,270.0,270.0,18,danger,danger,0.0,161.99999999999997,synthetic,,,,
48.0,,target,999510201,SAFE PASS,2.0,1.8933333333333333,-38.01844444444444,144.8923294835391,8.0,180.0,180.0,18,safe,safe,2.0,375.5294117647059,synthetic,,,,
49.0,,own,999510000,OWN SHIP,0.0,0.1225,-38.047958333333334,144.85,9.0,0.0,0.0,1,,,,,synthetic,,,,
49.0,,target,999510101,CROSS STBD,0.5366666666666666,0.525,-38.04125,144.86135841141632,12.0,270.0,270.0,18,danger,danger,0.0,160.99999999999997,synthetic,,,,
49.0,,target,999510201,SAFE PASS,2.0,1.8911111111111112,-38.01848148148148,144.8923294835391,8.0,180.0,180.0,18,safe,safe,2.0,374.5294117647059,synthetic,,,,
50.0,,own,999510000,OWN SHIP,0.0,0.125,-38.047916666666666,144.85,9.0,0.0,0.0,1,,,,,synthetic,,,,
50.0,,target,999510101,CROSS STBD,0.5333333333333332,0.525,-38.04125,144.8612878622771,12.0,270.0,270.0,18,danger,danger,1.1102230246251565e-16,159.99999999999994,synthetic,,,,
50.0,,target,999510201,SAFE PASS,2.0,1.8888888888888888,-38.01851851851852,144.8923294835391,8.0,180.0,180.0,18,safe,safe,2.0,373.52941176470586,synthetic,,,,
51.0,,own,999510000,OWN SHIP,0.0,0.1275,-38.047875,144.85,9.0,0.0,0.0,1,,,,,synthetic,,,,
51.0,,target,999510101,CROSS STBD,0.5299999999999999,0.525,-38.04125,144.86121731313784,12.0,270.0,270.0,18,danger,danger,1.2412670766236366e-16,159.0,synthetic,,,,
51.0,,target,999510201,SAFE PASS,2.0,1.8866666666666667,-38.01855555555555,144.8923294835391,8.0,180.0,180.0,18,safe,safe,2.0,372.52941176470586,synthetic,,,,
52.0,,own,999510000,OWN SHIP,0.0,0.13,-38.04783333333333,144.85,9.0,0.0,0.0,1,,,,,synthetic,,,,
52.0,,target,999510101,CROSS STBD,0.5266666666666666,0.525,-38.04125,144.86114676399862,12.0,270.0,270.0,18,danger,danger,1.2412670766236366e-16,158.0,synthetic,,,,
52.0,,target,999510201,SAFE PASS,2.0,1.8844444444444444,-38.01859259259259,144.8923294835391,8.0,180.0,180.0,18,safe,safe,2.0,371.52941176470586,synthetic,,,,
53.0,,own,999510000,OWN SHIP,0.0,0.1325,-38.04779166666666,144.85,9.0,0.0,0.0,1,,,,,synthetic,,,,
53.0,,target,999510101,CROSS STBD,0.5233333333333333,0.525,-38.04125,144.8610762148594,12.0,270.0,270.0,18,danger,danger,0.0,156.99999999999997,synthetic,,,,
53.0,,target,999510201,SAFE PASS,2.0,1.8822222222222222,-38.01862962962963,144.8923294835391,8.0,180.0,180.0,18,safe,safe,2.0,370.52941176470586,synthetic,,,,
54.0,,own,999510000,OWN SHIP,0.0,0.135,-38.04775,144.85,9.0,0.0,0.0,1,,,,,synthetic,,,,
54.0,,target,999510101,CROSS STBD,0.5199999999999999,0.525,-38.04125,144.86100566572017,12.0,270.0,270.0,18,danger,danger,0.0,155.99999999999997,synthetic,,,,
54.0,,target,999510201,SAFE PASS,2.0,1.88,-38.01866666666666,144.8923294835391,8.0,180.0,180.0,18,safe,safe,2.0,369.5294117647058,synthetic,,,,
55.0,,own,999510000,OWN SHIP,0.0,0.1375,-38.04770833333333,144.85,9.0,0.0,0.0,1,,,,,synthetic,,,,
55.0,,target,999510101,CROSS STBD,0.5166666666666666,0.525,-38.04125,144.86093511658092,12.0,270.0,270.0,18,danger,danger,0.0,154.99999999999997,synthetic,,,,
55.0,,target,999510201,SAFE PASS,2.0,1.8777777777777778,-38.0187037037037,144.8923294835391,8.0,180.0,180.0,18,safe,safe,2.0,368.52941176470586,synthetic,,,,
56.0,,own,999510000,OWN SHIP,0.0,0.14,-38.047666666666665,144.85,9.0,0.0,0.0,1,,,,,synthetic,,,,
56.0,,target,999510101,CROSS STBD,0.5133333333333333,0.525,-38.04125,144.8608645674417,12.0,270.0,270.0,18,danger,danger,1.2412670766236366e-16,154.0,synthetic,,,,
56.0,,target,999510201,SAFE PASS,2.0,1.8755555555555556,-38.01874074074074,144.8923294835391,8.0,180.0,180.0,18,safe,safe,2.0,367.52941176470586,synthetic,,,,
57.0,,own,999510000,OWN SHIP,0.0,0.14250000000000002,-38.047625,144.85,9.0,0.0,0.0,1,,,,,synthetic,,,,
57.0,,target,999510101,CROSS STBD,0.51,0.525,-38.04125,144.86079401830247,12.0,270.0,270.0,18,danger,danger,1.1102230246251565e-16,152.99999999999997,synthetic,,,,
57.0,,target,999510201,SAFE PASS,2.0,1.8733333333333333,-38.01877777777778,144.8923294835391,8.0,180.0,180.0,18,safe,safe,2.0,366.52941176470586,synthetic,,,,
58.0,,own,999510000,OWN SHIP,0.0,0.145,-38.04758333333333,144.85,9.0,0.0,0.0,1,,,,,synthetic,,,,
58.0,,target,999510101,CROSS STBD,0.5066666666666666,0.525,-38.04125,144.86072346916325,12.0,270.0,270.0,18,danger,danger,0.0,151.99999999999997,synthetic,,,,
58.0,,target,999510201,SAFE PASS,2.0,1.8711111111111112,-38.01881481481481,144.8923294835391,8.0,180.0,180.0,18,safe,safe,2.0,365.5294117647059,synthetic,,,,
59.0,,own,999510000,OWN SHIP,0.0,0.1475,-38.04754166666666,144.85,9.0,0.0,0.0,1,,,,,synthetic,,,,
59.0,,target,999510101,CROSS STBD,0.5033333333333333,0.525,-38.04125,144.860652920024,12.0,270.0,270.0,18,danger,danger,1.1102230246251565e-16,151.0,synthetic,,,,
59.0,,target,999510201,SAFE PASS,2.0,1.8688888888888888,-38.01885185185185,144.8923294835391,8.0,180.0,180.0,18,safe,safe,2.0,364.5294117647059,synthetic,,,,
60.0,,own,999510000,OWN SHIP,0.0,0.15,-38.0475,144.85,9.0,0.0,0.0,1,,,,,synthetic,,,,
60.0,,target,999510101,CROSS STBD,0.49999999999999994,0.525,-38.04125,144.86058237088477,12.0,270.0,270.0,18,danger,danger,7.850462293418876e-17,150.0,synthetic,,,,
60.0,,target,999510201,SAFE PASS,2.0,1.8666666666666667,-38.01888888888889,144.8923294835391,8.0,180.0,180.0,18,safe,safe,2.0,363.52941176470586,synthetic,,,,
61.0,,own,999510000,OWN SHIP,0.0,0.1525,-38.04745833333333,144.85,9.0,0.0,0.0,1,,,,,synthetic,,,,
61.0,,target,999510101,CROSS STBD,0.4966666666666666,0.525,-38.04125,144.86051182174555,12.0,270.0,270.0,18,danger,danger,5.551115123125783e-17,148.99999999999997,synthetic,,,,
61.0,,target,999510201,SAFE PASS,2.0,1.8644444444444443,-38.01892592592592,144.8923294835391,8.0,180.0,180.0,18,safe,safe,2.0,362.52941176470586,synthetic,,,,
62.0,,own,999510000,OWN SHIP,0.0,0.155,-38.04741666666666,144.85,9.0,0.0,0.0,1,,,,,synthetic,,,,
62.0,,target,999510101,CROSS STBD,0.4933333333333333,0.525,-38.04125,144.8604412726063,12.0,270.0,270.0,18,danger,danger,0.0,147.99999999999997,synthetic,,,,
62.0,,target,999510201,SAFE PASS,2.0,1.8622222222222222,-38.01896296296296,144.8923294835391,8.0,180.0,180.0,18,safe,safe,2.0,361.52941176470586,synthetic,,,,
63.0,,own,999510000,OWN SHIP,0.0,0.1575,-38.047374999999995,144.85,9.0,0.0,0.0,1,,,,,synthetic,,,,
63.0,,target,999510101,CROSS STBD,0.48999999999999994,0.525,-38.04125,144.86037072346707,12.0,270.0,270.0,18,danger,danger,5.551115123125783e-17,146.99999999999997,synthetic,,,,
63.0,,target,999510201,SAFE PASS,2.0,1.8599999999999999,-38.019,144.8923294835391,8.0,180.0,180.0,18,safe,safe,2.0,360.5294117647058,synthetic,,,,
64.0,,own,999510000,OWN SHIP,0.0,0.16,-38.04733333333333,144.85,9.0,0.0,0.0,1,,,,,synthetic,,,,
64.0,,target,999510101,CROSS STBD,0.4866666666666666,0.525,-38.04125,144.86030017432785,12.0,270.0,270.0,18,danger,danger,0.0,145.99999999999997,synthetic,,,,
64.0,,target,999510201,SAFE PASS,2.0,1.8577777777777778,-38.01903703703704,144.8923294835391,8.0,180.0,180.0,18,safe,safe,2.0,359.52941176470586,synthetic,,,,
65.0,,own,999510000,OWN SHIP,0.0,0.1625,-38.047291666666666,144.85,9.0,0.0,0.0,1,,,,,synthetic,,,,
65.0,,target,999510101,CROSS STBD,0.4833333333333333,0.525,-38.04125,144.86022962518862,12.0,270.0,270.0,18,danger,danger,5.551115123125783e-17,144.99999999999997,synthetic,,,,
65.0,,target,999510201,SAFE PASS,2.0,1.8555555555555556,-38.01907407407407,144.8923294835391,8.0,180.0,180.0,18,safe,safe,2.0,358.52941176470586,synthetic,,,,
66.0,,own,999510000,OWN SHIP,0.0,0.165,-38.04725,144.85,9.0,0.0,0.0,1,,,,,synthetic,,,,
66.0,,target,999510101,CROSS STBD,0.48,0.525,-38.04125,144.86015907604937,12.0,270.0,270.0,18,danger,danger,1.2412670766236366e-16,144.0,synthetic,,,,
66.0,,target,999510201,SAFE PASS,2.0,1.8533333333333333,-38.01911111111111,144.8923294835391,8.0,180.0,180.0,18,safe,safe,2.0,357.52941176470586,synthetic,,,,
67.0,,own,999510000,OWN SHIP,0.0,0.1675,-38.04720833333333,144.85,9.0,0.0,0.0,1,,,,,synthetic,,,,
67.0,,target,999510101,CROSS STBD,0.47666666666666657,0.525,-38.04125,144.86008852691015,12.0,270.0,270.0,18,danger,danger,7.850462293418876e-17,142.99999999999997,synthetic,,,,
67.0,,target,999510201,SAFE PASS,2.0,1.8511111111111112,-38.01914814814815,144.8923294835391,8.0,180.0,180.0,18,safe,safe,2.0,356.52941176470586,synthetic,,,,
68.0,,own,999510000,OWN SHIP,0.0,0.17,-38.04716666666666,144.85,9.0,0.0,0.0,1,,,,,synthetic,,,,
68.0,,target,999510101,CROSS STBD,0.4733333333333333,0.525,-38.04125,144.86001797777092,12.0,270.0,270.0,18,danger,danger,1.5700924586837752e-16,142.0,synthetic,,,,
68.0,,target,999510201,SAFE PASS,2.0,1.8488888888888888,-38.01918518518518,144.8923294835391,8.0,180.0,180.0,18,safe,safe,2.0,355.5294117647058,synthetic,,,,
69.0,,own,999510000,OWN SHIP,0.0,0.17250000000000001,-38.047124999999994,144.85,9.0,0.0,0.0,1,,,,,synthetic,,,,
69.0,,target,999510101,CROSS STBD,0.47,0.525,-38.04125,144.85994742863167,12.0,270.0,270.0,18,danger,danger,7.850462293418876e-17,140.99999999999997,synthetic,,,,
69.0,,target,999510201,SAFE PASS,2.0,1.8466666666666667,-38.01922222222222,144.8923294835391,8.0,180.0,180.0,18,safe,safe,2.0,354.52941176470586,synthetic,,,,
70.0,,own,999510000,OWN SHIP,0.0,0.17500000000000002,-38.04708333333333,144.85,9.0,0.0,0.0,1,,,,,synthetic,,,,
70.0,,target,999510101,CROSS STBD,0.4666666666666666,0.525,-38.04125,144.85987687949245,12.0,270.0,270.0,18,danger,danger,0.0,139.99999999999997,synthetic,,,,
70.0,,target,999510201,SAFE PASS,2.0,1.8444444444444446,-38.01925925925926,144.8923294835391,8.0,180.0,180.0,18,safe,safe,2.0,353.52941176470586,synthetic,,,,
71.0,,own,999510000,OWN SHIP,0.0,0.1775,-38.047041666666665,144.85,9.0,0.0,0.0,1,,,,,synthetic,,,,
71.0,,target,999510101,CROSS STBD,0.46333333333333326,0.525,-38.04125,144.85980633035322,12.0,270.0,270.0,18,danger,danger,5.551115123125783e-17,138.99999999999997,synthetic,,,,
71.0,,target,999510201,SAFE PASS,2.0,1.8422222222222222,-38.0192962962963,144.8923294835391,8.0,180.0,180.0,18,safe,safe,2.0,352.52941176470586,synthetic,,,,
72.0,,own,999510000,OWN SHIP,0.0,0.18,-38.047,144.85,9.0,0.0,0.0,1,,,,,synthetic,,,,
72.0,,target,999510101,CROSS STBD,0.45999999999999996,0.525,-38.04125,144.859735781214,12.0,270.0,270.0,18,danger,danger,7.850462293418876e-17,138.0,synthetic,,,,
72.0,,target,999510201,SAFE PASS,2.0,1.84,-38.01933333333333,144.8923294835391,8.0,180.0,180.0,18,safe,safe,2.0,351.5294117647059,synthetic,,,,
73.0,,own,999510000,OWN SHIP,0.0,0.1825,-38.04695833333333,144.85,9.0,0.0,0.0,1,,,,,synthetic,,,,
73.0,,target,999510101,CROSS STBD,0.4566666666666666,0.525,-38.04125,144.85966523207475,12.0,270.0,270.0,18,danger,danger,5.551115123125783e-17,136.99999999999997,synthetic,,,,
73.0,,target,999510201,SAFE PASS,2.0,1.8377777777777777,-38.01937037037037,144.8923294835391,8.0,180.0,180.0,18,safe,safe,2.0,350.5294117647058,synthetic,,,,
74.0,,own,999510000,OWN SHIP,0.0,0.185,-38.04691666666666,144.85,9.0,0.0,0.0,1,,,,,synthetic,,,,
74.0,,target,999510101,CROSS STBD,0.45333333333333325,0.525,-38.04125,144.85959468293552,12.0,270.0,270.0,18,danger,danger,5.551115123125783e-17,135.99999999999997,synthetic,,,,
74.0,,target,999510201,SAFE PASS,2.0,1.8355555555555556,-38.01940740740741,144.8923294835391,8.0,180.0,180.0,18,safe,safe,2.0,349.52941176470586,synthetic,,,,
75.0,,own,999510000,OWN SHIP,0.0,0.1875,-38.046875,144.85,9.0,0.0,0.0,1,,,,,synthetic,,,,
75.0,,target,999510101,CROSS STBD,0.44999999999999996,0.525,-38.04125,144.8595241337963,12.0,270.0,270.0,18,danger,danger,7.850462293418876e-17,135.0,synthetic,,,,
75.0,,target,999510201,SAFE PASS,2.0,1.8333333333333333,-38.01944444444444,144.8923294835391,8.0,180.0,180.0,18,safe,safe,2.0,348.5294117647058,synthetic,,,,
76.0,,own,999510000,OWN SHIP,0.0,0.19,-38.04683333333333,144.85,9.0,0.0,0.0,1,,,,,synthetic,,,,
76.0,,target,999510101,CROSS STBD,0.4466666666666666,0.525,-38.04125,144.85945358465705,12.0,270.0,270.0,18,danger,danger,1.2412670766236366e-16,134.0,synthetic,,,,
76.0,,target,999510201,SAFE PASS,2.0,1.8311111111111111,-38.01948148148148,144.8923294835391,8.0,180.0,180.0,18,safe,safe,2.0,347.52941176470586,synthetic,,,,
77.0,,own,999510000,OWN SHIP,0.0,0.1925,-38.046791666666664,144.85,9.0,0.0,0.0,1,,,,,synthetic,,,,
77.0,,target,999510101,CROSS STBD,0.44333333333333325,0.525,-38.04125,144.85938303551782,12.0,270.0,270.0,18,danger,danger,0.0,132.99999999999997,synthetic,,,,
77.0,,target,999510201,SAFE PASS,2.0,1.8288888888888888,-38.01951851851852,144.8923294835391,8.0,180.0,180.0,18,safe,safe,2.0,346.5294117647058,synthetic,,,,
78.0,,own,999510000,OWN SHIP,0.0,0.195,-38.046749999999996,144.85,9.0,0.0,0.0,1,,,,,synthetic,,,,
78.0,,target,999510101,CROSS STBD,0.43999999999999995,0.525,-38.04125,144.8593124863786,12.0,270.0,270.0,18,danger,danger,0.0,131.99999999999997,synthetic,,,,
78.0,,target,999510201,SAFE PASS,2.0,1.8266666666666667,-38.019555555555556,144.8923294835391,8.0,180.0,180.0,18,safe,safe,2.0,345.5294117647058,synthetic,,,,
79.0,,own,999510000,OWN SHIP,0.0,0.1975,-38.04670833333333,144.85,9.0,0.0,0.0,1,,,,,synthetic,,,,
79.0,,target,999510101,CROSS STBD,0.4366666666666666,0.525,-38.04125,144.85924193723937,12.0,270.0,270.0,18,danger,danger,0.0,130.99999999999997,synthetic,,,,
79.0,,target,999510201,SAFE PASS,2.0,1.8244444444444445,-38.01959259259259,144.8923294835391,8.0,180.0,180.0,18,safe,safe,2.0,344.52941176470586,synthetic,,,,
80.0,,own,999510000,OWN SHIP,0.0,0.2,-38.04666666666667,144.85,9.0,0.0,0.0,1,,,,,synthetic,,,,
80.0,,target,999510101,CROSS STBD,0.4333333333333333,0.525,-38.04125,144.85917138810012,12.0,270.0,270.0,18,danger,danger,7.850462293418876e-17,130.0,synthetic,,,,
80.0,,target,999510201,SAFE PASS,2.0,1.8222222222222222,-38.01962962962963,144.8923294835391,8.0,180.0,180.0,18,safe,safe,2.0,343.5294117647058,synthetic,,,,
81.0,,own,999510000,OWN SHIP,0.0,0.2025,-38.046625,144.85,9.0,0.0,0.0,1,,,,,synthetic,,,,
81.0,,target,999510101,CROSS STBD,0.42999999999999994,0.525,-38.04125,144.8591008389609,12.0,270.0,270.0,18,danger,danger,0.0,128.99999999999997,synthetic,,,,
81.0,,target,999510201,SAFE PASS,2.0,1.82,-38.019666666666666,144.8923294835391,8.0,180.0,180.0,18,safe,safe,2.0,342.52941176470586,synthetic,,,,
82.0,,own,999510000,OWN SHIP,0.0,0.20500000000000002,-38.04658333333333,144.85,9.0,0.0,0.0,1,,,,,synthetic,,,,
82.0,,target,999510101,CROSS STBD,0.4266666666666666,0.525,-38.04125,144.85903028982167,12.0,270.0,270.0,18,danger,danger,0.0,127.99999999999997,synthetic,,,,
82.0,,target,999510201,SAFE PASS,2.0,1.8177777777777777,-38.0197037037037,144.8923294835391,8.0,180.0,180.0,18,safe,safe,2.0,341.5294117647058,synthetic,,,,
83.0,,own,999510000,OWN SHIP,0.0,0.20750000000000002,-38.04654166666666,144.85,9.0,0.0,0.0,1,,,,,synthetic,,,,
83.0,,target,999510101,CROSS STBD,0.4233333333333333,0.525,-38.04125,144.85895974068245,12.0,270.0,270.0,18,danger,danger,7.850462293418876e-17,127.0,synthetic,,,,
83.0,,target,999510201,SAFE PASS,2.0,1.8155555555555556,-38.01974074074074,144.8923294835391,8.0,180.0,180.0,18,safe,safe,2.0,340.52941176470586,synthetic,,,,
84.0,,own,999510000,OWN SHIP,0.0,0.21,-38.046499999999995,144.85,9.0,0.0,0.0,1,,,,,synthetic,,,,
84.0,,target,999510101,CROSS STBD,0.41999999999999993,0.525,-38.04125,144.8588891915432,12.0,270.0,270.0,18,danger,danger,7.850462293418876e-17,125.99999999999999,synthetic,,,,
84.0,,target,999510201,SAFE PASS,2.0,1.8133333333333332,-38.019777777777776,144.8923294835391,8.0,180.0,180.0,18,safe,safe,2.0,339.5294117647058,synthetic,,,,
85.0,,own,999510000,OWN SHIP,0.0,0.2125,-38.046458333333334,144.85,9.0,0.0,0.0,1,,,,,synthetic,,,,
85.0,,target,999510101,CROSS STBD,0.41666666666666663,0.525,-38.04125,144.85881864240397,12.0,270.0,270.0,18,danger,danger,0.0,124.99999999999999,synthetic,,,,
85.0,,target,999510201,SAFE PASS,2.0,1.8111111111111111,-38.019814814814815,144.8923294835391,8.0,180.0,180.0,18,safe,safe,2.0,338.52941176470586,synthetic,,,,
86.0,,own,999510000,OWN SHIP,0.0,0.215,-38.046416666666666,144.85,9.0,0.0,0.0,1,,,,,synthetic,,,,
86.0,,target,999510101,CROSS STBD,0.4133333333333333,0.525,-38.04125,144.85874809326475,12.0,270.0,270.0,18,danger,danger,5.551115123125783e-17,123.99999999999997,synthetic,,,,
86.0,,target,999510201,SAFE PASS,2.0,1.8088888888888888,-38.01985185185185,144.8923294835391,8.0,180.0,180.0,18,safe,safe,2.0,337.5294117647058,synthetic,,,,
87.0,,own,999510000,OWN SHIP,0.0,0.2175,-38.046375,144.85,9.0,0.0,0.0,1,,,,,synthetic,,,,
87.0,,target,999510101,CROSS STBD,0.4099999999999999,0.525,-38.04125,144.8586775441255,12.0,270.0,270.0,18,danger,danger,0.0,122.99999999999997,synthetic,,,,
87.0,,target,999510201,SAFE PASS,2.0,1.8066666666666666,-38.019888888888886,144.8923294835391,8.0,180.0,180.0,18,safe,safe,2.0,336.5294117647058,synthetic,,,,
88.0,,own,999510000,OWN SHIP,0.0,0.22,-38.04633333333333,144.85,9.0,0.0,0.0,1,,,,,synthetic,,,,
88.0,,target,999510101,CROSS STBD,0.4066666666666666,0.525,-38.04125,144.85860699498627,12.0,270.0,270.0,18,danger,danger,0.0,121.99999999999999,synthetic,,,,
88.0,,target,999510201,SAFE PASS,2.0,1.8044444444444445,-38.019925925925925,144.8923294835391,8.0,180.0,180.0,18,safe,safe,2.0,335.52941176470586,synthetic,,,,
89.0,,own,999510000,OWN SHIP,0.0,0.2225,-38.04629166666666,144.85,9.0,0.0,0.0,1,,,,,synthetic,,,,
89.0,,target,999510101,CROSS STBD,0.40333333333333327,0.525,-38.04125,144.85853644584705,12.0,270.0,270.0,18,danger,danger,7.850462293418876e-17,120.99999999999999,synthetic,,,,
89.0,,target,999510201,SAFE PASS,2.0,1.8022222222222222,-38.01996296296296,144.8923294835391,8.0,180.0,180.0,18,safe,safe,2.0,334.5294117647058,synthetic,,,,
90.0,,own,999510000,OWN SHIP,0.0,0.225,-38.04625,144.85,9.0,0.0,0.0,1,,,,,synthetic,,,,
90.0,,target,999510101,CROSS STBD,0.3999999999999999,0.525,-38.04125,144.85846589670783,12.0,270.0,270.0,18,danger,danger,5.551115123125783e-17,119.99999999999997,synthetic,,,,
90.0,,target,999510201,SAFE PASS,2.0,1.8,-38.019999999999996,144.8923294835391,8.0,180.0,180.0,18,safe,safe,2.0,333.5294117647058,synthetic,,,,
91.0,,own,999510000,OWN SHIP,0.0,0.2275,-38.04620833333333,144.85,9.0,0.0,0.0,1,,,,,synthetic,,,,
91.0,,target,999510101,CROSS STBD,0.3966666666666666,0.5249999999999999,-38.04125,144.85839534756857,12.0,270.0,270.0,18,danger,danger,1.2412670766236366e-16,118.99999999999994,synthetic,,,,
91.0,,target,999510201,SAFE PASS,2.0,1.7977777777777777,-38.020037037037035,144.8923294835391,8.0,180.0,180.0,18,safe,safe,2.0,332.5294117647058,synthetic,,,,
92.0,,own,999510000,OWN SHIP,0.0,0.23,-38.046166666666664,144.85,9.0,0.0,0.0,1,,,,,synthetic,,,,
92.0,,target,999510101,CROSS STBD,0.39333333333333326,0.5249999999999999,-38.04125,144.85832479842935,12.0,270.0,270.0,18,danger,danger,5.551115123125783e-17,117.99999999999996,synthetic,,,,
92.0,,target,999510201,SAFE PASS,2.0,1.7955555555555556,-38.020074074074074,144.8923294835391,8.0,180.0,180.0,18,safe,safe,2.0,331.52941176470586,synthetic,,,,
93.0,,own,999510000,OWN SHIP,0.0,0.2325,-38.046124999999996,144.85,9.0,0.0,0.0,1,,,,,synthetic,,,,
93.0,,target,999510101,CROSS STBD,0.38999999999999996,0.5249999999999999,-38.04125,144.85825424929013,12.0,270.0,270.0,18,danger,danger,7.850462293418876e-17,116.99999999999996,synthetic,,,,
93.0,,target,999510201,SAFE PASS,2.0,1.7933333333333334,-38.020111111111106,144.8923294835391,8.0,180.0,180.0,18,safe,safe,2.0,330.52941176470586,synthetic,,,,
94.0,,own,999510000,OWN SHIP,0.0,0.23500000000000001,-38.04608333333333,144.85,9.0,0.0,0.0,1,,,,,synthetic,,,,
94.0,,target,999510101,CROSS STBD,0.3866666666666666,0.5249999999999999,-38.04125,144.85818370015087,12.0,270.0,270.0,18,danger,danger,5.551115123125783e-17,115.99999999999997,synthetic,,,,
94.0,,target,999510201,SAFE PASS,2.0,1.791111111111111,-38.020148148148145,144.8923294835391,8.0,180.0,180.0,18,safe,safe,2.0,329.5294117647058,synthetic,,,,
95.0,,own,999510000,OWN SHIP,0.0,0.23750000000000002,-38.04604166666666,144.85,9.0,0.0,0.0,1,,,,,synthetic,,,,
95.0,,target,999510101,CROSS STBD,0.38333333333333325,0.5249999999999999,-38.04125,144.85811315101165,12.0,270.0,270.0,18,danger,danger,1.1102230246251565e-16,114.99999999999997,synthetic,,,,
95.0,,target,999510201,SAFE PASS,2.0,1.788888888888889,-38.020185185185184,144.8923294835391,8.0,180.0,180.0,18,safe,safe,2.0,328.52941176470586,synthetic,,,,
96.0,,own,999510000,OWN SHIP,0.0,0.24,-38.046,144.85,9.0,0.0,0.0,1,,,,,synthetic,,,,
96.0,,target,999510101,CROSS STBD,0.37999999999999995,0.5249999999999999,-38.04125,144.85804260187243,12.0,270.0,270.0,18,danger,danger,7.850462293418876e-17,113.99999999999996,synthetic,,,,
96.0,,target,999510201,SAFE PASS,2.0,1.7866666666666666,-38.020222222222216,144.8923294835391,8.0,180.0,180.0,18,safe,safe,2.0,327.5294117647058,synthetic,,,,
97.0,,own,999510000,OWN SHIP,0.0,0.2425,-38.04595833333333,144.85,9.0,0.0,0.0,1,,,,,synthetic,,,,
97.0,,target,999510101,CROSS STBD,0.3766666666666666,0.5249999999999999,-38.04125,144.8579720527332,12.0,270.0,270.0,18,danger,danger,7.850462293418876e-17,112.99999999999996,synthetic,,,,
97.0,,target,999510201,SAFE PASS,2.0,1.7844444444444445,-38.020259259259255,144.8923294835391,8.0,180.0,180.0,18,safe,safe,2.0,326.52941176470586,synthetic,,,,
98.0,,own,999510000,OWN SHIP,0.0,0.245,-38.04591666666666,144.85,9.0,0.0,0.0,1,,,,,synthetic,,,,
98.0,,target,999510101,CROSS STBD,0.3733333333333333,0.5249999999999999,-38.04125,144.85790150359395,12.0,270.0,270.0,18,danger,danger,7.850462293418876e-17,111.99999999999997,synthetic,,,,
98.0,,target,999510201,SAFE PASS,2.0,1.7822222222222222,-38.020296296296294,144.8923294835391,8.0,180.0,180.0,18,safe,safe,2.0,325.5294117647058,synthetic,,,,
99.0,,own,999510000,OWN SHIP,0.0,0.2475,-38.045874999999995,144.85,9.0,0.0,0.0,1,,,,,synthetic,,,,
99.0,,target,999510101,CROSS STBD,0.36999999999999994,0.5249999999999999,-38.04125,144.85783095445473,12.0,270.0,270.0,18,danger,danger,5.551115123125783e-17,110.99999999999997,synthetic,,,,
99.0,,target,999510201,SAFE PASS,2.0,1.78,-38.02033333333333,144.8923294835391,8.0,180.0,180.0,18,safe,safe,2.0,324.5294117647058,synthetic,,,,
100.0,,own,999510000,OWN SHIP,0.0,0.25,-38.04583333333333,144.85,9.0,0.0,0.0,1,,,,,synthetic,,,,
100.0,,target,999510101,CROSS STBD,0.3666666666666666,0.5249999999999999,-38.04125,144.8577604053155,12.0,270.0,270.0,18,danger,danger,7.850462293418876e-17,109.99999999999996,synthetic,,,,
100.0,,target,999510201,SAFE PASS,2.0,1.7777777777777777,-38.020370370370365,144.8923294835391,8.0,180.0,180.0,18,safe,safe,2.0,323.5294117647058,synthetic,,,,
101.0,,own,999510000,OWN SHIP,0.0,0.2525,-38.045791666666666,144.85,9.0,0.0,0.0,1,,,,,synthetic,,,,
101.0,,target,999510101,CROSS STBD,0.3633333333333333,0.5249999999999999,-38.04125,144.85768985617625,12.0,270.0,270.0,18,danger,danger,7.850462293418876e-17,108.99999999999996,synthetic,,,,
101.0,,target,999510201,SAFE PASS,2.0,1.7755555555555556,-38.020407407407404,144.8923294835391,8.0,180.0,180.0,18,safe,safe,2.0,322.5294117647058,synthetic,,,,
102.0,,own,999510000,OWN SHIP,0.0,0.255,-38.04575,144.85,9.0,0.0,0.0,1,,,,,synthetic,,,,
102.0,,target,999510101,CROSS STBD,0.35999999999999993,0.5249999999999999,-38.04125,144.85761930703703,12.0,270.0,270.0,18,danger,danger,5.551115123125783e-17,107.99999999999997,synthetic,,,,
102.0,,target,999510201,SAFE PASS,2.0,1.7733333333333334,-38.02044444444444,144.8923294835391,8.0,180.0,180.0,18,safe,safe,2.0,321.52941176470586,synthetic,,,,
103.0,,own,999510000,OWN SHIP,0.0,0.2575,-38.04570833333333,144.85,9.0,0.0,0.0,1,,,,,synthetic,,,,
103.0,,target,999510101,CROSS STBD,0.3566666666666666,0.5249999999999999,-38.04125,144.8575487578978,12.0,270.0,270.0,18,danger,danger,7.850462293418876e-17,106.99999999999996,synthetic,,,,
103.0,,target,999510201,SAFE PASS,2.0,1.771111111111111,-38.020481481481475,144.8923294835391,8.0,180.0,180.0,18,safe,safe,2.0,320.5294117647058,synthetic,,,,
104.0,,own,999510000,OWN SHIP,0.0,0.26,-38.04566666666666,144.85,9.0,0.0,0.0,1,,,,,synthetic,,,,
104.0,,target,999510101,CROSS STBD,0.3533333333333333,0.5249999999999999,-38.04125,144.85747820875858,12.0,270.0,270.0,18,danger,danger,7.850462293418876e-17,105.99999999999996,synthetic,,,,
104.0,,target,999510201,SAFE PASS,2.0,1.768888888888889,-38.020518518518514,144.8923294835391,8.0,180.0,180.0,18,safe,safe,2.0,319.52941176470586,synthetic,,,,
105.0,,own,999510000,OWN SHIP,0.0,0.2625,-38.045624999999994,144.85,9.0,0.0,0.0,1,,,,,synthetic,,,,
105.0,,target,999510101,CROSS STBD,0.3499999999999999,0.5249999999999999,-38.04125,144.85740765961933,12.0,270.0,270.0,18,danger,danger,7.850462293418876e-17,104.99999999999996,synthetic,,,,
105.0,,target,999510201,SAFE PASS,2.0,1.7666666666666666,-38.02055555555555,144.8923294835391,8.0,180.0,180.0,18,safe,safe,2.0,318.5294117647058,synthetic,,,,
106.0,,own,999510000,OWN SHIP,0.0,0.265,-38.04558333333333,144.85,9.0,0.0,0.0,1,,,,,synthetic,,,,
106.0,,target,999510101,CROSS STBD,0.3466666666666666,0.5249999999999999,-38.04125,144.8573371104801,12.0,270.0,270.0,18,danger,danger,7.850462293418876e-17,103.99999999999997,synthetic,,,,
106.0,,target,999510201,SAFE PASS,2.0,1.7644444444444445,-38.02059259259259,144.8923294835391,8.0,180.0,180.0,18,safe,safe,2.0,317.5294117647058,synthetic,,,,
107.0,,own,999510000,OWN SHIP,0.0,0.2675,-38.045541666666665,144.85,9.0,0.0,0.0,1,,,,,synthetic,,,,
107.0,,target,999510101,CROSS STBD,0.34333333333333327,0.5249999999999999,-38.04125,144.85726656134088,12.0,270.0,270.0,18,danger,danger,1.1102230246251565e-16,102.99999999999997,synthetic,,,,
107.0,,target,999510201,SAFE PASS,2.0,1.7622222222222221,-38.020629629629624,144.8923294835391,8.0,180.0,180.0,18,safe,safe,2.0,316.5294117647058,synthetic,,,,
108.0,,own,999510000,OWN SHIP,0.0,0.27,-38.0455,144.85,9.0,0.0,0.0,1,,,,,synthetic,,,,
108.0,,target,999510101,CROSS STBD,0.3399999999999999,0.5249999999999999,-38.04125,144.85719601220165,12.0,270.0,270.0,18,danger,danger,7.850462293418876e-17,101.99999999999996,synthetic,,,,
108.0,,target,999510201,SAFE PASS,2.0,1.76,-38.02066666666666,144.8923294835391,8.0,180.0,180.0,18,safe,safe,2.0,315.5294117647058,synthetic,,,,
109.0,,own,999510000,OWN SHIP,0.0,0.2725,-38.04545833333333,144.85,9.0,0.0,0.0,1,,,,,synthetic,,,,
109.0,,target,999510101,CROSS STBD,0.3366666666666666,0.5249999999999999,-38.04125,144.8571254630624,12.0,270.0,270.0,18,danger,danger,1.1102230246251565e-16,100.99999999999997,synthetic,,,,
109.0,,target,999510201,SAFE PASS,2.0,1.7577777777777777,-38.0207037037037,144.8923294835391,8.0,180.0,180.0,18,safe,safe,2.0,314.5294117647058,synthetic,,,,
110.0,,own,999510000,OWN SHIP,0.0,0.275,-38.04541666666666,144.85,9.0,0.0,0.0,1,,,,,synthetic,,,,
110.0,,target,999510101,CROSS STBD,0.33333333333333326,0.5249999999999999,-38.04125,144.85705491392318,12.0,270.0,270.0,18,danger,danger,1.1443916996305594e-16,99.99999999999994,synthetic,,,,
110.0,,target,999510201,SAFE PASS,2.0,1.7555555555555555,-38.020740740740735,144.8923294835391,8.0,180.0,180.0,18,safe,safe,2.0,313.5294117647058,synthetic,,,,
111.0,,own,999510000,OWN SHIP,0.0,0.2775,-38.045375,144.85,9.0,0.0,0.0,1,,,,,synthetic,,,,
111.0,,target,999510101,CROSS STBD,0.3299999999999999,0.5249999999999999,-38.04125,144.85698436478395,12.0,270.0,270.0,18,danger,danger,8.326672684688674e-17,98.99999999999997,synthetic,,,,
111.0,,target,999510201,SAFE PASS,2.0,1.7533333333333334,-38.020777777777774,144.8923294835391,8.0,180.0,180.0,18,safe,safe,2.0,312.5294117647058,synthetic,,,,
112.0,,own,999510000,OWN SHIP,0.0,0.28,-38.04533333333333,144.85,9.0,0.0,0.0,1,,,,,synthetic,,,,
112.0,,target,999510101,CROSS STBD,0.3266666666666666,0.5249999999999999,-38.04125,144.8569138156447,12.0,270.0,270.0,18,danger,danger,7.850462293418876e-17,97.99999999999996,synthetic,,,,
112.0,,target,999510201,SAFE PASS,2.0,1.751111111111111,-38.02081481481481,144.8923294835391,8.0,180.0,180.0,18,safe,safe,2.0,311.5294117647058,synthetic,,,,
113.0,,own,999510000,OWN SHIP,0.0,0.28250000000000003,-38.045291666666664,144.85,9.0,0.0,0.0,1,,,,,synthetic,,,,
113.0,,target,999510101,CROSS STBD,0.32333333333333325,0.5249999999999999,-38.04125,144.85684326650548,12.0,270.0,270.0,18,danger,danger,7.850462293418876e-17,96.99999999999996,synthetic,,,,
113.0,,target,999510201,SAFE PASS,2.0,1.748888888888889,-38.02085185185185,144.8923294835391,8.0,180.0,180.0,18,safe,safe,2.0,310.52941176470586,synthetic,,,,
114.0,,own,999510000,OWN SHIP,0.0,0.28500000000000003,-38.045249999999996,144.85,9.0,0.0,0.0,1,,,,,synthetic,,,,
114.0,,target,999510101,CROSS STBD,0.31999999999999995,0.5249999999999999,-38.04125,144.85677271736625,12.0,270.0,270.0,18,danger,danger,7.850462293418876e-17,95.99999999999996,synthetic,,,,
114.0,,target,999510201,SAFE PASS,2.0,1.7466666666666666,-38.020888888888884,144.8923294835391,8.0,180.0,180.0,18,safe,safe,2.0,309.5294117647058,synthetic,,,,
115.0,,own,999510000,OWN SHIP,0.0,0.28750000000000003,-38.04520833333333,144.85,9.0,0.0,0.0,1,,,,,synthetic,,,,
115.0,,target,999510101,CROSS STBD,0.3166666666666666,0.5249999999999999,-38.04125,144.85670216822703,12.0,270.0,270.0,18,danger,danger,1.1102230246251565e-16,94.99999999999997,synthetic,,,,
115.0,,target,999510201,SAFE PASS,2.0,1.7444444444444445,-38.02092592592592,144.8923294835391,8.0,180.0,180.0,18,safe,safe,2.0,308.5294117647058,synthetic,,,,
116.0,,own,999510000,OWN SHIP,0.0,0.29,-38.04516666666667,144.85,9.0,0.0,0.0,1,,,,,synthetic,,,,
116.0,,target,999510101,CROSS STBD,0.31333333333333324,0.5249999999999999,-38.04125,144.85663161908778,12.0,270.0,270.0,18,danger,danger,5.551115123125783e-17,93.99999999999996,synthetic,,,,
116.0,,target,999510201,SAFE PASS,2.0,1.7422222222222223,-38.02096296296296,144.8923294835391,8.0,180.0,180.0,18,safe,safe,2.0,307.52941176470586,synthetic,,,,
117.0,,own,999510000,OWN SHIP,0.0,0.2925,-38.045125,144.85,9.0,0.0,0.0,1,,,,,synthetic,,,,
117.0,,target,999510101,CROSS STBD,0.30999999999999994,0.5249999999999999,-38.04125,144.85656106994855,12.0,270.0,270.0,18,danger,danger,5.551115123125783e-17,92.99999999999997,synthetic,,,,
117.0,,target,999510201,SAFE PASS,2.0,1.74,-38.020999999999994,144.8923294835391,8.0,180.0,180.0,18,safe,safe,2.0,306.5294117647058,synthetic,,,,
118.0,,own,999510000,OWN SHIP,0.0,0.295,-38.04508333333333,144.85,9.0,0.0,0.0,1,,,,,synthetic,,,,
118.0,,target,999510101,CROSS STBD,0.3066666666666666,0.5249999999999999,-38.04125,144.85649052080933,12.0,270.0,270.0,18,danger,danger,5.551115123125783e-17,91.99999999999997,synthetic,,,,
118.0,,target,999510201,SAFE PASS,2.0,1.7377777777777776,-38.02103703703703,144.8923294835391,8.0,180.0,180.0,18,safe,safe,2.0,305.5294117647058,synthetic,,,,
119.0,,own,999510000,OWN SHIP,0.0,0.2975,-38.04504166666666,144.85,9.0,0.0,0.0,1,,,,,synthetic,,,,
119.0,,target,999510101,CROSS STBD,0.3033333333333333,0.5249999999999999,-38.04125,144.85641997167008,12.0,270.0,270.0,18,danger,danger,7.850462293418876e-17,90.99999999999997,synthetic,,,,
119.0,,target,999510201,SAFE PASS,2.0,1.7355555555555555,-38.02107407407407,144.8923294835391,8.0,180.0,180.0,18,safe,safe,2.0,304.52941176470586,synthetic,,,,
120.0,,own,999510000,OWN SHIP,0.0,0.3,-38.044999999999995,144.85,9.0,0.0,0.0,1,,,,,synthetic,,,,
120.0,,target,999510101,CROSS STBD,0.29999999999999993,0.5249999999999999,-38.04125,144.85634942253085,12.0,270.0,270.0,18,danger,danger,6.206335383118183e-17,89.99999999999996,synthetic,,,,
120.0,,target,999510201,SAFE PASS,2.0,1.7333333333333334,-38.02111111111111,144.8923294835391,8.0,180.0,180.0,18,safe,safe,2.0,303.5294117647058,synthetic,,,,
121.0,,own,999510000,OWN SHIP,0.0,0.3025,-38.044958333333334,144.85,9.0,0.0,0.0,1,,,,,synthetic,,,,
121.0,,target,999510101,CROSS STBD,0.2966666666666666,0.5249999999999999,-38.04125,144.85627887339163,12.0,270.0,270.0,18,danger,danger,5.551115123125783e-17,88.99999999999997,synthetic,,,,
121.0,,target,999510201,SAFE PASS,2.0,1.731111111111111,-38.02114814814814,144.8923294835391,8.0,180.0,180.0,18,safe,safe,2.0,302.5294117647058,synthetic,,,,
122.0,,own,999510000,OWN SHIP,0.0,0.305,-38.044916666666666,144.85,9.0,0.0,0.0,1,,,,,synthetic,,,,
122.0,,target,999510101,CROSS STBD,0.2933333333333333,0.5249999999999999,-38.04125,144.8562083242524,12.0,270.0,270.0,18,danger,danger,5.551115123125783e-17,87.99999999999997,synthetic,,,,
122.0,,target,999510201,SAFE PASS,2.0,1.728888888888889,-38.02118518518518,144.8923294835391,8.0,180.0,180.0,18,safe,safe,2.0,301.52941176470586,synthetic,,,,
123.0,,own,999510000,OWN SHIP,0.0,0.3075,-38.044875,144.85,9.0,0.0,0.0,1,,,,,synthetic,,,,
123.0,,target,999510101,CROSS STBD,0.2899999999999999,0.5249999999999999,-38.04125,144.85613777511315,12.0,270.0,270.0,18,danger,danger,5.551115123125783e-17,86.99999999999997,synthetic,,,,
123.0,,target,999510201,SAFE PASS,2.0,1.7266666666666666,-38.02122222222222,144.8923294835391,8.0,180.0,180.0,18,safe,safe,2.0,300.52941176470574,synthetic,,,,
124.0,,own,999510000,OWN SHIP,0.0,0.31,-38.04483333333333,144.85,9.0,0.0,0.0,1,,,,,synthetic,,,,
124.0,,target,999510101,CROSS STBD,0.28666666666666657,0.5249999999999999,-38.04125,144.85606722597393,12.0,270.0,270.0,18,danger,danger,2.7755575615628914e-17,85.99999999999996,synthetic,,,,
124.0,,target,999510201,SAFE PASS,2.0,1.7244444444444444,-38.02125925925925,144.8923294835391,8.0,180.0,180.0,18,safe,safe,2.0,299.5294117647058,synthetic,,,,
125.0,,own,999510000,OWN SHIP,0.0,0.3125,-38.04479166666666,144.85,9.0,0.0,0.0,1,,,,,synthetic,,,,
125.0,,target,999510101,CROSS STBD,0.28333333333333327,0.5249999999999999,-38.04125,144.8559966768347,12.0,270.0,270.0,18,danger,danger,5.551115123125783e-17,84.99999999999997,synthetic,,,,
125.0,,target,999510201,SAFE PASS,2.0,1.7222222222222223,-38.02129629629629,144.8923294835391,8.0,180.0,180.0,18,safe,safe,2.0,298.52941176470586,synthetic,,,,
126.0,,own,999510000,OWN SHIP,0.0,0.315,-38.04475,144.85,9.0,0.0,0.0,1,,,,,synthetic,,,,
126.0,,target,999510101,CROSS STBD,0.2799999999999999,0.5249999999999999,-38.04125,144.85592612769545,12.0,270.0,270.0,18,danger,danger,6.206335383118183e-17,83.99999999999996,synthetic,,,,
126.0,,target,999510201,SAFE PASS,2.0,1.72,-38.02133333333333,144.8923294835391,8.0,180.0,180.0,18,safe,safe,2.0,297.52941176470586,synthetic,,,,
127.0,,own,999510000,OWN SHIP,0.0,0.3175,-38.04470833333333,144.85,9.0,0.0,0.0,1,,,,,synthetic,,,,
127.0,,target,999510101,CROSS STBD,0.2766666666666666,0.5249999999999999,-38.04125,144.85585557855623,12.0,270.0,270.0,18,danger,danger,5.551115123125783e-17,82.99999999999997,synthetic,,,,
127.0,,target,999510201,SAFE PASS,2.0,1.7177777777777778,-38.02137037037037,144.8923294835391,8.0,180.0,180.0,18,safe,safe,2.0,296.5294117647058,synthetic,,,,
128.0,,own,999510000,OWN SHIP,0.0,0.32,-38.044666666666664,144.85,9.0,0.0,0.0,1,,,,,synthetic,,,,
128.0,,target,999510101,CROSS STBD,0.27333333333333326,0.5249999999999999,-38.04125,144.855785029417,12.0,270.0,270.0,18,danger,danger,6.206335383118183e-17,81.99999999999996,synthetic,,,,
128.0,,target,999510201,SAFE PASS,2.0,1.7155555555555555,-38.0214074074074,144.8923294835391,8.0,180.0,180.0,18,safe,safe,2.0,295.5294117647058,synthetic,,,,
129.0,,own,999510000,OWN SHIP,0.0,0.3225,-38.044624999999996,144.85,9.0,0.0,0.0,1,,,,,synthetic,,,,
129.0,,target,999510101,CROSS STBD,0.2699999999999999,0.5249999999999999,-38.04125,144.85571448027778,12.0,270.0,270.0,18,danger,danger,6.206335383118183e-17,80.99999999999996,synthetic,,,,
129.0,,target,999510201,SAFE PASS,2.0,1.7133333333333334,-38.02144444444444,144.8923294835391,8.0,180.0,180.0,18,safe,safe,2.0,294.5294117647058,synthetic,,,,
130.0,,own,999510000,OWN SHIP,0.0,0.325,-38.04458333333333,144.85,9.0,0.0,0.0,1,,,,,synthetic,,,,
130.0,,target,999510101,CROSS STBD,0.2666666666666666,0.5249999999999999,-38.04125,144.85564393113853,12.0,270.0,270.0,18,danger,danger,6.206335383118183e-17,79.99999999999996,synthetic,,,,
130.0,,target,999510201,SAFE PASS,2.0,1.7111111111111112,-38.02148148148148,144.8923294835391,8.0,180.0,180.0,18,safe,safe,2.0,293.52941176470586,synthetic,,,,
131.0,,own,999510000,OWN SHIP,0.0,0.3275,-38.04454166666667,144.85,9.0,0.0,0.0,1,,,,,synthetic,,,,
131.0,,target,999510101,CROSS STBD,0.26333333333333325,0.5249999999999999,-38.04125,144.8555733819993,12.0,270.0,270.0,18,danger,danger,8.326672684688674e-17,78.99999999999997,synthetic,,,,
131.0,,target,999510201,SAFE PASS,2.0,1.708888888888889,-38.02151851851852,144.8923294835391,8.0,180.0,180.0,18,safe,safe,2.0,292.52941176470586,synthetic,,,,
132.0,,own,999510000,OWN SHIP,0.0,0.33,-38.0445,144.85,9.0,0.0,0.0,1,,,,,synthetic,,,,
132.0,,target,999510101,CROSS STBD,0.25999999999999995,0.5249999999999999,-38.04125,144.85550283286008,12.0,270.0,270.0,18,danger,danger,6.206335383118183e-17,77.99999999999996,synthetic,,,,
132.0,,target,999510201,SAFE PASS,2.0,1.7066666666666666,-38.02155555555555,144.8923294835391,8.0,180.0,180.0,18,safe,safe,2.0,291.52941176470574,synthetic,,,,
133.0,,own,999510000,OWN SHIP,0.0,0.3325,-38.04445833333333,144.85,9.0,0.0,0.0,1,,,,,synthetic,,,,
133.0,,target,999510101,CROSS STBD,0.2566666666666666,0.5249999999999999,-38.04125,144.85543228372086,12.0,270.0,270.0,18,danger,danger,8.326672684688674e-17,76.99999999999997,synthetic,,,,
133.0,,target,999510201,SAFE PASS,2.0,1.7044444444444444,-38.02159259259259,144.8923294835391,8.0,180.0,180.0,18,safe,safe,2.0,290.52941176470586,synthetic,,,,
134.0,,own,999510000,OWN SHIP,0.0,0.335,-38.04441666666666,144.85,9.0,0.0,0.0,1,,,,,synthetic,,,,
134.0,,target,999510101,CROSS STBD,0.25333333333333324,0.5249999999999999,-38.04125,144.8553617345816,12.0,270.0,270.0,18,danger,danger,6.206335383118183e-17,75.99999999999996,synthetic,,,,
134.0,,target,999510201,SAFE PASS,2.0,1.7022222222222223,-38.02162962962963,144.8923294835391,8.0,180.0,180.0,18,safe,safe,2.0,289.52941176470586,synthetic,,,,
135.0,,own,999510000,OWN SHIP,0.0,0.3375,-38.044374999999995,144.85,9.0,0.0,0.0,1,,,,,synthetic,,,,
135.0,,target,999510101,CROSS STBD,0.24999999999999994,0.5249999999999999,-38.04125,144.85529118544238,12.0,270.0,270.0,18,danger,danger,8.777083671441753e-17,74.99999999999997,synthetic,,,,
135.0,,target,999510201,SAFE PASS,2.0,1.7,-38.02166666666666,144.8923294835391,8.0,180.0,180.0,18,safe,safe,2.0,288.5294117647058,synthetic,,,,
136.0,,own,999510000,OWN SHIP,0.0,0.34,-38.04433333333333,144.85,9.0,0.0,0.0,1,,,,,synthetic,,,,
136.0,,target,999510101,CROSS STBD,0.2466666666666666,0.5249999999999999,-38.04125,144.85522063630316,12.0,270.0,270.0,18,danger,danger,7.850462293418876e-17,73.99999999999996,synthetic,,,,
136.0,,target,999510201,SAFE PASS,2.0,1.6977777777777778,-38.0217037037037,144.8923294835391,8.0,180.0,180.0,18,safe,safe,2.0,287.5294117647058,synthetic,,,,
137.0,,own,999510000,OWN SHIP,0.0,0.3425,-38.044291666666666,144.85,9.0,0.0,0.0,1,,,,,synthetic,,,,
137.0,,target,999510101,CROSS STBD,0.24333333333333323,0.5249999999999999,-38.04125,144.8551500871639,12.0,270.0,270.0,18,danger,danger,6.206335383118183e-17,72.99999999999996,synthetic,,,,
137.0,,target,999510201,SAFE PASS,2.0,1.6955555555555555,-38.02174074074074,144.8923294835391,8.0,180.0,180.0,18,safe,safe,2.0,286.5294117647058,synthetic,,,,
138.0,,own,999510000,OWN SHIP,0.0,0.34500000000000003,-38.04425,144.85,9.0,0.0,0.0,1,,,,,synthetic,,,,
138.0,,target,999510101,CROSS STBD,0.23999999999999994,0.5249999999999999,-38.04125,144.85507953802468,12.0,270.0,270.0,18,danger,danger,7.850462293418876e-17,71.99999999999996,synthetic,,,,
138.0,,target,999510201,SAFE PASS,2.0,1.6933333333333334,-38.02177777777778,144.8923294835391,8.0,180.0,180.0,18,safe,safe,2.0,285.5294117647058,synthetic,,,,
139.0,,own,999510000,OWN SHIP,0.0,0.34750000000000003,-38.04420833333333,144.85,9.0,0.0,0.0,1,,,,,synthetic,,,,
139.0,,target,999510101,CROSS STBD,0.23666666666666658,0.5249999999999999,-38.04125,144.85500898888546,12.0,270.0,270.0,18,danger,danger,8.326672684688674e-17,70.99999999999997,synthetic,,,,
139.0,,target,999510201,SAFE PASS,2.0,1.6911111111111112,-38.02181481481481,144.8923294835391,8.0,180.0,180.0,18,safe,safe,2.0,284.5294117647058,synthetic,,,,
140.0,,own,999510000,OWN SHIP,0.0,0.35000000000000003,-38.04416666666666,144.85,9.0,0.0,0.0,1,,,,,synthetic,,,,
140.0,,target,999510101,CROSS STBD,0.23333333333333328,0.5249999999999999,-38.04125,144.85493843974623,12.0,270.0,270.0,18,danger,danger,1.0007415106216802e-16,69.99999999999996,synthetic,,,,
140.0,,target,999510201,SAFE PASS,2.0,1.6888888888888889,-38.02185185185185,144.8923294835391,8.0,180.0,180.0,18,safe,safe,2.0,283.5294117647058,synthetic,,,,
141.0,,own,999510000,OWN SHIP,0.0,0.3525,-38.044124999999994,144.85,9.0,0.0,0.0,1,,,,,synthetic,,,,
141.0,,target,999510101,CROSS STBD,0.22999999999999993,0.5249999999999999,-38.04125,144.85486789060698,12.0,270.0,270.0,18,danger,danger,2.7755575615628914e-17,68.99999999999997,synthetic,,,,
141.0,,target,999510201,SAFE PASS,2.0,1.6866666666666665,-38.02188888888889,144.8923294835391,8.0,180.0,180.0,18,safe,safe,2.0,282.5294117647058,synthetic,,,,
142.0,,own,999510000,OWN SHIP,0.0,0.355,-38.04408333333333,144.85,9.0,0.0,0.0,1,,,,,synthetic,,,,
142.0,,target,999510101,CROSS STBD,0.22666666666666657,0.5249999999999999,-38.04125,144.85479734146776,12.0,270.0,270.0,18,danger,danger,3.925231146709438e-17,67.99999999999997,synthetic,,,,
142.0,,target,999510201,SAFE PASS,2.0,1.6844444444444444,-38.02192592592592,144.8923294835391,8.0,180.0,180.0,18,safe,safe,2.0,281.52941176470586,synthetic,,,,
143.0,,own,999510000,OWN SHIP,0.0,0.3575,-38.044041666666665,144.85,9.0,0.0,0.0,1,,,,,synthetic,,,,
143.0,,target,999510101,CROSS STBD,0.22333333333333327,0.5249999999999999,-38.04125,144.85472679232853,12.0,270.0,270.0,18,danger,danger,3.925231146709438e-17,66.99999999999997,synthetic,,,,
143.0,,target,999510201,SAFE PASS,2.0,1.6822222222222223,-38.02196296296296,144.8923294835391,8.0,180.0,180.0,18,safe,safe,2.0,280.52941176470586,synthetic,,,,
144.0,,own,999510000,OWN SHIP,0.0,0.36,-38.044,144.85,9.0,0.0,0.0,1,,,,,synthetic,,,,
144.0,,target,999510101,CROSS STBD,0.21999999999999992,0.5249999999999999,-38.04125,144.85465624318928,12.0,270.0,270.0,18,danger,danger,5.551115123125783e-17,65.99999999999996,synthetic,,,,
144.0,,target,999510201,SAFE PASS,2.0,1.68,-38.022,144.8923294835391,8.0,180.0,180.0,18,safe,safe,2.0,279.5294117647058,synthetic,,,,
145.0,,own,999510000,OWN SHIP,0.0,0.3625,-38.04395833333333,144.85,9.0,0.0,0.0,1,,,,,synthetic,,,,
145.0,,target,999510101,CROSS STBD,0.21666666666666662,0.5249999999999999,-38.04125,144.85458569405006,12.0,270.0,270.0,18,danger,danger,3.925231146709438e-17,64.99999999999997,synthetic,,,,
145.0,,target,999510201,SAFE PASS,2.0,1.6777777777777778,-38.02203703703704,144.8923294835391,8.0,180.0,180.0,18,safe,safe,2.0,278.5294117647058,synthetic,,,,
146.0,,own,999510000,OWN SHIP,0.0,0.365,-38.04391666666666,144.85,9.0,0.0,0.0,1,,,,,synthetic,,,,
146.0,,target,999510101,CROSS STBD,0.21333333333333326,0.5249999999999999,-38.04125,144.85451514491083,12.0,270.0,270.0,18,danger,danger,2.7755575615628914e-17,63.99999999999997,synthetic,,,,
146.0,,target,999510201,SAFE PASS,2.0,1.6755555555555555,-38.02207407407407,144.8923294835391,8.0,180.0,180.0,18,safe,safe,2.0,277.5294117647058,synthetic,,,,
147.0,,own,999510000,OWN SHIP,0.0,0.3675,-38.043875,144.85,9.0,0.0,0.0,1,,,,,synthetic,,,,
147.0,,target,999510101,CROSS STBD,0.2099999999999999,0.5249999999999999,-38.04125,144.8544445957716,12.0,270.0,270.0,18,danger,danger,5.551115123125783e-17,62.99999999999997,synthetic,,,,
147.0,,target,999510201,SAFE PASS,2.0,1.6733333333333333,-38.02211111111111,144.8923294835391,8.0,180.0,180.0,18,safe,safe,2.0,276.52941176470586,synthetic,,,,
148.0,,own,999510000,OWN SHIP,0.0,0.37,-38.04383333333333,144.85,9.0,0.0,0.0,1,,,,,synthetic,,,,
148.0,,target,999510101,CROSS STBD,0.2066666666666666,0.5249999999999999,-38.04125,144.85437404663236,12.0,270.0,270.0,18,danger,danger,6.206335383118183e-17,61.99999999999997,synthetic,,,,
148.0,,target,999510201,SAFE PASS,2.0,1.6711111111111112,-38.02214814814815,144.8923294835391,8.0,180.0,180.0,18,safe,safe,2.0,275.5294117647058,synthetic,,,,
149.0,,own,999510000,OWN SHIP,0.0,0.3725,-38.043791666666664,144.85,9.0,0.0,0.0,1,,,,,synthetic,,,,
149.0,,target,999510101,CROSS STBD,0.20333333333333325,0.5249999999999999,-38.04125,144.85430349749313,12.0,270.0,270.0,18,danger,danger,5.551115123125783e-17,60.99999999999997,synthetic,,,,
149.0,,target,999510201,SAFE PASS,2.0,1.6688888888888889,-38.02218518518518,144.8923294835391,8.0,180.0,180.0,18,safe,safe,2.0,274.5294117647058,synthetic,,,,
150.0,,own,999510000,OWN SHIP,0.0,0.375,-38.043749999999996,144.85,9.0,0.0,0.0,1,,,,,synthetic,,,,
150.0,,target,999510101,CROSS STBD,0.19999999999999996,0.5249999999999999,-38.04125,144.8542329483539,12.0,270.0,270.0,18,danger,danger,6.206335383118183e-17,59.99999999999997,synthetic,,,,
150.0,,target,999510201,SAFE PASS,2.0,1.6666666666666667,-38.02222222222222,144.8923294835391,8.0,180.0,180.0,18,safe,safe,2.0,273.52941176470586,synthetic,,,,
151.0,,own,999510000,OWN SHIP,0.0,0.3775,-38.04370833333333,144.85,9.0,0.0,0.0,1,,,,,synthetic,,,,
151.0,,target,999510101,CROSS STBD,0.19666666666666655,0.5249999999999999,-38.04125,144.85416239921466,12.0,270.0,270.0,18,danger,danger,0.0,58.99999999999996,synthetic,,,,
151.0,,target,999510201,SAFE PASS,2.0,1.6644444444444444,-38.02225925925926,144.8923294835391,8.0,180.0,180.0,18,safe,safe,2.0,272.52941176470586,synthetic,,,,
152.0,,own,999510000,OWN SHIP,0.0,0.38,-38.04366666666667,144.85,9.0,0.0,0.0,1,,,,,synthetic,,,,
152.0,,target,999510101,CROSS STBD,0.19333333333333325,0.5249999999999999,-38.04125,144.85409185007543,12.0,270.0,270.0,18,danger,danger,3.925231146709438e-17,57.999999999999964,synthetic,,,,
152.0,,target,999510201,SAFE PASS,2.0,1.6622222222222223,-38.0222962962963,144.8923294835391,8.0,180.0,180.0,18,safe,safe,2.0,271.52941176470586,synthetic,,,,
153.0,,own,999510000,OWN SHIP,0.0,0.3825,-38.043625,144.85,9.0,0.0,0.0,1,,,,,synthetic,,,,
153.0,,target,999510101,CROSS STBD,0.18999999999999995,0.5249999999999999,-38.04125,144.8540213009362,12.0,270.0,270.0,18,danger,danger,6.206335383118183e-17,56.99999999999997,synthetic,,,,
153.0,,target,999510201,SAFE PASS,2.0,1.66,-38.02233333333333,144.8923294835391,8.0,180.0,180.0,18,safe,safe,2.0,270.5294117647058,synthetic,,,,
154.0,,own,999510000,OWN SHIP,0.0,0.385,-38.04358333333333,144.85,9.0,0.0,0.0,1,,,,,synthetic,,,,
154.0,,target,999510101,CROSS STBD,0.18666666666666654,0.5249999999999999,-38.04125,144.853950751797,12.0,270.0,270.0,18,danger,danger,2.7755575615628914e-17,55.99999999999996,synthetic,,,,
154.0,,target,999510201,SAFE PASS,2.0,1.6577777777777778,-38.02237037037037,144.8923294835391,8.0,180.0,180.0,18,safe,safe,2.0,269.52941176470586,synthetic,,,,
155.0,,own,999510000,OWN SHIP,0.0,0.3875,-38.04354166666666,144.85,9.0,0.0,0.0,1,,,,,synthetic,,,,
155.0,,target,999510101,CROSS STBD,0.18333333333333324,0.5249999999999999,-38.04125,144.85388020265773,12.0,270.0,270.0,18,danger,danger,5.551115123125783e-17,54.99999999999997,synthetic,,,,
155.0,,target,999510201,SAFE PASS,2.0,1.6555555555555554,-38.02240740740741,144.8923294835391,8.0,180.0,180.0,18,safe,safe,2.0,268.5294117647058,synthetic,,,,
156.0,,own,999510000,OWN SHIP,0.0,0.39,-38.043499999999995,144.85,9.0,0.0,0.0,1,,,,,synthetic,,,,
156.0,,target,999510101,CROSS STBD,0.17999999999999994,0.5249999999999999,-38.04125,144.8538096535185,12.0,270.0,270.0,18,danger,danger,6.206335383118183e-17,53.99999999999997,synthetic,,,,
156.0,,target,999510201,SAFE PASS,2.0,1.6533333333333333,-38.02244444444444,144.8923294835391,8.0,180.0,180.0,18,safe,safe,2.0,267.5294117647058,synthetic,,,,
157.0,,own,999510000,OWN SHIP,0.0,0.3925,-38.043458333333334,144.85,9.0,0.0,0.0,1,,,,,synthetic,,,,
157.0,,target,999510101,CROSS STBD,0.17666666666666664,0.5249999999999999,-38.04125,144.8537391043793,12.0,270.0,270.0,18,danger,danger,7.850462293418876e-17,52.99999999999997,synthetic,,,,
157.0,,target,999510201,SAFE PASS,2.0,1.6511111111111112,-38.02248148148148,144.8923294835391,8.0,180.0,180.0,18,safe,safe,2.0,266.5294117647058,synthetic,,,,
158.0,,own,999510000,OWN SHIP,0.0,0.395,-38.043416666666666,144.85,9.0,0.0,0.0,1,,,,,synthetic,,,,
158.0,,target,999510101,CROSS STBD,0.17333333333333323,0.5249999999999999,-38.04125,144.85366855524006,12.0,270.0,270.0,18,danger,danger,5.551115123125783e-17,51.999999999999964,synthetic,,,,
158.0,,target,999510201,SAFE PASS,2.0,1.6488888888888888,-38.02251851851852,144.8923294835391,8.0,180.0,180.0,18,safe,safe,2.0,265.5294117647058,synthetic,,,,
159.0,,own,999510000,OWN SHIP,0.0,0.3975,-38.043375,144.85,9.0,0.0,0.0,1,,,,,synthetic,,,,
159.0,,target,999510101,CROSS STBD,0.16999999999999993,0.5249999999999999,-38.04125,144.8535980061008,12.0,270.0,270.0,18,danger,danger,5.551115123125783e-17,50.99999999999997,synthetic,,,,
159.0,,target,999510201,SAFE PASS,2.0,1.6466666666666667,-38.022555555555556,144.8923294835391,8.0,180.0,180.0,18,safe,safe,2.0,264.5294117647058,synthetic,,,,
160.0,,own,999510000,OWN SHIP,0.0,0.4,-38.04333333333333,144.85,9.0,0.0,0.0,1,,,,,synthetic,,,,
160.0,,target,999510101,CROSS STBD,0.16666666666666663,0.5249999999999999,-38.04125,144.8535274569616,12.0,270.0,270.0,18,danger,danger,8.886119947416683e-17,49.99999999999997,synthetic,,,,
160.0,,target,999510201,SAFE PASS,2.0,1.6444444444444444,-38.02259259259259,144.8923294835391,8.0,180.0,180.0,18,safe,safe,2.0,263.52941176470586,synthetic,,,,
161.0,,own,999510000,OWN SHIP,0.0,0.4025,-38.04329166666666,144.85,9.0,0.0,0.0,1,,,,,synthetic,,,,
161.0,,target,999510101,CROSS STBD,0.16333333333333322,0.5249999999999999,-38.04125,144.85345690782236,12.0,270.0,270.0,18,danger,danger,3.925231146709438e-17,48.99999999999996,synthetic,,,,
161.0,,target,999510201,SAFE PASS,2.0,1.6422222222222222,-38.02262962962963,144.8923294835391,8.0,180.0,180.0,18,safe,safe,2.0,262.52941176470586,synthetic,,,,
162.0,,own,999510000,OWN SHIP,0.0,0.405,-38.04325,144.85,9.0,0.0,0.0,1,,,,,synthetic,,,,
162.0,,target,999510101,CROSS STBD,0.15999999999999992,0.5249999999999999,-38.04125,144.8533863586831,12.0,270.0,270.0,18,danger,danger,6.206335383118183e-17,47.999999999999964,synthetic,,,,
162.0,,target,999510201,SAFE PASS,2.0,1.6400000000000001,-38.022666666666666,144.8923294835391,8.0,180.0,180.0,18,safe,safe,2.0,261.52941176470586,synthetic,,,,
163.0,,own,999510000,OWN SHIP,0.0,0.40750000000000003,-38.04320833333333,144.85,9.0,0.0,0.0,1,,,,,synthetic,,,,
163.0,,target,999510101,CROSS STBD,0.15666666666666662,0.5249999999999999,-38.04125,144.8533158095439,12.0,270.0,270.0,18,danger,danger,7.473417450352271e-17,46.99999999999997,synthetic,,,,
163.0,,target,999510201,SAFE PASS,2.0,1.6377777777777778,-38.0227037037037,144.8923294835391,8.0,180.0,180.0,18,safe,safe,2.0,260.52941176470586,synthetic,,,,
164.0,,own,999510000,OWN SHIP,0.0,0.41000000000000003,-38.043166666666664,144.85,9.0,0.0,0.0,1,,,,,synthetic,,,,
164.0,,target,999510101,CROSS STBD,0.1533333333333332,0.5249999999999999,-38.04125,144.85324526040466,12.0,270.0,270.0,18,danger,danger,4.163336342344337e-17,45.99999999999996,synthetic,,,,
164.0,,target,999510201,SAFE PASS,2.0,1.6355555555555554,-38.02274074074074,144.8923294835391,8.0,180.0,180.0,18,safe,safe,2.0,259.5294117647058,synthetic,,,,
165.0,,own,999510000,OWN SHIP,0.0,0.41250000000000003,-38.043124999999996,144.85,9.0,0.0,0.0,1,,,,,synthetic,,,,
165.0,,target,999510101,CROSS STBD,0.1499999999999999,0.5249999999999999,-38.04125,144.85317471126544,12.0,270.0,270.0,18,danger,danger,6.938893903907228e-17,44.99999999999996,synthetic,,,,
165.0,,target,999510201,SAFE PASS,2.0,1.6333333333333333,-38.022777777777776,144.8923294835391,8.0,180.0,180.0,18,safe,safe,2.0,258.5294117647058,synthetic,,,,
166.0,,own,999510000,OWN SHIP,0.0,0.41500000000000004,-38.04308333333333,144.85,9.0,0.0,0.0,1,,,,,synthetic,,,,
166.0,,target,999510101,CROSS STBD,0.1466666666666666,0.5249999999999999,-38.04125,144.8531041621262,12.0,270.0,270.0,18,danger,danger,7.473417450352271e-17,43.99999999999997,synthetic,,,,
166.0,,target,999510201,SAFE PASS,2.0,1.6311111111111112,-38.022814814814815,144.8923294835391,8.0,180.0,180.0,18,safe,safe,2.0,257.52941176470586,synthetic,,,,
167.0,,own,999510000,OWN SHIP,0.0,0.4175,-38.04304166666667,144.85,9.0,0.0,0.0,1,,,,,synthetic,,,,
167.0,,target,999510101,CROSS STBD,0.1433333333333332,0.5249999999999999,-38.04125,144.85303361298696,12.0,270.0,270.0,18,danger,danger,2.7755575615628914e-17,42.999999999999964,synthetic,,,,
167.0,,target,999510201,SAFE PASS,2.0,1.6288888888888888,-38.02285185185185,144.8923294835391,8.0,180.0,180.0,18,safe,safe,2.0,256.5294117647058,synthetic,,,,
168.0,,own,999510000,OWN SHIP,0.0,0.42,-38.043,144.85,9.0,0.0,0.0,1,,,,,synthetic,,,,
168.0,,target,999510101,CROSS STBD,0.1399999999999999,0.5249999999999999,-38.04125,144.85296306384774,12.0,270.0,270.0,18,danger,danger,2.7755575615628914e-17,41.99999999999997,synthetic,,,,
168.0,,target,999510201,SAFE PASS,2.0,1.6266666666666667,-38.022888888888886,144.8923294835391,8.0,180.0,180.0,18,safe,safe,2.0,255.52941176470583,synthetic,,,,
169.0,,own,999510000,OWN SHIP,0.0,0.4225,-38.04295833333333,144.85,9.0,0.0,0.0,1,,,,,synthetic,,,,
169.0,,target,999510101,CROSS STBD,0.1366666666666666,0.5249999999999999,-38.04125,144.8528925147085,12.0,270.0,270.0,18,danger,danger,3.925231146709438e-17,40.99999999999997,synthetic,,,,
169.0,,target,999510201,SAFE PASS,2.0,1.6244444444444444,-38.022925925925925,144.8923294835391,8.0,180.0,180.0,18,safe,safe,2.0,254.52941176470583,synthetic,,,,
170.0,,own,999510000,OWN SHIP,0.0,0.425,-38.04291666666666,144.85,9.0,0.0,0.0,1,,,,,synthetic,,,,
170.0,,target,999510101,CROSS STBD,0.1333333333333333,0.5249999999999999,-38.04125,144.85282196556926,12.0,270.0,270.0,18,danger,danger,6.206335383118183e-17,39.99999999999997,synthetic,,,,
170.0,,target,999510201,SAFE PASS,2.0,1.6222222222222222,-38.02296296296296,144.8923294835391,8.0,180.0,180.0,18,safe,safe,2.0,253.5294117647058,synthetic,,,,
171.0,,own,999510000,OWN SHIP,0.0,0.4275,-38.042874999999995,144.85,9.0,0.0,0.0,1,,,,,synthetic,,,,
171.0,,target,999510101,CROSS STBD,0.1299999999999999,0.5249999999999999,-38.04125,144.85275141643004,12.0,270.0,270.0,18,danger,danger,1.3877787807814457e-17,38.999999999999964,synthetic,,,,
171.0,,target,999510201,SAFE PASS,2.0,1.62,-38.022999999999996,144.8923294835391,8.0,180.0,180.0,18,safe,safe,2.0,252.52941176470586,synthetic,,,,
172.0,,own,999510000,OWN SHIP,0.0,0.43,-38.04283333333333,144.85,9.0,0.0,0.0,1,,,,,synthetic,,,,
172.0,,target,999510101,CROSS STBD,0.1266666666666666,0.5249999999999999,-38.04125,144.85268086729081,12.0,270.0,270.0,18,danger,danger,3.925231146709438e-17,37.99999999999997,synthetic,,,,
172.0,,target,999510201,SAFE PASS,2.0,1.6177777777777778,-38.023037037037035,144.8923294835391,8.0,180.0,180.0,18,safe,safe,2.0,251.52941176470586,synthetic,,,,
173.0,,own,999510000,OWN SHIP,0.0,0.4325,-38.042791666666666,144.85,9.0,0.0,0.0,1,,,,,synthetic,,,,
173.0,,target,999510101,CROSS STBD,0.1233333333333333,0.5249999999999999,-38.04125,144.85261031815156,12.0,270.0,270.0,18,danger,danger,5.003707553108401e-17,36.99999999999997,synthetic,,,,
173.0,,target,999510201,SAFE PASS,2.0,1.6155555555555556,-38.023074074074074,144.8923294835391,8.0,180.0,180.0,18,safe,safe,2.0,250.52941176470586,synthetic,,,,
174.0,,own,999510000,OWN SHIP,0.0,0.435,-38.04275,144.85,9.0,0.0,0.0,1,,,,,synthetic,,,,
174.0,,target,999510101,CROSS STBD,0.11999999999999988,0.5249999999999999,-38.04125,144.85253976901234,12.0,270.0,270.0,18,danger,danger,1.3877787807814457e-17,35.999999999999964,synthetic,,,,
174.0,,target,999510201,SAFE PASS,2.0,1.6133333333333333,-38.023111111111106,144.8923294835391,8.0,180.0,180.0,18,safe,safe,2.0,249.5294117647058,synthetic,,,,
175.0,,own,999510000,OWN SHIP,0.0,0.4375,-38.04270833333333,144.85,9.0,0.0,0.0,1,,,,,synthetic,,,,
175.0,,target,999510101,CROSS STBD,0.11666666666666659,0.5249999999999999,-38.04125,144.85246921987311,12.0,270.0,270.0,18,danger,danger,4.163336342344337e-17,34.99999999999997,synthetic,,,,
175.0,,target,999510201,SAFE PASS,2.0,1.6111111111111112,-38.023148148148145,144.8923294835391,8.0,180.0,180.0,18,safe,safe,2.0,248.52941176470583,synthetic,,,,
176.0,,own,999510000,OWN SHIP,0.0,0.44,-38.04266666666666,144.85,9.0,0.0,0.0,1,,,,,synthetic,,,,
176.0,,target,999510101,CROSS STBD,0.11333333333333329,0.5249999999999999,-38.04125,144.8523986707339,12.0,270.0,270.0,18,danger,danger,5.887846720064156e-17,33.99999999999997,synthetic,,,,
176.0,,target,999510201,SAFE PASS,2.0,1.6088888888888888,-38.023185185185184,144.8923294835391,8.0,180.0,180.0,18,safe,safe,2.0,247.52941176470583,synthetic,,,,
177.0,,own,999510000,OWN SHIP,0.0,0.4425,-38.042624999999994,144.85,9.0,0.0,0.0,1,,,,,synthetic,,,,
177.0,,target,999510101,CROSS STBD,0.10999999999999988,0.5249999999999999,-38.04125,144.85232812159464,12.0,270.0,270.0,18,danger,danger,1.962615573354719e-17,32.999999999999964,synthetic,,,,
177.0,,target,999510201,SAFE PASS,2.0,1.6066666666666667,-38.023222222222216,144.8923294835391,8.0,180.0,180.0,18,safe,safe,2.0,246.5294117647058,synthetic,,,,
178.0,,own,999510000,OWN SHIP,0.0,0.445,-38.04258333333333,144.85,9.0,0.0,0.0,1,,,,,synthetic,,,,
178.0,,target,999510101,CROSS STBD,0.10666666666666658,0.5249999999999999,-38.04125,144.85225757245541,12.0,270.0,270.0,18,danger,danger,3.1031676915590914e-17,31.999999999999968,synthetic,,,,
178.0,,target,999510201,SAFE PASS,2.0,1.6044444444444443,-38.023259259259255,144.8923294835391,8.0,180.0,180.0,18,safe,safe,2.0,245.52941176470577,synthetic,,,,
179.0,,own,999510000,OWN SHIP,0.0,0.4475,-38.042541666666665,144.85,9.0,0.0,0.0,1,,,,,synthetic,,,,
179.0,,target,999510101,CROSS STBD,0.10333333333333328,0.5249999999999999,-38.04125,144.8521870233162,12.0,270.0,270.0,18,danger,danger,5.003707553108401e-17,30.999999999999968,synthetic,,,,
179.0,,target,999510201,SAFE PASS,2.0,1.6022222222222222,-38.023296296296294,144.8923294835391,8.0,180.0,180.0,18,safe,safe,2.0,244.5294117647058,synthetic,,,,
180.0,,own,999510000,OWN SHIP,0.0,0.45,-38.0425,144.85,9.0,0.0,0.0,1,,,,,synthetic,,,,
180.0,,target,999510101,CROSS STBD,0.09999999999999987,0.5249999999999999,-38.04125,144.85211647417694,12.0,270.0,270.0,18,danger,danger,1.3877787807814457e-17,29.999999999999957,synthetic,,,,
180.0,,target,999510201,SAFE PASS,2.0,1.6,-38.02333333333333,144.8923294835391,8.0,180.0,180.0,18,safe,safe,2.0,243.52941176470586,synthetic,,,,
181.0,,own,999510000,OWN SHIP,0.0,0.4525,-38.04245833333333,144.85,9.0,0.0,0.0,1,,,,,synthetic,,,,
181.0,,target,999510101,CROSS STBD,0.09666666666666657,0.5249999999999999,-38.04125,144.85204592503771,12.0,270.0,270.0,18,danger,danger,3.1031676915590914e-17,28.99999999999996,synthetic,,,,
181.0,,target,999510201,SAFE PASS,2.0,1.5977777777777777,-38.023370370370365,144.8923294835391,8.0,180.0,180.0,18,safe,safe,2.0,242.52941176470586,synthetic,,,,
182.0,,own,999510000,OWN SHIP,0.0,0.455,-38.04241666666666,144.85,9.0,0.0,0.0,1,,,,,synthetic,,,,
182.0,,target,999510101,CROSS STBD,0.09333333333333327,0.5249999999999999,-38.04125,144.8519753758985,12.0,270.0,270.0,18,danger,danger,5.887846720064156e-17,27.999999999999968,synthetic,,,,
182.0,,target,999510201,SAFE PASS,2.0,1.5955555555555556,-38.023407407407404,144.8923294835391,8.0,180.0,180.0,18,safe,safe,2.0,241.52941176470583,synthetic,,,,
183.0,,own,999510000,OWN SHIP,0.0,0.4575,-38.042375,144.85,9.0,0.0,0.0,1,,,,,synthetic,,,,
183.0,,target,999510101,CROSS STBD,0.08999999999999997,0.5249999999999999,-38.04125,144.85190482675927,12.0,270.0,270.0,18,danger,danger,6.938893903907228e-17,26.999999999999975,synthetic,,,,
183.0,,target,999510201,SAFE PASS,2.0,1.5933333333333333,-38.02344444444444,144.8923294835391,8.0,180.0,180.0,18,safe,safe,2.0,240.52941176470583,synthetic,,,,
184.0,,own,999510000,OWN SHIP,0.0,0.46,-38.04233333333333,144.85,9.0,0.0,0.0,1,,,,,synthetic,,,,
184.0,,target,999510101,CROSS STBD,0.08666666666666656,0.5249999999999999,-38.04125,144.85183427762001,12.0,270.0,270.0,18,danger,danger,3.1031676915590914e-17,25.99999999999996,synthetic,,,,
184.0,,target,999510201,SAFE PASS,2.0,1.5911111111111111,-38.023481481481475,144.8923294835391,8.0,180.0,180.0,18,safe,safe,2.0,239.52941176470583,synthetic,,,,
185.0,,own,999510000,OWN SHIP,0.0,0.4625,-38.042291666666664,144.85,9.0,0.0,0.0,1,,,,,synthetic,,,,
185.0,,target,999510101,CROSS STBD,0.08333333333333326,0.5249999999999999,-38.04125,144.8517637284808,12.0,270.0,270.0,18,danger,danger,5.003707553108401e-17,24.999999999999968,synthetic,,,,
185.0,,target,999510201,SAFE PASS,2.0,1.588888888888889,-38.023518518518514,144.8923294835391,8.0,180.0,180.0,18,safe,safe,2.0,238.52941176470586,synthetic,,,,
186.0,,own,999510000,OWN SHIP,0.0,0.465,-38.042249999999996,144.85,9.0,0.0,0.0,1,,,,,synthetic,,,,
186.0,,target,999510101,CROSS STBD,0.07999999999999996,0.5249999999999999,-38.04125,144.85169317934157,12.0,270.0,270.0,18,danger,danger,7.505561329662603e-17,23.999999999999975,synthetic,,,,
186.0,,target,999510201,SAFE PASS,2.0,1.5866666666666667,-38.023555555555554,144.8923294835391,8.0,180.0,180.0,18,safe,safe,2.0,237.5294117647058,synthetic,,,,
187.0,,own,999510000,OWN SHIP,0.0,0.4675,-38.04220833333333,144.85,9.0,0.0,0.0,1,,,,,synthetic,,,,
187.0,,target,999510101,CROSS STBD,0.07666666666666655,0.5249999999999999,-38.04125,144.85162263020231,12.0,270.0,270.0,18,danger,danger,3.1031676915590914e-17,22.99999999999996,synthetic,,,,
187.0,,target,999510201,SAFE PASS,2.0,1.5844444444444443,-38.02359259259259,144.8923294835391,8.0,180.0,180.0,18,safe,safe,2.0,236.5294117647058,synthetic,,,,
188.0,,own,999510000,OWN SHIP,0.0,0.47000000000000003,-38.04216666666667,144.85,9.0,0.0,0.0,1,,,,,synthetic,,,,
188.0,,target,999510101,CROSS STBD,0.07333333333333325,0.5249999999999999,-38.04125,144.8515520810631,12.0,270.0,270.0,18,danger,danger,5.003707553108401e-17,21.99999999999996,synthetic,,,,
188.0,,target,999510201,SAFE PASS,2.0,1.5822222222222222,-38.023629629629625,144.8923294835391,8.0,180.0,180.0,18,safe,safe,2.0,235.52941176470583,synthetic,,,,
189.0,,own,999510000,OWN SHIP,0.0,0.47250000000000003,-38.042125,144.85,9.0,0.0,0.0,1,,,,,synthetic,,,,
189.0,,target,999510101,CROSS STBD,0.06999999999999995,0.5249999999999999,-38.04125,144.85148153192387,12.0,270.0,270.0,18,danger,danger,7.505561329662603e-17,20.99999999999997,synthetic,,,,
189.0,,target,999510201,SAFE PASS,2.0,1.58,-38.023666666666664,144.8923294835391,8.0,180.0,180.0,18,safe,safe,2.0,234.5294117647058,synthetic,,,,
190.0,,own,999510000,OWN SHIP,0.0,0.47500000000000003,-38.04208333333333,144.85,9.0,0.0,0.0,1,,,,,synthetic,,,,
190.0,,target,999510101,CROSS STBD,0.06666666666666654,0.5249999999999999,-38.04125,144.85141098278464,12.0,270.0,270.0,18,danger,danger,3.1031676915590914e-17,19.999999999999957,synthetic,,,,
190.0,,target,999510201,SAFE PASS,2.0,1.5777777777777777,-38.0237037037037,144.8923294835391,8.0,180.0,180.0,18,safe,safe,2.0,233.52941176470577,synthetic,,,,
191.0,,own,999510000,OWN SHIP,0.0,0.47750000000000004,-38.04204166666666,144.85,9.0,0.0,0.0,1,,,,,synthetic,,,,
191.0,,target,999510101,CROSS STBD,0.06333333333333324,0.5249999999999999,-38.04125,144.8513404336454,12.0,270.0,270.0,18,danger,danger,4.443059973708341e-17,18.99999999999996,synthetic,,,,
191.0,,target,999510201,SAFE PASS,2.0,1.5755555555555556,-38.023740740740735,144.8923294835391,8.0,180.0,180.0,18,safe,safe,2.0,232.52941176470586,synthetic,,,,
192.0,,own,999510000,OWN SHIP,0.0,0.48,-38.041999999999994,144.85,9.0,0.0,0.0,1,,,,,synthetic,,,,
192.0,,target,999510101,CROSS STBD,0.05999999999999994,0.5249999999999999,-38.04125,144.85126988450617,12.0,270.0,270.0,18,danger,danger,2.8609792490763984e-17,17.99999999999998,synthetic,,,,
192.0,,target,999510201,SAFE PASS,2.0,1.5733333333333333,-38.023777777777774,144.8923294835391,8.0,180.0,180.0,18,safe,safe,2.0,231.52941176470583,synthetic,,,,
193.0,,own,999510000,OWN SHIP,0.0,0.4825,-38.04195833333333,144.85,9.0,0.0,0.0,1,,,,,synthetic,,,,
193.0,,target,999510101,CROSS STBD,0.05666666666666653,0.5249999999999999,-38.04125,144.85119933536694,12.0,270.0,270.0,18,danger,danger,1.5515838457795457e-17,16.99999999999996,synthetic,,,,
193.0,,target,999510201,SAFE PASS,2.0,1.5711111111111111,-38.02381481481481,144.8923294835391,8.0,180.0,180.0,18,safe,safe,2.0,230.52941176470586,synthetic,,,,
194.0,,own,999510000,OWN SHIP,0.0,0.485,-38.041916666666665,144.85,9.0,0.0,0.0,1,,,,,synthetic,,,,
194.0,,target,999510101,CROSS STBD,0.05333333333333323,0.5249999999999999,-38.04125,144.8511287862277,12.0,270.0,270.0,18,danger,danger,0.0,15.999999999999968,synthetic,,,,
194.0,,target,999510201,SAFE PASS,2.0,1.568888888888889,-38.02385185185185,144.8923294835391,8.0,180.0,180.0,18,safe,safe,2.0,229.52941176470586,synthetic,,,,
195.0,,own,999510000,OWN SHIP,0.0,0.4875,-38.041875,144.85,9.0,0.0,0.0,1,,,,,synthetic,,,,
195.0,,target,999510101,CROSS STBD,0.04999999999999993,0.5249999999999999,-38.04125,144.85105823708847,12.0,270.0,270.0,18,danger,danger,2.5018537765542006e-17,14.999999999999975,synthetic,,,,
195.0,,target,999510201,SAFE PASS,2.0,1.5666666666666667,-38.023888888888884,144.8923294835391,8.0,180.0,180.0,18,safe,safe,2.0,228.52941176470583,synthetic,,,,
196.0,,own,999510000,OWN SHIP,0.0,0.49,-38.04183333333333,144.85,9.0,0.0,0.0,1,,,,,synthetic,,,,
196.0,,target,999510101,CROSS STBD,0.046666666666666634,0.5249999999999999,-38.04125,144.85098768794924,12.0,270.0,270.0,18,danger,danger,4.443059973708341e-17,13.99999999999998,synthetic,,,,
196.0,,target,999510201,SAFE PASS,2.0,1.5644444444444445,-38.02392592592592,144.8923294835391,8.0,180.0,180.0,18,safe,safe,2.0,227.52941176470583,synthetic,,,,
197.0,,own,999510000,OWN SHIP,0.0,0.4925,-38.04179166666666,144.85,9.0,0.0,0.0,1,,,,,synthetic,,,,
197.0,,target,999510101,CROSS STBD,0.043333333333333224,0.5249999999999999,-38.04125,144.85091713881002,12.0,270.0,270.0,18,danger,danger,6.938893903907228e-18,12.999999999999966,synthetic,,,,
197.0,,target,999510201,SAFE PASS,2.0,1.5622222222222222,-38.02396296296296,144.8923294835391,8.0,180.0,180.0,18,safe,safe,2.0,226.52941176470583,synthetic,,,,
198.0,,own,999510000,OWN SHIP,0.0,0.495,-38.04175,144.85,9.0,0.0,0.0,1,,,,,synthetic,,,,
198.0,,target,999510101,CROSS STBD,0.039999999999999925,0.5249999999999999,-38.04125,144.85084658967077,12.0,270.0,270.0,18,danger,danger,2.5018537765542006e-17,11.999999999999972,synthetic,,,,
198.0,,target,999510201,SAFE PASS,2.0,1.56,-38.023999999999994,144.8923294835391,8.0,180.0,180.0,18,safe,safe,2.0,225.5294117647058,synthetic,,,,
199.0,,own,999510000,OWN SHIP,0.0,0.4975,-38.04170833333333,144.85,9.0,0.0,0.0,1,,,,,synthetic,,,,
199.0,,target,999510101,CROSS STBD,0.036666666666666625,0.5249999999999999,-38.04125,144.85077604053154,12.0,270.0,270.0,18,danger,danger,4.718958039861916e-17,10.999999999999979,synthetic,,,,
199.0,,target,999510201,SAFE PASS,2.0,1.5577777777777777,-38.02403703703703,144.8923294835391,8.0,180.0,180.0,18,safe,safe,2.0,224.5294117647058,synthetic,,,,
200.0,,own,999510000,OWN SHIP,0.0,0.5,-38.041666666666664,144.85,9.0,0.0,0.0,1,,,,,synthetic,,,,
200.0,,target,999510101,CROSS STBD,0.033333333333333215,0.5249999999999999,-38.04125,144.85070549139232,12.0,270.0,270.0,18,danger,danger,6.938893903907228e-18,9.999999999999963,synthetic,,,,
200.0,,target,999510201,SAFE PASS,2.0,1.5555555555555556,-38.02407407407407,144.8923294835391,8.0,180.0,180.0,18,safe,safe,2.0,223.52941176470586,synthetic,,,,
201.0,,own,999510000,OWN SHIP,0.0,0.5025000000000001,-38.041624999999996,144.85,9.0,0.0,0.0,1,,,,,synthetic,,,,
201.0,,target,999510101,CROSS STBD,0.029999999999999916,0.5249999999999999,-38.04125,144.8506349422531,12.0,270.0,270.0,18,danger,danger,7.025094648823097e-17,8.999999999999963,synthetic,,,,
201.0,,target,999510201,SAFE PASS,2.0,1.5533333333333332,-38.02411111111111,144.8923294835391,8.0,180.0,180.0,18,safe,safe,2.0,222.52941176470583,synthetic,,,,
202.0,,own,999510000,OWN SHIP,0.0,0.505,-38.04158333333333,144.85,9.0,0.0,0.0,1,,,,,synthetic,,,,
202.0,,target,999510101,CROSS STBD,0.026666666666666616,0.5249999999999999,-38.04125,144.85056439311384,12.0,270.0,270.0,18,danger,danger,4.5236053827798003e-17,7.999999999999977,synthetic,,,,
202.0,,target,999510201,SAFE PASS,2.0,1.551111111111111,-38.02414814814814,144.8923294835391,8.0,180.0,180.0,18,safe,safe,2.0,221.52941176470586,synthetic,,,,
203.0,,own,999510000,OWN SHIP,0.0,0.5075000000000001,-38.04154166666667,144.85,9.0,0.0,0.0,1,,,,,synthetic,,,,
203.0,,target,999510101,CROSS STBD,0.023333333333333206,0.5249999999999999,-38.04125,144.85049384397462,12.0,270.0,270.0,18,danger,danger,4.718958039861916e-17,6.999999999999953,synthetic,,,,
203.0,,target,999510201,SAFE PASS,2.0,1.548888888888889,-38.02418518518518,144.8923294835391,8.0,180.0,180.0,18,safe,safe,2.0,220.52941176470583,synthetic,,,,
204.0,,own,999510000,OWN SHIP,0.0,0.51,-38.0415,144.85,9.0,0.0,0.0,1,,,,,synthetic,,,,
204.0,,target,999510101,CROSS STBD,0.019999999999999907,0.5249999999999999,-38.04125,144.8504232948354,12.0,270.0,270.0,18,danger,danger,2.359479019930958e-17,5.999999999999967,synthetic,,,,
204.0,,target,999510201,SAFE PASS,2.0,1.5466666666666666,-38.02422222222222,144.8923294835391,8.0,180.0,180.0,18,safe,safe,2.0,219.52941176470583,synthetic,,,,
205.0,,own,999510000,OWN SHIP,0.0,0.5125,-38.04145833333333,144.85,9.0,0.0,0.0,1,,,,,synthetic,,,,
205.0,,target,999510101,CROSS STBD,0.016666666666666607,0.5249999999999999,-38.04125,144.85035274569614,12.0,270.0,270.0,18,danger,danger,3.469446951953614e-18,4.999999999999981,synthetic,,,,
205.0,,target,999510201,SAFE PASS,2.0,1.5444444444444445,-38.02425925925925,144.8923294835391,8.0,180.0,180.0,18,safe,safe,2.0,218.52941176470586,synthetic,,,,
206.0,,own,999510000,OWN SHIP,0.0,0.515,-38.04141666666666,144.85,9.0,0.0,0.0,1,,,,,synthetic,,,,
206.0,,target,999510101,CROSS STBD,0.013333333333333197,0.5249999999999999,-38.04125,144.85028219655692,12.0,270.0,270.0,18,danger,danger,0.0,3.9999999999999587,synthetic,,,,
206.0,,target,999510201,SAFE PASS,2.0,1.5422222222222222,-38.02429629629629,144.8923294835391,8.0,180.0,180.0,18,safe,safe,2.0,217.5294117647058,synthetic,,,,
207.0,,own,999510000,OWN SHIP,0.0,0.5175,-38.041374999999995,144.85,9.0,0.0,0.0,1,,,,,synthetic,,,,
207.0,,target,999510101,CROSS STBD,0.009999999999999898,0.5249999999999999,-38.04125,144.8502116474177,12.0,270.0,270.0,18,danger,danger,2.1544818617308082e-17,2.9999999999999734,synthetic,,,,
207.0,,target,999510201,SAFE PASS,2.0,1.54,-38.02433333333333,144.8923294835391,8.0,180.0,180.0,18,safe,safe,2.0,216.5294117647058,synthetic,,,,
208.0,,own,999510000,OWN SHIP,0.0,0.52,-38.04133333333333,144.85,9.0,0.0,0.0,1,,,,,synthetic,,,,
208.0,,target,999510101,CROSS STBD,0.006666666666666599,0.5249999999999999,-38.04125,144.85014109827847,12.0,270.0,270.0,18,danger,danger,4.47679667661819e-17,1.9999999999999716,synthetic,,,,
208.0,,target,999510201,SAFE PASS,2.0,1.537777777777778,-38.02437037037037,144.8923294835391,8.0,180.0,180.0,18,safe,safe,2.0,215.52941176470588,synthetic,,,,
209.0,,own,999510000,OWN SHIP,0.0,0.5225,-38.041291666666666,144.85,9.0,0.0,0.0,1,,,,,synthetic,,,,
209.0,,target,999510101,CROSS STBD,0.0033333333333332993,0.5249999999999999,-38.04125,144.85007054913922,12.0,270.0,270.0,18,danger,danger,2.238398338309095e-17,0.9999999999999858,synthetic,,,,
209.0,,target,999510201,SAFE PASS,2.0,1.5355555555555556,-38.0244074074074,144.8923294835391,8.0,180.0,180.0,18,safe,safe,2.0,214.52941176470586,synthetic,,,,
210.0,,own,999510000,OWN SHIP,0.0,0.525,-38.04125,144.85,9.0,0.0,0.0,1,,,,,synthetic,,,,
210.0,,target,999510101,CROSS STBD,-1.1102230246251565e-16,0.5249999999999999,-38.04125,144.85,12.0,270.0,270.0,18,danger,safe,2.220446049250312e-17,-3.730349362740526e-14,synthetic,,,,
210.0,,target,999510201,SAFE PASS,2.0,1.5333333333333332,-38.02444444444444,144.8923294835391,8.0,180.0,180.0,18,safe,safe,2.0,213.52941176470583,synthetic,,,,
211.0,,own,999510000,OWN SHIP,0.0,0.5275,-38.04120833333333,144.85,9.0,0.0,0.0,1,,,,,synthetic,,,,
211.0,,target,999510101,CROSS STBD,-0.0033333333333334103,0.5249999999999999,-38.04125,144.84992945086077,12.0,270.0,270.0,18,danger,safe,4.336808689942018e-19,-1.000000000000023,synthetic,,,,
211.0,,target,999510201,SAFE PASS,2.0,1.531111111111111,-38.02448148148148,144.8923294835391,8.0,180.0,180.0,18,safe,safe,2.0,212.52941176470586,synthetic,,,,
212.0,,own,999510000,OWN SHIP,0.0,0.53,-38.04116666666666,144.85,9.0,0.0,0.0,1,,,,,synthetic,,,,
212.0,,target,999510101,CROSS STBD,-0.00666666666666671,0.5249999999999999,-38.04125,144.84985890172152,12.0,270.0,270.0,18,danger,safe,6.64480613771737e-17,-2.0000000000000244,synthetic,,,,
212.0,,target,999510201,SAFE PASS,2.0,1.528888888888889,-38.02451851851851,144.8923294835391,8.0,180.0,180.0,18,safe,safe,2.0,211.52941176470586,synthetic,,,,
213.0,,own,999510000,OWN SHIP,0.0,0.5325,-38.041124999999994,144.85,9.0,0.0,0.0,1,,,,,synthetic,,,,
213.0,,target,999510101,CROSS STBD,-0.01000000000000012,0.5249999999999999,-38.04125,144.8497883525823,12.0,270.0,270.0,18,danger,safe,2.2899006965691896e-17,-3.0000000000000315,synthetic,,,,
213.0,,target,999510201,SAFE PASS,2.0,1.5266666666666666,-38.02455555555555,144.8923294835391,8.0,180.0,180.0,18,safe,safe,2.0,210.52941176470583,synthetic,,,,
214.0,,own,999510000,OWN SHIP,0.0,0.535,-38.04108333333333,144.85,9.0,0.0,0.0,1,,,,,synthetic,,,,
214.0,,target,999510101,CROSS STBD,-0.01333333333333342,0.5249999999999999,-38.04125,144.84971780344307,12.0,270.0,270.0,18,danger,safe,4.3089637234616164e-17,-4.000000000000034,synthetic,,,,
214.0,,target,999510201,SAFE PASS,2.0,1.5244444444444445,-38.02459259259259,144.8923294835391,8.0,180.0,180.0,18,safe,safe,2.0,209.52941176470586,synthetic,,,,
215.0,,own,999510000,OWN SHIP,0.0,0.5375,-38.041041666666665,144.85,9.0,0.0,0.0,1,,,,,synthetic,,,,
215.0,,target,999510101,CROSS STBD,-0.01666666666666672,0.5249999999999999,-38.04125,144.84964725430385,12.0,270.0,270.0,18,danger,safe,2.023017827855918e-17,-5.000000000000019,synthetic,,,,
215.0,,target,999510201,SAFE PASS,2.0,1.5222222222222221,-38.02462962962963,144.8923294835391,8.0,180.0,180.0,18,safe,safe,2.0,208.52941176470583,synthetic,,,,
216.0,,own,999510000,OWN SHIP,0.0,0.54,-38.041,144.85,9.0,0.0,0.0,1,,,,,synthetic,,,,
216.0,,target,999510101,CROSS STBD,-0.02000000000000013,0.5249999999999999,-38.04125,144.8495767051646,12.0,270.0,270.0,18,danger,safe,2.023017827855918e-17,-6.000000000000042,synthetic,,,,
216.0,,target,999510201,SAFE PASS,2.0,1.52,-38.02466666666666,144.8923294835391,8.0,180.0,180.0,18,safe,safe,2.0,207.52941176470583,synthetic,,,,
217.0,,own,999510000,OWN SHIP,0.0,0.5425,-38.04095833333333,144.85,9.0,0.0,0.0,1,,,,,synthetic,,,,
217.0,,target,999510101,CROSS STBD,-0.023333333333333428,0.5249999999999999,-38.04125,144.84950615602537,12.0,270.0,270.0,18,danger,safe,3.469446951953614e-18,-7.000000000000028,synthetic,,,,
217.0,,target,999510201,SAFE PASS,2.0,1.517777777777778,-38.0247037037037,144.8923294835391,8.0,180.0,180.0,18,safe,safe,2.0,206.52941176470583,synthetic,,,,
218.0,,own,999510000,OWN SHIP,0.0,0.545,-38.04091666666666,144.85,9.0,0.0,0.0,1,,,,,synthetic,,,,
218.0,,target,999510101,CROSS STBD,-0.026666666666666727,0.5249999999999999,-38.04125,144.84943560688615,12.0,270.0,270.0,18,danger,safe,6.397344083151129e-17,-8.00000000000003,synthetic,,,,
218.0,,target,999510201,SAFE PASS,2.0,1.5155555555555555,-38.02474074074074,144.8923294835391,8.0,180.0,180.0,18,safe,safe,2.0,205.52941176470583,synthetic,,,,
219.0,,own,999510000,OWN SHIP,0.0,0.5475,-38.040875,144.85,9.0,0.0,0.0,1,,,,,synthetic,,,,
219.0,,target,999510101,CROSS STBD,-0.030000000000000138,0.5249999999999999,-38.04125,144.8493650577469,12.0,270.0,270.0,18,danger,safe,2.3273757686693185e-17,-9.000000000000037,synthetic,,,,
219.0,,target,999510201,SAFE PASS,2.0,1.5133333333333332,-38.02477777777778,144.8923294835391,8.0,180.0,180.0,18,safe,safe,2.0,204.5294117647058,synthetic,,,,
220.0,,own,999510000,OWN SHIP,0.0,0.55,-38.04083333333333,144.85,9.0,0.0,0.0,1,,,,,synthetic,,,,
220.0,,target,999510101,CROSS STBD,-0.03333333333333344,0.5249999999999999,-38.04125,144.84929450860767,12.0,270.0,270.0,18,danger,safe,4.046035655711836e-17,-10.000000000000037,synthetic,,,,
220.0,,target,999510201,SAFE PASS,2.0,1.511111111111111,-38.02481481481481,144.8923294835391,8.0,180.0,180.0,18,safe,safe,2.0,203.52941176470583,synthetic,,,,
221.0,,own,999510000,OWN SHIP,0.0,0.5525,-38.040791666666664,144.85,9.0,0.0,0.0,1,,,,,synthetic,,,,
221.0,,target,999510101,CROSS STBD,-0.036666666666666736,0.5249999999999999,-38.04125,144.84922395946845,12.0,270.0,270.0,18,danger,safe,1.8683543625880677e-17,-11.000000000000023,synthetic,,,,
221.0,,target,999510201,SAFE PASS,2.0,1.508888888888889,-38.02485185185185,144.8923294835391,8.0,180.0,180.0,18,safe,safe,2.0,202.52941176470586,synthetic,,,,
222.0,,own,999510000,OWN SHIP,0.0,0.555,-38.040749999999996,144.85,9.0,0.0,0.0,1,,,,,synthetic,,,,
222.0,,target,999510101,CROSS STBD,-0.04000000000000015,0.5249999999999999,-38.04125,144.84915341032922,12.0,270.0,270.0,18,danger,safe,1.8683543625880677e-17,-12.000000000000046,synthetic,,,,
222.0,,target,999510201,SAFE PASS,2.0,1.5066666666666666,-38.02488888888889,144.8923294835391,8.0,180.0,180.0,18,safe,safe,2.0,201.5294117647058,synthetic,,,,
223.0,,own,999510000,OWN SHIP,0.0,0.5575,-38.04070833333333,144.85,9.0,0.0,0.0,1,,,,,synthetic,,,,
223.0,,target,999510101,CROSS STBD,-0.043333333333333446,0.5249999999999999,-38.04125,144.84908286118997,12.0,270.0,270.0,18,danger,safe,0.0,-13.000000000000032,synthetic,,,,
223.0,,target,999510201,SAFE PASS,2.0,1.5044444444444445,-38.02492592592592,144.8923294835391,8.0,180.0,180.0,18,safe,safe,2.0,200.52941176470586,synthetic,,,,
224.0,,own,999510000,OWN SHIP,0.0,0.56,-38.04066666666667,144.85,9.0,0.0,0.0,1,,,,,synthetic,,,,
224.0,,target,999510101,CROSS STBD,-0.046666666666666745,0.5249999999999999,-38.04125,144.84901231205075,12.0,270.0,270.0,18,danger,safe,5.96906223549092e-17,-14.000000000000034,synthetic,,,,
224.0,,target,999510201,SAFE PASS,2.0,1.5022222222222221,-38.02496296296296,144.8923294835391,8.0,180.0,180.0,18,safe,safe,2.0,199.5294117647058,synthetic,,,,
225.0,,own,999510000,OWN SHIP,0.0,0.5625,-38.040625,144.85,9.0,0.0,0.0,1,,,,,synthetic,,,,
225.0,,target,999510101,CROSS STBD,-0.050000000000000044,0.5249999999999999,-38.04125,144.84894176291152,12.0,270.0,270.0,18,danger,safe,4.046035655711836e-17,-15.00000000000002,synthetic,,,,
225.0,,target,999510201,SAFE PASS,2.0,1.5,-38.025,144.8923294835391,8.0,180.0,180.0,18,safe,safe,2.0,198.52941176470583,synthetic,,,,
226.0,,own,999510000,OWN SHIP,0.0,0.5650000000000001,-38.04058333333333,144.85,9.0,0.0,0.0,1,,,,,synthetic,,,,
226.0,,target,999510101,CROSS STBD,-0.053333333333333455,0.5249999999999999,-38.04125,144.8488712137723,12.0,270.0,270.0,18,danger,safe,4.046035655711836e-17,-16.000000000000043,synthetic,,,,
226.0,,target,999510201,SAFE PASS,2.0,1.4977777777777779,-38.02503703703704,144.8923294835391,8.0,180.0,180.0,18,safe,safe,2.0,197.52941176470586,synthetic,,,,
227.0,,own,999510000,OWN SHIP,0.0,0.5675,-38.04054166666666,144.85,9.0,0.0,0.0,1,,,,,synthetic,,,,
227.0,,target,999510101,CROSS STBD,-0.056666666666666754,0.5249999999999999,-38.04125,144.84880066463305,12.0,270.0,270.0,18,danger,safe,1.962615573354719e-17,-17.00000000000003,synthetic,,,,
227.0,,target,999510201,SAFE PASS,2.0,1.4955555555555555,-38.02507407407407,144.8923294835391,8.0,180.0,180.0,18,safe,safe,2.0,196.52941176470583,synthetic,,,,
228.0,,own,999510000,OWN SHIP,0.0,0.5700000000000001,-38.040499999999994,144.85,9.0,0.0,0.0,1,,,,,synthetic,,,,
228.0,,target,999510101,CROSS STBD,-0.06000000000000005,0.5249999999999999,-38.04125,144.84873011549382,12.0,270.0,270.0,18,danger,safe,8.355534721610419e-17,-18.000000000000032,synthetic,,,,
228.0,,target,999510201,SAFE PASS,2.0,1.4933333333333332,-38.02511111111111,144.8923294835391,8.0,180.0,180.0,18,safe,safe,2.0,195.52941176470577,synthetic,,,,
229.0,,own,999510000,OWN SHIP,0.0,0.5725,-38.04045833333333,144.85,9.0,0.0,0.0,1,,,,,synthetic,,,,
229.0,,target,999510101,CROSS STBD,-0.06333333333333346,0.5249999999999999,-38.04125,144.8486595663546,12.0,270.0,270.0,18,danger,safe,6.938893903907228e-18,-19.00000000000004,synthetic,,,,
229.0,,target,999510201,SAFE PASS,2.0,1.491111111111111,-38.02514814814815,144.8923294835391,8.0,180.0,180.0,18,safe,safe,2.0,194.52941176470583,synthetic,,,,
230.0,,own,999510000,OWN SHIP,0.0,0.5750000000000001,-38.040416666666665,144.85,9.0,0.0,0.0,1,,,,,synthetic,,,,
230.0,,target,999510101,CROSS STBD,-0.06666666666666676,0.5249999999999999,-38.04125,144.84858901721535,12.0,270.0,270.0,18,danger,safe,6.397344083151129e-17,-20.00000000000004,synthetic,,,,
230.0,,target,999510201,SAFE PASS,2.0,1.488888888888889,-38.02518518518518,144.8923294835391,8.0,180.0,180.0,18,safe,safe,2.0,193.52941176470583,synthetic,,,,
231.0,,own,999510000,OWN SHIP,0.0,0.5775,-38.040375,144.85,9.0,0.0,0.0,1,,,,,synthetic,,,,
231.0,,target,999510101,CROSS STBD,-0.07000000000000006,0.5249999999999999,-38.04125,144.84851846807612,12.0,270.0,270.0,18,danger,safe,3.925231146709438e-17,-21.000000000000025,synthetic,,,,
231.0,,target,999510201,SAFE PASS,2.0,1.4866666666666668,-38.02522222222222,144.8923294835391,8.0,180.0,180.0,18,safe,safe,2.0,192.52941176470583,synthetic,,,,
232.0,,own,999510000,OWN SHIP,0.0,0.58,-38.04033333333333,144.85,9.0,0.0,0.0,1,,,,,synthetic,,,,
232.0,,target,999510101,CROSS STBD,-0.07333333333333347,0.5249999999999999,-38.04125,144.8484479189369,12.0,270.0,270.0,18,danger,safe,5.003707553108401e-17,-22.000000000000032,synthetic,,,,
232.0,,target,999510201,SAFE PASS,2.0,1.4844444444444445,-38.02525925925926,144.8923294835391,8.0,180.0,180.0,18,safe,safe,2.0,191.52941176470583,synthetic,,,,
233.0,,own,999510000,OWN SHIP,0.0,0.5825,-38.04029166666666,144.85,9.0,0.0,0.0,1,,,,,synthetic,,,,
233.0,,target,999510101,CROSS STBD,-0.07666666666666677,0.5249999999999999,-38.04125,144.84837736979767,12.0,270.0,270.0,18,danger,safe,1.3877787807814457e-17,-23.000000000000032,synthetic,,,,
233.0,,target,999510201,SAFE PASS,2.0,1.482222222222222,-38.0252962962963,144.8923294835391,8.0,180.0,180.0,18,safe,safe,2.0,190.5294117647058,synthetic,,,,
234.0,,own,999510000,OWN SHIP,0.0,0.585,-38.04025,144.85,9.0,0.0,0.0,1,,,,,synthetic,,,,
234.0,,target,999510101,CROSS STBD,-0.08000000000000007,0.5249999999999999,-38.04125,144.84830682065842,12.0,270.0,270.0,18,danger,safe,0.0,-24.000000000000018,synthetic,,,,
234.0,,target,999510201,SAFE PASS,2.0,1.48,-38.02533333333333,144.8923294835391,8.0,180.0,180.0,18,safe,safe,2.0,189.52941176470583,synthetic,,,,
235.0,,own,999510000,OWN SHIP,0.0,0.5875,-38.04020833333333,144.85,9.0,0.0,0.0,1,,,,,synthetic,,,,
235.0,,target,999510101,CROSS STBD,-0.08333333333333348,0.5249999999999999,-38.04125,144.8482362715192,12.0,270.0,270.0,18,danger,safe,1.3877787807814457e-17,-25.00000000000004,synthetic,,,,
235.0,,target,999510201,SAFE PASS,2.0,1.4777777777777779,-38.02537037037037,144.8923294835391,8.0,180.0,180.0,18,safe,safe,2.0,188.52941176470586,synthetic,,,,
236.0,,own,999510000,OWN SHIP,0.0,0.59,-38.040166666666664,144.85,9.0,0.0,0.0,1,,,,,synthetic,,,,
236.0,,target,999510101,CROSS STBD,-0.08666666666666678,0.5249999999999999,-38.04125,144.84816572237997,12.0,270.0,270.0,18,danger,safe,4.163336342344337e-17,-26.000000000000032,synthetic,,,,
236.0,,target,999510201,SAFE PASS,2.0,1.4755555555555555,-38.02540740740741,144.8923294835391,8.0,180.0,180.0,18,safe,safe,2.0,187.52941176470583,synthetic,,,,
237.0,,own,999510000,OWN SHIP,0.0,0.5925,-38.040124999999996,144.85,9.0,0.0,0.0,1,,,,,synthetic,,,,
237.0,,target,999510101,CROSS STBD,-0.09000000000000008,0.5249999999999999,-38.04125,144.84809517324072,12.0,270.0,270.0,18,danger,safe,3.925231146709438e-17,-27.000000000000032,synthetic,,,,
237.0,,target,999510201,SAFE PASS,2.0,1.4733333333333334,-38.02544444444444,144.8923294835391,8.0,180.0,180.0,18,safe,safe,2.0,186.52941176470583,synthetic,,,,
238.0,,own,999510000,OWN SHIP,0.0,0.595,-38.04008333333333,144.85,9.0,0.0,0.0,1,,,,,synthetic,,,,
238.0,,target,999510101,CROSS STBD,-0.09333333333333338,0.5249999999999999,-38.04125,144.8480246241015,12.0,270.0,270.0,18,danger,safe,1.962615573354719e-17,-28.000000000000014,synthetic,,,,
238.0,,target,999510201,SAFE PASS,2.0,1.471111111111111,-38.02548148148148,144.8923294835391,8.0,180.0,180.0,18,safe,safe,2.0,185.5294117647058,synthetic,,,,
239.0,,own,999510000,OWN SHIP,0.0,0.5975,-38.04004166666667,144.85,9.0,0.0,0.0,1,,,,,synthetic,,,,
239.0,,target,999510101,CROSS STBD,-0.09666666666666679,0.5249999999999999,-38.04125,144.84795407496227,12.0,270.0,270.0,18,danger,safe,1.962615573354719e-17,-29.00000000000004,synthetic,,,,
239.0,,target,999510201,SAFE PASS,2.0,1.468888888888889,-38.02551851851852,144.8923294835391,8.0,180.0,180.0,18,safe,safe,2.0,184.52941176470583,synthetic,,,,
240.0,,own,999510000,OWN SHIP,0.0,0.6,-38.04,144.85,9.0,0.0,0.0,1,,,,,synthetic,,,,
240.0,,target,999510101,CROSS STBD,-0.10000000000000009,0.5249999999999999,-38.04125,144.84788352582305,12.0,270.0,270.0,18,danger,safe,1.3877787807814457e-17,-30.000000000000025,synthetic,,,,
240.0,,target,999510201,SAFE PASS,2.0,1.4666666666666668,-38.025555555555556,144.8923294835391,8.0,180.0,180.0,18,safe,safe,2.0,183.52941176470586,synthetic,,,,
241.0,,own,999510000,OWN SHIP,0.0,0.6025,-38.03995833333333,144.85,9.0,0.0,0.0,1,,,,,synthetic,,,,
241.0,,target,999510101,CROSS STBD,-0.10333333333333339,0.5249999999999999,-38.04125,144.8478129766838,12.0,270.0,270.0,18,danger,safe,5.887846720064156e-17,-31.000000000000025,synthetic,,,,
241.0,,target,999510201,SAFE PASS,2.0,1.4644444444444444,-38.02559259259259,144.8923294835391,8.0,180.0,180.0,18,safe,safe,2.0,182.52941176470583,synthetic,,,,
242.0,,own,999510000,OWN SHIP,0.0,0.605,-38.03991666666666,144.85,9.0,0.0,0.0,1,,,,,synthetic,,,,
242.0,,target,999510101,CROSS STBD,-0.1066666666666668,0.5249999999999999,-38.04125,144.84774242754457,12.0,270.0,270.0,18,danger,safe,3.1031676915590914e-17,-32.00000000000003,synthetic,,,,
242.0,,target,999510201,SAFE PASS,2.0,1.462222222222222,-38.02562962962963,144.8923294835391,8.0,180.0,180.0,18,safe,safe,2.0,181.52941176470583,synthetic,,,,
243.0,,own,999510000,OWN SHIP,0.0,0.6075,-38.039874999999995,144.85,9.0,0.0,0.0,1,,,,,synthetic,,,,
243.0,,target,999510101,CROSS STBD,-0.1100000000000001,0.5249999999999999,-38.04125,144.84767187840535,12.0,270.0,270.0,18,danger,safe,4.163336342344337e-17,-33.00000000000003,synthetic,,,,
243.0,,target,999510201,SAFE PASS,2.0,1.46,-38.025666666666666,144.8923294835391,8.0,180.0,180.0,18,safe,safe,2.0,180.5294117647058,synthetic,,,,
244.0,,own,999510000,OWN SHIP,0.0,0.61,-38.03983333333333,144.85,9.0,0.0,0.0,1,,,,,synthetic,,,,
244.0,,target,999510101,CROSS STBD,-0.1133333333333334,0.5249999999999999,-38.04125,144.8476013292661,12.0,270.0,270.0,18,danger,safe,4.3885418357208765e-17,-34.00000000000003,synthetic,,,,
244.0,,target,999510201,SAFE PASS,2.0,1.4577777777777778,-38.0257037037037,144.8923294835391,8.0,180.0,180.0,18,safe,safe,2.0,179.52941176470586,synthetic,,,,
245.0,,own,999510000,OWN SHIP,0.0,0.6125,-38.039791666666666,144.85,9.0,0.0,0.0,1,,,,,synthetic,,,,
245.0,,target,999510101,CROSS STBD,-0.11666666666666681,0.5249999999999999,-38.04125,144.84753078012687,12.0,270.0,270.0,18,danger,safe,1.962615573354719e-17,-35.00000000000004,synthetic,,,,
245.0,,target,999510201,SAFE PASS,2.0,1.4555555555555557,-38.02574074074074,144.8923294835391,8.0,180.0,180.0,18,safe,safe,2.0,178.52941176470586,synthetic,,,,
246.0,,own,999510000,OWN SHIP,0.0,0.615,-38.03975,144.85,9.0,0.0,0.0,1,,,,,synthetic,,,,
246.0,,target,999510101,CROSS STBD,-0.1200000000000001,0.5249999999999999,-38.04125,144.84746023098765,12.0,270.0,270.0,18,danger,safe,1.3877787807814457e-17,-36.00000000000003,synthetic,,,,
246.0,,target,999510201,SAFE PASS,2.0,1.4533333333333334,-38.025777777777776,144.8923294835391,8.0,180.0,180.0,18,safe,safe,2.0,177.52941176470583,synthetic,,,,
247.0,,own,999510000,OWN SHIP,0.0,0.6175,-38.03970833333333,144.85,9.0,0.0,0.0,1,,,,,synthetic,,,,
247.0,,target,999510101,CROSS STBD,-0.1233333333333334,0.5249999999999999,-38.04125,144.84738968184843,12.0,270.0,270.0,18,danger,safe,6.206335383118183e-17,-37.00000000000003,synthetic,,,,
247.0,,target,999510201,SAFE PASS,2.0,1.451111111111111,-38.025814814814815,144.8923294835391,8.0,180.0,180.0,18,safe,safe,2.0,176.5294117647058,synthetic,,,,
248.0,,own,999510000,OWN SHIP,0.0,0.62,-38.03966666666666,144.85,9.0,0.0,0.0,1,,,,,synthetic,,,,
248.0,,target,999510101,CROSS STBD,-0.12666666666666682,0.5249999999999999,-38.04125,144.84731913270917,12.0,270.0,270.0,18,danger,safe,3.925231146709438e-17,-38.000000000000036,synthetic,,,,
248.0,,target,999510201,SAFE PASS,2.0,1.448888888888889,-38.02585185185185,144.8923294835391,8.0,180.0,180.0,18,safe,safe,2.0,175.52941176470583,synthetic,,,,
249.0,,own,999510000,OWN SHIP,0.0,0.6225,-38.039624999999994,144.85,9.0,0.0,0.0,1,,,,,synthetic,,,,
249.0,,target,999510101,CROSS STBD,-0.13000000000000012,0.5249999999999999,-38.04125,144.84724858356995,12.0,270.0,270.0,18,danger,safe,2.7755575615628914e-17,-39.000000000000036,synthetic,,,,
249.0,,target,999510201,SAFE PASS,2.0,1.4466666666666668,-38.025888888888886,144.8923294835391,8.0,180.0,180.0,18,safe,safe,2.0,174.52941176470586,synthetic,,,,
250.0,,own,999510000,OWN SHIP,0.0,0.625,-38.03958333333333,144.85,9.0,0.0,0.0,1,,,,,synthetic,,,,
250.0,,target,999510101,CROSS STBD,-0.13333333333333341,0.5249999999999999,-38.04125,144.84717803443073,12.0,270.0,270.0,18,danger,safe,2.7755575615628914e-17,-40.00000000000003,synthetic,,,,
250.0,,target,999510201,SAFE PASS,2.0,1.4444444444444444,-38.025925925925925,144.8923294835391,8.0,180.0,180.0,18,safe,safe,2.0,173.52941176470583,synthetic,,,,
251.0,,own,999510000,OWN SHIP,0.0,0.6275000000000001,-38.039541666666665,144.85,9.0,0.0,0.0,1,,,,,synthetic,,,,
251.0,,target,999510101,CROSS STBD,-0.13666666666666671,0.5249999999999999,-38.04125,144.8471074852915,12.0,270.0,270.0,18,danger,safe,7.850462293418876e-17,-41.00000000000003,synthetic,,,,
251.0,,target,999510201,SAFE PASS,2.0,1.442222222222222,-38.02596296296296,144.8923294835391,8.0,180.0,180.0,18,safe,safe,2.0,172.5294117647058,synthetic,,,,
252.0,,own,999510000,OWN SHIP,0.0,0.63,-38.0395,144.85,9.0,0.0,0.0,1,,,,,synthetic,,,,
252.0,,target,999510101,CROSS STBD,-0.14000000000000012,0.5249999999999999,-38.04125,144.84703693615225,12.0,270.0,270.0,18,danger,safe,1.3877787807814457e-17,-42.000000000000036,synthetic,,,,
252.0,,target,999510201,SAFE PASS,2.0,1.44,-38.025999999999996,144.8923294835391,8.0,180.0,180.0,18,safe,safe,2.0,171.52941176470586,synthetic,,,,
253.0,,own,999510000,OWN SHIP,0.0,0.6325000000000001,-38.03945833333333,144.85,9.0,0.0,0.0,1,,,,,synthetic,,,,
253.0,,target,999510101,CROSS STBD,-0.14333333333333342,0.5249999999999999,-38.04125,144.84696638701303,12.0,270.0,270.0,18,danger,safe,5.551115123125783e-17,-43.00000000000003,synthetic,,,,
253.0,,target,999510201,SAFE PASS,2.0,1.4377777777777778,-38.026037037037035,144.8923294835391,8.0,180.0,180.0,18,safe,safe,2.0,170.52941176470586,synthetic,,,,
254.0,,own,999510000,OWN SHIP,0.0,0.635,-38.03941666666666,144.85,9.0,0.0,0.0,1,,,,,synthetic,,,,
254.0,,target,999510101,CROSS STBD,-0.14666666666666672,0.5249999999999999,-38.04125,144.8468958378738,12.0,270.0,270.0,18,danger,safe,3.925231146709438e-17,-44.00000000000002,synthetic,,,,
254.0,,target,999510201,SAFE PASS,2.0,1.4355555555555557,-38.026074074074074,144.8923294835391,8.0,180.0,180.0,18,safe,safe,2.0,169.52941176470588,synthetic,,,,
255.0,,own,999510000,OWN SHIP,0.0,0.6375000000000001,-38.039375,144.85,9.0,0.0,0.0,1,,,,,synthetic,,,,
255.0,,target,999510101,CROSS STBD,-0.15000000000000013,0.5249999999999999,-38.04125,144.84682528873455,12.0,270.0,270.0,18,danger,safe,3.925231146709438e-17,-45.00000000000004,synthetic,,,,
255.0,,target,999510201,SAFE PASS,2.0,1.4333333333333333,-38.026111111111106,144.8923294835391,8.0,180.0,180.0,18,safe,safe,2.0,168.52941176470583,synthetic,,,,
256.0,,own,999510000,OWN SHIP,0.0,0.64,-38.03933333333333,144.85,9.0,0.0,0.0,1,,,,,synthetic,,,,
256.0,,target,999510101,CROSS STBD,-0.15333333333333343,0.5249999999999999,-38.04125,144.84675473959533,12.0,270.0,270.0,18,danger,safe,1.3877787807814457e-17,-46.00000000000003,synthetic,,,,
256.0,,target,999510201,SAFE PASS,2.0,1.431111111111111,-38.026148148148145,144.8923294835391,8.0,180.0,180.0,18,safe,safe,2.0,167.52941176470583,synthetic,,,,
257.0,,own,999510000,OWN SHIP,0.0,0.6425,-38.039291666666664,144.85,9.0,0.0,0.0,1,,,,,synthetic,,,,
257.0,,target,999510101,CROSS STBD,-0.15666666666666673,0.5249999999999999,-38.04125,144.8466841904561,12.0,270.0,270.0,18,danger,safe,1.3877787807814457e-17,-47.000000000000014,synthetic,,,,
257.0,,target,999510201,SAFE PASS,2.0,1.4288888888888889,-38.026185185185184,144.8923294835391,8.0,180.0,180.0,18,safe,safe,2.0,166.52941176470586,synthetic,,,,
258.0,,own,999510000,OWN SHIP,0.0,0.645,-38.039249999999996,144.85,9.0,0.0,0.0,1,,,,,synthetic,,,,
258.0,,target,999510101,CROSS STBD,-0.16000000000000014,0.5249999999999999,-38.04125,144.84661364131688,12.0,270.0,270.0,18,danger,safe,0.0,-48.000000000000036,synthetic,,,,
258.0,,target,999510201,SAFE PASS,2.0,1.4266666666666667,-38.026222222222216,144.8923294835391,8.0,180.0,180.0,18,safe,safe,2.0,165.52941176470586,synthetic,,,,
259.0,,own,999510000,OWN SHIP,0.0,0.6475,-38.03920833333333,144.85,9.0,0.0,0.0,1,,,,,synthetic,,,,
259.0,,target,999510101,CROSS STBD,-0.16333333333333344,0.5249999999999999,-38.04125,144.84654309217763,12.0,270.0,270.0,18,danger,safe,4.163336342344337e-17,-49.00000000000003,synthetic,,,,
259.0,,target,999510201,SAFE PASS,2.0,1.4244444444444444,-38.026259259259255,144.8923294835391,8.0,180.0,180.0,18,safe,safe,2.0,164.52941176470586,synthetic,,,,
260.0,,own,999510000,OWN SHIP,0.0,0.65,-38.03916666666667,144.85,9.0,0.0,0.0,1,,,,,synthetic,,,,
260.0,,target,999510101,CROSS STBD,-0.16666666666666674,0.5249999999999999,-38.04125,144.8464725430384,12.0,270.0,270.0,18,danger,safe,3.925231146709438e-17,-50.00000000000003,synthetic,,,,
260.0,,target,999510201,SAFE PASS,2.0,1.4222222222222223,-38.026296296296294,144.8923294835391,8.0,180.0,180.0,18,safe,safe,2.0,163.52941176470586,synthetic,,,,
261.0,,own,999510000,OWN SHIP,0.0,0.6525,-38.039125,144.85,9.0,0.0,0.0,1,,,,,synthetic,,,,
261.0,,target,999510101,CROSS STBD,-0.17000000000000015,0.5249999999999999,-38.04125,144.84640199389918,12.0,270.0,270.0,18,danger,safe,6.206335383118183e-17,-51.00000000000003,synthetic,,,,
261.0,,target,999510201,SAFE PASS,2.0,1.42,-38.02633333333333,144.8923294835391,8.0,180.0,180.0,18,safe,safe,2.0,162.52941176470586,synthetic,,,,
262.0,,own,999510000,OWN SHIP,0.0,0.655,-38.03908333333333,144.85,9.0,0.0,0.0,1,,,,,synthetic,,,,
262.0,,target,999510101,CROSS STBD,-0.17333333333333345,0.5249999999999999,-38.04125,144.84633144475993,12.0,270.0,270.0,18,danger,safe,0.0,-52.000000000000036,synthetic,,,,
262.0,,target,999510201,SAFE PASS,2.0,1.4177777777777778,-38.026370370370365,144.8923294835391,8.0,180.0,180.0,18,safe,safe,2.0,161.52941176470586,synthetic,,,,
263.0,,own,999510000,OWN SHIP,0.0,0.6575,-38.03904166666666,144.85,9.0,0.0,0.0,1,,,,,synthetic,,,,
263.0,,target,999510101,CROSS STBD,-0.17666666666666675,0.5249999999999999,-38.04125,144.8462608956207,12.0,270.0,270.0,18,danger,safe,2.7755575615628914e-17,-53.00000000000002,synthetic,,,,
263.0,,target,999510201,SAFE PASS,2.0,1.4155555555555557,-38.026407407407405,144.8923294835391,8.0,180.0,180.0,18,safe,safe,2.0,160.52941176470588,synthetic,,,,
264.0,,own,999510000,OWN SHIP,0.0,0.66,-38.038999999999994,144.85,9.0,0.0,0.0,1,,,,,synthetic,,,,
264.0,,target,999510101,CROSS STBD,-0.18000000000000005,0.5249999999999999,-38.04125,144.84619034648148,12.0,270.0,270.0,18,danger,safe,3.925231146709438e-17,-54.00000000000002,synthetic,,,,
264.0,,target,999510201,SAFE PASS,2.0,1.4133333333333333,-38.026444444444444,144.8923294835391,8.0,180.0,180.0,18,safe,safe,2.0,159.52941176470583,synthetic,,,,
265.0,,own,999510000,OWN SHIP,0.0,0.6625,-38.03895833333333,144.85,9.0,0.0,0.0,1,,,,,synthetic,,,,
265.0,,target,999510101,CROSS STBD,-0.18333333333333346,0.5249999999999999,-38.04125,144.84611979734225,12.0,270.0,270.0,18,danger,safe,3.925231146709438e-17,-55.00000000000003,synthetic,,,,
265.0,,target,999510201,SAFE PASS,2.0,1.411111111111111,-38.026481481481476,144.8923294835391,8.0,180.0,180.0,18,safe,safe,2.0,158.52941176470583,synthetic,,,,
266.0,,own,999510000,OWN SHIP,0.0,0.665,-38.038916666666665,144.85,9.0,0.0,0.0,1,,,,,synthetic,,,,
266.0,,target,999510101,CROSS STBD,-0.18666666666666676,0.5249999999999999,-38.04125,144.846049248203,12.0,270.0,270.0,18,danger,safe,3.925231146709438e-17,-56.00000000000003,synthetic,,,,
266.0,,target,999510201,SAFE PASS,2.0,1.4088888888888889,-38.026518518518515,144.8923294835391,8.0,180.0,180.0,18,safe,safe,2.0,157.52941176470586,synthetic,,,,
267.0,,own,999510000,OWN SHIP,0.0,0.6675,-38.038875,144.85,9.0,0.0,0.0,1,,,,,synthetic,,,,
267.0,,target,999510101,CROSS STBD,-0.19000000000000006,0.5249999999999999,-38.04125,144.84597869906378,12.0,270.0,270.0,18,danger,safe,3.925231146709438e-17,-57.00000000000001,synthetic,,,,
267.0,,target,999510201,SAFE PASS,2.0,1.4066666666666667,-38.026555555555554,144.8923294835391,8.0,180.0,180.0,18,safe,safe,2.0,156.52941176470586,synthetic,,,,
268.0,,own,999510000,OWN SHIP,0.0,0.67,-38.03883333333333,144.85,9.0,0.0,0.0,1,,,,,synthetic,,,,
268.0,,target,999510101,CROSS STBD,-0.19333333333333347,0.5249999999999999,-38.04125,144.84590814992455,12.0,270.0,270.0,18,danger,safe,0.0,-58.000000000000036,synthetic,,,,
268.0,,target,999510201,SAFE PASS,2.0,1.4044444444444446,-38.02659259259259,144.8923294835391,8.0,180.0,180.0,18,safe,safe,2.0,155.52941176470586,synthetic,,,,
269.0,,own,999510000,OWN SHIP,0.0,0.6725,-38.03879166666666,144.85,9.0,0.0,0.0,1,,,,,synthetic,,,,
269.0,,target,999510101,CROSS STBD,-0.19666666666666677,0.5249999999999999,-38.04125,144.84583760078533,12.0,270.0,270.0,18,danger,safe,2.7755575615628914e-17,-59.00000000000002,synthetic,,,,
269.0,,target,999510201,SAFE PASS,2.0,1.4022222222222223,-38.026629629629625,144.8923294835391,8.0,180.0,180.0,18,safe,safe,2.0,154.52941176470588,synthetic,,,,
270.0,,own,999510000,OWN SHIP,0.0,0.675,-38.03875,144.85,9.0,0.0,0.0,1,,,,,synthetic,,,,
270.0,,target,999510101,CROSS STBD,-0.20000000000000007,0.5249999999999999,-38.04125,144.84576705164608,12.0,270.0,270.0,18,danger,safe,3.925231146709438e-17,-60.00000000000003,synthetic,,,,
270.0,,target,999510201,SAFE PASS,2.0,1.4,-38.026666666666664,144.8923294835391,8.0,180.0,180.0,18,safe,safe,2.0,153.52941176470583,synthetic,,,,
271.0,,own,999510000,OWN SHIP,0.0,0.6775,-38.03870833333333,144.85,9.0,0.0,0.0,1,,,,,synthetic,,,,
271.0,,target,999510101,CROSS STBD,-0.20333333333333348,0.5249999999999999,-38.04125,144.84569650250685,12.0,270.0,270.0,18,danger,safe,3.925231146709438e-17,-61.00000000000003,synthetic,,,,
271.0,,target,999510201,SAFE PASS,2.0,1.3977777777777778,-38.0267037037037,144.8923294835391,8.0,180.0,180.0,18,safe,safe,2.0,152.52941176470586,synthetic,,,,
272.0,,own,999510000,OWN SHIP,0.0,0.68,-38.038666666666664,144.85,9.0,0.0,0.0,1,,,,,synthetic,,,,
272.0,,target,999510101,CROSS STBD,-0.20666666666666678,0.5249999999999998,-38.04125,144.84562595336763,12.0,270.0,270.0,18,danger,safe,1.1775693440128312e-16,-62.00000000000005,synthetic,,,,
272.0,,target,999510201,SAFE PASS,2.0,1.3955555555555557,-38.026740740740735,144.8923294835391,8.0,180.0,180.0,18,safe,safe,2.0,151.52941176470586,synthetic,,,,
273.0,,own,999510000,OWN SHIP,0.0,0.6825,-38.038624999999996,144.85,9.0,0.0,0.0,1,,,,,synthetic,,,,
273.0,,target,999510101,CROSS STBD,-0.21000000000000008,0.5249999999999998,-38.04125,144.84555540422838,12.0,270.0,270.0,18,danger,safe,1.0007415106216802e-16,-63.00000000000004,synthetic,,,,
273.0,,target,999510201,SAFE PASS,2.0,1.3933333333333333,-38.026777777777774,144.8923294835391,8.0,180.0,180.0,18,safe,safe,2.0,150.52941176470586,synthetic,,,,
274.0,,own,999510000,OWN SHIP,0.0,0.685,-38.03858333333333,144.85,9.0,0.0,0.0,1,,,,,synthetic,,,,
274.0,,target,999510101,CROSS STBD,-0.21333333333333349,0.5249999999999998,-38.04125,144.84548485508915,12.0,270.0,270.0,18,danger,safe,1.0007415106216802e-16,-64.00000000000006,synthetic,,,,
274.0,,target,999510201,SAFE PASS,2.0,1.391111111111111,-38.02681481481481,144.8923294835391,8.0,180.0,180.0,18,safe,safe,2.0,149.5294117647058,synthetic,,,,
275.0,,own,999510000,OWN SHIP,0.0,0.6875,-38.03854166666667,144.85,9.0,0.0,0.0,1,,,,,synthetic,,,,
275.0,,target,999510101,CROSS STBD,-0.21666666666666679,0.5249999999999998,-38.04125,144.84541430594993,12.0,270.0,270.0,18,danger,safe,6.206335383118183e-17,-65.00000000000004,synthetic,,,,
275.0,,target,999510201,SAFE PASS,2.0,1.3888888888888888,-38.02685185185185,144.8923294835391,8.0,180.0,180.0,18,safe,safe,2.0,148.52941176470586,synthetic,,,,
276.0,,own,999510000,OWN SHIP,0.0,0.6900000000000001,-38.0385,144.85,9.0,0.0,0.0,1,,,,,synthetic,,,,
276.0,,target,999510101,CROSS STBD,-0.22000000000000008,0.5249999999999998,-38.04125,144.8453437568107,12.0,270.0,270.0,18,danger,safe,1.3877787807814457e-16,-66.00000000000006,synthetic,,,,
276.0,,target,999510201,SAFE PASS,2.0,1.3866666666666667,-38.026888888888884,144.8923294835391,8.0,180.0,180.0,18,safe,safe,2.0,147.52941176470586,synthetic,,,,
277.0,,own,999510000,OWN SHIP,0.0,0.6925,-38.03845833333333,144.85,9.0,0.0,0.0,1,,,,,synthetic,,,,
277.0,,target,999510101,CROSS STBD,-0.22333333333333338,0.5249999999999998,-38.04125,144.84527320767145,12.0,270.0,270.0,18,danger,safe,1.2412670766236366e-16,-67.00000000000004,synthetic,,,,
277.0,,target,999510201,SAFE PASS,2.0,1.3844444444444446,-38.02692592592592,144.8923294835391,8.0,180.0,180.0,18,safe,safe,2.0,146.52941176470588,synthetic,,,,
278.0,,own,999510000,OWN SHIP,0.0,0.6950000000000001,-38.03841666666666,144.85,9.0,0.0,0.0,1,,,,,synthetic,,,,
278.0,,target,999510101,CROSS STBD,-0.2266666666666668,0.5249999999999998,-38.04125,144.84520265853223,12.0,270.0,270.0,18,danger,safe,1.1775693440128312e-16,-68.00000000000006,synthetic,,,,
278.0,,target,999510201,SAFE PASS,2.0,1.3822222222222222,-38.02696296296296,144.8923294835391,8.0,180.0,180.0,18,safe,safe,2.0,145.52941176470583,synthetic,,,,
279.0,,own,999510000,OWN SHIP,0.0,0.6975,-38.038374999999995,144.85,9.0,0.0,0.0,1,,,,,synthetic,,,,
279.0,,target,999510101,CROSS STBD,-0.2300000000000001,0.5249999999999998,-38.04125,144.845132109393,12.0,270.0,270.0,18,danger,safe,7.850462293418876e-17,-69.00000000000004,synthetic,,,,
279.0,,target,999510201,SAFE PASS,2.0,1.38,-38.026999999999994,144.8923294835391,8.0,180.0,180.0,18,safe,safe,2.0,144.52941176470583,synthetic,,,,
280.0,,own,999510000,OWN SHIP,0.0,0.7000000000000001,-38.038333333333334,144.85,9.0,0.0,0.0,1,,,,,synthetic,,,,
280.0,,target,999510101,CROSS STBD,-0.2333333333333334,0.5249999999999998,-38.04125,144.84506156025375,12.0,270.0,270.0,18,danger,safe,1.6184142622847344e-16,-70.00000000000006,synthetic,,,,
280.0,,target,999510201,SAFE PASS,2.0,1.3777777777777778,-38.02703703703703,144.8923294835391,8.0,180.0,180.0,18,safe,safe,2.0,143.52941176470586,synthetic,,,,
281.0,,own,999510000,OWN SHIP,0.0,0.7025,-38.038291666666666,144.85,9.0,0.0,0.0,1,,,,,synthetic,,,,
281.0,,target,999510101,CROSS STBD,-0.2366666666666668,0.5249999999999998,-38.04125,144.84499101111453,12.0,270.0,270.0,18,danger,safe,6.206335383118183e-17,-71.00000000000006,synthetic,,,,
281.0,,target,999510201,SAFE PASS,2.0,1.3755555555555556,-38.02707407407407,144.8923294835391,8.0,180.0,180.0,18,safe,safe,2.0,142.52941176470586,synthetic,,,,
282.0,,own,999510000,OWN SHIP,0.0,0.705,-38.03825,144.85,9.0,0.0,0.0,1,,,,,synthetic,,,,
282.0,,target,999510101,CROSS STBD,-0.2400000000000001,0.5249999999999998,-38.04125,144.8449204619753,12.0,270.0,270.0,18,danger,safe,6.206335383118183e-17,-72.00000000000004,synthetic,,,,
282.0,,target,999510201,SAFE PASS,2.0,1.3733333333333333,-38.02711111111111,144.8923294835391,8.0,180.0,180.0,18,safe,safe,2.0,141.52941176470586,synthetic,,,,
283.0,,own,999510000,OWN SHIP,0.0,0.7075,-38.03820833333333,144.85,9.0,0.0,0.0,1,,,,,synthetic,,,,
283.0,,target,999510101,CROSS STBD,-0.2433333333333334,0.5249999999999998,-38.04125,144.84484991283608,12.0,270.0,270.0,18,danger,safe,1.1775693440128312e-16,-73.00000000000004,synthetic,,,,
283.0,,target,999510201,SAFE PASS,2.0,1.371111111111111,-38.02714814814814,144.8923294835391,8.0,180.0,180.0,18,safe,safe,2.0,140.52941176470583,synthetic,,,,
284.0,,own,999510000,OWN SHIP,0.0,0.71,-38.03816666666666,144.85,9.0,0.0,0.0,1,,,,,synthetic,,,,
284.0,,target,999510101,CROSS STBD,-0.2466666666666668,0.5249999999999998,-38.04125,144.84477936369683,12.0,270.0,270.0,18,danger,safe,5.551115123125783e-17,-74.00000000000006,synthetic,,,,
284.0,,target,999510201,SAFE PASS,2.0,1.3688888888888888,-38.02718518518518,144.8923294835391,8.0,180.0,180.0,18,safe,safe,2.0,139.52941176470583,synthetic,,,,
285.0,,own,999510000,OWN SHIP,0.0,0.7125,-38.038124999999994,144.85,9.0,0.0,0.0,1,,,,,synthetic,,,,
285.0,,target,999510101,CROSS STBD,-0.2500000000000001,0.5249999999999998,-38.04125,144.8447088145576,12.0,270.0,270.0,18,danger,safe,1.0007415106216802e-16,-75.00000000000004,synthetic,,,,
285.0,,target,999510201,SAFE PASS,2.0,1.3666666666666667,-38.02722222222222,144.8923294835391,8.0,180.0,180.0,18,safe,safe,2.0,138.52941176470586,synthetic,,,,
286.0,,own,999510000,OWN SHIP,0.0,0.715,-38.03808333333333,144.85,9.0,0.0,0.0,1,,,,,synthetic,,,,
286.0,,target,999510101,CROSS STBD,-0.2533333333333334,0.5249999999999998,-38.04125,144.84463826541838,12.0,270.0,270.0,18,danger,safe,6.206335383118183e-17,-76.00000000000004,synthetic,,,,
286.0,,target,999510201,SAFE PASS,2.0,1.3644444444444446,-38.02725925925925,144.8923294835391,8.0,180.0,180.0,18,safe,safe,2.0,137.52941176470588,synthetic,,,,
287.0,,own,999510000,OWN SHIP,0.0,0.7175,-38.038041666666665,144.85,9.0,0.0,0.0,1,,,,,synthetic,,,,
287.0,,target,999510101,CROSS STBD,-0.2566666666666668,0.5249999999999998,-38.04125,144.84456771627913,12.0,270.0,270.0,18,danger,safe,7.850462293418876e-17,-77.00000000000006,synthetic,,,,
287.0,,target,999510201,SAFE PASS,2.0,1.3622222222222222,-38.02729629629629,144.8923294835391,8.0,180.0,180.0,18,safe,safe,2.0,136.52941176470586,synthetic,,,,
288.0,,own,999510000,OWN SHIP,0.0,0.72,-38.038,144.85,9.0,0.0,0.0,1,,,,,synthetic,,,,
288.0,,target,999510101,CROSS STBD,-0.2600000000000001,0.5249999999999998,-38.04125,144.8444971671399,12.0,270.0,270.0,18,danger,safe,6.206335383118183e-17,-78.00000000000004,synthetic,,,,
288.0,,target,999510201,SAFE PASS,2.0,1.3599999999999999,-38.02733333333333,144.8923294835391,8.0,180.0,180.0,18,safe,safe,2.0,135.52941176470583,synthetic,,,,
289.0,,own,999510000,OWN SHIP,0.0,0.7225,-38.03795833333333,144.85,9.0,0.0,0.0,1,,,,,synthetic,,,,
289.0,,target,999510101,CROSS STBD,-0.2633333333333334,0.5249999999999998,-38.04125,144.84442661800068,12.0,270.0,270.0,18,danger,safe,1.0007415106216802e-16,-79.00000000000004,synthetic,,,,
289.0,,target,999510201,SAFE PASS,2.0,1.3577777777777778,-38.02737037037037,144.8923294835391,8.0,180.0,180.0,18,safe,safe,2.0,134.52941176470583,synthetic,,,,
290.0,,own,999510000,OWN SHIP,0.0,0.725,-38.03791666666666,144.85,9.0,0.0,0.0,1,,,,,synthetic,,,,
290.0,,target,999510101,CROSS STBD,-0.2666666666666667,0.5249999999999998,-38.04125,144.84435606886146,12.0,270.0,270.0,18,danger,safe,7.850462293418876e-17,-80.00000000000003,synthetic,,,,
290.0,,target,999510201,SAFE PASS,2.0,1.3555555555555556,-38.0274074074074,144.8923294835391,8.0,180.0,180.0,18,safe,safe,2.0,133.52941176470588,synthetic,,,,
291.0,,own,999510000,OWN SHIP,0.0,0.7275,-38.037875,144.85,9.0,0.0,0.0,1,,,,,synthetic,,,,
291.0,,target,999510101,CROSS STBD,-0.27000000000000013,0.5249999999999998,-38.04125,144.8442855197222,12.0,270.0,270.0,18,danger,safe,7.850462293418876e-17,-81.00000000000006,synthetic,,,,
291.0,,target,999510201,SAFE PASS,2.0,1.3533333333333335,-38.02744444444444,144.8923294835391,8.0,180.0,180.0,18,safe,safe,2.0,132.52941176470588,synthetic,,,,
292.0,,own,999510000,OWN SHIP,0.0,0.73,-38.03783333333333,144.85,9.0,0.0,0.0,1,,,,,synthetic,,,,
292.0,,target,999510101,CROSS STBD,-0.27333333333333343,0.5249999999999998,-38.04125,144.84421497058298,12.0,270.0,270.0,18,danger,safe,6.206335383118183e-17,-82.00000000000004,synthetic,,,,
292.0,,target,999510201,SAFE PASS,2.0,1.3511111111111112,-38.02748148148148,144.8923294835391,8.0,180.0,180.0,18,safe,safe,2.0,131.52941176470586,synthetic,,,,
293.0,,own,999510000,OWN SHIP,0.0,0.7325,-38.037791666666664,144.85,9.0,0.0,0.0,1,,,,,synthetic,,,,
293.0,,target,999510101,CROSS STBD,-0.2766666666666667,0.5249999999999998,-38.04125,144.84414442144376,12.0,270.0,270.0,18,danger,safe,1.3877787807814457e-16,-83.00000000000004,synthetic,,,,
293.0,,target,999510201,SAFE PASS,2.0,1.3488888888888888,-38.02751851851851,144.8923294835391,8.0,180.0,180.0,18,safe,safe,2.0,130.52941176470583,synthetic,,,,
294.0,,own,999510000,OWN SHIP,0.0,0.735,-38.037749999999996,144.85,9.0,0.0,0.0,1,,,,,synthetic,,,,
294.0,,target,999510101,CROSS STBD,-0.28000000000000014,0.5249999999999998,-38.04125,144.84407387230453,12.0,270.0,270.0,18,danger,safe,5.551115123125783e-17,-84.00000000000006,synthetic,,,,
294.0,,target,999510201,SAFE PASS,2.0,1.3466666666666667,-38.02755555555555,144.8923294835391,8.0,180.0,180.0,18,safe,safe,2.0,129.52941176470586,synthetic,,,,
295.0,,own,999510000,OWN SHIP,0.0,0.7375,-38.03770833333333,144.85,9.0,0.0,0.0,1,,,,,synthetic,,,,
295.0,,target,999510101,CROSS STBD,-0.28333333333333344,0.5249999999999998,-38.04125,144.84400332316528,12.0,270.0,270.0,18,danger,safe,1.0007415106216802e-16,-85.00000000000004,synthetic,,,,
295.0,,target,999510201,SAFE PASS,2.0,1.3444444444444446,-38.02759259259259,144.8923294835391,8.0,180.0,180.0,18,safe,safe,2.0,128.52941176470586,synthetic,,,,
296.0,,own,999510000,OWN SHIP,0.0,0.74,-38.03766666666667,144.85,9.0,0.0,0.0,1,,,,,synthetic,,,,
296.0,,target,999510101,CROSS STBD,-0.28666666666666674,0.5249999999999998,-38.04125,144.84393277402606,12.0,270.0,270.0,18,danger,safe,1.2412670766236366e-16,-86.00000000000004,synthetic,,,,
296.0,,target,999510201,SAFE PASS,2.0,1.3422222222222222,-38.02762962962963,144.8923294835391,8.0,180.0,180.0,18,safe,safe,2.0,127.52941176470586,synthetic,,,,
297.0,,own,999510000,OWN SHIP,0.0,0.7425,-38.037625,144.85,9.0,0.0,0.0,1,,,,,synthetic,,,,
297.0,,target,999510101,CROSS STBD,-0.29000000000000015,0.5249999999999998,-38.04125,144.84386222488683,12.0,270.0,270.0,18,danger,safe,7.850462293418876e-17,-87.00000000000006,synthetic,,,,
297.0,,target,999510201,SAFE PASS,2.0,1.3399999999999999,-38.02766666666666,144.8923294835391,8.0,180.0,180.0,18,safe,safe,2.0,126.52941176470581,synthetic,,,,
298.0,,own,999510000,OWN SHIP,0.0,0.745,-38.03758333333333,144.85,9.0,0.0,0.0,1,,,,,synthetic,,,,
298.0,,target,999510101,CROSS STBD,-0.29333333333333345,0.5249999999999998,-38.04125,144.84379167574758,12.0,270.0,270.0,18,danger,safe,7.850462293418876e-17,-88.00000000000004,synthetic,,,,
298.0,,target,999510201,SAFE PASS,2.0,1.3377777777777777,-38.0277037037037,144.8923294835391,8.0,180.0,180.0,18,safe,safe,2.0,125.52941176470584,synthetic,,,,
299.0,,own,999510000,OWN SHIP,0.0,0.7475,-38.03754166666666,144.85,9.0,0.0,0.0,1,,,,,synthetic,,,,
299.0,,target,999510101,CROSS STBD,-0.29666666666666675,0.5249999999999998,-38.04125,144.84372112660836,12.0,270.0,270.0,18,danger,safe,1.2412670766236366e-16,-89.00000000000004,synthetic,,,,
299.0,,target,999510201,SAFE PASS,2.0,1.3355555555555556,-38.02774074074074,144.8923294835391,8.0,180.0,180.0,18,safe,safe,2.0,124.52941176470586,synthetic,,,,
300.0,,own,999510000,OWN SHIP,0.0,0.75,-38.037499999999994,144.85,9.0,0.0,0.0,1,,,,,synthetic,,,,
300.0,,target,999510101,CROSS STBD,-0.30000000000000004,0.5249999999999998,-38.04125,144.84365057746913,12.0,270.0,270.0,18,danger,safe,1.2412670766236366e-16,-90.00000000000004,synthetic,,,,
300.0,,target,999510201,SAFE PASS,2.0,1.3333333333333335,-38.02777777777777,144.8923294835391,8.0,180.0,180.0,18,safe,safe,2.0,123.52941176470588,synthetic,,,,
301.0,,own,999510000,OWN SHIP,0.0,0.7525000000000001,-38.03745833333333,144.85,9.0,0.0,0.0,1,,,,,synthetic,,,,
301.0,,target,999510101,CROSS STBD,-0.30333333333333345,0.5249999999999998,-38.04125,144.8435800283299,12.0,270.0,270.0,18,danger,safe,1.2412670766236366e-16,-91.00000000000004,synthetic,,,,
301.0,,target,999510201,SAFE PASS,2.0,1.3311111111111111,-38.02781481481481,144.8923294835391,8.0,180.0,180.0,18,safe,safe,2.0,122.52941176470584,synthetic,,,,
302.0,,own,999510000,OWN SHIP,0.0,0.755,-38.037416666666665,144.85,9.0,0.0,0.0,1,,,,,synthetic,,,,
302.0,,target,999510101,CROSS STBD,-0.30666666666666687,0.5249999999999998,-38.04125,144.84350947919066,12.0,270.0,270.0,18,danger,safe,2.7755575615628914e-17,-92.00000000000006,synthetic,,,,
302.0,,target,999510201,SAFE PASS,2.0,1.3288888888888888,-38.02785185185185,144.8923294835391,8.0,180.0,180.0,18,safe,safe,2.0,121.52941176470583,synthetic,,,,
303.0,,own,999510000,OWN SHIP,0.0,0.7575000000000001,-38.037375,144.85,9.0,0.0,0.0,1,,,,,synthetic,,,,
303.0,,target,999510101,CROSS STBD,-0.31000000000000005,0.5249999999999998,-38.04125,144.84343893005143,12.0,270.0,270.0,18,danger,safe,1.5700924586837752e-16,-93.00000000000004,synthetic,,,,
303.0,,target,999510201,SAFE PASS,2.0,1.3266666666666667,-38.02788888888889,144.8923294835391,8.0,180.0,180.0,18,safe,safe,2.0,120.52941176470583,synthetic,,,,
304.0,,own,999510000,OWN SHIP,0.0,0.76,-38.03733333333333,144.85,9.0,0.0,0.0,1,,,,,synthetic,,,,
304.0,,target,999510101,CROSS STBD,-0.31333333333333346,0.5249999999999998,-38.04125,144.8433683809122,12.0,270.0,270.0,18,danger,safe,7.850462293418876e-17,-94.00000000000004,synthetic,,,,
304.0,,target,999510201,SAFE PASS,2.0,1.3244444444444445,-38.02792592592592,144.8923294835391,8.0,180.0,180.0,18,safe,safe,2.0,119.52941176470587,synthetic,,,,
305.0,,own,999510000,OWN SHIP,0.0,0.7625000000000001,-38.03729166666666,144.85,9.0,0.0,0.0,1,,,,,synthetic,,,,
305.0,,target,999510101,CROSS STBD,-0.3166666666666669,0.5249999999999998,-38.04125,144.84329783177296,12.0,270.0,270.0,18,danger,safe,7.850462293418876e-17,-95.00000000000007,synthetic,,,,
305.0,,target,999510201,SAFE PASS,2.0,1.3222222222222222,-38.02796296296296,144.8923294835391,8.0,180.0,180.0,18,safe,safe,2.0,118.52941176470584,synthetic,,,,
306.0,,own,999510000,OWN SHIP,0.0,0.765,-38.03725,144.85,9.0,0.0,0.0,1,,,,,synthetic,,,,
306.0,,target,999510101,CROSS STBD,-0.32000000000000006,0.5249999999999998,-38.04125,144.84322728263373,12.0,270.0,270.0,18,danger,safe,1.0007415106216802e-16,-96.00000000000003,synthetic,,,,
306.0,,target,999510201,SAFE PASS,2.0,1.3199999999999998,-38.028,144.8923294835391,8.0,180.0,180.0,18,safe,safe,2.0,117.52941176470583,synthetic,,,,
307.0,,own,999510000,OWN SHIP,0.0,0.7675000000000001,-38.03720833333333,144.85,9.0,0.0,0.0,1,,,,,synthetic,,,,
307.0,,target,999510101,CROSS STBD,-0.3233333333333335,0.5249999999999998,-38.04125,144.8431567334945,12.0,270.0,270.0,18,danger,safe,1.0007415106216802e-16,-97.00000000000006,synthetic,,,,
307.0,,target,999510201,SAFE PASS,2.0,1.3177777777777777,-38.02803703703704,144.8923294835391,8.0,180.0,180.0,18,safe,safe,2.0,116.52941176470583,synthetic,,,,
308.0,,own,999510000,OWN SHIP,0.0,0.77,-38.037166666666664,144.85,9.0,0.0,0.0,1,,,,,synthetic,,,,
308.0,,target,999510101,CROSS STBD,-0.3266666666666669,0.5249999999999998,-38.04125,144.8430861843553,12.0,270.0,270.0,18,danger,safe,2.7755575615628914e-17,-98.00000000000006,synthetic,,,,
308.0,,target,999510201,SAFE PASS,2.0,1.3155555555555556,-38.02807407407407,144.8923294835391,8.0,180.0,180.0,18,safe,safe,2.0,115.52941176470587,synthetic,,,,
309.0,,own,999510000,OWN SHIP,0.0,0.7725,-38.037124999999996,144.85,9.0,0.0,0.0,1,,,,,synthetic,,,,
309.0,,target,999510101,CROSS STBD,-0.33000000000000007,0.5249999999999998,-38.04125,144.84301563521603,12.0,270.0,270.0,18,danger,safe,8.326672684688674e-17,-99.00000000000001,synthetic,,,,
309.0,,target,999510201,SAFE PASS,2.0,1.3133333333333335,-38.02811111111111,144.8923294835391,8.0,180.0,180.0,18,safe,safe,2.0,114.52941176470588,synthetic,,,,
310.0,,own,999510000,OWN SHIP,0.0,0.775,-38.03708333333333,144.85,9.0,0.0,0.0,1,,,,,synthetic,,,,
310.0,,target,999510101,CROSS STBD,-0.3333333333333335,0.5249999999999998,-38.04125,144.8429450860768,12.0,270.0,270.0,18,danger,safe,7.850462293418876e-17,-100.00000000000006,synthetic,,,,
310.0,,target,999510201,SAFE PASS,2.0,1.3111111111111111,-38.02814814814815,144.8923294835391,8.0,180.0,180.0,18,safe,safe,2.0,113.52941176470586,synthetic,,,,
311.0,,own,999510000,OWN SHIP,0.0,0.7775,-38.03704166666667,144.85,9.0,0.0,0.0,1,,,,,synthetic,,,,
311.0,,target,999510101,CROSS STBD,-0.33666666666666667,0.5249999999999998,-38.04125,144.8428745369376,12.0,270.0,270.0,18,danger,safe,1.2412670766236366e-16,-101.00000000000001,synthetic,,,,
311.0,,target,999510201,SAFE PASS,2.0,1.3088888888888888,-38.02818518518518,144.8923294835391,8.0,180.0,180.0,18,safe,safe,2.0,112.52941176470584,synthetic,,,,
312.0,,own,999510000,OWN SHIP,0.0,0.78,-38.037,144.85,9.0,0.0,0.0,1,,,,,synthetic,,,,
312.0,,target,999510101,CROSS STBD,-0.3400000000000001,0.5249999999999998,-38.04125,144.84280398779833,12.0,270.0,270.0,18,danger,safe,1.2412670766236366e-16,-102.00000000000004,synthetic,,,,
312.0,,target,999510201,SAFE PASS,2.0,1.3066666666666666,-38.02822222222222,144.8923294835391,8.0,180.0,180.0,18,safe,safe,2.0,111.52941176470584,synthetic,,,,
313.0,,own,999510000,OWN SHIP,0.0,0.7825,-38.03695833333333,144.85,9.0,0.0,0.0,1,,,,,synthetic,,,,
313.0,,target,999510101,CROSS STBD,-0.3433333333333335,0.5249999999999998,-38.04125,144.8427334386591,12.0,270.0,270.0,18,danger,safe,0.0,-103.00000000000004,synthetic,,,,
313.0,,target,999510201,SAFE PASS,2.0,1.3044444444444445,-38.02825925925926,144.8923294835391,8.0,180.0,180.0,18,safe,safe,2.0,110.52941176470588,synthetic,,,,
314.0,,own,999510000,OWN SHIP,0.0,0.785,-38.03691666666666,144.85,9.0,0.0,0.0,1,,,,,synthetic,,,,
314.0,,target,999510101,CROSS STBD,-0.3466666666666667,0.5249999999999998,-38.04125,144.8426628895199,12.0,270.0,270.0,18,danger,safe,1.5700924586837752e-16,-104.00000000000003,synthetic,,,,
314.0,,target,999510201,SAFE PASS,2.0,1.3022222222222222,-38.0282962962963,144.8923294835391,8.0,180.0,180.0,18,safe,safe,2.0,109.52941176470584,synthetic,,,,
315.0,,own,999510000,OWN SHIP,0.0,0.7875,-38.036874999999995,144.85,9.0,0.0,0.0,1,,,,,synthetic,,,,
315.0,,target,999510101,CROSS STBD,-0.3500000000000001,0.5249999999999998,-38.04125,144.84259234038066,12.0,270.0,270.0,18,danger,safe,7.850462293418876e-17,-105.00000000000003,synthetic,,,,
315.0,,target,999510201,SAFE PASS,2.0,1.3,-38.02833333333333,144.8923294835391,8.0,180.0,180.0,18,safe,safe,2.0,108.52941176470587,synthetic,,,,
316.0,,own,999510000,OWN SHIP,0.0,0.79,-38.036833333333334,144.85,9.0,0.0,0.0,1,,,,,synthetic,,,,
316.0,,target,999510101,CROSS STBD,-0.3533333333333335,0.5249999999999998,-38.04125,144.8425217912414,12.0,270.0,270.0,18,danger,safe,7.850462293418876e-17,-106.00000000000006,synthetic,,,,
316.0,,target,999510201,SAFE PASS,2.0,1.2977777777777777,-38.02837037037037,144.8923294835391,8.0,180.0,180.0,18,safe,safe,2.0,107.52941176470583,synthetic,,,,
317.0,,own,999510000,OWN SHIP,0.0,0.7925,-38.036791666666666,144.85,9.0,0.0,0.0,1,,,,,synthetic,,,,
317.0,,target,999510101,CROSS STBD,-0.3566666666666667,0.5249999999999998,-38.04125,144.8424512421022,12.0,270.0,270.0,18,danger,safe,1.2412670766236366e-16,-107.00000000000001,synthetic,,,,
317.0,,target,999510201,SAFE PASS,2.0,1.2955555555555556,-38.02840740740741,144.8923294835391,8.0,180.0,180.0,18,safe,safe,2.0,106.52941176470586,synthetic,,,,
318.0,,own,999510000,OWN SHIP,0.0,0.795,-38.03675,144.85,9.0,0.0,0.0,1,,,,,synthetic,,,,
318.0,,target,999510101,CROSS STBD,-0.3600000000000001,0.5249999999999998,-38.04125,144.84238069296296,12.0,270.0,270.0,18,danger,safe,7.850462293418876e-17,-108.00000000000004,synthetic,,,,
318.0,,target,999510201,SAFE PASS,2.0,1.2933333333333334,-38.02844444444444,144.8923294835391,8.0,180.0,180.0,18,safe,safe,2.0,105.52941176470588,synthetic,,,,
319.0,,own,999510000,OWN SHIP,0.0,0.7975,-38.03670833333333,144.85,9.0,0.0,0.0,1,,,,,synthetic,,,,
319.0,,target,999510101,CROSS STBD,-0.3633333333333335,0.5249999999999998,-38.04125,144.84231014382374,12.0,270.0,270.0,18,danger,safe,5.551115123125783e-17,-109.00000000000006,synthetic,,,,
319.0,,target,999510201,SAFE PASS,2.0,1.291111111111111,-38.02848148148148,144.8923294835391,8.0,180.0,180.0,18,safe,safe,2.0,104.52941176470586,synthetic,,,,
320.0,,own,999510000,OWN SHIP,0.0,0.8,-38.03666666666666,144.85,9.0,0.0,0.0,1,,,,,synthetic,,,,
320.0,,target,999510101,CROSS STBD,-0.3666666666666667,0.5249999999999998,-38.04125,144.8422395946845,12.0,270.0,270.0,18,danger,safe,1.5700924586837752e-16,-110.00000000000004,synthetic,,,,
320.0,,target,999510201,SAFE PASS,2.0,1.2888888888888888,-38.02851851851852,144.8923294835391,8.0,180.0,180.0,18,safe,safe,2.0,103.52941176470583,synthetic,,,,
321.0,,own,999510000,OWN SHIP,0.0,0.8025,-38.036624999999994,144.85,9.0,0.0,0.0,1,,,,,synthetic,,,,
321.0,,target,999510101,CROSS STBD,-0.3700000000000001,0.5249999999999998,-38.04125,144.84216904554526,12.0,270.0,270.0,18,danger,safe,5.551115123125783e-17,-111.00000000000003,synthetic,,,,
321.0,,target,999510201,SAFE PASS,2.0,1.2866666666666666,-38.028555555555556,144.8923294835391,8.0,180.0,180.0,18,safe,safe,2.0,102.52941176470584,synthetic,,,,
322.0,,own,999510000,OWN SHIP,0.0,0.805,-38.03658333333333,144.85,9.0,0.0,0.0,1,,,,,synthetic,,,,
322.0,,target,999510101,CROSS STBD,-0.3733333333333335,0.5249999999999998,-38.04125,144.84209849640604,12.0,270.0,270.0,18,danger,safe,7.850462293418876e-17,-112.00000000000006,synthetic,,,,
322.0,,target,999510201,SAFE PASS,2.0,1.2844444444444445,-38.02859259259259,144.8923294835391,8.0,180.0,180.0,18,safe,safe,2.0,101.52941176470586,synthetic,,,,
323.0,,own,999510000,OWN SHIP,0.0,0.8075,-38.036541666666665,144.85,9.0,0.0,0.0,1,,,,,synthetic,,,,
323.0,,target,999510101,CROSS STBD,-0.3766666666666667,0.5249999999999998,-38.04125,144.84202794726679,12.0,270.0,270.0,18,danger,safe,7.850462293418876e-17,-113.00000000000003,synthetic,,,,
323.0,,target,999510201,SAFE PASS,2.0,1.2822222222222224,-38.02862962962963,144.8923294835391,8.0,180.0,180.0,18,safe,safe,2.0,100.5294117647059,synthetic,,,,
324.0,,own,999510000,OWN SHIP,0.0,0.81,-38.0365,144.85,9.0,0.0,0.0,1,,,,,synthetic,,,,
324.0,,target,999510101,CROSS STBD,-0.3800000000000001,0.5249999999999998,-38.04125,144.84195739812756,12.0,270.0,270.0,18,danger,safe,1.2412670766236366e-16,-114.00000000000004,synthetic,,,,
324.0,,target,999510201,SAFE PASS,2.0,1.28,-38.028666666666666,144.8923294835391,8.0,180.0,180.0,18,safe,safe,2.0,99.52941176470586,synthetic,,,,
325.0,,own,999510000,OWN SHIP,0.0,0.8125,-38.03645833333333,144.85,9.0,0.0,0.0,1,,,,,synthetic,,,,
325.0,,target,999510101,CROSS STBD,-0.3833333333333335,0.5249999999999998,-38.04125,144.84188684898834,12.0,270.0,270.0,18,danger,safe,7.850462293418876e-17,-115.00000000000007,synthetic,,,,
325.0,,target,999510201,SAFE PASS,2.0,1.2777777777777777,-38.0287037037037,144.8923294835391,8.0,180.0,180.0,18,safe,safe,2.0,98.52941176470584,synthetic,,,,
326.0,,own,999510000,OWN SHIP,0.0,0.8150000000000001,-38.03641666666666,144.85,9.0,0.0,0.0,1,,,,,synthetic,,,,
326.0,,target,999510101,CROSS STBD,-0.3866666666666667,0.5249999999999998,-38.04125,144.8418162998491,12.0,270.0,270.0,18,danger,safe,1.2412670766236366e-16,-116.00000000000003,synthetic,,,,
326.0,,target,999510201,SAFE PASS,2.0,1.2755555555555556,-38.02874074074074,144.8923294835391,8.0,180.0,180.0,18,safe,safe,2.0,97.52941176470584,synthetic,,,,
327.0,,own,999510000,OWN SHIP,0.0,0.8175,-38.036375,144.85,9.0,0.0,0.0,1,,,,,synthetic,,,,
327.0,,target,999510101,CROSS STBD,-0.3900000000000001,0.5249999999999998,-38.04125,144.84174575070986,12.0,270.0,270.0,18,danger,safe,1.1102230246251565e-16,-117.00000000000006,synthetic,,,,
327.0,,target,999510201,SAFE PASS,2.0,1.2733333333333334,-38.028777777777776,144.8923294835391,8.0,180.0,180.0,18,safe,safe,2.0,96.52941176470588,synthetic,,,,
328.0,,own,999510000,OWN SHIP,0.0,0.8200000000000001,-38.03633333333333,144.85,9.0,0.0,0.0,1,,,,,synthetic,,,,
328.0,,target,999510101,CROSS STBD,-0.39333333333333353,0.5249999999999998,-38.04125,144.84167520157064,12.0,270.0,270.0,18,danger,safe,5.551115123125783e-17,-118.00000000000006,synthetic,,,,
328.0,,target,999510201,SAFE PASS,2.0,1.271111111111111,-38.028814814814815,144.8923294835391,8.0,180.0,180.0,18,safe,safe,2.0,95.52941176470583,synthetic,,,,
329.0,,own,999510000,OWN SHIP,0.0,0.8225,-38.03629166666666,144.85,9.0,0.0,0.0,1,,,,,synthetic,,,,
329.0,,target,999510101,CROSS STBD,-0.3966666666666667,0.5249999999999998,-38.04125,144.8416046524314,12.0,270.0,270.0,18,danger,safe,1.2412670766236366e-16,-119.00000000000004,synthetic,,,,
329.0,,target,999510201,SAFE PASS,2.0,1.2688888888888887,-38.02885185185185,144.8923294835391,8.0,180.0,180.0,18,safe,safe,2.0,94.52941176470583,synthetic,,,,
330.0,,own,999510000,OWN SHIP,0.0,0.8250000000000001,-38.036249999999995,144.85,9.0,0.0,0.0,1,,,,,synthetic,,,,
330.0,,target,999510101,CROSS STBD,-0.40000000000000013,0.5249999999999998,-38.04125,144.84153410329216,12.0,270.0,270.0,18,danger,safe,7.850462293418876e-17,-120.00000000000006,synthetic,,,,
330.0,,target,999510201,SAFE PASS,2.0,1.2666666666666666,-38.028888888888886,144.8923294835391,8.0,180.0,180.0,18,safe,safe,2.0,93.52941176470583,synthetic,,,,
331.0,,own,999510000,OWN SHIP,0.0,0.8275,-38.03620833333333,144.85,9.0,0.0,0.0,1,,,,,synthetic,,,,
331.0,,target,999510101,CROSS STBD,-0.40333333333333354,0.5249999999999998,-38.04125,144.84146355415294,12.0,270.0,270.0,18,danger,safe,0.0,-121.00000000000006,synthetic,,,,
331.0,,target,999510201,SAFE PASS,2.0,1.2644444444444445,-38.028925925925925,144.8923294835391,8.0,180.0,180.0,18,safe,safe,2.0,92.52941176470586,synthetic,,,,
332.0,,own,999510000,OWN SHIP,0.0,0.8300000000000001,-38.03616666666667,144.85,9.0,0.0,0.0,1,,,,,synthetic,,,,
332.0,,target,999510101,CROSS STBD,-0.40666666666666673,0.5249999999999998,-38.04125,144.8413930050137,12.0,270.0,270.0,18,danger,safe,1.5700924586837752e-16,-122.00000000000004,synthetic,,,,
332.0,,target,999510201,SAFE PASS,2.0,1.2622222222222224,-38.02896296296296,144.8923294835391,8.0,180.0,180.0,18,safe,safe,2.0,91.52941176470588,synthetic,,,,
333.0,,own,999510000,OWN SHIP,0.0,0.8325,-38.036125,144.85,9.0,0.0,0.0,1,,,,,synthetic,,,,
333.0,,target,999510101,CROSS STBD,-0.41000000000000014,0.5249999999999998,-38.04125,144.8413224558745,12.0,270.0,270.0,18,danger,safe,5.551115123125783e-17,-123.00000000000004,synthetic,,,,
333.0,,target,999510201,SAFE PASS,2.0,1.26,-38.028999999999996,144.8923294835391,8.0,180.0,180.0,18,safe,safe,2.0,90.52941176470586,synthetic,,,,
334.0,,own,999510000,OWN SHIP,0.0,0.835,-38.03608333333333,144.85,9.0,0.0,0.0,1,,,,,synthetic,,,,
334.0,,target,999510101,CROSS STBD,-0.41333333333333355,0.5249999999999998,-38.04125,144.84125190673524,12.0,270.0,270.0,18,danger,safe,5.551115123125783e-17,-124.00000000000006,synthetic,,,,
334.0,,target,999510201,SAFE PASS,2.0,1.2577777777777777,-38.029037037037035,144.8923294835391,8.0,180.0,180.0,18,safe,safe,2.0,89.52941176470584,synthetic,,,,
335.0,,own,999510000,OWN SHIP,0.0,0.8375,-38.03604166666666,144.85,9.0,0.0,0.0,1,,,,,synthetic,,,,
335.0,,target,999510101,CROSS STBD,-0.41666666666666674,0.5249999999999998,-38.04125,144.841181357596,12.0,270.0,270.0,18,danger,safe,1.2412670766236366e-16,-125.00000000000003,synthetic,,,,
335.0,,target,999510201,SAFE PASS,2.0,1.2555555555555555,-38.029074074074074,144.8923294835391,8.0,180.0,180.0,18,safe,safe,2.0,88.52941176470586,synthetic,,,,
336.0,,own,999510000,OWN SHIP,0.0,0.84,-38.035999999999994,144.85,9.0,0.0,0.0,1,,,,,synthetic,,,,
336.0,,target,999510101,CROSS STBD,-0.42000000000000015,0.5249999999999998,-38.04125,144.8411108084568,12.0,270.0,270.0,18,danger,safe,0.0,-126.00000000000004,synthetic,,,,
336.0,,target,999510201,SAFE PASS,2.0,1.2533333333333334,-38.029111111111106,144.8923294835391,8.0,180.0,180.0,18,safe,safe,2.0,87.52941176470587,synthetic,,,,
337.0,,own,999510000,OWN SHIP,0.0,0.8425,-38.03595833333333,144.85,9.0,0.0,0.0,1,,,,,synthetic,,,,
337.0,,target,999510101,CROSS STBD,-0.42333333333333334,0.5249999999999998,-38.04125,144.84104025931754,12.0,270.0,270.0,18,danger,safe,1.2412670766236366e-16,-127.00000000000001,synthetic,,,,
337.0,,target,999510201,SAFE PASS,2.0,1.251111111111111,-38.029148148148145,144.8923294835391,8.0,180.0,180.0,18,safe,safe,2.0,86.52941176470584,synthetic,,,,
338.0,,own,999510000,OWN SHIP,0.0,0.845,-38.035916666666665,144.85,9.0,0.0,0.0,1,,,,,synthetic,,,,
338.0,,target,999510101,CROSS STBD,-0.42666666666666675,0.5249999999999998,-38.04125,144.8409697101783,12.0,270.0,270.0,18,danger,safe,7.850462293418876e-17,-128.00000000000003,synthetic,,,,
338.0,,target,999510201,SAFE PASS,2.0,1.248888888888889,-38.029185185185185,144.8923294835391,8.0,180.0,180.0,18,safe,safe,2.0,85.52941176470587,synthetic,,,,
339.0,,own,999510000,OWN SHIP,0.0,0.8475,-38.035875,144.85,9.0,0.0,0.0,1,,,,,synthetic,,,,
339.0,,target,999510101,CROSS STBD,-0.43000000000000016,0.5249999999999998,-38.04125,144.8408991610391,12.0,270.0,270.0,18,danger,safe,5.551115123125783e-17,-129.00000000000006,synthetic,,,,
339.0,,target,999510201,SAFE PASS,2.0,1.2466666666666666,-38.02922222222222,144.8923294835391,8.0,180.0,180.0,18,safe,safe,2.0,84.52941176470583,synthetic,,,,
340.0,,own,999510000,OWN SHIP,0.0,0.85,-38.03583333333333,144.85,9.0,0.0,0.0,1,,,,,synthetic,,,,
340.0,,target,999510101,CROSS STBD,-0.43333333333333335,0.5249999999999998,-38.04125,144.84082861189987,12.0,270.0,270.0,18,danger,safe,1.1102230246251565e-16,-130.0,synthetic,,,,
340.0,,target,999510201,SAFE PASS,2.0,1.2444444444444445,-38.029259259259256,144.8923294835391,8.0,180.0,180.0,18,safe,safe,2.0,83.52941176470586,synthetic,,,,
341.0,,own,999510000,OWN SHIP,0.0,0.8525,-38.03579166666666,144.85,9.0,0.0,0.0,1,,,,,synthetic,,,,
341.0,,target,999510101,CROSS STBD,-0.43666666666666676,0.5249999999999998,-38.04125,144.8407580627606,12.0,270.0,270.0,18,danger,safe,1.2412670766236366e-16,-131.00000000000006,synthetic,,,,
341.0,,target,999510201,SAFE PASS,2.0,1.2422222222222223,-38.029296296296295,144.8923294835391,8.0,180.0,180.0,18,safe,safe,2.0,82.52941176470587,synthetic,,,,
342.0,,own,999510000,OWN SHIP,0.0,0.855,-38.03575,144.85,9.0,0.0,0.0,1,,,,,synthetic,,,,
342.0,,target,999510101,CROSS STBD,-0.44000000000000017,0.5249999999999998,-38.04125,144.8406875136214,12.0,270.0,270.0,18,danger,safe,5.551115123125783e-17,-132.00000000000006,synthetic,,,,
342.0,,target,999510201,SAFE PASS,2.0,1.24,-38.029333333333334,144.8923294835391,8.0,180.0,180.0,18,safe,safe,2.0,81.52941176470586,synthetic,,,,
343.0,,own,999510000,OWN SHIP,0.0,0.8575,-38.03570833333333,144.85,9.0,0.0,0.0,1,,,,,synthetic,,,,
343.0,,target,999510101,CROSS STBD,-0.44333333333333336,0.5249999999999998,-38.04125,144.84061696448217,12.0,270.0,270.0,18,danger,safe,1.5700924586837752e-16,-133.00000000000003,synthetic,,,,
343.0,,target,999510201,SAFE PASS,2.0,1.2377777777777776,-38.029370370370366,144.8923294835391,8.0,180.0,180.0,18,safe,safe,2.0,80.52941176470581,synthetic,,,,
344.0,,own,999510000,OWN SHIP,0.0,0.86,-38.035666666666664,144.85,9.0,0.0,0.0,1,,,,,synthetic,,,,
344.0,,target,999510101,CROSS STBD,-0.44666666666666677,0.5249999999999998,-38.04125,144.84054641534294,12.0,270.0,270.0,18,danger,safe,5.551115123125783e-17,-134.00000000000003,synthetic,,,,
344.0,,target,999510201,SAFE PASS,2.0,1.2355555555555555,-38.029407407407405,144.8923294835391,8.0,180.0,180.0,18,safe,safe,2.0,79.52941176470584,synthetic,,,,
345.0,,own,999510000,OWN SHIP,0.0,0.8625,-38.035624999999996,144.85,9.0,0.0,0.0,1,,,,,synthetic,,,,
345.0,,target,999510101,CROSS STBD,-0.4500000000000002,0.5249999999999998,-38.04125,144.8404758662037,12.0,270.0,270.0,18,danger,safe,7.850462293418876e-17,-135.00000000000006,synthetic,,,,
345.0,,target,999510201,SAFE PASS,2.0,1.2333333333333334,-38.029444444444444,144.8923294835391,8.0,180.0,180.0,18,safe,safe,2.0,78.52941176470584,synthetic,,,,
346.0,,own,999510000,OWN SHIP,0.0,0.865,-38.03558333333333,144.85,9.0,0.0,0.0,1,,,,,synthetic,,,,
346.0,,target,999510101,CROSS STBD,-0.45333333333333337,0.5249999999999998,-38.04125,144.84040531706447,12.0,270.0,270.0,18,danger,safe,1.2412670766236366e-16,-136.00000000000003,synthetic,,,,
346.0,,target,999510201,SAFE PASS,2.0,1.2311111111111113,-38.029481481481476,144.8923294835391,8.0,180.0,180.0,18,safe,safe,2.0,77.52941176470588,synthetic,,,,
347.0,,own,999510000,OWN SHIP,0.0,0.8675,-38.03554166666667,144.85,9.0,0.0,0.0,1,,,,,synthetic,,,,
347.0,,target,999510101,CROSS STBD,-0.4566666666666668,0.5249999999999998,-38.04125,144.84033476792524,12.0,270.0,270.0,18,danger,safe,1.2412670766236366e-16,-137.00000000000006,synthetic,,,,
347.0,,target,999510201,SAFE PASS,2.0,1.228888888888889,-38.029518518518515,144.8923294835391,8.0,180.0,180.0,18,safe,safe,2.0,76.52941176470584,synthetic,,,,
348.0,,own,999510000,OWN SHIP,0.0,0.87,-38.0355,144.85,9.0,0.0,0.0,1,,,,,synthetic,,,,
348.0,,target,999510101,CROSS STBD,-0.4600000000000002,0.5249999999999998,-38.04125,144.840264218786,12.0,270.0,270.0,18,danger,safe,5.551115123125783e-17,-138.00000000000006,synthetic,,,,
348.0,,target,999510201,SAFE PASS,2.0,1.2266666666666666,-38.029555555555554,144.8923294835391,8.0,180.0,180.0,18,safe,safe,2.0,75.52941176470583,synthetic,,,,
349.0,,own,999510000,OWN SHIP,0.0,0.8725,-38.03545833333333,144.85,9.0,0.0,0.0,1,,,,,synthetic,,,,
349.0,,target,999510101,CROSS STBD,-0.4633333333333334,0.5249999999999998,-38.04125,144.84019366964677,12.0,270.0,270.0,18,danger,safe,1.2412670766236366e-16,-139.00000000000003,synthetic,,,,
349.0,,target,999510201,SAFE PASS,2.0,1.2244444444444444,-38.02959259259259,144.8923294835391,8.0,180.0,180.0,18,safe,safe,2.0,74.52941176470584,synthetic,,,,
350.0,,own,999510000,OWN SHIP,0.0,0.875,-38.03541666666666,144.85,9.0,0.0,0.0,1,,,,,synthetic,,,,
350.0,,target,999510101,CROSS STBD,-0.4666666666666668,0.5249999999999998,-38.04125,144.84012312050754,12.0,270.0,270.0,18,danger,safe,1.1102230246251565e-16,-140.00000000000006,synthetic,,,,
350.0,,target,999510201,SAFE PASS,2.0,1.2222222222222223,-38.029629629629625,144.8923294835391,8.0,180.0,180.0,18,safe,safe,2.0,73.52941176470587,synthetic,,,,
351.0,,own,999510000,OWN SHIP,0.0,0.8775000000000001,-38.035374999999995,144.85,9.0,0.0,0.0,1,,,,,synthetic,,,,
351.0,,target,999510101,CROSS STBD,-0.4700000000000002,0.5249999999999998,-38.04125,144.84005257136832,12.0,270.0,270.0,18,danger,safe,5.551115123125783e-17,-141.00000000000006,synthetic,,,,
351.0,,target,999510201,SAFE PASS,2.0,1.22,-38.029666666666664,144.8923294835391,8.0,180.0,180.0,18,safe,safe,2.0,72.52941176470583,synthetic,,,,
352.0,,own,999510000,OWN SHIP,0.0,0.88,-38.035333333333334,144.85,9.0,0.0,0.0,1,,,,,synthetic,,,,
352.0,,target,999510101,CROSS STBD,-0.4733333333333334,0.5249999999999998,-38.04125,144.83998202222907,12.0,270.0,270.0,18,danger,safe,7.850462293418876e-17,-142.00000000000003,synthetic,,,,
352.0,,target,999510201,SAFE PASS,2.0,1.2177777777777776,-38.0297037037037,144.8923294835391,8.0,180.0,180.0,18,safe,safe,2.0,71.52941176470581,synthetic,,,,
353.0,,own,999510000,OWN SHIP,0.0,0.8825000000000001,-38.035291666666666,144.85,9.0,0.0,0.0,1,,,,,synthetic,,,,
353.0,,target,999510101,CROSS STBD,-0.4766666666666668,0.5249999999999998,-38.04125,144.83991147308984,12.0,270.0,270.0,18,danger,safe,1.2412670766236366e-16,-143.00000000000006,synthetic,,,,
353.0,,target,999510201,SAFE PASS,2.0,1.2155555555555555,-38.029740740740735,144.8923294835391,8.0,180.0,180.0,18,safe,safe,2.0,70.52941176470583,synthetic,,,,
354.0,,own,999510000,OWN SHIP,0.0,0.885,-38.03525,144.85,9.0,0.0,0.0,1,,,,,synthetic,,,,
354.0,,target,999510101,CROSS STBD,-0.4800000000000002,0.5249999999999998,-38.04125,144.83984092395062,12.0,270.0,270.0,18,danger,safe,0.0,-144.00000000000006,synthetic,,,,
354.0,,target,999510201,SAFE PASS,2.0,1.2133333333333334,-38.029777777777774,144.8923294835391,8.0,180.0,180.0,18,safe,safe,2.0,69.52941176470586,synthetic,,,,
355.0,,own,999510000,OWN SHIP,0.0,0.8875000000000001,-38.03520833333333,144.85,9.0,0.0,0.0,1,,,,,synthetic,,,,
355.0,,target,999510101,CROSS STBD,-0.4833333333333334,0.5249999999999998,-38.04125,144.83977037481137,12.0,270.0,270.0,18,danger,safe,1.2412670766236366e-16,-145.00000000000003,synthetic,,,,
355.0,,target,999510201,SAFE PASS,2.0,1.2111111111111112,-38.02981481481481,144.8923294835391,8.0,180.0,180.0,18,safe,safe,2.0,68.52941176470587,synthetic,,,,
356.0,,own,999510000,OWN SHIP,0.0,0.89,-38.03516666666666,144.85,9.0,0.0,0.0,1,,,,,synthetic,,,,
356.0,,target,999510101,CROSS STBD,-0.4866666666666668,0.5249999999999998,-38.04125,144.83969982567214,12.0,270.0,270.0,18,danger,safe,5.551115123125783e-17,-146.00000000000003,synthetic,,,,
356.0,,target,999510201,SAFE PASS,2.0,1.208888888888889,-38.02985185185185,144.8923294835391,8.0,180.0,180.0,18,safe,safe,2.0,67.52941176470586,synthetic,,,,
357.0,,own,999510000,OWN SHIP,0.0,0.8925000000000001,-38.035124999999994,144.85,9.0,0.0,0.0,1,,,,,synthetic,,,,
357.0,,target,999510101,CROSS STBD,-0.4900000000000002,0.5249999999999998,-38.04125,144.83962927653292,12.0,270.0,270.0,18,danger,safe,5.551115123125783e-17,-147.00000000000006,synthetic,,,,
357.0,,target,999510201,SAFE PASS,2.0,1.2066666666666666,-38.029888888888884,144.8923294835391,8.0,180.0,180.0,18,safe,safe,2.0,66.5294117647058,synthetic,,,,
358.0,,own,999510000,OWN SHIP,0.0,0.895,-38.03508333333333,144.85,9.0,0.0,0.0,1,,,,,synthetic,,,,
358.0,,target,999510101,CROSS STBD,-0.4933333333333334,0.5249999999999998,-38.04125,144.8395587273937,12.0,270.0,270.0,18,danger,safe,7.850462293418876e-17,-148.00000000000003,synthetic,,,,
358.0,,target,999510201,SAFE PASS,2.0,1.2044444444444444,-38.02992592592592,144.8923294835391,8.0,180.0,180.0,18,safe,safe,2.0,65.52941176470584,synthetic,,,,
359.0,,own,999510000,OWN SHIP,0.0,0.8975,-38.035041666666665,144.85,9.0,0.0,0.0,1,,,,,synthetic,,,,
359.0,,target,999510101,CROSS STBD,-0.4966666666666668,0.5249999999999998,-38.04125,144.83948817825444,12.0,270.0,270.0,18,danger,safe,0.0,-149.00000000000003,synthetic,,,,
359.0,,target,999510201,SAFE PASS,2.0,1.2022222222222223,-38.02996296296296,144.8923294835391,8.0,180.0,180.0,18,safe,safe,2.0,64.52941176470587,synthetic,,,,
360.0,,own,999510000,OWN SHIP,0.0,0.9,-38.035,144.85,9.0,20.0,20.0,1,,,,,synthetic,,,,
360.0,,target,999510101,CROSS STBD,-0.5000000000000002,0.5249999999999998,-38.04125,144.83941762911522,12.0,270.0,270.0,18,danger,safe,0.0824674823255654,-129.00984484315592,synthetic,,,,
360.0,,target,999510201,SAFE PASS,2.0,1.2,-38.029999999999994,144.8923294835391,8.0,180.0,180.0,18,safe,safe,1.9107516759280005,142.4704796560427,synthetic,,,,
361.0,,own,999510000,OWN SHIP,0.0008550503583141718,0.9023492315519648,-38.0349608461408,144.85001809692002,9.0,20.0,20.0,1,,,,,synthetic,,,,
361.0,,target,999510101,CROSS STBD,-0.5033333333333334,0.5249999999999998,-38.04125,144.839347079976,12.0,270.0,270.0,18,danger,safe,0.0824674823255655,-130.0098448431559,synthetic,,,,
361.0,,target,999510201,SAFE PASS,2.0,1.1977777777777778,-38.03003703703703,144.8923294835391,8.0,180.0,180.0,18,safe,safe,1.9107516759280005,141.47047965604273,synthetic,,,,
362.0,,own,999510000,OWN SHIP,0.0017101007166283437,0.9046984631039295,-38.0349216922816,144.85003619384005,9.0,20.0,20.0,1,,,,,synthetic,,,,
362.0,,target,999510101,CROSS STBD,-0.5066666666666668,0.5249999999999998,-38.04125,144.83927653083674,12.0,270.0,270.0,18,danger,safe,0.0824674823255654,-131.00984484315592,synthetic,,,,
362.0,,target,999510201,SAFE PASS,2.0,1.1955555555555555,-38.03007407407407,144.8923294835391,8.0,180.0,180.0,18,safe,safe,1.9107516759280008,140.4704796560427,synthetic,,,,
363.0,,own,999510000,OWN SHIP,0.0025651510749425156,0.9070476946558943,-38.0348825384224,144.85005429076008,9.0,20.0,20.0,1,,,,,synthetic,,,,
363.0,,target,999510101,CROSS STBD,-0.5100000000000002,0.5249999999999998,-38.04125,144.83920598169752,12.0,270.0,270.0,18,danger,safe,0.08246748232556535,-132.00984484315592,synthetic,,,,
363.0,,target,999510201,SAFE PASS,2.0,1.1933333333333334,-38.03011111111111,144.8923294835391,8.0,180.0,180.0,18,safe,safe,1.9107516759280008,139.4704796560427,synthetic,,,,
364.0,,own,999510000,OWN SHIP,0.0034202014332566874,0.9093969262078591,-38.0348433845632,144.85007238768014,9.0,20.0,20.0,1,,,,,synthetic,,,,
364.0,,target,999510101,CROSS STBD,-0.5133333333333334,0.5249999999999998,-38.04125,144.8391354325583,12.0,270.0,270.0,18,danger,safe,0.0824674823255654,-133.0098448431559,synthetic,,,,
364.0,,target,999510201,SAFE PASS,2.0,1.1911111111111112,-38.03014814814814,144.8923294835391,8.0,180.0,180.0,18,safe,safe,1.9107516759280005,138.47047965604273,synthetic,,,,
365.0,,own,999510000,OWN SHIP,0.004275251791570859,0.9117461577598239,-38.034804230704,144.85009048460017,9.0,20.0,20.0,1,,,,,synthetic,,,,
365.0,,target,999510101,CROSS STBD,-0.5166666666666668,0.5249999999999998,-38.04125,144.83906488341907,12.0,270.0,270.0,18,danger,safe,0.0824674823255655,-134.00984484315592,synthetic,,,,
365.0,,target,999510201,SAFE PASS,2.0,1.1888888888888889,-38.03018518518518,144.8923294835391,8.0,180.0,180.0,18,safe,safe,1.9107516759280005,137.4704796560427,synthetic,,,,
366.0,,own,999510000,OWN SHIP,0.005130302149885031,0.9140953893117887,-38.0347650768448,144.8501085815202,9.0,20.0,20.0,1,,,,,synthetic,,,,
366.0,,target,999510101,CROSS STBD,-0.52,0.5249999999999998,-38.04125,144.83899433427982,12.0,270.0,270.0,18,danger,safe,0.08246748232556556,-135.00984484315592,synthetic,,,,
366.0,,target,999510201,SAFE PASS,2.0,1.1866666666666665,-38.03022222222222,144.8923294835391,8.0,180.0,180.0,18,safe,safe,1.9107516759280008,136.47047965604267,synthetic,,,,
367.0,,own,999510000,OWN SHIP,0.0059853525081992025,0.9164446208637534,-38.0347259229856,144.85012667844023,9.0,20.0,20.0,1,,,,,synthetic,,,,
367.0,,target,999510101,CROSS STBD,-0.5233333333333334,0.5249999999999998,-38.04125,144.8389237851406,12.0,270.0,270.0,18,danger,safe,0.08246748232556546,-136.00984484315592,synthetic,,,,
367.0,,target,999510201,SAFE PASS,2.0,1.1844444444444444,-38.03025925925925,144.8923294835391,8.0,180.0,180.0,18,safe,safe,1.9107516759280005,135.4704796560427,synthetic,,,,
368.0,,own,999510000,OWN SHIP,0.006840402866513375,0.9187938524157182,-38.0346867691264,144.85014477536026,9.0,20.0,20.0,1,,,,,synthetic,,,,
368.0,,target,999510101,CROSS STBD,-0.5266666666666668,0.5249999999999998,-38.04125,144.83885323600137,12.0,270.0,270.0,18,danger,safe,0.08246748232556546,-137.00984484315592,synthetic,,,,
368.0,,target,999510201,SAFE PASS,2.0,1.1822222222222223,-38.03029629629629,144.8923294835391,8.0,180.0,180.0,18,safe,safe,1.9107516759280005,134.47047965604273,synthetic,,,,
369.0,,own,999510000,OWN SHIP,0.007695453224827547,0.921143083967683,-38.034647615267204,144.8501628722803,9.0,20.0,20.0,1,,,,,synthetic,,,,
369.0,,target,999510101,CROSS STBD,-0.53,0.5249999999999998,-38.04125,144.83878268686215,12.0,270.0,270.0,18,danger,safe,0.0824674823255655,-138.0098448431559,synthetic,,,,
369.0,,target,999510201,SAFE PASS,2.0,1.1800000000000002,-38.03033333333333,144.8923294835391,8.0,180.0,180.0,18,safe,safe,1.9107516759280008,133.47047965604273,synthetic,,,,
370.0,,own,999510000,OWN SHIP,0.008550503583141718,0.9234923155196477,-38.034608461408006,144.85018096920032,9.0,20.0,20.0,1,,,,,synthetic,,,,
370.0,,target,999510101,CROSS STBD,-0.5333333333333334,0.5249999999999998,-38.04125,144.8387121377229,12.0,270.0,270.0,18,danger,safe,0.08246748232556546,-139.00984484315592,synthetic,,,,
370.0,,target,999510201,SAFE PASS,2.0,1.1777777777777778,-38.03037037037037,144.8923294835391,8.0,180.0,180.0,18,safe,safe,1.9107516759280008,132.4704796560427,synthetic,,,,
371.0,,own,999510000,OWN SHIP,0.00940555394145589,0.9258415470716125,-38.03456930754881,144.85019906612035,9.0,20.0,20.0,1,,,,,synthetic,,,,
371.0,,target,999510101,CROSS STBD,-0.5366666666666668,0.5249999999999998,-38.04125,144.83864158858367,12.0,270.0,270.0,18,danger,safe,0.08246748232556535,-140.00984484315592,synthetic,,,,
371.0,,target,999510201,SAFE PASS,2.0,1.1755555555555555,-38.0304074074074,144.8923294835391,8.0,180.0,180.0,18,safe,safe,1.9107516759280005,131.47047965604267,synthetic,,,,
372.0,,own,999510000,OWN SHIP,0.010260604299770062,0.9281907786235772,-38.0345301536896,144.8502171630404,9.0,20.0,20.0,1,,,,,synthetic,,,,
372.0,,target,999510101,CROSS STBD,-0.54,0.5249999999999998,-38.04125,144.83857103944445,12.0,270.0,270.0,18,danger,safe,0.08246748232556546,-141.0098448431559,synthetic,,,,
372.0,,target,999510201,SAFE PASS,2.0,1.1733333333333333,-38.03044444444444,144.8923294835391,8.0,180.0,180.0,18,safe,safe,1.9107516759280005,130.4704796560427,synthetic,,,,
373.0,,own,999510000,OWN SHIP,0.011115654658084234,0.930540010175542,-38.0344909998304,144.85023525996044,9.0,20.0,20.0,1,,,,,synthetic,,,,
373.0,,target,999510101,CROSS STBD,-0.5433333333333334,0.5249999999999998,-38.04125,144.8385004903052,12.0,270.0,270.0,18,danger,safe,0.0824674823255654,-142.00984484315592,synthetic,,,,
373.0,,target,999510201,SAFE PASS,2.0,1.1711111111111112,-38.03048148148148,144.8923294835391,8.0,180.0,180.0,18,safe,safe,1.9107516759280008,129.47047965604273,synthetic,,,,
374.0,,own,999510000,OWN SHIP,0.011970705016398405,0.9328892417275068,-38.034451845971205,144.85025335688047,9.0,20.0,20.0,1,,,,,synthetic,,,,
374.0,,target,999510101,CROSS STBD,-0.5466666666666669,0.5249999999999998,-38.04125,144.83842994116597,12.0,270.0,270.0,18,danger,safe,0.08246748232556535,-143.00984484315592,synthetic,,,,
374.0,,target,999510201,SAFE PASS,2.0,1.1688888888888889,-38.03051851851851,144.8923294835391,8.0,180.0,180.0,18,safe,safe,1.9107516759280005,128.4704796560427,synthetic,,,,
375.0,,own,999510000,OWN SHIP,0.012825755374712578,0.9352384732794716,-38.03441269211201,144.8502714538005,9.0,20.0,20.0,1,,,,,synthetic,,,,
375.0,,target,999510101,CROSS STBD,-0.55,0.5249999999999998,-38.04125,144.83835939202675,12.0,270.0,270.0,18,danger,safe,0.08246748232556556,-144.0098448431559,synthetic,,,,
375.0,,target,999510201,SAFE PASS,2.0,1.1666666666666665,-38.03055555555555,144.8923294835391,8.0,180.0,180.0,18,safe,safe,1.9107516759280005,127.47047965604266,synthetic,,,,
376.0,,own,999510000,OWN SHIP,0.01368080573302675,0.9375877048314364,-38.03437353825281,144.85028955072053,9.0,20.0,20.0,1,,,,,synthetic,,,,
376.0,,target,999510101,CROSS STBD,-0.5533333333333335,0.5249999999999998,-38.04125,144.83828884288752,12.0,270.0,270.0,18,danger,safe,0.08246748232556546,-145.00984484315592,synthetic,,,,
376.0,,target,999510201,SAFE PASS,2.0,1.1644444444444444,-38.03059259259259,144.8923294835391,8.0,180.0,180.0,18,safe,safe,1.9107516759280008,126.47047965604268,synthetic,,,,
377.0,,own,999510000,OWN SHIP,0.01453585609134092,0.9399369363834011,-38.03433438439361,144.85030764764056,9.0,20.0,20.0,1,,,,,synthetic,,,,
377.0,,target,999510101,CROSS STBD,-0.5566666666666669,0.5249999999999998,-38.04125,144.83821829374827,12.0,270.0,270.0,18,danger,safe,0.08246748232556546,-146.00984484315592,synthetic,,,,
377.0,,target,999510201,SAFE PASS,2.0,1.1622222222222223,-38.03062962962963,144.8923294835391,8.0,180.0,180.0,18,safe,safe,1.9107516759280005,125.4704796560427,synthetic,,,,
378.0,,own,999510000,OWN SHIP,0.015390906449655094,0.9422861679353659,-38.034295230534404,144.8503257445606,9.0,20.0,20.0,1,,,,,synthetic,,,,
378.0,,target,999510101,CROSS STBD,-0.56,0.5249999999999998,-38.04125,144.83814774460905,12.0,270.0,270.0,18,danger,safe,0.08246748232556546,-147.00984484315592,synthetic,,,,
378.0,,target,999510201,SAFE PASS,2.0,1.1600000000000001,-38.03066666666666,144.8923294835391,8.0,180.0,180.0,18,safe,safe,1.9107516759280005,124.47047965604273,synthetic,,,,
379.0,,own,999510000,OWN SHIP,0.016245956807969263,0.9446353994873307,-38.034256076675206,144.85034384148062,9.0,20.0,20.0,1,,,,,synthetic,,,,
379.0,,target,999510101,CROSS STBD,-0.5633333333333335,0.5249999999999998,-38.04125,144.83807719546982,12.0,270.0,270.0,18,danger,safe,0.08246748232556544,-148.0098448431559,synthetic,,,,
379.0,,target,999510201,SAFE PASS,2.0,1.1577777777777778,-38.0307037037037,144.8923294835391,8.0,180.0,180.0,18,safe,safe,1.9107516759280005,123.47047965604268,synthetic,,,,
380.0,,own,999510000,OWN SHIP,0.017101007166283436,0.9469846310392954,-38.03421692281601,144.85036193840068,9.0,20.0,20.0,1,,,,,synthetic,,,,
380.0,,target,999510101,CROSS STBD,-0.5666666666666669,0.5249999999999998,-38.04125,144.83800664633057,12.0,270.0,270.0,18,danger,safe,0.08246748232556535,-149.00984484315592,synthetic,,,,
380.0,,target,999510201,SAFE PASS,2.0,1.1555555555555554,-38.03074074074074,144.8923294835391,8.0,180.0,180.0,18,safe,safe,1.9107516759280008,122.47047965604267,synthetic,,,,
381.0,,own,999510000,OWN SHIP,0.01795605752459761,0.9493338625912602,-38.03417776895681,144.8503800353207,9.0,20.0,20.0,1,,,,,synthetic,,,,
381.0,,target,999510101,CROSS STBD,-0.5700000000000001,0.5249999999999998,-38.04125,144.83793609719135,12.0,270.0,270.0,18,danger,safe,0.08246748232556546,-150.00984484315592,synthetic,,,,
381.0,,target,999510201,SAFE PASS,2.0,1.1533333333333333,-38.03077777777777,144.8923294835391,8.0,180.0,180.0,18,safe,safe,1.9107516759280005,121.47047965604271,synthetic,,,,
382.0,,own,999510000,OWN SHIP,0.01881110788291178,0.9516830941432249,-38.03413861509761,144.85039813224074,9.0,20.0,20.0,1,,,,,synthetic,,,,
382.0,,target,999510101,CROSS STBD,-0.5733333333333335,0.5249999999999998,-38.04125,144.83786554805212,12.0,270.0,270.0,18,danger,safe,0.0824674823255654,-151.00984484315592,synthetic,,,,
382.0,,target,999510201,SAFE PASS,2.0,1.1511111111111112,-38.03081481481481,144.8923294835391,8.0,180.0,180.0,18,safe,safe,1.9107516759280005,120.47047965604271,synthetic,,,,
383.0,,own,999510000,OWN SHIP,0.019666158241225952,0.9540323256951897,-38.03409946123841,144.85041622916077,9.0,20.0,20.0,1,,,,,synthetic,,,,
383.0,,target,999510101,CROSS STBD,-0.5766666666666669,0.5249999999999998,-38.04125,144.8377949989129,12.0,270.0,270.0,18,danger,safe,0.08246748232556535,-152.00984484315592,synthetic,,,,
383.0,,target,999510201,SAFE PASS,2.0,1.1488888888888888,-38.03085185185185,144.8923294835391,8.0,180.0,180.0,18,safe,safe,1.9107516759280008,119.47047965604271,synthetic,,,,
384.0,,own,999510000,OWN SHIP,0.020521208599540125,0.9563815572471546,-38.034060307379214,144.8504343260808,9.0,20.0,20.0,1,,,,,synthetic,,,,
384.0,,target,999510101,CROSS STBD,-0.5800000000000001,0.5249999999999998,-38.04125,144.83772444977365,12.0,270.0,270.0,18,danger,safe,0.08246748232556556,-153.0098448431559,synthetic,,,,
384.0,,target,999510201,SAFE PASS,2.0,1.1466666666666667,-38.03088888888889,144.8923294835391,8.0,180.0,180.0,18,safe,safe,1.9107516759280005,118.4704796560427,synthetic,,,,
385.0,,own,999510000,OWN SHIP,0.021376258957854295,0.9587307887991193,-38.03402115352001,144.85045242300083,9.0,20.0,20.0,1,,,,,synthetic,,,,
385.0,,target,999510101,CROSS STBD,-0.5833333333333335,0.5249999999999998,-38.04125,144.83765390063442,12.0,270.0,270.0,18,danger,safe,0.08246748232556546,-154.00984484315592,synthetic,,,,
385.0,,target,999510201,SAFE PASS,2.0,1.1444444444444444,-38.03092592592592,144.8923294835391,8.0,180.0,180.0,18,safe,safe,1.9107516759280005,117.47047965604267,synthetic,,,,
386.0,,own,999510000,OWN SHIP,0.022231309316168468,0.9610800203510841,-38.03398199966081,144.85047051992086,9.0,20.0,20.0,1,,,,,synthetic,,,,
386.0,,target,999510101,CROSS STBD,-0.5866666666666669,0.5249999999999998,-38.04125,144.8375833514952,12.0,270.0,270.0,18,danger,safe,0.0824674823255654,-155.00984484315592,synthetic,,,,
386.0,,target,999510201,SAFE PASS,2.0,1.1422222222222222,-38.03096296296296,144.8923294835391,8.0,180.0,180.0,18,safe,safe,1.9107516759280005,116.47047965604268,synthetic,,,,
387.0,,own,999510000,OWN SHIP,0.02308635967448264,0.9634292519030488,-38.03394284580161,144.8504886168409,9.0,20.0,20.0,1,,,,,synthetic,,,,
387.0,,target,999510101,CROSS STBD,-0.5900000000000001,0.5249999999999998,-38.04125,144.83751280235597,12.0,270.0,270.0,18,danger,safe,0.08246748232556546,-156.00984484315592,synthetic,,,,
387.0,,target,999510201,SAFE PASS,2.0,1.1400000000000001,-38.031,144.8923294835391,8.0,180.0,180.0,18,safe,safe,1.9107516759280005,115.47047965604274,synthetic,,,,
388.0,,own,999510000,OWN SHIP,0.02394141003279681,0.9657784834550136,-38.03390369194241,144.85050671376095,9.0,20.0,20.0,1,,,,,synthetic,,,,
388.0,,target,999510101,CROSS STBD,-0.5933333333333335,0.5249999999999998,-38.04125,144.83744225321672,12.0,270.0,270.0,18,danger,safe,0.08246748232556546,-157.00984484315592,synthetic,,,,
388.0,,target,999510201,SAFE PASS,2.0,1.1377777777777778,-38.03103703703703,144.8923294835391,8.0,180.0,180.0,18,safe,safe,1.9107516759280005,114.47047965604271,synthetic,,,,
389.0,,own,999510000,OWN SHIP,0.024796460391110983,0.9681277150069784,-38.033864538083215,144.85052481068098,9.0,20.0,20.0,1,,,,,synthetic,,,,
389.0,,target,999510101,CROSS STBD,-0.5966666666666669,0.5249999999999998,-38.04125,144.8373717040775,12.0,270.0,270.0,18,danger,safe,0.08246748232556535,-158.00984484315592,synthetic,,,,
389.0,,target,999510201,SAFE PASS,2.0,1.1355555555555554,-38.03107407407407,144.8923294835391,8.0,180.0,180.0,18,safe,safe,1.9107516759280005,113.47047965604268,synthetic,,,,
390.0,,own,999510000,OWN SHIP,0.025651510749425156,0.9704769465589431,-38.033825384224016,144.850542907601,9.0,20.0,20.0,1,,,,,synthetic,,,,
390.0,,target,999510101,CROSS STBD,-0.6000000000000001,0.5249999999999998,-38.04125,144.83730115493827,12.0,270.0,270.0,18,danger,safe,0.0824674823255654,-159.0098448431559,synthetic,,,,
390.0,,target,999510201,SAFE PASS,2.0,1.1333333333333333,-38.03111111111111,144.8923294835391,8.0,180.0,180.0,18,safe,safe,1.9107516759280008,112.47047965604271,synthetic,,,,
391.0,,own,999510000,OWN SHIP,0.026506561107739326,0.9728261781109079,-38.03378623036482,144.85056100452104,9.0,20.0,20.0,1,,,,,synthetic,,,,
391.0,,target,999510101,CROSS STBD,-0.6033333333333335,0.5249999999999998,-38.04125,144.83723060579902,12.0,270.0,270.0,18,danger,safe,0.0824674823255654,-160.00984484315592,synthetic,,,,
391.0,,target,999510201,SAFE PASS,2.0,1.1311111111111112,-38.03114814814815,144.8923294835391,8.0,180.0,180.0,18,safe,safe,1.9107516759280005,111.47047965604273,synthetic,,,,
392.0,,own,999510000,OWN SHIP,0.0273616114660535,0.9751754096628726,-38.03374707650561,144.85057910144107,9.0,20.0,20.0,1,,,,,synthetic,,,,
392.0,,target,999510101,CROSS STBD,-0.6066666666666667,0.5249999999999998,-38.04125,144.8371600566598,12.0,270.0,270.0,18,danger,safe,0.08246748232556546,-161.0098448431559,synthetic,,,,
392.0,,target,999510201,SAFE PASS,2.0,1.128888888888889,-38.03118518518518,144.8923294835391,8.0,180.0,180.0,18,safe,safe,1.9107516759280005,110.47047965604276,synthetic,,,,
393.0,,own,999510000,OWN SHIP,0.028216661824367672,0.9775246412148375,-38.033707922646414,144.8505971983611,9.0,20.0,20.0,1,,,,,synthetic,,,,
393.0,,target,999510101,CROSS STBD,-0.6100000000000001,0.5249999999999998,-38.04125,144.83708950752057,12.0,270.0,270.0,18,danger,safe,0.08246748232556546,-162.00984484315592,synthetic,,,,
393.0,,target,999510201,SAFE PASS,2.0,1.1266666666666667,-38.03122222222222,144.8923294835391,8.0,180.0,180.0,18,safe,safe,1.9107516759280005,109.47047965604268,synthetic,,,,
394.0,,own,999510000,OWN SHIP,0.02907171218268184,0.9798738727668023,-38.033668768787216,144.85061529528113,9.0,20.0,20.0,1,,,,,synthetic,,,,
394.0,,target,999510101,CROSS STBD,-0.6133333333333335,0.5249999999999998,-38.04125,144.83701895838135,12.0,270.0,270.0,18,danger,safe,0.08246748232556546,-163.00984484315592,synthetic,,,,
394.0,,target,999510201,SAFE PASS,2.0,1.1244444444444444,-38.03125925925926,144.8923294835391,8.0,180.0,180.0,18,safe,safe,1.9107516759280008,108.47047965604267,synthetic,,,,
395.0,,own,999510000,OWN SHIP,0.029926762540996014,0.982223104318767,-38.03362961492802,144.85063339220116,9.0,20.0,20.0,1,,,,,synthetic,,,,
395.0,,target,999510101,CROSS STBD,-0.6166666666666667,0.5249999999999998,-38.04125,144.8369484092421,12.0,270.0,270.0,18,danger,safe,0.0824674823255655,-164.0098448431559,synthetic,,,,
395.0,,target,999510201,SAFE PASS,2.0,1.1222222222222222,-38.03129629629629,144.8923294835391,8.0,180.0,180.0,18,safe,safe,1.9107516759280005,107.47047965604271,synthetic,,,,
396.0,,own,999510000,OWN SHIP,0.030781812899310187,0.9845723358707318,-38.03359046106882,144.85065148912122,9.0,20.0,20.0,1,,,,,synthetic,,,,
396.0,,target,999510101,CROSS STBD,-0.6200000000000001,0.5249999999999998,-38.04125,144.83687786010287,12.0,270.0,270.0,18,danger,safe,0.08246748232556551,-165.00984484315592,synthetic,,,,
396.0,,target,999510201,SAFE PASS,2.0,1.12,-38.03133333333333,144.8923294835391,8.0,180.0,180.0,18,safe,safe,1.9107516759280005,106.47047965604271,synthetic,,,,
397.0,,own,999510000,OWN SHIP,0.03163686325762436,0.9869215674226965,-38.03355130720962,144.85066958604125,9.0,20.0,20.0,1,,,,,synthetic,,,,
397.0,,target,999510101,CROSS STBD,-0.6233333333333335,0.5249999999999998,-38.04125,144.83680731096365,12.0,270.0,270.0,18,danger,safe,0.0824674823255654,-166.00984484315592,synthetic,,,,
397.0,,target,999510201,SAFE PASS,2.0,1.1177777777777778,-38.03137037037037,144.8923294835391,8.0,180.0,180.0,18,safe,safe,1.9107516759280008,105.47047965604268,synthetic,,,,
398.0,,own,999510000,OWN SHIP,0.03249191361593853,0.9892707989746613,-38.03351215335042,144.85068768296128,9.0,20.0,20.0,1,,,,,synthetic,,,,
398.0,,target,999510101,CROSS STBD,-0.6266666666666667,0.5249999999999998,-38.04125,144.8367367618244,12.0,270.0,270.0,18,danger,safe,0.08246748232556546,-167.00984484315592,synthetic,,,,
398.0,,target,999510201,SAFE PASS,2.0,1.1155555555555554,-38.03140740740741,144.8923294835391,8.0,180.0,180.0,18,safe,safe,1.9107516759280008,104.47047965604268,synthetic,,,,
399.0,,own,999510000,OWN SHIP,0.0333469639742527,0.9916200305266261,-38.03347299949122,144.8507057798813,9.0,20.0,20.0,1,,,,,synthetic,,,,
399.0,,target,999510101,CROSS STBD,-0.6300000000000001,0.5249999999999998,-38.04125,144.83666621268517,12.0,270.0,270.0,18,danger,safe,0.0824674823255654,-168.00984484315592,synthetic,,,,
399.0,,target,999510201,SAFE PASS,2.0,1.1133333333333333,-38.03144444444444,144.8923294835391,8.0,180.0,180.0,18,safe,safe,1.9107516759280005,103.47047965604271,synthetic,,,,
400.0,,own,999510000,OWN SHIP,0.03420201433256687,0.9939692620785908,-38.03343384563202,144.85072387680134,9.0,20.0,20.0,1,,,,,synthetic,,,,
400.0,,target,999510101,CROSS STBD,-0.6333333333333335,0.5249999999999998,-38.04125,144.83659566354595,12.0,270.0,270.0,18,danger,safe,0.0824674823255654,-169.00984484315592,synthetic,,,,
400.0,,target,999510201,SAFE PASS,2.0,1.1111111111111112,-38.03148148148148,144.8923294835391,8.0,180.0,180.0,18,safe,safe,1.9107516759280005,102.47047965604273,synthetic,,,,
401.0,,own,999510000,OWN SHIP,0.035057064690881046,0.9963184936305556,-38.03339469177282,144.85074197372137,9.0,20.0,20.0,1,,,,,synthetic,,,,
401.0,,target,999510101,CROSS STBD,-0.6366666666666667,0.5249999999999998,-38.04125,144.83652511440673,12.0,270.0,270.0,18,danger,safe,0.08246748232556546,-170.0098448431559,synthetic,,,,
401.0,,target,999510201,SAFE PASS,2.0,1.108888888888889,-38.03151851851852,144.8923294835391,8.0,180.0,180.0,18,safe,safe,1.9107516759280005,101.47047965604274,synthetic,,,,
402.0,,own,999510000,OWN SHIP,0.03591211504919522,0.9986677251825204,-38.03335553791362,144.8507600706414,9.0,20.0,20.0,1,,,,,synthetic,,,,
402.0,,target,999510101,CROSS STBD,-0.6400000000000001,0.5249999999999998,-38.04125,144.83645456526747,12.0,270.0,270.0,18,danger,safe,0.08246748232556546,-171.00984484315592,synthetic,,,,
402.0,,target,999510201,SAFE PASS,2.0,1.1066666666666667,-38.031555555555556,144.8923294835391,8.0,180.0,180.0,18,safe,safe,1.9107516759280005,100.47047965604271,synthetic,,,,
403.0,,own,999510000,OWN SHIP,0.03676716540750939,1.001016956734485,-38.03331638405442,144.85077816756143,9.0,20.0,20.0,1,,,,,synthetic,,,,
403.0,,target,999510101,CROSS STBD,-0.6433333333333335,0.5249999999999998,-38.04125,144.83638401612825,12.0,270.0,270.0,18,danger,safe,0.08246748232556536,-172.00984484315592,synthetic,,,,
403.0,,target,999510201,SAFE PASS,2.0,1.1044444444444443,-38.03159259259259,144.8923294835391,8.0,180.0,180.0,18,safe,safe,1.9107516759280005,99.47047965604268,synthetic,,,,
404.0,,own,999510000,OWN SHIP,0.03762221576582356,1.00336618828645,-38.033277230195225,144.8507962644815,9.0,20.0,20.0,1,,,,,synthetic,,,,
404.0,,target,999510101,CROSS STBD,-0.6466666666666667,0.5249999999999998,-38.04125,144.83631346698903,12.0,270.0,270.0,18,danger,safe,0.08246748232556544,-173.0098448431559,synthetic,,,,
404.0,,target,999510201,SAFE PASS,2.0,1.1022222222222222,-38.03162962962963,144.8923294835391,8.0,180.0,180.0,18,safe,safe,1.9107516759280008,98.47047965604268,synthetic,,,,
405.0,,own,999510000,OWN SHIP,0.03847726612413773,1.0057154198384146,-38.033238076336026,144.85081436140152,9.0,20.0,20.0,1,,,,,synthetic,,,,
405.0,,target,999510101,CROSS STBD,-0.6500000000000001,0.5249999999999998,-38.04125,144.83624291784977,12.0,270.0,270.0,18,danger,safe,0.08246748232556535,-174.0098448431559,synthetic,,,,
405.0,,target,999510201,SAFE PASS,2.0,1.1,-38.031666666666666,144.8923294835391,8.0,180.0,180.0,18,safe,safe,1.9107516759280005,97.47047965604274,synthetic,,,,
406.0,,own,999510000,OWN SHIP,0.039332316482451904,1.0080646513903795,-38.03319892247682,144.85083245832155,9.0,20.0,20.0,1,,,,,synthetic,,,,
406.0,,target,999510101,CROSS STBD,-0.6533333333333335,0.5249999999999998,-38.04125,144.83617236871055,12.0,270.0,270.0,18,danger,safe,0.08246748232556536,-175.00984484315597,synthetic,,,,
406.0,,target,999510201,SAFE PASS,2.0,1.0977777777777777,-38.0317037037037,144.8923294835391,8.0,180.0,180.0,18,safe,safe,1.9107516759280005,96.4704796560427,synthetic,,,,
407.0,,own,999510000,OWN SHIP,0.04018736684076608,1.0104138829423444,-38.03315976861762,144.85085055524158,9.0,20.0,20.0,1,,,,,synthetic,,,,
407.0,,target,999510101,CROSS STBD,-0.6566666666666667,0.5249999999999998,-38.04125,144.83610181957133,12.0,270.0,270.0,18,danger,safe,0.08246748232556556,-176.00984484315592,synthetic,,,,
407.0,,target,999510201,SAFE PASS,2.0,1.0955555555555554,-38.03174074074074,144.8923294835391,8.0,180.0,180.0,18,safe,safe,1.9107516759280005,95.47047965604264,synthetic,,,,
408.0,,own,999510000,OWN SHIP,0.04104241719908025,1.012763114494309,-38.033120614758424,144.8508686521616,9.0,20.0,20.0,1,,,,,synthetic,,,,
408.0,,target,999510101,CROSS STBD,-0.6600000000000001,0.5249999999999998,-38.04125,144.8360312704321,12.0,270.0,270.0,18,danger,safe,0.0824674823255654,-177.00984484315592,synthetic,,,,
408.0,,target,999510201,SAFE PASS,2.0,1.0933333333333333,-38.031777777777776,144.8923294835391,8.0,180.0,180.0,18,safe,safe,1.9107516759280008,94.4704796560427,synthetic,,,,
409.0,,own,999510000,OWN SHIP,0.04189746755739442,1.0151123460462739,-38.033081460899226,144.85088674908164,9.0,20.0,20.0,1,,,,,synthetic,,,,
409.0,,target,999510101,CROSS STBD,-0.6633333333333336,0.5249999999999998,-38.04125,144.83596072129285,12.0,270.0,270.0,18,danger,safe,0.08246748232556546,-178.00984484315595,synthetic,,,,
409.0,,target,999510201,SAFE PASS,2.0,1.0911111111111111,-38.031814814814815,144.8923294835391,8.0,180.0,180.0,18,safe,safe,1.9107516759280005,93.47047965604271,synthetic,,,,
410.0,,own,999510000,OWN SHIP,0.04275251791570859,1.0174615775982385,-38.03304230704003,144.85090484600167,9.0,20.0,20.0,1,,,,,synthetic,,,,
410.0,,target,999510101,CROSS STBD,-0.6666666666666667,0.5249999999999998,-38.04125,144.83589017215363,12.0,270.0,270.0,18,danger,safe,0.08246748232556546,-179.0098448431559,synthetic,,,,
410.0,,target,999510201,SAFE PASS,2.0,1.088888888888889,-38.03185185185185,144.8923294835391,8.0,180.0,180.0,18,safe,safe,1.9107516759280005,92.47047965604274,synthetic,,,,
411.0,,own,999510000,OWN SHIP,0.04360756827402276,1.0198108091502034,-38.03300315318083,144.8509229429217,9.0,20.0,20.0,1,,,,,synthetic,,,,
411.0,,target,999510101,CROSS STBD,-0.6700000000000002,0.5249999999999998,-38.04125,144.8358196230144,12.0,270.0,270.0,18,danger,safe,0.08246748232556546,-180.00984484315592,synthetic,,,,
411.0,,target,999510201,SAFE PASS,2.0,1.0866666666666667,-38.031888888888886,144.8923294835391,8.0,180.0,180.0,18,safe,safe,1.9107516759280008,91.47047965604268,synthetic,,,,
412.0,,own,999510000,OWN SHIP,0.044462618632336935,1.022160040702168,-38.03296399932163,144.85094103984176,9.0,20.0,20.0,1,,,,,synthetic,,,,
412.0,,target,999510101,CROSS STBD,-0.6733333333333336,0.5249999999999998,-38.04125,144.83574907387518,12.0,270.0,270.0,18,danger,safe,0.0824674823255653,-181.00984484315592,synthetic,,,,
412.0,,target,999510201,SAFE PASS,2.0,1.0844444444444443,-38.031925925925925,144.8923294835391,8.0,180.0,180.0,18,safe,safe,1.9107516759280005,90.4704796560427,synthetic,,,,
413.0,,own,999510000,OWN SHIP,0.04531766899065111,1.024509272254133,-38.032924845462425,144.8509591367618,9.0,20.0,20.0,1,,,,,synthetic,,,,
413.0,,target,999510101,CROSS STBD,-0.6766666666666667,0.5249999999999998,-38.04125,144.83567852473593,12.0,270.0,270.0,18,danger,safe,0.08246748232556546,-182.00984484315592,synthetic,,,,
413.0,,target,999510201,SAFE PASS,2.0,1.0822222222222222,-38.03196296296296,144.8923294835391,8.0,180.0,180.0,18,safe,safe,1.9107516759280005,89.47047965604268,synthetic,,,,
414.0,,own,999510000,OWN SHIP,0.04617271934896528,1.0268585038060976,-38.03288569160323,144.85097723368182,9.0,20.0,20.0,1,,,,,synthetic,,,,
414.0,,target,999510101,CROSS STBD,-0.6800000000000002,0.5249999999999998,-38.04125,144.8356079755967,12.0,270.0,270.0,18,danger,safe,0.08246748232556535,-183.0098448431559,synthetic,,,,
414.0,,target,999510201,SAFE PASS,2.0,1.08,-38.032,144.8923294835391,8.0,180.0,180.0,18,safe,safe,1.9107516759280005,88.47047965604274,synthetic,,,,
415.0,,own,999510000,OWN SHIP,0.047027769707279454,1.0292077353580624,-38.03284653774403,144.85099533060185,9.0,20.0,20.0,1,,,,,synthetic,,,,
415.0,,target,999510101,CROSS STBD,-0.6833333333333336,0.5249999999999998,-38.04125,144.83553742645748,12.0,270.0,270.0,18,danger,safe,0.0824674823255654,-184.00984484315592,synthetic,,,,
415.0,,target,999510201,SAFE PASS,2.0,1.0777777777777777,-38.032037037037036,144.8923294835391,8.0,180.0,180.0,18,safe,safe,1.9107516759280008,87.4704796560427,synthetic,,,,
416.0,,own,999510000,OWN SHIP,0.04788282006559362,1.0315569669100273,-38.03280738388483,144.85101342752188,9.0,20.0,20.0,1,,,,,synthetic,,,,
416.0,,target,999510101,CROSS STBD,-0.6866666666666668,0.5249999999999998,-38.04125,144.83546687731823,12.0,270.0,270.0,18,danger,safe,0.0824674823255655,-185.00984484315592,synthetic,,,,
416.0,,target,999510201,SAFE PASS,2.0,1.0755555555555556,-38.032074074074075,144.8923294835391,8.0,180.0,180.0,18,safe,safe,1.9107516759280005,86.4704796560427,synthetic,,,,
417.0,,own,999510000,OWN SHIP,0.04873787042390779,1.033906198461992,-38.03276823002563,144.8510315244419,9.0,20.0,20.0,1,,,,,synthetic,,,,
417.0,,target,999510101,CROSS STBD,-0.6900000000000002,0.5249999999999998,-38.04125,144.835396328179,12.0,270.0,270.0,18,danger,safe,0.0824674823255654,-186.00984484315592,synthetic,,,,
417.0,,target,999510201,SAFE PASS,2.0,1.0733333333333333,-38.03211111111111,144.8923294835391,8.0,180.0,180.0,18,safe,safe,1.9107516759280005,85.47047965604268,synthetic,,,,
418.0,,own,999510000,OWN SHIP,0.049592920782221966,1.0362554300139568,-38.03272907616643,144.85104962136194,9.0,20.0,20.0,1,,,,,synthetic,,,,
418.0,,target,999510101,CROSS STBD,-0.6933333333333334,0.5249999999999998,-38.04125,144.83532577903978,12.0,270.0,270.0,18,danger,safe,0.08246748232556556,-187.00984484315592,synthetic,,,,
418.0,,target,999510201,SAFE PASS,2.0,1.0711111111111111,-38.032148148148146,144.8923294835391,8.0,180.0,180.0,18,safe,safe,1.9107516759280008,84.47047965604268,synthetic,,,,
419.0,,own,999510000,OWN SHIP,0.05044797114053614,1.0386046615659215,-38.032689922307235,144.85106771828197,9.0,20.0,20.0,1,,,,,synthetic,,,,
419.0,,target,999510101,CROSS STBD,-0.6966666666666668,0.5249999999999998,-38.04125,144.83525522990055,12.0,270.0,270.0,18,danger,safe,0.0824674823255654,-188.0098448431559,synthetic,,,,
419.0,,target,999510201,SAFE PASS,2.0,1.068888888888889,-38.032185185185185,144.8923294835391,8.0,180.0,180.0,18,safe,safe,1.9107516759280005,83.47047965604274,synthetic,,,,
420.0,,own,999510000,OWN SHIP,0.05130302149885031,1.0409538931178863,-38.03265076844803,144.85108581520203,9.0,20.0,20.0,1,,,,,synthetic,,,,
420.0,,target,999510101,CROSS STBD,-0.7000000000000002,0.5249999999999998,-38.04125,144.8351846807613,12.0,270.0,270.0,18,danger,safe,0.0824674823255654,-189.00984484315592,synthetic,,,,
420.0,,target,999510201,SAFE PASS,2.0,1.0666666666666667,-38.03222222222222,144.8923294835391,8.0,180.0,180.0,18,safe,safe,1.9107516759280005,82.47047965604268,synthetic,,,,
421.0,,own,999510000,OWN SHIP,0.052158071857164486,1.043303124669851,-38.03261161458883,144.85110391212206,9.0,20.0,20.0,1,,,,,synthetic,,,,
421.0,,target,999510101,CROSS STBD,-0.7033333333333334,0.5249999999999998,-38.04125,144.83511413162208,12.0,270.0,270.0,18,danger,safe,0.0824674823255654,-190.0098448431559,synthetic,,,,
421.0,,target,999510201,SAFE PASS,2.0,1.0644444444444443,-38.032259259259256,144.8923294835391,8.0,180.0,180.0,18,safe,safe,1.9107516759280005,81.47047965604268,synthetic,,,,
422.0,,own,999510000,OWN SHIP,0.05301312221547865,1.0456523562218158,-38.03257246072963,144.8511220090421,9.0,20.0,20.0,1,,,,,synthetic,,,,
422.0,,target,999510101,CROSS STBD,-0.7066666666666668,0.5249999999999998,-38.04125,144.83504358248285,12.0,270.0,270.0,18,danger,safe,0.08246748232556551,-191.00984484315592,synthetic,,,,
422.0,,target,999510201,SAFE PASS,2.0,1.0622222222222222,-38.032296296296295,144.8923294835391,8.0,180.0,180.0,18,safe,safe,1.9107516759280008,80.4704796560427,synthetic,,,,
423.0,,own,999510000,OWN SHIP,0.053868172573792825,1.0480015877737805,-38.032533306870434,144.85114010596212,9.0,20.0,20.0,1,,,,,synthetic,,,,
423.0,,target,999510101,CROSS STBD,-0.7100000000000002,0.5249999999999998,-38.04125,144.8349730333436,12.0,270.0,270.0,18,danger,safe,0.0824674823255653,-192.00984484315592,synthetic,,,,
423.0,,target,999510201,SAFE PASS,2.0,1.06,-38.032333333333334,144.8923294835391,8.0,180.0,180.0,18,safe,safe,1.9107516759280005,79.47047965604274,synthetic,,,,
424.0,,own,999510000,OWN SHIP,0.054723222932107,1.0503508193257454,-38.032494153011235,144.85115820288215,9.0,20.0,20.0,1,,,,,synthetic,,,,
424.0,,target,999510101,CROSS STBD,-0.7133333333333334,0.5249999999999998,-38.04125,144.83490248420438,12.0,270.0,270.0,18,danger,safe,0.0824674823255655,-193.0098448431559,synthetic,,,,
424.0,,target,999510201,SAFE PASS,2.0,1.057777777777778,-38.032370370370366,144.8923294835391,8.0,180.0,180.0,18,safe,safe,1.9107516759280005,78.47047965604273,synthetic,,,,
425.0,,own,999510000,OWN SHIP,0.05557827329042117,1.0527000508777102,-38.03245499915204,144.85117629980218,9.0,20.0,20.0,1,,,,,synthetic,,,,
425.0,,target,999510101,CROSS STBD,-0.7166666666666668,0.5249999999999998,-38.04125,144.83483193506515,12.0,270.0,270.0,18,danger,safe,0.0824674823255655,-194.00984484315592,synthetic,,,,
425.0,,target,999510201,SAFE PASS,2.0,1.0555555555555556,-38.032407407407405,144.8923294835391,8.0,180.0,180.0,18,safe,safe,1.9107516759280008,77.47047965604268,synthetic,,,,
426.0,,own,999510000,OWN SHIP,0.056433323648735344,1.0550492824296749,-38.03241584529284,144.8511943967222,9.0,20.0,20.0,1,,,,,synthetic,,,,
426.0,,target,999510101,CROSS STBD,-0.7200000000000002,0.5249999999999998,-38.04125,144.83476138592593,12.0,270.0,270.0,18,danger,safe,0.0824674823255654,-195.00984484315592,synthetic,,,,
426.0,,target,999510201,SAFE PASS,2.0,1.0533333333333332,-38.032444444444444,144.8923294835391,8.0,180.0,180.0,18,safe,safe,1.9107516759280005,76.47047965604268,synthetic,,,,
427.0,,own,999510000,OWN SHIP,0.05728837400704951,1.0573985139816398,-38.03237669143363,144.85121249364224,9.0,20.0,20.0,1,,,,,synthetic,,,,
427.0,,target,999510101,CROSS STBD,-0.7233333333333334,0.5249999999999998,-38.04125,144.83469083678668,12.0,270.0,270.0,18,danger,safe,0.0824674823255655,-196.00984484315592,synthetic,,,,
427.0,,target,999510201,SAFE PASS,2.0,1.051111111111111,-38.032481481481476,144.8923294835391,8.0,180.0,180.0,18,safe,safe,1.9107516759280005,75.47047965604268,synthetic,,,,
428.0,,own,999510000,OWN SHIP,0.05814342436536368,1.0597477455336044,-38.032337537574435,144.8512305905623,9.0,20.0,20.0,1,,,,,synthetic,,,,
428.0,,target,999510101,CROSS STBD,-0.7266666666666668,0.5249999999999998,-38.04125,144.83462028764745,12.0,270.0,270.0,18,danger,safe,0.0824674823255654,-197.00984484315592,synthetic,,,,
428.0,,target,999510201,SAFE PASS,2.0,1.048888888888889,-38.032518518518515,144.8923294835391,8.0,180.0,180.0,18,safe,safe,1.9107516759280008,74.47047965604273,synthetic,,,,
429.0,,own,999510000,OWN SHIP,0.058998474723677856,1.0620969770855693,-38.032298383715236,144.85124868748233,9.0,20.0,20.0,1,,,,,synthetic,,,,
429.0,,target,999510101,CROSS STBD,-0.7300000000000002,0.5249999999999998,-38.04125,144.83454973850823,12.0,270.0,270.0,18,danger,safe,0.08246748232556546,-198.00984484315595,synthetic,,,,
429.0,,target,999510201,SAFE PASS,2.0,1.0466666666666666,-38.032555555555554,144.8923294835391,8.0,180.0,180.0,18,safe,safe,1.9107516759280008,73.4704796560427,synthetic,,,,
430.0,,own,999510000,OWN SHIP,0.05985352508199203,1.064446208637534,-38.03225922985604,144.85126678440236,9.0,20.0,20.0,1,,,,,synthetic,,,,
430.0,,target,999510101,CROSS STBD,-0.7333333333333334,0.5249999999999998,-38.04125,144.83447918936898,12.0,270.0,270.0,18,danger,safe,0.08246748232556535,-199.0098448431559,synthetic,,,,
430.0,,target,999510201,SAFE PASS,2.0,1.0444444444444443,-38.03259259259259,144.8923294835391,8.0,180.0,180.0,18,safe,safe,1.9107516759280005,72.47047965604267,synthetic,,,,
431.0,,own,999510000,OWN SHIP,0.0607085754403062,1.0667954401894988,-38.03222007599684,144.85128488132239,9.0,20.0,20.0,1,,,,,synthetic,,,,
431.0,,target,999510101,CROSS STBD,-0.7366666666666668,0.5249999999999998,-38.04125,144.83440864022975,12.0,270.0,270.0,18,danger,safe,0.08246748232556546,-200.00984484315592,synthetic,,,,
431.0,,target,999510201,SAFE PASS,2.0,1.0422222222222222,-38.032629629629625,144.8923294835391,8.0,180.0,180.0,18,safe,safe,1.9107516759280005,71.47047965604268,synthetic,,,,
432.0,,own,999510000,OWN SHIP,0.061563625798620375,1.0691446717414634,-38.03218092213764,144.85130297824242,9.0,20.0,20.0,1,,,,,synthetic,,,,
432.0,,target,999510101,CROSS STBD,-0.7400000000000002,0.5249999999999998,-38.04125,144.83433809109053,12.0,270.0,270.0,18,danger,safe,0.0824674823255653,-201.00984484315592,synthetic,,,,
432.0,,target,999510201,SAFE PASS,2.0,1.04,-38.032666666666664,144.8923294835391,8.0,180.0,180.0,18,safe,safe,1.9107516759280008,70.47047965604274,synthetic,,,,
433.0,,own,999510000,OWN SHIP,0.06241867615693454,1.0714939032934283,-38.03214176827844,144.85132107516245,9.0,20.0,20.0,1,,,,,synthetic,,,,
433.0,,target,999510101,CROSS STBD,-0.7433333333333334,0.5249999999999998,-38.04125,144.8342675419513,12.0,270.0,270.0,18,danger,safe,0.08246748232556546,-202.00984484315592,synthetic,,,,
433.0,,target,999510201,SAFE PASS,2.0,1.037777777777778,-38.0327037037037,144.8923294835391,8.0,180.0,180.0,18,safe,safe,1.9107516759280005,69.47047965604274,synthetic,,,,
434.0,,own,999510000,OWN SHIP,0.06327372651524872,1.0738431348453932,-38.03210261441924,144.85133917208248,9.0,20.0,20.0,1,,,,,synthetic,,,,
434.0,,target,999510101,CROSS STBD,-0.7466666666666668,0.5249999999999998,-38.04125,144.83419699281205,12.0,270.0,270.0,18,danger,safe,0.08246748232556551,-203.00984484315595,synthetic,,,,
434.0,,target,999510201,SAFE PASS,2.0,1.0355555555555556,-38.032740740740735,144.8923294835391,8.0,180.0,180.0,18,safe,safe,1.9107516759280005,68.47047965604268,synthetic,,,,
435.0,,own,999510000,OWN SHIP,0.06412877687356289,1.0761923663973578,-38.03206346056004,144.85135726900253,9.0,20.0,20.0,1,,,,,synthetic,,,,
435.0,,target,999510101,CROSS STBD,-0.7500000000000002,0.5249999999999998,-38.04125,144.83412644367283,12.0,270.0,270.0,18,danger,safe,0.08246748232556536,-204.00984484315595,synthetic,,,,
435.0,,target,999510201,SAFE PASS,2.0,1.0333333333333332,-38.032777777777774,144.8923294835391,8.0,180.0,180.0,18,safe,safe,1.9107516759280005,67.47047965604268,synthetic,,,,
436.0,,own,999510000,OWN SHIP,0.06498382723187705,1.0785415979493227,-38.03202430670084,144.85137536592256,9.0,20.0,20.0,1,,,,,synthetic,,,,
436.0,,target,999510101,CROSS STBD,-0.7533333333333334,0.5249999999999998,-38.04125,144.8340558945336,12.0,270.0,270.0,18,danger,safe,0.08246748232556556,-205.0098448431559,synthetic,,,,
436.0,,target,999510201,SAFE PASS,2.0,1.031111111111111,-38.03281481481481,144.8923294835391,8.0,180.0,180.0,18,safe,safe,1.9107516759280008,66.47047965604268,synthetic,,,,
437.0,,own,999510000,OWN SHIP,0.06583887759019123,1.0808908295012873,-38.03198515284164,144.8513934628426,9.0,20.0,20.0,1,,,,,synthetic,,,,
437.0,,target,999510101,CROSS STBD,-0.7566666666666668,0.5249999999999998,-38.04125,144.83398534539438,12.0,270.0,270.0,18,danger,safe,0.08246748232556536,-206.00984484315592,synthetic,,,,
437.0,,target,999510201,SAFE PASS,2.0,1.028888888888889,-38.03285185185185,144.8923294835391,8.0,180.0,180.0,18,safe,safe,1.9107516759280005,65.47047965604273,synthetic,,,,
438.0,,own,999510000,OWN SHIP,0.0666939279485054,1.0832400610532522,-38.031945998982444,144.85141155976262,9.0,20.0,20.0,1,,,,,synthetic,,,,
438.0,,target,999510101,CROSS STBD,-0.7600000000000002,0.5249999999999998,-38.04125,144.83391479625513,12.0,270.0,270.0,18,danger,safe,0.08246748232556546,-207.00984484315595,synthetic,,,,
438.0,,target,999510201,SAFE PASS,2.0,1.0266666666666666,-38.032888888888884,144.8923294835391,8.0,180.0,180.0,18,safe,safe,1.9107516759280005,64.47047965604268,synthetic,,,,
439.0,,own,999510000,OWN SHIP,0.06754897830681958,1.0855892926052169,-38.031906845123245,144.85142965668265,9.0,20.0,20.0,1,,,,,synthetic,,,,
439.0,,target,999510101,CROSS STBD,-0.7633333333333334,0.5249999999999998,-38.04125,144.8338442471159,12.0,270.0,270.0,18,danger,safe,0.08246748232556535,-208.0098448431559,synthetic,,,,
439.0,,target,999510201,SAFE PASS,2.0,1.0244444444444445,-38.03292592592592,144.8923294835391,8.0,180.0,180.0,18,safe,safe,1.9107516759280008,63.47047965604273,synthetic,,,,
440.0,,own,999510000,OWN SHIP,0.06840402866513375,1.0879385241571817,-38.03186769126405,144.85144775360268,9.0,20.0,20.0,1,,,,,synthetic,,,,
440.0,,target,999510101,CROSS STBD,-0.7666666666666668,0.5249999999999998,-38.04125,144.83377369797668,12.0,270.0,270.0,18,danger,safe,0.08246748232556546,-209.00984484315595,synthetic,,,,
440.0,,target,999510201,SAFE PASS,2.0,1.0222222222222221,-38.03296296296296,144.8923294835391,8.0,180.0,180.0,18,safe,safe,1.9107516759280005,62.47047965604269,synthetic,,,,
441.0,,own,999510000,OWN SHIP,0.06925907902344793,1.0902877557091464,-38.03182853740484,144.85146585052271,9.0,20.0,20.0,1,,,,,synthetic,,,,
441.0,,target,999510101,CROSS STBD,-0.7700000000000002,0.5249999999999998,-38.04125,144.83370314883743,12.0,270.0,270.0,18,danger,safe,0.0824674823255653,-210.00984484315592,synthetic,,,,
441.0,,target,999510201,SAFE PASS,2.0,1.02,-38.032999999999994,144.8923294835391,8.0,180.0,180.0,18,safe,safe,1.9107516759280005,61.47047965604272,synthetic,,,,
442.0,,own,999510000,OWN SHIP,0.07011412938176209,1.0926369872611112,-38.03178938354564,144.85148394744274,9.0,20.0,20.0,1,,,,,synthetic,,,,
442.0,,target,999510101,CROSS STBD,-0.7733333333333334,0.5249999999999998,-38.04125,144.8336325996982,12.0,270.0,270.0,18,danger,safe,0.0824674823255654,-211.00984484315592,synthetic,,,,
442.0,,target,999510201,SAFE PASS,2.0,1.017777777777778,-38.03303703703703,144.8923294835391,8.0,180.0,180.0,18,safe,safe,1.9107516759280008,60.470479656042734,synthetic,,,,
443.0,,own,999510000,OWN SHIP,0.07096917974007626,1.0949862188130761,-38.031750229686445,144.8515020443628,9.0,20.0,20.0,1,,,,,synthetic,,,,
443.0,,target,999510101,CROSS STBD,-0.7766666666666668,0.5249999999999998,-38.04125,144.83356205055898,12.0,270.0,270.0,18,danger,safe,0.0824674823255655,-212.00984484315592,synthetic,,,,
443.0,,target,999510201,SAFE PASS,2.0,1.0155555555555555,-38.03307407407407,144.8923294835391,8.0,180.0,180.0,18,safe,safe,1.9107516759280008,59.470479656042684,synthetic,,,,
444.0,,own,999510000,OWN SHIP,0.07182423009839044,1.0973354503650408,-38.031711075827246,144.85152014128283,9.0,20.0,20.0,1,,,,,synthetic,,,,
444.0,,target,999510101,CROSS STBD,-0.7800000000000002,0.5249999999999998,-38.04125,144.83349150141976,12.0,270.0,270.0,18,danger,safe,0.08246748232556535,-213.0098448431559,synthetic,,,,
444.0,,target,999510201,SAFE PASS,2.0,1.0133333333333332,-38.03311111111111,144.8923294835391,8.0,180.0,180.0,18,safe,safe,1.9107516759280005,58.47047965604268,synthetic,,,,
445.0,,own,999510000,OWN SHIP,0.0726792804567046,1.0996846819170056,-38.03167192196805,144.85153823820286,9.0,20.0,20.0,1,,,,,synthetic,,,,
445.0,,target,999510101,CROSS STBD,-0.7833333333333334,0.5249999999999998,-38.04125,144.8334209522805,12.0,270.0,270.0,18,danger,safe,0.08246748232556556,-214.0098448431559,synthetic,,,,
445.0,,target,999510201,SAFE PASS,2.0,1.011111111111111,-38.03314814814814,144.8923294835391,8.0,180.0,180.0,18,safe,safe,1.9107516759280005,57.47047965604268,synthetic,,,,
446.0,,own,999510000,OWN SHIP,0.07353433081501878,1.1020339134689703,-38.03163276810885,144.8515563351229,9.0,20.0,20.0,1,,,,,synthetic,,,,
446.0,,target,999510101,CROSS STBD,-0.7866666666666668,0.5249999999999998,-38.04125,144.83335040314128,12.0,270.0,270.0,18,danger,safe,0.0824674823255653,-215.00984484315592,synthetic,,,,
446.0,,target,999510201,SAFE PASS,2.0,1.008888888888889,-38.03318518518518,144.8923294835391,8.0,180.0,180.0,18,safe,safe,1.9107516759280008,56.47047965604273,synthetic,,,,
447.0,,own,999510000,OWN SHIP,0.07438938117333295,1.1043831450209352,-38.03159361424965,144.85157443204292,9.0,20.0,20.0,1,,,,,synthetic,,,,
447.0,,target,999510101,CROSS STBD,-0.79,0.5249999999999998,-38.04125,144.83327985400206,12.0,270.0,270.0,18,danger,safe,0.08246748232556551,-216.00984484315592,synthetic,,,,
447.0,,target,999510201,SAFE PASS,2.0,1.0066666666666668,-38.03322222222222,144.8923294835391,8.0,180.0,180.0,18,safe,safe,1.9107516759280005,55.47047965604272,synthetic,,,,
448.0,,own,999510000,OWN SHIP,0.07524443153164712,1.1067323765728998,-38.031554460390446,144.85159252896295,9.0,20.0,20.0,1,,,,,synthetic,,,,
448.0,,target,999510101,CROSS STBD,-0.7933333333333334,0.5249999999999998,-38.04125,144.8332093048628,12.0,270.0,270.0,18,danger,safe,0.08246748232556536,-217.00984484315592,synthetic,,,,
448.0,,target,999510201,SAFE PASS,2.0,1.0044444444444445,-38.03325925925925,144.8923294835391,8.0,180.0,180.0,18,safe,safe,1.9107516759280005,54.47047965604272,synthetic,,,,
449.0,,own,999510000,OWN SHIP,0.0760994818899613,1.1090816081248647,-38.03151530653125,144.85161062588298,9.0,20.0,20.0,1,,,,,synthetic,,,,
449.0,,target,999510101,CROSS STBD,-0.7966666666666669,0.5249999999999998,-38.04125,144.83313875572358,12.0,270.0,270.0,18,danger,safe,0.08246748232556542,-218.00984484315595,synthetic,,,,
449.0,,target,999510201,SAFE PASS,2.0,1.0022222222222221,-38.03329629629629,144.8923294835391,8.0,180.0,180.0,18,safe,safe,1.9107516759280005,53.47047965604267,synthetic,,,,
450.0,,own,999510000,OWN SHIP,0.07695453224827546,1.1114308396768293,-38.03147615267205,144.851628722803,9.0,20.0,20.0,1,,,,,synthetic,,,,
450.0,,target,999510101,CROSS STBD,-0.8,0.5249999999999998,-38.04125,144.83306820658436,12.0,270.0,270.0,18,danger,safe,0.08246748232556536,-219.0098448431559,synthetic,,,,
450.0,,target,999510201,SAFE PASS,2.0,1.0,-38.03333333333333,144.8923294835391,8.0,180.0,180.0,18,safe,safe,1.9107516759280005,52.470479656042734,synthetic,,,,
451.0,,own,999510000,OWN SHIP,0.07780958260658964,1.1137800712287942,-38.03143699881285,144.85164681972307,9.0,20.0,20.0,1,,,,,synthetic,,,,
451.0,,target,999510101,CROSS STBD,-0.8033333333333335,0.5249999999999998,-38.04125,144.83299765744513,12.0,270.0,270.0,18,danger,safe,0.08246748232556546,-220.00984484315592,synthetic,,,,
451.0,,target,999510201,SAFE PASS,2.0,0.9977777777777779,-38.03337037037037,144.8923294835391,8.0,180.0,180.0,18,safe,safe,1.9107516759280005,51.47047965604273,synthetic,,,,
452.0,,own,999510000,OWN SHIP,0.07866463296490381,1.116129302780759,-38.03139784495365,144.8516649166431,9.0,20.0,20.0,1,,,,,synthetic,,,,
452.0,,target,999510101,CROSS STBD,-0.8066666666666669,0.5249999999999998,-38.04125,144.83292710830588,12.0,270.0,270.0,18,danger,safe,0.08246748232556556,-221.00984484315592,synthetic,,,,
452.0,,target,999510201,SAFE PASS,2.0,0.9955555555555555,-38.0334074074074,144.8923294835391,8.0,180.0,180.0,18,safe,safe,1.9107516759280005,50.47047965604268,synthetic,,,,
453.0,,own,999510000,OWN SHIP,0.07951968332321799,1.1184785343327237,-38.031358691094454,144.85168301356313,9.0,20.0,20.0,1,,,,,synthetic,,,,
453.0,,target,999510101,CROSS STBD,-0.81,0.5249999999999998,-38.04125,144.83285655916666,12.0,270.0,270.0,18,danger,safe,0.08246748232556536,-222.00984484315592,synthetic,,,,
453.0,,target,999510201,SAFE PASS,2.0,0.9933333333333334,-38.03344444444444,144.8923294835391,8.0,180.0,180.0,18,safe,safe,1.9107516759280008,49.47047965604273,synthetic,,,,
454.0,,own,999510000,OWN SHIP,0.08037473368153215,1.1208277658846886,-38.031319537235255,144.85170111048316,9.0,20.0,20.0,1,,,,,synthetic,,,,
454.0,,target,999510101,CROSS STBD,-0.8133333333333335,0.5249999999999997,-38.04125,144.83278601002743,12.0,270.0,270.0,18,danger,safe,0.0824674823255656,-223.0098448431559,synthetic,,,,
454.0,,target,999510201,SAFE PASS,2.0,0.991111111111111,-38.03348148148148,144.8923294835391,8.0,180.0,180.0,18,safe,safe,1.9107516759280005,48.47047965604267,synthetic,,,,
455.0,,own,999510000,OWN SHIP,0.08122978403984632,1.1231769974366532,-38.03128038337605,144.8517192074032,9.0,20.0,20.0,1,,,,,synthetic,,,,
455.0,,target,999510101,CROSS STBD,-0.8166666666666669,0.5249999999999997,-38.04125,144.83271546088818,12.0,270.0,270.0,18,danger,safe,0.08246748232556546,-224.00984484315595,synthetic,,,,
455.0,,target,999510201,SAFE PASS,2.0,0.9888888888888889,-38.03351851851851,144.8923294835391,8.0,180.0,180.0,18,safe,safe,1.9107516759280005,47.47047965604271,synthetic,,,,
456.0,,own,999510000,OWN SHIP,0.0820848343981605,1.125526228988618,-38.03124122951685,144.85173730432322,9.0,20.0,20.0,1,,,,,synthetic,,,,
456.0,,target,999510101,CROSS STBD,-0.8200000000000001,0.5249999999999997,-38.04125,144.83264491174896,12.0,270.0,270.0,18,danger,safe,0.08246748232556565,-225.0098448431559,synthetic,,,,
456.0,,target,999510201,SAFE PASS,2.0,0.9866666666666666,-38.03355555555555,144.8923294835391,8.0,180.0,180.0,18,safe,safe,1.9107516759280008,46.470479656042684,synthetic,,,,
457.0,,own,999510000,OWN SHIP,0.08293988475647467,1.1278754605405827,-38.03120207565765,144.85175540124325,9.0,20.0,20.0,1,,,,,synthetic,,,,
457.0,,target,999510101,CROSS STBD,-0.8233333333333335,0.5249999999999997,-38.04125,144.83257436260973,12.0,270.0,270.0,18,danger,safe,0.0824674823255655,-226.0098448431559,synthetic,,,,
457.0,,target,999510201,SAFE PASS,2.0,0.9844444444444445,-38.03359259259259,144.8923294835391,8.0,180.0,180.0,18,safe,safe,1.9107516759280005,45.470479656042734,synthetic,,,,
458.0,,own,999510000,OWN SHIP,0.08379493511478885,1.1302246920925476,-38.031162921798455,144.85177349816328,9.0,20.0,20.0,1,,,,,synthetic,,,,
458.0,,target,999510101,CROSS STBD,-0.8266666666666669,0.5249999999999997,-38.04125,144.8325038134705,12.0,270.0,270.0,18,danger,safe,0.08246748232556546,-227.00984484315595,synthetic,,,,
458.0,,target,999510201,SAFE PASS,2.0,0.9822222222222223,-38.03362962962963,144.8923294835391,8.0,180.0,180.0,18,safe,safe,1.9107516759280005,44.47047965604271,synthetic,,,,
459.0,,own,999510000,OWN SHIP,0.08464998547310301,1.1325739236445123,-38.031123767939256,144.85179159508334,9.0,20.0,20.0,1,,,,,synthetic,,,,
459.0,,target,999510101,CROSS STBD,-0.8300000000000001,0.5249999999999997,-38.04125,144.83243326433126,12.0,270.0,270.0,18,danger,safe,0.0824674823255655,-228.00984484315586,synthetic,,,,
459.0,,target,999510201,SAFE PASS,2.0,0.98,-38.03366666666666,144.8923294835391,8.0,180.0,180.0,18,safe,safe,1.9107516759280005,43.47047965604272,synthetic,,,,
460.0,,own,999510000,OWN SHIP,0.08550503583141718,1.1349231551964771,-38.03108461408006,144.85180969200337,9.0,20.0,20.0,1,,,,,synthetic,,,,
460.0,,target,999510101,CROSS STBD,-0.8333333333333335,0.5249999999999997,-38.04125,144.83236271519203,12.0,270.0,270.0,18,danger,safe,0.08246748232556551,-229.00984484315595,synthetic,,,,
460.0,,target,999510201,SAFE PASS,2.0,0.9777777777777779,-38.0337037037037,144.8923294835391,8.0,180.0,180.0,18,safe,safe,1.9107516759280005,42.47047965604273,synthetic,,,,
461.0,,own,999510000,OWN SHIP,0.08636008618973136,1.137272386748442,-38.03104546022086,144.8518277889234,9.0,20.0,20.0,1,,,,,synthetic,,,,
461.0,,target,999510101,CROSS STBD,-0.8366666666666669,0.5249999999999997,-38.04125,144.8322921660528,12.0,270.0,270.0,18,danger,safe,0.08246748232556551,-230.00984484315597,synthetic,,,,
461.0,,target,999510201,SAFE PASS,2.0,0.9755555555555555,-38.03374074074074,144.8923294835391,8.0,180.0,180.0,18,safe,safe,1.9107516759280005,41.47047965604267,synthetic,,,,
462.0,,own,999510000,OWN SHIP,0.08721513654804552,1.1396216183004066,-38.031006306361654,144.85184588584343,9.0,20.0,20.0,1,,,,,synthetic,,,,
462.0,,target,999510101,CROSS STBD,-0.8400000000000001,0.5249999999999997,-38.04125,144.83222161691359,12.0,270.0,270.0,18,danger,safe,0.08246748232556546,-231.00984484315592,synthetic,,,,
462.0,,target,999510201,SAFE PASS,2.0,0.9733333333333334,-38.03377777777777,144.8923294835391,8.0,180.0,180.0,18,safe,safe,1.9107516759280005,40.47047965604272,synthetic,,,,
463.0,,own,999510000,OWN SHIP,0.0880701869063597,1.1419708498523715,-38.030967152502456,144.85186398276346,9.0,20.0,20.0,1,,,,,synthetic,,,,
463.0,,target,999510101,CROSS STBD,-0.8433333333333335,0.5249999999999997,-38.04125,144.83215106777433,12.0,270.0,270.0,18,danger,safe,0.08246748232556561,-232.00984484315595,synthetic,,,,
463.0,,target,999510201,SAFE PASS,2.0,0.971111111111111,-38.03381481481481,144.8923294835391,8.0,180.0,180.0,18,safe,safe,1.9107516759280005,39.47047965604267,synthetic,,,,
464.0,,own,999510000,OWN SHIP,0.08892523726467387,1.1443200814043362,-38.03092799864326,144.8518820796835,9.0,20.0,20.0,1,,,,,synthetic,,,,
464.0,,target,999510101,CROSS STBD,-0.8466666666666669,0.5249999999999997,-38.04125,144.8320805186351,12.0,270.0,270.0,18,danger,safe,0.08246748232556551,-233.00984484315595,synthetic,,,,
464.0,,target,999510201,SAFE PASS,2.0,0.9688888888888889,-38.03385185185185,144.8923294835391,8.0,180.0,180.0,18,safe,safe,1.9107516759280005,38.47047965604271,synthetic,,,,
465.0,,own,999510000,OWN SHIP,0.08978028762298804,1.146669312956301,-38.03088884478406,144.85190017660352,9.0,20.0,20.0,1,,,,,synthetic,,,,
465.0,,target,999510101,CROSS STBD,-0.8500000000000001,0.5249999999999997,-38.04125,144.83200996949589,12.0,270.0,270.0,18,danger,safe,0.0824674823255656,-234.0098448431559,synthetic,,,,
465.0,,target,999510201,SAFE PASS,2.0,0.9666666666666666,-38.03388888888889,144.8923294835391,8.0,180.0,180.0,18,safe,safe,1.9107516759280005,37.47047965604267,synthetic,,,,
466.0,,own,999510000,OWN SHIP,0.09063533798130222,1.1490185445082657,-38.03084969092486,144.85191827352355,9.0,20.0,20.0,1,,,,,synthetic,,,,
466.0,,target,999510101,CROSS STBD,-0.8533333333333335,0.5249999999999997,-38.04125,144.83193942035663,12.0,270.0,270.0,18,danger,safe,0.08246748232556546,-235.00984484315592,synthetic,,,,
466.0,,target,999510201,SAFE PASS,2.0,0.9644444444444444,-38.03392592592592,144.8923294835391,8.0,180.0,180.0,18,safe,safe,1.9107516759280005,36.47047965604272,synthetic,,,,
467.0,,own,999510000,OWN SHIP,0.09149038833961638,1.1513677760602306,-38.03081053706566,144.8519363704436,9.0,20.0,20.0,1,,,,,synthetic,,,,
467.0,,target,999510101,CROSS STBD,-0.8566666666666669,0.5249999999999997,-38.04125,144.8318688712174,12.0,270.0,270.0,18,danger,safe,0.08246748232556546,-236.00984484315595,synthetic,,,,
467.0,,target,999510201,SAFE PASS,2.0,0.9622222222222223,-38.03396296296296,144.8923294835391,8.0,180.0,180.0,18,safe,safe,1.9107516759280005,35.47047965604273,synthetic,,,,
468.0,,own,999510000,OWN SHIP,0.09234543869793056,1.1537170076121952,-38.030771383206464,144.85195446736364,9.0,20.0,20.0,1,,,,,synthetic,,,,
468.0,,target,999510101,CROSS STBD,-0.8600000000000001,0.5249999999999997,-38.04125,144.83179832207819,12.0,270.0,270.0,18,danger,safe,0.08246748232556546,-237.00984484315592,synthetic,,,,
468.0,,target,999510201,SAFE PASS,2.0,0.96,-38.034,144.8923294835391,8.0,180.0,180.0,18,safe,safe,1.9107516759280005,34.47047965604271,synthetic,,,,
469.0,,own,999510000,OWN SHIP,0.09320048905624473,1.15606623916416,-38.03073222934726,144.85197256428367,9.0,20.0,20.0,1,,,,,synthetic,,,,
469.0,,target,999510101,CROSS STBD,-0.8633333333333335,0.5249999999999997,-38.04125,144.83172777293896,12.0,270.0,270.0,18,danger,safe,0.08246748232556546,-238.00984484315595,synthetic,,,,
469.0,,target,999510201,SAFE PASS,2.0,0.9577777777777778,-38.03403703703703,144.8923294835391,8.0,180.0,180.0,18,safe,safe,1.9107516759280005,33.47047965604272,synthetic,,,,
470.0,,own,999510000,OWN SHIP,0.09405553941455891,1.158415470716125,-38.03069307548806,144.8519906612037,9.0,20.0,20.0,1,,,,,synthetic,,,,
470.0,,target,999510101,CROSS STBD,-0.8666666666666669,0.5249999999999997,-38.04125,144.8316572237997,12.0,270.0,270.0,18,danger,safe,0.08246748232556557,-239.00984484315597,synthetic,,,,
470.0,,target,999510201,SAFE PASS,2.0,0.9555555555555555,-38.03407407407407,144.8923294835391,8.0,180.0,180.0,18,safe,safe,1.9107516759280008,32.47047965604268,synthetic,,,,
471.0,,own,999510000,OWN SHIP,0.09491058977287307,1.1607647022680896,-38.03065392162886,144.85200875812373,9.0,20.0,20.0,1,,,,,synthetic,,,,
471.0,,target,999510101,CROSS STBD,-0.8700000000000001,0.5249999999999997,-38.04125,144.83158667466049,12.0,270.0,270.0,18,danger,safe,0.08246748232556551,-240.00984484315592,synthetic,,,,
471.0,,target,999510201,SAFE PASS,2.0,0.9533333333333334,-38.03411111111111,144.8923294835391,8.0,180.0,180.0,18,safe,safe,1.9107516759280005,31.470479656042713,synthetic,,,,
472.0,,own,999510000,OWN SHIP,0.09576564013118724,1.1631139338200542,-38.03061476776966,144.85202685504376,9.0,20.0,20.0,1,,,,,synthetic,,,,
472.0,,target,999510101,CROSS STBD,-0.8733333333333335,0.5249999999999997,-38.04125,144.83151612552126,12.0,270.0,270.0,18,danger,safe,0.0824674823255653,-241.00984484315592,synthetic,,,,
472.0,,target,999510201,SAFE PASS,2.0,0.951111111111111,-38.03414814814815,144.8923294835391,8.0,180.0,180.0,18,safe,safe,1.9107516759280005,30.470479656042716,synthetic,,,,
473.0,,own,999510000,OWN SHIP,0.09662069048950142,1.165463165372019,-38.030575613910464,144.8520449519638,9.0,20.0,20.0,1,,,,,synthetic,,,,
473.0,,target,999510101,CROSS STBD,-0.8766666666666667,0.5249999999999997,-38.04125,144.831445576382,12.0,270.0,270.0,18,danger,safe,0.08246748232556544,-242.00984484315586,synthetic,,,,
473.0,,target,999510201,SAFE PASS,2.0,0.9488888888888889,-38.03418518518518,144.8923294835391,8.0,180.0,180.0,18,safe,safe,1.9107516759280005,29.470479656042716,synthetic,,,,
474.0,,own,999510000,OWN SHIP,0.09747574084781559,1.167812396923984,-38.030536460051266,144.85206304888382,9.0,20.0,20.0,1,,,,,synthetic,,,,
474.0,,target,999510101,CROSS STBD,-0.8800000000000001,0.5249999999999997,-38.04125,144.83137502724279,12.0,270.0,270.0,18,danger,safe,0.08246748232556546,-243.00984484315595,synthetic,,,,
474.0,,target,999510201,SAFE PASS,2.0,0.9466666666666668,-38.03422222222222,144.8923294835391,8.0,180.0,180.0,18,safe,safe,1.9107516759280005,28.47047965604272,synthetic,,,,
475.0,,own,999510000,OWN SHIP,0.09833079120612977,1.1701616284759486,-38.03049730619207,144.85208114580388,9.0,20.0,20.0,1,,,,,synthetic,,,,
475.0,,target,999510101,CROSS STBD,-0.8833333333333335,0.5249999999999997,-38.04125,144.83130447810356,12.0,270.0,270.0,18,danger,safe,0.08246748232556542,-244.00984484315595,synthetic,,,,
475.0,,target,999510201,SAFE PASS,2.0,0.9444444444444444,-38.03425925925926,144.8923294835391,8.0,180.0,180.0,18,safe,safe,1.9107516759280005,27.47047965604271,synthetic,,,,
476.0,,own,999510000,OWN SHIP,0.09918584156444393,1.1725108600279135,-38.03045815233286,144.8520992427239,9.0,20.0,20.0,1,,,,,synthetic,,,,
476.0,,target,999510101,CROSS STBD,-0.8866666666666667,0.5249999999999997,-38.04125,144.83123392896434,12.0,270.0,270.0,18,danger,safe,0.0824674823255655,-245.0098448431559,synthetic,,,,
476.0,,target,999510201,SAFE PASS,2.0,0.9422222222222223,-38.03429629629629,144.8923294835391,8.0,180.0,180.0,18,safe,safe,1.9107516759280005,26.470479656042713,synthetic,,,,
477.0,,own,999510000,OWN SHIP,0.1000408919227581,1.1748600915798781,-38.030418998473664,144.85211733964394,9.0,20.0,20.0,1,,,,,synthetic,,,,
477.0,,target,999510101,CROSS STBD,-0.8900000000000001,0.5249999999999997,-38.04125,144.83116337982509,12.0,270.0,270.0,18,danger,safe,0.08246748232556546,-246.0098448431559,synthetic,,,,
477.0,,target,999510201,SAFE PASS,2.0,0.94,-38.03433333333333,144.8923294835391,8.0,180.0,180.0,18,safe,safe,1.9107516759280008,25.470479656042723,synthetic,,,,
478.0,,own,999510000,OWN SHIP,0.10089594228107228,1.177209323131843,-38.030379844614465,144.85213543656397,9.0,20.0,20.0,1,,,,,synthetic,,,,
478.0,,target,999510101,CROSS STBD,-0.8933333333333335,0.5249999999999997,-38.04125,144.83109283068586,12.0,270.0,270.0,18,danger,safe,0.0824674823255655,-247.00984484315592,synthetic,,,,
478.0,,target,999510201,SAFE PASS,2.0,0.9377777777777778,-38.03437037037037,144.8923294835391,8.0,180.0,180.0,18,safe,safe,1.9107516759280005,24.470479656042713,synthetic,,,,
479.0,,own,999510000,OWN SHIP,0.10175099263938645,1.1795585546838079,-38.03034069075527,144.852153533484,9.0,20.0,20.0,1,,,,,synthetic,,,,
479.0,,target,999510101,CROSS STBD,-0.8966666666666667,0.5249999999999997,-38.04125,144.83102228154664,12.0,270.0,270.0,18,danger,safe,0.08246748232556561,-248.00984484315595,synthetic,,,,
479.0,,target,999510201,SAFE PASS,2.0,0.9355555555555555,-38.03440740740741,144.8923294835391,8.0,180.0,180.0,18,safe,safe,1.9107516759280005,23.470479656042667,synthetic,,,,
480.0,,own,999510000,OWN SHIP,0.10260604299770062,1.1819077862357725,-38.03030153689607,144.85217163040403,9.0,20.0,20.0,1,,,,,synthetic,,,,
480.0,,target,999510101,CROSS STBD,-0.9000000000000001,0.5249999999999997,-38.04125,144.83095173240739,12.0,270.0,270.0,18,danger,safe,0.08246748232556551,-249.00984484315595,synthetic,,,,
480.0,,target,999510201,SAFE PASS,2.0,0.9333333333333333,-38.03444444444444,144.8923294835391,8.0,180.0,180.0,18,safe,safe,1.9107516759280005,22.470479656042706,synthetic,,,,
481.0,,own,999510000,OWN SHIP,0.10346109335601479,1.1842570177877372,-38.03026238303687,144.85218972732406,9.0,20.0,20.0,1,,,,,synthetic,,,,
481.0,,target,999510101,CROSS STBD,-0.9033333333333335,0.5249999999999997,-38.04125,144.83088118326816,12.0,270.0,270.0,18,danger,safe,0.08246748232556542,-250.00984484315592,synthetic,,,,
481.0,,target,999510201,SAFE PASS,2.0,0.9311111111111112,-38.03448148148148,144.8923294835391,8.0,180.0,180.0,18,safe,safe,1.9107516759280005,21.47047965604276,synthetic,,,,
482.0,,own,999510000,OWN SHIP,0.10431614371432897,1.186606249339702,-38.03022322917767,144.8522078242441,9.0,20.0,20.0,1,,,,,synthetic,,,,
482.0,,target,999510101,CROSS STBD,-0.9066666666666667,0.5249999999999997,-38.04125,144.83081063412894,12.0,270.0,270.0,18,danger,safe,0.08246748232556551,-251.00984484315592,synthetic,,,,
482.0,,target,999510201,SAFE PASS,2.0,0.9288888888888889,-38.03451851851852,144.8923294835391,8.0,180.0,180.0,18,safe,safe,1.9107516759280005,20.47047965604271,synthetic,,,,
483.0,,own,999510000,OWN SHIP,0.10517119407264314,1.188955480891667,-38.030184075318466,144.85222592116415,9.0,20.0,20.0,1,,,,,synthetic,,,,
483.0,,target,999510101,CROSS STBD,-0.9100000000000001,0.5249999999999997,-38.04125,144.8307400849897,12.0,270.0,270.0,18,danger,safe,0.0824674823255655,-252.00984484315592,synthetic,,,,
483.0,,target,999510201,SAFE PASS,2.0,0.9266666666666667,-38.03455555555555,144.8923294835391,8.0,180.0,180.0,18,safe,safe,1.9107516759280005,19.470479656042713,synthetic,,,,
484.0,,own,999510000,OWN SHIP,0.1060262444309573,1.1913047124436316,-38.03014492145927,144.85224401808418,9.0,20.0,20.0,1,,,,,synthetic,,,,
484.0,,target,999510101,CROSS STBD,-0.9133333333333336,0.5249999999999997,-38.04125,144.83066953585046,12.0,270.0,270.0,18,danger,safe,0.0824674823255655,-253.0098448431559,synthetic,,,,
484.0,,target,999510201,SAFE PASS,2.0,0.9244444444444444,-38.03459259259259,144.8923294835391,8.0,180.0,180.0,18,safe,safe,1.9107516759280008,18.470479656042723,synthetic,,,,
485.0,,own,999510000,OWN SHIP,0.10688129478927148,1.1936539439955964,-38.03010576760007,144.8522621150042,9.0,20.0,20.0,1,,,,,synthetic,,,,
485.0,,target,999510101,CROSS STBD,-0.9166666666666667,0.5249999999999997,-38.04125,144.83059898671124,12.0,270.0,270.0,18,danger,safe,0.0824674823255655,-254.0098448431559,synthetic,,,,
485.0,,target,999510201,SAFE PASS,2.0,0.9222222222222223,-38.03462962962963,144.8923294835391,8.0,180.0,180.0,18,safe,safe,1.9107516759280005,17.470479656042713,synthetic,,,,
486.0,,own,999510000,OWN SHIP,0.10773634514758565,1.196003175547561,-38.03006661374087,144.85228021192424,9.0,20.0,20.0,1,,,,,synthetic,,,,
486.0,,target,999510101,CROSS STBD,-0.9200000000000002,0.5249999999999997,-38.04125,144.830528437572,12.0,270.0,270.0,18,danger,safe,0.0824674823255654,-255.00984484315592,synthetic,,,,
486.0,,target,999510201,SAFE PASS,2.0,0.9199999999999999,-38.034666666666666,144.8923294835391,8.0,180.0,180.0,18,safe,safe,1.9107516759280005,16.470479656042706,synthetic,,,,
487.0,,own,999510000,OWN SHIP,0.10859139550589983,1.198352407099526,-38.03002745988167,144.85229830884427,9.0,20.0,20.0,1,,,,,synthetic,,,,
487.0,,target,999510101,CROSS STBD,-0.9233333333333336,0.5249999999999997,-38.04125,144.8304578884328,12.0,270.0,270.0,18,danger,safe,0.08246748232556542,-256.009844843156,synthetic,,,,
487.0,,target,999510201,SAFE PASS,2.0,0.9177777777777778,-38.0347037037037,144.8923294835391,8.0,180.0,180.0,18,safe,safe,1.9107516759280005,15.470479656042707,synthetic,,,,
488.0,,own,999510000,OWN SHIP,0.109446445864214,1.2007016386514908,-38.029988306022474,144.8523164057643,9.0,20.0,20.0,1,,,,,synthetic,,,,
488.0,,target,999510101,CROSS STBD,-0.9266666666666667,0.5249999999999997,-38.04125,144.83038733929354,12.0,270.0,270.0,18,danger,safe,0.08246748232556561,-257.0098448431559,synthetic,,,,
488.0,,target,999510201,SAFE PASS,2.0,0.9155555555555555,-38.03474074074074,144.8923294835391,8.0,180.0,180.0,18,safe,safe,1.9107516759280008,14.470479656042658,synthetic,,,,
489.0,,own,999510000,OWN SHIP,0.11030149622252816,1.2030508702034555,-38.029949152163276,144.85233450268433,9.0,20.0,20.0,1,,,,,synthetic,,,,
489.0,,target,999510101,CROSS STBD,-0.9300000000000002,0.5249999999999997,-38.04125,144.8303167901543,12.0,270.0,270.0,18,danger,safe,0.0824674823255654,-258.0098448431559,synthetic,,,,
489.0,,target,999510201,SAFE PASS,2.0,0.9133333333333333,-38.03477777777778,144.8923294835391,8.0,180.0,180.0,18,safe,safe,1.9107516759280005,13.47047965604271,synthetic,,,,
490.0,,own,999510000,OWN SHIP,0.11115654658084234,1.2054001017554201,-38.02990999830407,144.85235259960436,9.0,20.0,20.0,1,,,,,synthetic,,,,
490.0,,target,999510101,CROSS STBD,-0.9333333333333336,0.5249999999999997,-38.04125,144.8302462410151,12.0,270.0,270.0,18,danger,safe,0.0824674823255653,-259.0098448431559,synthetic,,,,
490.0,,target,999510201,SAFE PASS,2.0,0.9111111111111112,-38.034814814814816,144.8923294835391,8.0,180.0,180.0,18,safe,safe,1.9107516759280005,12.470479656042752,synthetic,,,,
491.0,,own,999510000,OWN SHIP,0.11201159693915651,1.207749333307385,-38.02987084444487,144.85237069652442,9.0,20.0,20.0,1,,,,,synthetic,,,,
491.0,,target,999510101,CROSS STBD,-0.9366666666666668,0.5249999999999997,-38.04125,144.83017569187584,12.0,270.0,270.0,18,danger,safe,0.0824674823255655,-260.00984484315586,synthetic,,,,
491.0,,target,999510201,SAFE PASS,2.0,0.9088888888888889,-38.03485185185185,144.8923294835391,8.0,180.0,180.0,18,safe,safe,1.9107516759280008,11.470479656042713,synthetic,,,,
492.0,,own,999510000,OWN SHIP,0.11286664729747069,1.2100985648593499,-38.029831690585674,144.85238879344445,9.0,20.0,20.0,1,,,,,synthetic,,,,
492.0,,target,999510101,CROSS STBD,-0.9400000000000002,0.5249999999999997,-38.04125,144.8301051427366,12.0,270.0,270.0,18,danger,safe,0.08246748232556561,-261.0098448431559,synthetic,,,,
492.0,,target,999510201,SAFE PASS,2.0,0.9066666666666667,-38.03488888888889,144.8923294835391,8.0,180.0,180.0,18,safe,safe,1.9107516759280005,10.470479656042704,synthetic,,,,
493.0,,own,999510000,OWN SHIP,0.11372169765578485,1.2124477964113145,-38.029792536726475,144.85240689036448,9.0,20.0,20.0,1,,,,,synthetic,,,,
493.0,,target,999510101,CROSS STBD,-0.9433333333333336,0.5249999999999997,-38.04125,144.8300345935974,12.0,270.0,270.0,18,danger,safe,0.08246748232556542,-262.009844843156,synthetic,,,,
493.0,,target,999510201,SAFE PASS,2.0,0.9044444444444444,-38.034925925925926,144.8923294835391,8.0,180.0,180.0,18,safe,safe,1.9107516759280005,9.470479656042706,synthetic,,,,
494.0,,own,999510000,OWN SHIP,0.11457674801409902,1.2147970279632794,-38.02975338286728,144.8524249872845,9.0,20.0,20.0,1,,,,,synthetic,,,,
494.0,,target,999510101,CROSS STBD,-0.9466666666666668,0.5249999999999997,-38.04125,144.82996404445817,12.0,270.0,270.0,18,danger,safe,0.0824674823255655,-263.0098448431559,synthetic,,,,
494.0,,target,999510201,SAFE PASS,2.0,0.9022222222222223,-38.03496296296296,144.8923294835391,8.0,180.0,180.0,18,safe,safe,1.9107516759280005,8.470479656042706,synthetic,,,,
495.0,,own,999510000,OWN SHIP,0.1154317983724132,1.217146259515244,-38.02971422900808,144.85244308420454,9.0,20.0,20.0,1,,,,,synthetic,,,,
495.0,,target,999510101,CROSS STBD,-0.9500000000000002,0.5249999999999997,-38.04125,144.8298934953189,12.0,270.0,270.0,18,danger,safe,0.08246748232556551,-264.0098448431559,synthetic,,,,
495.0,,target,999510201,SAFE PASS,2.0,0.8999999999999999,-38.035,144.8923294835391,8.0,180.0,180.0,18,safe,safe,1.9107516759280005,7.470479656042708,synthetic,,,,
496.0,,own,999510000,OWN SHIP,0.11628684873072737,1.219495491067209,-38.02967507514888,144.85246118112457,9.0,20.0,20.0,1,,,,,synthetic,,,,
496.0,,target,999510101,CROSS STBD,-0.9533333333333336,0.5249999999999997,-38.04125,144.8298229461797,12.0,270.0,270.0,18,danger,safe,0.0824674823255655,-265.0098448431559,synthetic,,,,
496.0,,target,999510201,SAFE PASS,2.0,0.8977777777777778,-38.035037037037036,144.8923294835391,8.0,180.0,180.0,18,safe,safe,1.9107516759280005,6.470479656042709,synthetic,,,,
497.0,,own,999510000,OWN SHIP,0.11714189908904155,1.2218447226191738,-38.029635921289675,144.8524792780446,9.0,20.0,20.0,1,,,,,synthetic,,,,
497.0,,target,999510101,CROSS STBD,-0.9566666666666668,0.5249999999999997,-38.04125,144.82975239704047,12.0,270.0,270.0,18,danger,safe,0.08246748232556551,-266.009844843156,synthetic,,,,
497.0,,target,999510201,SAFE PASS,2.0,0.8955555555555557,-38.035074074074075,144.8923294835391,8.0,180.0,180.0,18,safe,safe,1.9107516759280005,5.4704796560427,synthetic,,,,
498.0,,own,999510000,OWN SHIP,0.11799694944735571,1.2241939541711384,-38.029596767430476,144.85249737496466,9.0,20.0,20.0,1,,,,,synthetic,,,,
498.0,,target,999510101,CROSS STBD,-0.9600000000000002,0.5249999999999997,-38.04125,144.8296818479012,12.0,270.0,270.0,18,danger,safe,0.08246748232556551,-267.0098448431559,synthetic,,,,
498.0,,target,999510201,SAFE PASS,2.0,0.8933333333333333,-38.03511111111111,144.8923294835391,8.0,180.0,180.0,18,safe,safe,1.9107516759280008,4.470479656042712,synthetic,,,,
499.0,,own,999510000,OWN SHIP,0.11885199980566989,1.226543185723103,-38.02955761357128,144.8525154718847,9.0,20.0,20.0,1,,,,,synthetic,,,,
499.0,,target,999510101,CROSS STBD,-0.9633333333333334,0.5249999999999997,-38.04125,144.829611298762,12.0,270.0,270.0,18,danger,safe,0.08246748232556542,-268.0098448431559,synthetic,,,,
499.0,,target,999510201,SAFE PASS,2.0,0.8911111111111112,-38.035148148148146,144.8923294835391,8.0,180.0,180.0,18,safe,safe,1.9107516759280005,3.4704796560427535,synthetic,,,,
500.0,,own,999510000,OWN SHIP,0.11970705016398406,1.228892417275068,-38.02951845971208,144.85253356880472,9.0,20.0,20.0,1,,,,,synthetic,,,,
500.0,,target,999510101,CROSS STBD,-0.9666666666666668,0.5249999999999997,-38.04125,144.82954074962277,12.0,270.0,270.0,18,danger,safe,0.0824674823255654,-269.0098448431559,synthetic,,,,
500.0,,target,999510201,SAFE PASS,2.0,0.8888888888888888,-38.035185185185185,144.8923294835391,8.0,180.0,180.0,18,safe,safe,1.9107516759280005,2.4704796560427047,synthetic,,,,
501.0,,own,999510000,OWN SHIP,0.12056210052229822,1.2312416488270328,-38.02947930585288,144.85255166572475,9.0,20.0,20.0,1,,,,,synthetic,,,,
501.0,,target,999510101,CROSS STBD,-0.9700000000000002,0.5249999999999997,-38.04125,144.82947020048354,12.0,270.0,270.0,18,danger,safe,0.08246748232556551,-270.009844843156,synthetic,,,,
501.0,,target,999510201,SAFE PASS,2.0,0.8866666666666667,-38.03522222222222,144.8923294835391,8.0,180.0,180.0,18,safe,safe,1.9107516759280005,1.4704796560427063,synthetic,,,,
502.0,,own,999510000,OWN SHIP,0.1214171508806124,1.2335908803789974,-38.02944015199368,144.85256976264478,9.0,20.0,20.0,1,,,,,synthetic,,,,
502.0,,target,999510101,CROSS STBD,-0.9733333333333334,0.5249999999999997,-38.04125,144.8293996513443,12.0,270.0,270.0,18,danger,safe,0.0824674823255655,-271.00984484315586,synthetic,,,,
502.0,,target,999510201,SAFE PASS,2.0,0.8844444444444444,-38.035259259259256,144.8923294835391,8.0,180.0,180.0,18,safe,safe,1.9107516759280005,0.4704796560427077,synthetic,,,,
503.0,,own,999510000,OWN SHIP,0.12227220123892657,1.2359401119309623,-38.029400998134484,144.8525878595648,9.0,20.0,20.0,1,,,,,synthetic,,,,
503.0,,target,999510101,CROSS STBD,-0.9766666666666668,0.5249999999999997,-38.04125,144.82932910220507,12.0,270.0,270.0,18,danger,safe,0.08246748232556561,-272.0098448431559,synthetic,,,,
503.0,,target,999510201,SAFE PASS,2.0,0.8822222222222222,-38.035296296296295,144.8923294835391,8.0,180.0,180.0,18,safe,safe,1.9107516759280005,-0.5295203439573009,synthetic,,,,
504.0,,own,999510000,OWN SHIP,0.12312725159724075,1.238289343482927,-38.02936184427528,144.85260595648484,9.0,20.0,20.0,1,,,,,synthetic,,,,
504.0,,target,999510101,CROSS STBD,-0.9800000000000002,0.5249999999999997,-38.04125,144.82925855306584,12.0,270.0,270.0,18,danger,safe,0.0824674823255654,-273.0098448431559,synthetic,,,,
504.0,,target,999510201,SAFE PASS,2.0,0.8799999999999999,-38.035333333333334,144.8923294835391,8.0,180.0,180.0,18,safe,safe,1.9107516759280005,-1.5295203439572995,synthetic,,,,
505.0,,own,999510000,OWN SHIP,0.12398230195555492,1.2406385750348918,-38.02932269041608,144.85262405340487,9.0,20.0,20.0,1,,,,,synthetic,,,,
505.0,,target,999510101,CROSS STBD,-0.9833333333333334,0.5249999999999997,-38.04125,144.82918800392662,12.0,270.0,270.0,18,danger,safe,0.08246748232556561,-274.0098448431559,synthetic,,,,
505.0,,target,999510201,SAFE PASS,2.0,0.8777777777777778,-38.035370370370366,144.8923294835391,8.0,180.0,180.0,18,safe,safe,1.9107516759280008,-2.529520343957298,synthetic,,,,
506.0,,own,999510000,OWN SHIP,0.12483735231386908,1.2429878065868567,-38.02928353655688,144.85264215032493,9.0,20.0,20.0,1,,,,,synthetic,,,,
506.0,,target,999510101,CROSS STBD,-0.9866666666666668,0.5249999999999997,-38.04125,144.82911745478737,12.0,270.0,270.0,18,danger,safe,0.0824674823255657,-275.00984484315586,synthetic,,,,
506.0,,target,999510201,SAFE PASS,2.0,0.8755555555555556,-38.035407407407405,144.8923294835391,8.0,180.0,180.0,18,safe,safe,1.9107516759280005,-3.5295203439572966,synthetic,,,,
507.0,,own,999510000,OWN SHIP,0.12569240267218326,1.2453370381388214,-38.029244382697684,144.85266024724496,9.0,20.0,20.0,1,,,,,synthetic,,,,
507.0,,target,999510101,CROSS STBD,-0.9900000000000002,0.5249999999999997,-38.04125,144.82904690564814,12.0,270.0,270.0,18,danger,safe,0.08246748232556542,-276.009844843156,synthetic,,,,
507.0,,target,999510201,SAFE PASS,2.0,0.8733333333333333,-38.035444444444444,144.8923294835391,8.0,180.0,180.0,18,safe,safe,1.9107516759280005,-4.529520343957295,synthetic,,,,
508.0,,own,999510000,OWN SHIP,0.12654745303049744,1.247686269690786,-38.029205228838485,144.85267834416499,9.0,20.0,20.0,1,,,,,synthetic,,,,
508.0,,target,999510101,CROSS STBD,-0.9933333333333334,0.5249999999999997,-38.04125,144.82897635650892,12.0,270.0,270.0,18,danger,safe,0.0824674823255653,-277.0098448431559,synthetic,,,,
508.0,,target,999510201,SAFE PASS,2.0,0.8711111111111112,-38.035481481481476,144.8923294835391,8.0,180.0,180.0,18,safe,safe,1.9107516759280005,-5.529520343957254,synthetic,,,,
509.0,,own,999510000,OWN SHIP,0.1274025033888116,1.2500355012427509,-38.02916607497929,144.85269644108502,9.0,20.0,20.0,1,,,,,synthetic,,,,
509.0,,target,999510101,CROSS STBD,-0.9966666666666668,0.5249999999999997,-38.04125,144.82890580736967,12.0,270.0,270.0,18,danger,safe,0.08246748232556551,-278.0098448431559,synthetic,,,,
509.0,,target,999510201,SAFE PASS,2.0,0.8688888888888888,-38.035518518518515,144.8923294835391,8.0,180.0,180.0,18,safe,safe,1.9107516759280008,-6.529520343957302,synthetic,,,,
510.0,,own,999510000,OWN SHIP,0.12825755374712577,1.2523847327947157,-38.02912692112009,144.85271453800505,9.0,20.0,20.0,1,,,,,synthetic,,,,
510.0,,target,999510101,CROSS STBD,-1.0000000000000002,0.5249999999999997,-38.04125,144.82883525823044,12.0,270.0,270.0,18,danger,safe,0.0824674823255655,-279.0098448431559,synthetic,,,,
510.0,,target,999510201,SAFE PASS,2.0,0.8666666666666667,-38.035555555555554,144.8923294835391,8.0,180.0,180.0,18,safe,safe,1.9107516759280005,-7.529520343957301,synthetic,,,,
511.0,,own,999510000,OWN SHIP,0.12911260410543995,1.2547339643466804,-38.02908776726088,144.85273263492508,9.0,20.0,20.0,1,,,,,synthetic,,,,
511.0,,target,999510101,CROSS STBD,-1.0033333333333334,0.5249999999999997,-38.04125,144.82876470909122,12.0,270.0,270.0,18,danger,safe,0.08246748232556551,-280.0098448431559,synthetic,,,,
511.0,,target,999510201,SAFE PASS,2.0,0.8644444444444443,-38.03559259259259,144.8923294835391,8.0,180.0,180.0,18,safe,safe,1.9107516759280005,-8.5295203439573,synthetic,,,,
512.0,,own,999510000,OWN SHIP,0.1299676544637541,1.2570831958986453,-38.029048613401685,144.8527507318451,9.0,20.0,20.0,1,,,,,synthetic,,,,
512.0,,target,999510101,CROSS STBD,-1.0066666666666668,0.5249999999999997,-38.04125,144.828694159952,12.0,270.0,270.0,18,danger,safe,0.08246748232556561,-281.0098448431559,synthetic,,,,
512.0,,target,999510201,SAFE PASS,2.0,0.8622222222222222,-38.035629629629625,144.8923294835391,8.0,180.0,180.0,18,safe,safe,1.9107516759280008,-9.529520343957298,synthetic,,,,
513.0,,own,999510000,OWN SHIP,0.1308227048220683,1.25943242745061,-38.029009459542486,144.85276882876514,9.0,20.0,20.0,1,,,,,synthetic,,,,
513.0,,target,999510101,CROSS STBD,-1.0100000000000002,0.5249999999999997,-38.04125,144.82862361081274,12.0,270.0,270.0,18,danger,safe,0.0824674823255654,-282.0098448431559,synthetic,,,,
513.0,,target,999510201,SAFE PASS,2.0,0.8600000000000001,-38.035666666666664,144.8923294835391,8.0,180.0,180.0,18,safe,safe,1.9107516759280005,-10.529520343957257,synthetic,,,,
514.0,,own,999510000,OWN SHIP,0.13167775518038247,1.2617816590025748,-38.02897030568329,144.8527869256852,9.0,20.0,20.0,1,,,,,synthetic,,,,
514.0,,target,999510101,CROSS STBD,-1.0133333333333334,0.5249999999999997,-38.04125,144.82855306167352,12.0,270.0,270.0,18,danger,safe,0.08246748232556561,-283.0098448431559,synthetic,,,,
514.0,,target,999510201,SAFE PASS,2.0,0.8577777777777778,-38.0357037037037,144.8923294835391,8.0,180.0,180.0,18,safe,safe,1.9107516759280005,-11.529520343957305,synthetic,,,,
515.0,,own,999510000,OWN SHIP,0.13253280553869665,1.2641308905545396,-38.02893115182409,144.85280502260522,9.0,20.0,20.0,1,,,,,synthetic,,,,
515.0,,target,999510101,CROSS STBD,-1.0166666666666668,0.5249999999999997,-38.04125,144.8284825125343,12.0,270.0,270.0,18,danger,safe,0.0824674823255655,-284.0098448431559,synthetic,,,,
515.0,,target,999510201,SAFE PASS,2.0,0.8555555555555556,-38.035740740740735,144.8923294835391,8.0,180.0,180.0,18,safe,safe,1.9107516759280005,-12.529520343957303,synthetic,,,,
516.0,,own,999510000,OWN SHIP,0.1333878558970108,1.2664801221065043,-38.02889199796489,144.85282311952525,9.0,20.0,20.0,1,,,,,synthetic,,,,
516.0,,target,999510101,CROSS STBD,-1.0200000000000002,0.5249999999999997,-38.04125,144.82841196339504,12.0,270.0,270.0,18,danger,safe,0.0824674823255654,-285.0098448431559,synthetic,,,,
516.0,,target,999510201,SAFE PASS,2.0,0.8533333333333333,-38.035777777777774,144.8923294835391,8.0,180.0,180.0,18,safe,safe,1.9107516759280005,-13.529520343957303,synthetic,,,,
517.0,,own,999510000,OWN SHIP,0.13424290625532498,1.268829353658469,-38.02885284410569,144.85284121644528,9.0,20.0,20.0,1,,,,,synthetic,,,,
517.0,,target,999510101,CROSS STBD,-1.0233333333333334,0.5249999999999997,-38.04125,144.82834141425582,12.0,270.0,270.0,18,danger,safe,0.0824674823255654,-286.00984484315586,synthetic,,,,
517.0,,target,999510201,SAFE PASS,2.0,0.8511111111111112,-38.03581481481481,144.8923294835391,8.0,180.0,180.0,18,safe,safe,1.9107516759280005,-14.529520343957252,synthetic,,,,
518.0,,own,999510000,OWN SHIP,0.13509795661363916,1.2711785852104338,-38.02881369024649,144.85285931336531,9.0,20.0,20.0,1,,,,,synthetic,,,,
518.0,,target,999510101,CROSS STBD,-1.0266666666666668,0.5249999999999997,-38.04125,144.8282708651166,12.0,270.0,270.0,18,danger,safe,0.08246748232556542,-287.009844843156,synthetic,,,,
518.0,,target,999510201,SAFE PASS,2.0,0.8488888888888888,-38.03585185185185,144.8923294835391,8.0,180.0,180.0,18,safe,safe,1.9107516759280005,-15.5295203439573,synthetic,,,,
519.0,,own,999510000,OWN SHIP,0.1359530069719533,1.2735278167623987,-38.02877453638729,144.85287741028534,9.0,20.0,20.0,1,,,,,synthetic,,,,
519.0,,target,999510101,CROSS STBD,-1.0300000000000002,0.5249999999999997,-38.04125,144.82820031597737,12.0,270.0,270.0,18,danger,safe,0.0824674823255655,-288.0098448431559,synthetic,,,,
519.0,,target,999510201,SAFE PASS,2.0,0.8466666666666667,-38.035888888888884,144.8923294835391,8.0,180.0,180.0,18,safe,safe,1.9107516759280008,-16.529520343957298,synthetic,,,,
520.0,,own,999510000,OWN SHIP,0.1368080573302675,1.2758770483143633,-38.02873538252809,144.85289550720537,9.0,20.0,20.0,1,,,,,synthetic,,,,
520.0,,target,999510101,CROSS STBD,-1.0333333333333334,0.5249999999999997,-38.04125,144.82812976683812,12.0,270.0,270.0,18,danger,safe,0.08246748232556551,-289.0098448431559,synthetic,,,,
520.0,,target,999510201,SAFE PASS,2.0,0.8444444444444446,-38.03592592592592,144.8923294835391,8.0,180.0,180.0,18,safe,safe,1.9107516759280005,-17.529520343957255,synthetic,,,,
521.0,,own,999510000,OWN SHIP,0.13766310768858167,1.2782262798663282,-38.02869622866889,144.8529136041254,9.0,20.0,20.0,1,,,,,synthetic,,,,
521.0,,target,999510101,CROSS STBD,-1.0366666666666668,0.5249999999999997,-38.04125,144.8280592176989,12.0,270.0,270.0,18,danger,safe,0.08246748232556551,-290.009844843156,synthetic,,,,
521.0,,target,999510201,SAFE PASS,2.0,0.8422222222222222,-38.03596296296296,144.8923294835391,8.0,180.0,180.0,18,safe,safe,1.9107516759280005,-18.529520343957305,synthetic,,,,
522.0,,own,999510000,OWN SHIP,0.13851815804689585,1.2805755114182928,-38.02865707480969,144.85293170104546,9.0,20.0,20.0,1,,,,,synthetic,,,,
522.0,,target,999510101,CROSS STBD,-1.0400000000000003,0.5249999999999997,-38.04125,144.82798866855967,12.0,270.0,270.0,18,danger,safe,0.0824674823255654,-291.0098448431559,synthetic,,,,
522.0,,target,999510201,SAFE PASS,2.0,0.8400000000000001,-38.035999999999994,144.8923294835391,8.0,180.0,180.0,18,safe,safe,1.9107516759280005,-19.529520343957255,synthetic,,,,
523.0,,own,999510000,OWN SHIP,0.13937320840521,1.2829247429702577,-38.028617920950495,144.8529497979655,9.0,20.0,20.0,1,,,,,synthetic,,,,
523.0,,target,999510101,CROSS STBD,-1.0433333333333334,0.5249999999999997,-38.04125,144.82791811942042,12.0,270.0,270.0,18,danger,safe,0.08246748232556561,-292.0098448431559,synthetic,,,,
523.0,,target,999510201,SAFE PASS,2.0,0.8377777777777777,-38.03603703703703,144.8923294835391,8.0,180.0,180.0,18,safe,safe,1.9107516759280005,-20.5295203439573,synthetic,,,,
524.0,,own,999510000,OWN SHIP,0.14022825876352418,1.2852739745222226,-38.0285787670913,144.85296789488552,9.0,20.0,20.0,1,,,,,synthetic,,,,
524.0,,target,999510101,CROSS STBD,-1.0466666666666669,0.5249999999999997,-38.04125,144.8278475702812,12.0,270.0,270.0,18,danger,safe,0.0824674823255655,-293.0098448431559,synthetic,,,,
524.0,,target,999510201,SAFE PASS,2.0,0.8355555555555556,-38.03607407407407,144.8923294835391,8.0,180.0,180.0,18,safe,safe,1.9107516759280005,-21.529520343957312,synthetic,,,,
525.0,,own,999510000,OWN SHIP,0.14108330912183836,1.2876232060741872,-38.02853961323209,144.85298599180555,9.0,20.0,20.0,1,,,,,synthetic,,,,
525.0,,target,999510101,CROSS STBD,-1.0500000000000003,0.5249999999999997,-38.04125,144.82777702114197,12.0,270.0,270.0,18,danger,safe,0.08246748232556542,-294.009844843156,synthetic,,,,
525.0,,target,999510201,SAFE PASS,2.0,0.8333333333333333,-38.03611111111111,144.8923294835391,8.0,180.0,180.0,18,safe,safe,1.9107516759280005,-22.5295203439573,synthetic,,,,
526.0,,own,999510000,OWN SHIP,0.14193835948015252,1.2899724376261519,-38.02850045937289,144.85300408872558,9.0,20.0,20.0,1,,,,,synthetic,,,,
526.0,,target,999510101,CROSS STBD,-1.0533333333333335,0.5249999999999997,-38.04125,144.82770647200275,12.0,270.0,270.0,18,danger,safe,0.08246748232556542,-295.0098448431559,synthetic,,,,
526.0,,target,999510201,SAFE PASS,2.0,0.8311111111111111,-38.03614814814814,144.8923294835391,8.0,180.0,180.0,18,safe,safe,1.9107516759280005,-23.52952034395725,synthetic,,,,
527.0,,own,999510000,OWN SHIP,0.1427934098384667,1.2923216691781167,-38.028461305513694,144.8530221856456,9.0,20.0,20.0,1,,,,,synthetic,,,,
527.0,,target,999510101,CROSS STBD,-1.0566666666666669,0.5249999999999997,-38.04125,144.8276359228635,12.0,270.0,270.0,18,danger,safe,0.0824674823255654,-296.0098448431559,synthetic,,,,
527.0,,target,999510201,SAFE PASS,2.0,0.8288888888888888,-38.03618518518518,144.8923294835391,8.0,180.0,180.0,18,safe,safe,1.9107516759280005,-24.529520343957298,synthetic,,,,
528.0,,own,999510000,OWN SHIP,0.14364846019678087,1.2946709007300816,-38.028422151654496,144.85304028256564,9.0,20.0,20.0,1,,,,,synthetic,,,,
528.0,,target,999510101,CROSS STBD,-1.06,0.5249999999999997,-38.04125,144.82756537372427,12.0,270.0,270.0,18,danger,safe,0.08246748232556561,-297.0098448431559,synthetic,,,,
528.0,,target,999510201,SAFE PASS,2.0,0.8266666666666667,-38.03622222222222,144.8923294835391,8.0,180.0,180.0,18,safe,safe,1.9107516759280005,-25.529520343957305,synthetic,,,,
529.0,,own,999510000,OWN SHIP,0.14450351055509503,1.2970201322820463,-38.0283829977953,144.85305837948567,9.0,20.0,20.0,1,,,,,synthetic,,,,
529.0,,target,999510101,CROSS STBD,-1.0633333333333335,0.5249999999999997,-38.04125,144.82749482458505,12.0,270.0,270.0,18,danger,safe,0.08246748232556551,-298.0098448431559,synthetic,,,,
529.0,,target,999510201,SAFE PASS,2.0,0.8244444444444445,-38.03625925925925,144.8923294835391,8.0,180.0,180.0,18,safe,safe,1.9107516759280008,-26.529520343957255,synthetic,,,,
530.0,,own,999510000,OWN SHIP,0.1453585609134092,1.2993693638340111,-38.0283438439361,144.85307647640573,9.0,20.0,20.0,1,,,,,synthetic,,,,
530.0,,target,999510101,CROSS STBD,-1.0666666666666669,0.5249999999999997,-38.04125,144.82742427544582,12.0,270.0,270.0,18,danger,safe,0.0824674823255655,-299.0098448431559,synthetic,,,,
530.0,,target,999510201,SAFE PASS,2.0,0.8222222222222222,-38.03629629629629,144.8923294835391,8.0,180.0,180.0,18,safe,safe,1.9107516759280005,-27.5295203439573,synthetic,,,,
531.0,,own,999510000,OWN SHIP,0.1462136112717234,1.3017185953859758,-38.0283046900769,144.85309457332576,9.0,20.0,20.0,1,,,,,synthetic,,,,
531.0,,target,999510101,CROSS STBD,-1.07,0.5249999999999997,-38.04125,144.82735372630657,12.0,270.0,270.0,18,danger,safe,0.08246748232556551,-300.0098448431559,synthetic,,,,
531.0,,target,999510201,SAFE PASS,2.0,0.8200000000000001,-38.03633333333333,144.8923294835391,8.0,180.0,180.0,18,safe,safe,1.9107516759280005,-28.529520343957252,synthetic,,,,
532.0,,own,999510000,OWN SHIP,0.14706866163003757,1.3040678269379407,-38.028265536217695,144.8531126702458,9.0,20.0,20.0,1,,,,,synthetic,,,,
532.0,,target,999510101,CROSS STBD,-1.0733333333333335,0.5249999999999997,-38.04125,144.82728317716735,12.0,270.0,270.0,18,danger,safe,0.08246748232556542,-301.009844843156,synthetic,,,,
532.0,,target,999510201,SAFE PASS,2.0,0.8177777777777777,-38.03637037037037,144.8923294835391,8.0,180.0,180.0,18,safe,safe,1.9107516759280005,-29.5295203439573,synthetic,,,,
533.0,,own,999510000,OWN SHIP,0.14792371198835172,1.3064170584899055,-38.0282263823585,144.85313076716582,9.0,20.0,20.0,1,,,,,synthetic,,,,
533.0,,target,999510101,CROSS STBD,-1.0766666666666669,0.5249999999999997,-38.04125,144.82721262802812,12.0,270.0,270.0,18,danger,safe,0.08246748232556561,-302.0098448431559,synthetic,,,,
533.0,,target,999510201,SAFE PASS,2.0,0.8155555555555556,-38.0364074074074,144.8923294835391,8.0,180.0,180.0,18,safe,safe,1.9107516759280008,-30.52952034395731,synthetic,,,,
534.0,,own,999510000,OWN SHIP,0.1487787623466659,1.3087662900418702,-38.0281872284993,144.85314886408585,9.0,20.0,20.0,1,,,,,synthetic,,,,
534.0,,target,999510101,CROSS STBD,-1.08,0.5249999999999997,-38.04125,144.82714207888887,12.0,270.0,270.0,18,danger,safe,0.08246748232556551,-303.0098448431559,synthetic,,,,
534.0,,target,999510201,SAFE PASS,2.0,0.8133333333333332,-38.03644444444444,144.8923294835391,8.0,180.0,180.0,18,safe,safe,1.9107516759280005,-31.529520343957298,synthetic,,,,
535.0,,own,999510000,OWN SHIP,0.14963381270498008,1.3111155215938348,-38.0281480746401,144.85316696100588,9.0,20.0,20.0,1,,,,,synthetic,,,,
535.0,,target,999510101,CROSS STBD,-1.0833333333333335,0.5249999999999997,-38.04125,144.82707152974965,12.0,270.0,270.0,18,danger,safe,0.0824674823255653,-304.0098448431559,synthetic,,,,
535.0,,target,999510201,SAFE PASS,2.0,0.8111111111111111,-38.03648148148148,144.8923294835391,8.0,180.0,180.0,18,safe,safe,1.9107516759280005,-32.529520343957266,synthetic,,,,
536.0,,own,999510000,OWN SHIP,0.15048886306329423,1.3134647531457997,-38.0281089207809,144.8531850579259,9.0,20.0,20.0,1,,,,,synthetic,,,,
536.0,,target,999510101,CROSS STBD,-1.086666666666667,0.5249999999999997,-38.04125,144.82700098061042,12.0,270.0,270.0,18,danger,safe,0.08246748232556542,-305.009844843156,synthetic,,,,
536.0,,target,999510201,SAFE PASS,2.0,0.808888888888889,-38.03651851851851,144.8923294835391,8.0,180.0,180.0,18,safe,safe,1.9107516759280005,-33.529520343957266,synthetic,,,,
537.0,,own,999510000,OWN SHIP,0.1513439134216084,1.3158139846977646,-38.0280697669217,144.85320315484594,9.0,20.0,20.0,1,,,,,synthetic,,,,
537.0,,target,999510101,CROSS STBD,-1.09,0.5249999999999997,-38.04125,144.8269304314712,12.0,270.0,270.0,18,danger,safe,0.0824674823255656,-306.00984484315586,synthetic,,,,
537.0,,target,999510201,SAFE PASS,2.0,0.8066666666666666,-38.03655555555555,144.8923294835391,8.0,180.0,180.0,18,safe,safe,1.9107516759280005,-34.5295203439573,synthetic,,,,
538.0,,own,999510000,OWN SHIP,0.1521989637799226,1.3181632162497292,-38.028030613062505,144.853221251766,9.0,20.0,20.0,1,,,,,synthetic,,,,
538.0,,target,999510101,CROSS STBD,-1.0933333333333335,0.5249999999999997,-38.04125,144.82685988233195,12.0,270.0,270.0,18,danger,safe,0.0824674823255654,-307.0098448431559,synthetic,,,,
538.0,,target,999510201,SAFE PASS,2.0,0.8044444444444445,-38.03659259259259,144.8923294835391,8.0,180.0,180.0,18,safe,safe,1.9107516759280005,-35.52952034395725,synthetic,,,,
539.0,,own,999510000,OWN SHIP,0.15305401413823677,1.320512447801694,-38.0279914592033,144.85323934868603,9.0,20.0,20.0,1,,,,,synthetic,,,,
539.0,,target,999510101,CROSS STBD,-1.096666666666667,0.5249999999999997,-38.04125,144.82678933319272,12.0,270.0,270.0,18,danger,safe,0.0824674823255655,-308.0098448431559,synthetic,,,,
539.0,,target,999510201,SAFE PASS,2.0,0.8022222222222222,-38.03662962962963,144.8923294835391,8.0,180.0,180.0,18,safe,safe,1.9107516759280005,-36.5295203439573,synthetic,,,,
540.0,,own,999510000,OWN SHIP,0.15390906449655092,1.3228616793536587,-38.0279523053441,144.85325744560606,9.0,20.0,20.0,1,,,,,synthetic,,,,
540.0,,target,999510101,CROSS STBD,-1.1,0.5249999999999997,-38.04125,144.8267187840535,12.0,270.0,270.0,18,danger,safe,0.08246748232556551,-309.0098448431559,synthetic,,,,
540.0,,target,999510201,SAFE PASS,2.0,0.8,-38.03666666666666,144.8923294835391,8.0,180.0,180.0,18,safe,safe,1.9107516759280005,-37.529520343957266,synthetic,,,,
541.0,,own,999510000,OWN SHIP,0.1547641148548651,1.3252109109056236,-38.0279131514849,144.8532755425261,9.0,20.0,20.0,1,,,,,synthetic,,,,
541.0,,target,999510101,CROSS STBD,-1.1033333333333335,0.5249999999999997,-38.04125,144.82664823491424,12.0,270.0,270.0,18,danger,safe,0.08246748232556551,-310.0098448431559,synthetic,,,,
541.0,,target,999510201,SAFE PASS,2.0,0.7977777777777777,-38.0367037037037,144.8923294835391,8.0,180.0,180.0,18,safe,safe,1.9107516759280005,-38.529520343957316,synthetic,,,,
542.0,,own,999510000,OWN SHIP,0.15561916521317928,1.3275601424575885,-38.027873997625704,144.85329363944612,9.0,20.0,20.0,1,,,,,synthetic,,,,
542.0,,target,999510101,CROSS STBD,-1.106666666666667,0.5249999999999997,-38.04125,144.82657768577502,12.0,270.0,270.0,18,danger,safe,0.08246748232556551,-311.009844843156,synthetic,,,,
542.0,,target,999510201,SAFE PASS,2.0,0.7955555555555556,-38.03674074074074,144.8923294835391,8.0,180.0,180.0,18,safe,safe,1.9107516759280005,-39.52952034395731,synthetic,,,,
543.0,,own,999510000,OWN SHIP,0.15647421557149344,1.3299093740095531,-38.027834843766506,144.85331173636615,9.0,20.0,20.0,1,,,,,synthetic,,,,
543.0,,target,999510101,CROSS STBD,-1.11,0.5249999999999997,-38.04125,144.8265071366358,12.0,270.0,270.0,18,danger,safe,0.0824674823255654,-312.0098448431559,synthetic,,,,
543.0,,target,999510201,SAFE PASS,2.0,0.7933333333333332,-38.03677777777777,144.8923294835391,8.0,180.0,180.0,18,safe,safe,1.9107516759280008,-40.529520343957316,synthetic,,,,
544.0,,own,999510000,OWN SHIP,0.15732926592980762,1.3322586055615178,-38.02779568990731,144.85332983328618,9.0,20.0,20.0,1,,,,,synthetic,,,,
544.0,,target,999510101,CROSS STBD,-1.1133333333333335,0.5249999999999997,-38.04125,144.82643658749657,12.0,270.0,270.0,18,danger,safe,0.08246748232556542,-313.0098448431559,synthetic,,,,
544.0,,target,999510201,SAFE PASS,2.0,0.7911111111111111,-38.03681481481481,144.8923294835391,8.0,180.0,180.0,18,safe,safe,1.9107516759280005,-41.529520343957266,synthetic,,,,
545.0,,own,999510000,OWN SHIP,0.1581843162881218,1.3346078371134826,-38.02775653604811,144.8533479302062,9.0,20.0,20.0,1,,,,,synthetic,,,,
545.0,,target,999510101,CROSS STBD,-1.116666666666667,0.5249999999999997,-38.04125,144.82636603835732,12.0,270.0,270.0,18,danger,safe,0.08246748232556542,-314.009844843156,synthetic,,,,
545.0,,target,999510201,SAFE PASS,2.0,0.788888888888889,-38.03685185185185,144.8923294835391,8.0,180.0,180.0,18,safe,safe,1.9107516759280005,-42.52952034395727,synthetic,,,,
546.0,,own,999510000,OWN SHIP,0.15903936664643598,1.3369570686654475,-38.027717382188904,144.85336602712627,9.0,20.0,20.0,1,,,,,synthetic,,,,
546.0,,target,999510101,CROSS STBD,-1.12,0.5249999999999997,-38.04125,144.8262954892181,12.0,270.0,270.0,18,danger,safe,0.0824674823255655,-315.0098448431559,synthetic,,,,
546.0,,target,999510201,SAFE PASS,2.0,0.7866666666666666,-38.03688888888889,144.8923294835391,8.0,180.0,180.0,18,safe,safe,1.9107516759280005,-43.52952034395732,synthetic,,,,
547.0,,own,999510000,OWN SHIP,0.15989441700475013,1.3393063002174121,-38.027678228329705,144.8533841240463,9.0,20.0,20.0,1,,,,,synthetic,,,,
547.0,,target,999510101,CROSS STBD,-1.1233333333333335,0.5249999999999997,-38.04125,144.82622494007887,12.0,270.0,270.0,18,danger,safe,0.08246748232556551,-316.0098448431559,synthetic,,,,
547.0,,target,999510201,SAFE PASS,2.0,0.7844444444444445,-38.03692592592592,144.8923294835391,8.0,180.0,180.0,18,safe,safe,1.9107516759280005,-44.529520343957266,synthetic,,,,
548.0,,own,999510000,OWN SHIP,0.1607494673630643,1.341655531769377,-38.02763907447051,144.85340222096633,9.0,20.0,20.0,1,,,,,synthetic,,,,
548.0,,target,999510101,CROSS STBD,-1.126666666666667,0.5249999999999997,-38.04125,144.82615439093962,12.0,270.0,270.0,18,danger,safe,0.08246748232556542,-317.009844843156,synthetic,,,,
548.0,,target,999510201,SAFE PASS,2.0,0.7822222222222222,-38.03696296296296,144.8923294835391,8.0,180.0,180.0,18,safe,safe,1.9107516759280005,-45.529520343957316,synthetic,,,,
549.0,,own,999510000,OWN SHIP,0.1616045177213785,1.3440047633213417,-38.02759992061131,144.85342031788636,9.0,20.0,20.0,1,,,,,synthetic,,,,
549.0,,target,999510101,CROSS STBD,-1.1300000000000001,0.5249999999999997,-38.04125,144.8260838418004,12.0,270.0,270.0,18,danger,safe,0.0824674823255654,-318.0098448431559,synthetic,,,,
549.0,,target,999510201,SAFE PASS,2.0,0.78,-38.037,144.8923294835391,8.0,180.0,180.0,18,safe,safe,1.9107516759280005,-46.529520343957266,synthetic,,,,
550.0,,own,999510000,OWN SHIP,0.16245956807969264,1.3463539948733065,-38.02756076675211,144.8534384148064,9.0,20.0,20.0,1,,,,,synthetic,,,,
550.0,,target,999510101,CROSS STBD,-1.1333333333333335,0.5249999999999997,-38.04125,144.82601329266117,12.0,270.0,270.0,18,danger,safe,0.08246748232556551,-319.0098448431559,synthetic,,,,
550.0,,target,999510201,SAFE PASS,2.0,0.7777777777777777,-38.03703703703703,144.8923294835391,8.0,180.0,180.0,18,safe,safe,1.9107516759280005,-47.52952034395732,synthetic,,,,
551.0,,own,999510000,OWN SHIP,0.16331461843800682,1.3487032264252714,-38.02752161289291,144.85345651172642,9.0,20.0,20.0,1,,,,,synthetic,,,,
551.0,,target,999510101,CROSS STBD,-1.136666666666667,0.5249999999999997,-38.04125,144.82594274352195,12.0,270.0,270.0,18,danger,safe,0.08246748232556551,-320.009844843156,synthetic,,,,
551.0,,target,999510201,SAFE PASS,2.0,0.7755555555555556,-38.03707407407407,144.8923294835391,8.0,180.0,180.0,18,safe,safe,1.9107516759280005,-48.5295203439573,synthetic,,,,
552.0,,own,999510000,OWN SHIP,0.164169668796321,1.351052457977236,-38.02748245903371,144.85347460864645,9.0,20.0,20.0,1,,,,,synthetic,,,,
552.0,,target,999510101,CROSS STBD,-1.1400000000000001,0.5249999999999997,-38.04125,144.8258721943827,12.0,270.0,270.0,18,danger,safe,0.08246748232556551,-321.0098448431559,synthetic,,,,
552.0,,target,999510201,SAFE PASS,2.0,0.7733333333333334,-38.03711111111111,144.8923294835391,8.0,180.0,180.0,18,safe,safe,1.9107516759280005,-49.52952034395727,synthetic,,,,
553.0,,own,999510000,OWN SHIP,0.16502471915463515,1.3534016895292007,-38.02744330517451,144.85349270556648,9.0,20.0,20.0,1,,,,,synthetic,,,,
553.0,,target,999510101,CROSS STBD,-1.1433333333333335,0.5249999999999997,-38.04125,144.82580164524347,12.0,270.0,270.0,18,danger,safe,0.0824674823255653,-322.0098448431559,synthetic,,,,
553.0,,target,999510201,SAFE PASS,2.0,0.7711111111111111,-38.03714814814815,144.8923294835391,8.0,180.0,180.0,18,safe,safe,1.9107516759280005,-50.52952034395727,synthetic,,,,
554.0,,own,999510000,OWN SHIP,0.16587976951294933,1.3557509210811656,-38.02740415131531,144.85351080248654,9.0,20.0,20.0,1,,,,,synthetic,,,,
554.0,,target,999510101,CROSS STBD,-1.1466666666666667,0.5249999999999997,-38.04125,144.82573109610425,12.0,270.0,270.0,18,danger,safe,0.0824674823255655,-323.00984484315586,synthetic,,,,
554.0,,target,999510201,SAFE PASS,2.0,0.768888888888889,-38.03718518518518,144.8923294835391,8.0,180.0,180.0,18,safe,safe,1.9107516759280005,-51.529520343957266,synthetic,,,,
555.0,,own,999510000,OWN SHIP,0.1667348198712635,1.3581001526331304,-38.02736499745611,144.85352889940657,9.0,20.0,20.0,1,,,,,synthetic,,,,
555.0,,target,999510101,CROSS STBD,-1.1500000000000001,0.5249999999999997,-38.04125,144.82566054696503,12.0,270.0,270.0,18,danger,safe,0.08246748232556561,-324.0098448431559,synthetic,,,,
555.0,,target,999510201,SAFE PASS,2.0,0.7666666666666666,-38.03722222222222,144.8923294835391,8.0,180.0,180.0,18,safe,safe,1.9107516759280005,-52.529520343957316,synthetic,,,,
556.0,,own,999510000,OWN SHIP,0.1675898702295777,1.360449384185095,-38.02732584359691,144.8535469963266,9.0,20.0,20.0,1,,,,,synthetic,,,,
556.0,,target,999510101,CROSS STBD,-1.1533333333333335,0.5249999999999997,-38.04125,144.82558999782577,12.0,270.0,270.0,18,danger,safe,0.0824674823255654,-325.0098448431559,synthetic,,,,
556.0,,target,999510201,SAFE PASS,2.0,0.7644444444444445,-38.03725925925926,144.8923294835391,8.0,180.0,180.0,18,safe,safe,1.9107516759280005,-53.529520343957266,synthetic,,,,
557.0,,own,999510000,OWN SHIP,0.16844492058789184,1.36279861573706,-38.027286689737714,144.85356509324663,9.0,20.0,20.0,1,,,,,synthetic,,,,
557.0,,target,999510101,CROSS STBD,-1.1566666666666667,0.5249999999999997,-38.04125,144.82551944868655,12.0,270.0,270.0,18,danger,safe,0.0824674823255656,-326.00984484315586,synthetic,,,,
557.0,,target,999510201,SAFE PASS,2.0,0.7622222222222221,-38.03729629629629,144.8923294835391,8.0,180.0,180.0,18,safe,safe,1.9107516759280008,-54.529520343957316,synthetic,,,,
558.0,,own,999510000,OWN SHIP,0.16929997094620602,1.3651478472890246,-38.027247535878516,144.85358319016666,9.0,20.0,20.0,1,,,,,synthetic,,,,
558.0,,target,999510101,CROSS STBD,-1.1600000000000001,0.5249999999999997,-38.04125,144.82544889954733,12.0,270.0,270.0,18,danger,safe,0.0824674823255655,-327.00984484315586,synthetic,,,,
558.0,,target,999510201,SAFE PASS,2.0,0.76,-38.03733333333333,144.8923294835391,8.0,180.0,180.0,18,safe,safe,1.9107516759280005,-55.529520343957266,synthetic,,,,
559.0,,own,999510000,OWN SHIP,0.1701550213045202,1.3674970788409895,-38.02720838201932,144.8536012870867,9.0,20.0,20.0,1,,,,,synthetic,,,,
559.0,,target,999510101,CROSS STBD,-1.1633333333333336,0.5249999999999997,-38.04125,144.82537835040807,12.0,270.0,270.0,18,danger,safe,0.0824674823255654,-328.0098448431559,synthetic,,,,
559.0,,target,999510201,SAFE PASS,2.0,0.7577777777777779,-38.03737037037037,144.8923294835391,8.0,180.0,180.0,18,safe,safe,1.9107516759280005,-56.52952034395727,synthetic,,,,
560.0,,own,999510000,OWN SHIP,0.17101007166283436,1.3698463103929543,-38.02716922816011,144.85361938400672,9.0,20.0,20.0,1,,,,,synthetic,,,,
560.0,,target,999510101,CROSS STBD,-1.1666666666666667,0.5249999999999997,-38.04125,144.82530780126885,12.0,270.0,270.0,18,danger,safe,0.08246748232556561,-329.0098448431559,synthetic,,,,
560.0,,target,999510201,SAFE PASS,2.0,0.7555555555555555,-38.03740740740741,144.8923294835391,8.0,180.0,180.0,18,safe,safe,1.9107516759280005,-57.52952034395733,synthetic,,,,
561.0,,own,999510000,OWN SHIP,0.17186512202114854,1.372195541944919,-38.02713007430091,144.85363748092675,9.0,20.0,20.0,1,,,,,synthetic,,,,
561.0,,target,999510101,CROSS STBD,-1.1700000000000002,0.5249999999999997,-38.04125,144.82523725212963,12.0,270.0,270.0,18,danger,safe,0.08246748232556551,-330.0098448431559,synthetic,,,,
561.0,,target,999510201,SAFE PASS,2.0,0.7533333333333334,-38.03744444444444,144.8923294835391,8.0,180.0,180.0,18,safe,safe,1.9107516759280005,-58.529520343957266,synthetic,,,,
562.0,,own,999510000,OWN SHIP,0.17272017237946272,1.3745447734968836,-38.027090920441715,144.8536555778468,9.0,20.0,20.0,1,,,,,synthetic,,,,
562.0,,target,999510101,CROSS STBD,-1.1733333333333336,0.5249999999999997,-38.04125,144.8251667029904,12.0,270.0,270.0,18,danger,safe,0.0824674823255653,-331.0098448431559,synthetic,,,,
562.0,,target,999510201,SAFE PASS,2.0,0.7511111111111111,-38.03748148148148,144.8923294835391,8.0,180.0,180.0,18,safe,safe,1.9107516759280005,-59.52952034395728,synthetic,,,,
563.0,,own,999510000,OWN SHIP,0.1735752227377769,1.3768940050488485,-38.02705176658252,144.85367367476684,9.0,20.0,20.0,1,,,,,synthetic,,,,
563.0,,target,999510101,CROSS STBD,-1.1766666666666667,0.5249999999999997,-38.04125,144.82509615385115,12.0,270.0,270.0,18,danger,safe,0.08246748232556551,-332.0098448431559,synthetic,,,,
563.0,,target,999510201,SAFE PASS,2.0,0.7488888888888889,-38.03751851851852,144.8923294835391,8.0,180.0,180.0,18,safe,safe,1.9107516759280005,-60.529520343957266,synthetic,,,,
564.0,,own,999510000,OWN SHIP,0.17443027309609105,1.3792432366008134,-38.02701261272332,144.85369177168687,9.0,20.0,20.0,1,,,,,synthetic,,,,
564.0,,target,999510101,CROSS STBD,-1.1800000000000002,0.5249999999999997,-38.04125,144.82502560471193,12.0,270.0,270.0,18,danger,safe,0.08246748232556551,-333.009844843156,synthetic,,,,
564.0,,target,999510201,SAFE PASS,2.0,0.7466666666666666,-38.03755555555555,144.8923294835391,8.0,180.0,180.0,18,safe,safe,1.9107516759280005,-61.52952034395732,synthetic,,,,
565.0,,own,999510000,OWN SHIP,0.17528532345440523,1.381592468152778,-38.02697345886412,144.8537098686069,9.0,20.0,20.0,1,,,,,synthetic,,,,
565.0,,target,999510101,CROSS STBD,-1.1833333333333336,0.5249999999999997,-38.04125,144.8249550555727,12.0,270.0,270.0,18,danger,safe,0.0824674823255654,-334.0098448431559,synthetic,,,,
565.0,,target,999510201,SAFE PASS,2.0,0.7444444444444445,-38.03759259259259,144.8923294835391,8.0,180.0,180.0,18,safe,safe,1.9107516759280005,-62.529520343957266,synthetic,,,,
566.0,,own,999510000,OWN SHIP,0.1761403738127194,1.383941699704743,-38.02693430500492,144.85372796552693,9.0,20.0,20.0,1,,,,,synthetic,,,,
566.0,,target,999510101,CROSS STBD,-1.1866666666666668,0.5249999999999997,-38.04125,144.82488450643345,12.0,270.0,270.0,18,danger,safe,0.08246748232556561,-335.0098448431559,synthetic,,,,
566.0,,target,999510201,SAFE PASS,2.0,0.7422222222222221,-38.03762962962963,144.8923294835391,8.0,180.0,180.0,18,safe,safe,1.9107516759280005,-63.529520343957316,synthetic,,,,
567.0,,own,999510000,OWN SHIP,0.17699542417103356,1.3862909312567075,-38.026895151145716,144.85374606244696,9.0,20.0,20.0,1,,,,,synthetic,,,,
567.0,,target,999510101,CROSS STBD,-1.1900000000000002,0.5249999999999997,-38.04125,144.82481395729423,12.0,270.0,270.0,18,danger,safe,0.0824674823255654,-336.0098448431559,synthetic,,,,
567.0,,target,999510201,SAFE PASS,2.0,0.74,-38.03766666666667,144.8923294835391,8.0,180.0,180.0,18,safe,safe,1.9107516759280005,-64.52952034395729,synthetic,,,,
568.0,,own,999510000,OWN SHIP,0.17785047452934774,1.3886401628086724,-38.02685599728652,144.853764159367,9.0,20.0,20.0,1,,,,,synthetic,,,,
568.0,,target,999510101,CROSS STBD,-1.1933333333333336,0.5249999999999997,-38.04125,144.824743408155,12.0,270.0,270.0,18,danger,safe,0.08246748232556551,-337.009844843156,synthetic,,,,
568.0,,target,999510201,SAFE PASS,2.0,0.7377777777777779,-38.0377037037037,144.8923294835391,8.0,180.0,180.0,18,safe,safe,1.9107516759280005,-65.52952034395727,synthetic,,,,
569.0,,own,999510000,OWN SHIP,0.17870552488766192,1.3909893943606373,-38.02681684342732,144.85378225628705,9.0,20.0,20.0,1,,,,,synthetic,,,,
569.0,,target,999510101,CROSS STBD,-1.1966666666666668,0.5249999999999997,-38.04125,144.82467285901578,12.0,270.0,270.0,18,danger,safe,0.08246748232556561,-338.0098448431559,synthetic,,,,
569.0,,target,999510201,SAFE PASS,2.0,0.7355555555555555,-38.03774074074074,144.8923294835391,8.0,180.0,180.0,18,safe,safe,1.9107516759280005,-66.52952034395732,synthetic,,,,
570.0,,own,999510000,OWN SHIP,0.17956057524597607,1.393338625912602,-38.02677768956812,144.85380035320708,9.0,20.0,20.0,1,,,,,synthetic,,,,
570.0,,target,999510101,CROSS STBD,-1.2000000000000002,0.5249999999999997,-38.04125,144.82460230987652,12.0,270.0,270.0,18,danger,safe,0.0824674823255654,-339.0098448431559,synthetic,,,,
570.0,,target,999510201,SAFE PASS,2.0,0.7333333333333334,-38.03777777777778,144.8923294835391,8.0,180.0,180.0,18,safe,safe,1.9107516759280005,-67.52952034395727,synthetic,,,,
571.0,,own,999510000,OWN SHIP,0.18041562560429025,1.3956878574645666,-38.02673853570892,144.8538184501271,9.0,20.0,20.0,1,,,,,synthetic,,,,
571.0,,target,999510101,CROSS STBD,-1.2033333333333336,0.5249999999999997,-38.04125,144.8245317607373,12.0,270.0,270.0,18,danger,safe,0.08246748232556529,-340.00984484315586,synthetic,,,,
571.0,,target,999510201,SAFE PASS,2.0,0.731111111111111,-38.03781481481481,144.8923294835391,8.0,180.0,180.0,18,safe,safe,1.9107516759280008,-68.52952034395727,synthetic,,,,
572.0,,own,999510000,OWN SHIP,0.18127067596260443,1.3980370890165315,-38.026699381849724,144.85383654704714,9.0,20.0,20.0,1,,,,,synthetic,,,,
572.0,,target,999510101,CROSS STBD,-1.2066666666666668,0.5249999999999997,-38.04125,144.82446121159808,12.0,270.0,270.0,18,danger,safe,0.08246748232556551,-341.0098448431559,synthetic,,,,
572.0,,target,999510201,SAFE PASS,2.0,0.7288888888888889,-38.03785185185185,144.8923294835391,8.0,180.0,180.0,18,safe,safe,1.9107516759280005,-69.52952034395726,synthetic,,,,
573.0,,own,999510000,OWN SHIP,0.1821257263209186,1.4003863205684963,-38.026660227990526,144.85385464396717,9.0,20.0,20.0,1,,,,,synthetic,,,,
573.0,,target,999510101,CROSS STBD,-1.2100000000000002,0.5249999999999997,-38.04125,144.82439066245882,12.0,270.0,270.0,18,danger,safe,0.08246748232556551,-342.009844843156,synthetic,,,,
573.0,,target,999510201,SAFE PASS,2.0,0.7266666666666666,-38.03788888888889,144.8923294835391,8.0,180.0,180.0,18,safe,safe,1.9107516759280005,-70.52952034395732,synthetic,,,,
574.0,,own,999510000,OWN SHIP,0.18298077667923277,1.402735552120461,-38.02662107413132,144.8538727408872,9.0,20.0,20.0,1,,,,,synthetic,,,,
574.0,,target,999510101,CROSS STBD,-1.2133333333333336,0.5249999999999997,-38.04125,144.8243201133196,12.0,270.0,270.0,18,danger,safe,0.0824674823255654,-343.0098448431559,synthetic,,,,
574.0,,target,999510201,SAFE PASS,2.0,0.7244444444444444,-38.037925925925926,144.8923294835391,8.0,180.0,180.0,18,safe,safe,1.9107516759280005,-71.52952034395729,synthetic,,,,
575.0,,own,999510000,OWN SHIP,0.18383582703754694,1.4050847836724258,-38.02658192027212,144.85389083780723,9.0,20.0,20.0,1,,,,,synthetic,,,,
575.0,,target,999510101,CROSS STBD,-1.2166666666666668,0.5249999999999997,-38.04125,144.82424956418038,12.0,270.0,270.0,18,danger,safe,0.08246748232556561,-344.0098448431559,synthetic,,,,
575.0,,target,999510201,SAFE PASS,2.0,0.7222222222222223,-38.03796296296296,144.8923294835391,8.0,180.0,180.0,18,safe,safe,1.9107516759280005,-72.52952034395727,synthetic,,,,
576.0,,own,999510000,OWN SHIP,0.18469087739586112,1.4074340152243905,-38.02654276641292,144.85390893472726,9.0,20.0,20.0,1,,,,,synthetic,,,,
576.0,,target,999510101,CROSS STBD,-1.2200000000000002,0.5249999999999997,-38.04125,144.82417901504115,12.0,270.0,270.0,18,danger,safe,0.0824674823255653,-345.0098448431559,synthetic,,,,
576.0,,target,999510201,SAFE PASS,2.0,0.72,-38.038,144.8923294835391,8.0,180.0,180.0,18,safe,safe,1.9107516759280005,-73.52952034395727,synthetic,,,,
577.0,,own,999510000,OWN SHIP,0.18554592775417528,1.4097832467763554,-38.026503612553725,144.85392703164732,9.0,20.0,20.0,1,,,,,synthetic,,,,
577.0,,target,999510101,CROSS STBD,-1.2233333333333336,0.5249999999999997,-38.04125,144.8241084659019,12.0,270.0,270.0,18,danger,safe,0.08246748232556542,-346.009844843156,synthetic,,,,
577.0,,target,999510201,SAFE PASS,2.0,0.7177777777777778,-38.038037037037036,144.8923294835391,8.0,180.0,180.0,18,safe,safe,1.9107516759280005,-74.52952034395727,synthetic,,,,
578.0,,own,999510000,OWN SHIP,0.18640097811248946,1.4121324783283202,-38.02646445869453,144.85394512856735,9.0,20.0,20.0,1,,,,,synthetic,,,,
578.0,,target,999510101,CROSS STBD,-1.2266666666666668,0.5249999999999997,-38.04125,144.82403791676268,12.0,270.0,270.0,18,danger,safe,0.0824674823255656,-347.00984484315586,synthetic,,,,
578.0,,target,999510201,SAFE PASS,2.0,0.7155555555555555,-38.03807407407407,144.8923294835391,8.0,180.0,180.0,18,safe,safe,1.9107516759280005,-75.52952034395733,synthetic,,,,
579.0,,own,999510000,OWN SHIP,0.18725602847080364,1.4144817098802849,-38.02642530483533,144.85396322548738,9.0,20.0,20.0,1,,,,,synthetic,,,,
579.0,,target,999510101,CROSS STBD,-1.2300000000000002,0.5249999999999997,-38.04125,144.82396736762345,12.0,270.0,270.0,18,danger,safe,0.0824674823255654,-348.0098448431559,synthetic,,,,
579.0,,target,999510201,SAFE PASS,2.0,0.7133333333333334,-38.03811111111111,144.8923294835391,8.0,180.0,180.0,18,safe,safe,1.9107516759280005,-76.52952034395729,synthetic,,,,
580.0,,own,999510000,OWN SHIP,0.18811107882911782,1.4168309414322495,-38.02638615097613,144.8539813224074,9.0,20.0,20.0,1,,,,,synthetic,,,,
580.0,,target,999510101,CROSS STBD,-1.2333333333333334,0.5249999999999997,-38.04125,144.82389681848423,12.0,270.0,270.0,18,danger,safe,0.0824674823255654,-349.00984484315586,synthetic,,,,
580.0,,target,999510201,SAFE PASS,2.0,0.711111111111111,-38.038148148148146,144.8923294835391,8.0,180.0,180.0,18,safe,safe,1.9107516759280005,-77.52952034395727,synthetic,,,,
581.0,,own,999510000,OWN SHIP,0.18896612918743197,1.4191801729842144,-38.026346997116924,144.85399941932744,9.0,20.0,20.0,1,,,,,synthetic,,,,
581.0,,target,999510101,CROSS STBD,-1.2366666666666668,0.5249999999999997,-38.04125,144.82382626934498,12.0,270.0,270.0,18,danger,safe,0.0824674823255654,-350.0098448431559,synthetic,,,,
581.0,,target,999510201,SAFE PASS,2.0,0.7088888888888889,-38.038185185185185,144.8923294835391,8.0,180.0,180.0,18,safe,safe,1.9107516759280005,-78.52952034395729,synthetic,,,,
582.0,,own,999510000,OWN SHIP,0.18982117954574615,1.4215294045361793,-38.026307843257726,144.85401751624747,9.0,20.0,20.0,1,,,,,synthetic,,,,
582.0,,target,999510101,CROSS STBD,-1.2400000000000002,0.5249999999999997,-38.04125,144.82375572020575,12.0,270.0,270.0,18,danger,safe,0.08246748232556561,-351.0098448431559,synthetic,,,,
582.0,,target,999510201,SAFE PASS,2.0,0.7066666666666668,-38.03822222222222,144.8923294835391,8.0,180.0,180.0,18,safe,safe,1.9107516759280005,-79.52952034395727,synthetic,,,,
583.0,,own,999510000,OWN SHIP,0.19067622990406033,1.423878636088144,-38.02626868939853,144.8540356131675,9.0,20.0,20.0,1,,,,,synthetic,,,,
583.0,,target,999510101,CROSS STBD,-1.2433333333333334,0.5249999999999997,-38.04125,144.82368517106653,12.0,270.0,270.0,18,danger,safe,0.08246748232556551,-352.0098448431559,synthetic,,,,
583.0,,target,999510201,SAFE PASS,2.0,0.7044444444444444,-38.038259259259256,144.8923294835391,8.0,180.0,180.0,18,safe,safe,1.9107516759280005,-80.52952034395727,synthetic,,,,
584.0,,own,999510000,OWN SHIP,0.19153128026237448,1.4262278676401086,-38.02622953553933,144.85405371008753,9.0,20.0,20.0,1,,,,,synthetic,,,,
584.0,,target,999510101,CROSS STBD,-1.2466666666666668,0.5249999999999997,-38.04125,144.82361462192728,12.0,270.0,270.0,18,danger,safe,0.0824674823255653,-353.0098448431559,synthetic,,,,
584.0,,target,999510201,SAFE PASS,2.0,0.7022222222222223,-38.038296296296295,144.8923294835391,8.0,180.0,180.0,18,safe,safe,1.9107516759280005,-81.52952034395723,synthetic,,,,
585.0,,own,999510000,OWN SHIP,0.19238633062068866,1.4285770991920734,-38.02619038168013,144.85407180700759,9.0,20.0,20.0,1,,,,,synthetic,,,,
585.0,,target,999510101,CROSS STBD,-1.2500000000000002,0.5249999999999997,-38.04125,144.82354407278805,12.0,270.0,270.0,18,danger,safe,0.0824674823255653,-354.0098448431559,synthetic,,,,
585.0,,target,999510201,SAFE PASS,2.0,0.7,-38.038333333333334,144.8923294835391,8.0,180.0,180.0,18,safe,safe,1.9107516759280005,-82.52952034395727,synthetic,,,,
586.0,,own,999510000,OWN SHIP,0.19324138097900284,1.4309263307440383,-38.02615122782093,144.85408990392762,9.0,20.0,20.0,1,,,,,synthetic,,,,
586.0,,target,999510101,CROSS STBD,-1.2533333333333334,0.5249999999999997,-38.04125,144.82347352364883,12.0,270.0,270.0,18,danger,safe,0.08246748232556551,-355.0098448431559,synthetic,,,,
586.0,,target,999510201,SAFE PASS,2.0,0.6977777777777778,-38.038370370370366,144.8923294835391,8.0,180.0,180.0,18,safe,safe,1.9107516759280005,-83.52952034395729,synthetic,,,,
587.0,,own,999510000,OWN SHIP,0.194096431337317,1.4332755622960032,-38.026112073961734,144.85410800084765,9.0,20.0,20.0,1,,,,,synthetic,,,,
587.0,,target,999510101,CROSS STBD,-1.2566666666666668,0.5249999999999997,-38.04125,144.8234029745096,12.0,270.0,270.0,18,danger,safe,0.08246748232556549,-356.00984484315586,synthetic,,,,
587.0,,target,999510201,SAFE PASS,2.0,0.6955555555555555,-38.038407407407405,144.8923294835391,8.0,180.0,180.0,18,safe,safe,1.9107516759280005,-84.52952034395734,synthetic,,,,
588.0,,own,999510000,OWN SHIP,0.19495148169563117,1.4356247938479678,-38.02607292010253,144.85412609776768,9.0,20.0,20.0,1,,,,,synthetic,,,,
588.0,,target,999510101,CROSS STBD,-1.2600000000000002,0.5249999999999997,-38.04125,144.82333242537035,12.0,270.0,270.0,18,danger,safe,0.08246748232556542,-357.009844843156,synthetic,,,,
588.0,,target,999510201,SAFE PASS,2.0,0.6933333333333334,-38.038444444444444,144.8923294835391,8.0,180.0,180.0,18,safe,safe,1.9107516759280005,-85.52952034395729,synthetic,,,,
589.0,,own,999510000,OWN SHIP,0.19580653205394535,1.4379740253999325,-38.02603376624333,144.8541441946877,9.0,20.0,20.0,1,,,,,synthetic,,,,
589.0,,target,999510101,CROSS STBD,-1.2633333333333334,0.5249999999999997,-38.04125,144.82326187623113,12.0,270.0,270.0,18,danger,safe,0.0824674823255654,-358.00984484315586,synthetic,,,,
589.0,,target,999510201,SAFE PASS,2.0,0.691111111111111,-38.038481481481476,144.8923294835391,8.0,180.0,180.0,18,safe,safe,1.9107516759280005,-86.52952034395727,synthetic,,,,
590.0,,own,999510000,OWN SHIP,0.19666158241225953,1.4403232569518973,-38.02599461238413,144.85416229160774,9.0,20.0,20.0,1,,,,,synthetic,,,,
590.0,,target,999510101,CROSS STBD,-1.2666666666666668,0.5249999999999997,-38.04125,144.8231913270919,12.0,270.0,270.0,18,danger,safe,0.08246748232556551,-359.0098448431559,synthetic,,,,
590.0,,target,999510201,SAFE PASS,2.0,0.6888888888888889,-38.038518518518515,144.8923294835391,8.0,180.0,180.0,18,safe,safe,1.9107516759280005,-87.52952034395727,synthetic,,,,
591.0,,own,999510000,OWN SHIP,0.19751663277057369,1.4426724885038622,-38.02595545852493,144.85418038852777,9.0,20.0,20.0,1,,,,,synthetic,,,,
591.0,,target,999510101,CROSS STBD,-1.2700000000000002,0.5249999999999997,-38.04125,144.82312077795265,12.0,270.0,270.0,18,danger,safe,0.0824674823255655,-360.0098448431559,synthetic,,,,
591.0,,target,999510201,SAFE PASS,2.0,0.6866666666666668,-38.038555555555554,144.8923294835391,8.0,180.0,180.0,18,safe,safe,1.9107516759280005,-88.5295203439573,synthetic,,,,
592.0,,own,999510000,OWN SHIP,0.19837168312888787,1.4450217200558269,-38.025916304665735,144.8541984854478,9.0,20.0,20.0,1,,,,,synthetic,,,,
592.0,,target,999510101,CROSS STBD,-1.2733333333333334,0.5249999999999997,-38.04125,144.82305022881343,12.0,270.0,270.0,18,danger,safe,0.0824674823255654,-361.0098448431559,synthetic,,,,
592.0,,target,999510201,SAFE PASS,2.0,0.6844444444444444,-38.03859259259259,144.8923294835391,8.0,180.0,180.0,18,safe,safe,1.9107516759280005,-89.52952034395729,synthetic,,,,
593.0,,own,999510000,OWN SHIP,0.19922673348720205,1.4473709516077915,-38.02587715080654,144.85421658236785,9.0,20.0,20.0,1,,,,,synthetic,,,,
593.0,,target,999510101,CROSS STBD,-1.2766666666666668,0.5249999999999997,-38.04125,144.8229796796742,12.0,270.0,270.0,18,danger,safe,0.0824674823255654,-362.00984484315586,synthetic,,,,
593.0,,target,999510201,SAFE PASS,2.0,0.6822222222222223,-38.038629629629625,144.8923294835391,8.0,180.0,180.0,18,safe,safe,1.9107516759280005,-90.52952034395723,synthetic,,,,
594.0,,own,999510000,OWN SHIP,0.2000817838455162,1.4497201831597564,-38.02583799694733,144.85423467928788,9.0,20.0,20.0,1,,,,,synthetic,,,,
594.0,,target,999510101,CROSS STBD,-1.2800000000000002,0.5249999999999997,-38.04125,144.82290913053498,12.0,270.0,270.0,18,danger,safe,0.0824674823255653,-363.0098448431559,synthetic,,,,
594.0,,target,999510201,SAFE PASS,2.0,0.6799999999999999,-38.038666666666664,144.8923294835391,8.0,180.0,180.0,18,safe,safe,1.9107516759280005,-91.52952034395729,synthetic,,,,
595.0,,own,999510000,OWN SHIP,0.20093683420383038,1.4520694147117212,-38.02579884308813,144.85425277620791,9.0,20.0,20.0,1,,,,,synthetic,,,,
595.0,,target,999510101,CROSS STBD,-1.2833333333333334,0.5249999999999997,-38.04125,144.82283858139573,12.0,270.0,270.0,18,danger,safe,0.0824674823255654,-364.0098448431559,synthetic,,,,
595.0,,target,999510201,SAFE PASS,2.0,0.6777777777777778,-38.0387037037037,144.8923294835391,8.0,180.0,180.0,18,safe,safe,1.9107516759280005,-92.52952034395729,synthetic,,,,
596.0,,own,999510000,OWN SHIP,0.20179188456214456,1.454418646263686,-38.025759689228934,144.85427087312794,9.0,20.0,20.0,1,,,,,synthetic,,,,
596.0,,target,999510101,CROSS STBD,-1.2866666666666668,0.5249999999999997,-38.04125,144.8227680322565,12.0,270.0,270.0,18,danger,safe,0.08246748232556561,-365.0098448431559,synthetic,,,,
596.0,,target,999510201,SAFE PASS,2.0,0.6755555555555555,-38.038740740740735,144.8923294835391,8.0,180.0,180.0,18,safe,safe,1.9107516759280005,-93.52952034395732,synthetic,,,,
597.0,,own,999510000,OWN SHIP,0.20264693492045874,1.4567678778156508,-38.025720535369736,144.85428897004797,9.0,20.0,20.0,1,,,,,synthetic,,,,
597.0,,target,999510101,CROSS STBD,-1.2900000000000003,0.5249999999999997,-38.04125,144.82269748311728,12.0,270.0,270.0,18,danger,safe,0.08246748232556542,-366.009844843156,synthetic,,,,
597.0,,target,999510201,SAFE PASS,2.0,0.6733333333333333,-38.038777777777774,144.8923294835391,8.0,180.0,180.0,18,safe,safe,1.9107516759280005,-94.52952034395727,synthetic,,,,
598.0,,own,999510000,OWN SHIP,0.2035019852787729,1.4591171093676154,-38.02568138151054,144.854307066968,9.0,20.0,20.0,1,,,,,synthetic,,,,
598.0,,target,999510101,CROSS STBD,-1.2933333333333334,0.5249999999999997,-38.04125,144.82262693397803,12.0,270.0,270.0,18,danger,safe,0.08246748232556529,-367.00984484315586,synthetic,,,,
598.0,,target,999510201,SAFE PASS,2.0,0.6711111111111112,-38.03881481481481,144.8923294835391,8.0,180.0,180.0,18,safe,safe,1.9107516759280005,-95.52952034395723,synthetic,,,,
599.0,,own,999510000,OWN SHIP,0.20435703563708707,1.4614663409195803,-38.02564222765134,144.85432516388803,9.0,20.0,20.0,1,,,,,synthetic,,,,
599.0,,target,999510101,CROSS STBD,-1.2966666666666669,0.5249999999999997,-38.04125,144.8225563848388,12.0,270.0,270.0,18,danger,safe,0.0824674823255655,-368.00984484315586,synthetic,,,,
599.0,,target,999510201,SAFE PASS,2.0,0.6688888888888889,-38.03885185185185,144.8923294835391,8.0,180.0,180.0,18,safe,safe,1.9107516759280005,-96.52952034395729,synthetic,,,,
600.0,,own,999510000,OWN SHIP,0.20521208599540125,1.4638155724715451,-38.02560307379214,144.85434326080806,9.0,20.0,20.0,1,,,,,synthetic,,,,
600.0,,target,999510101,CROSS STBD,-1.3,0.5249999999999997,-38.04125,144.82248583569958,12.0,270.0,270.0,18,danger,safe,0.0824674823255656,-369.00984484315586,synthetic,,,,
600.0,,target,999510201,SAFE PASS,2.0,0.6666666666666667,-38.038888888888884,144.8923294835391,8.0,180.0,180.0,18,safe,safe,1.9107516759280005,-97.52952034395727,synthetic,,,,
