time_sec,timestamp_utc,role,mmsi,name,x_nm,y_nm,lat,lon,sog_kn,cog_deg,heading_deg,message_type,expected_level,computed_level,cpa_nm,tcpa_sec,source,raw_aivdm,rx_signalpower_db,rx_ppm,rx_timestamp_raw
0.0,,own,999510000,OWN SHIP,0.0,0.0,-38.05,144.85,8.0,0.0,0.0,1,,,,,synthetic,,,,
0.0,,target,999510201,SAFE PASS,2.0,2.0,-38.016666666666666,144.8923294835391,8.0,180.0,180.0,18,safe,safe,2.0,450.0,synthetic,,,,
1.0,,own,999510000,OWN SHIP,0.0,0.0022222222222222222,-38.04996296296296,144.85,8.0,0.0,0.0,1,,,,,synthetic,,,,
1.0,,target,999510201,SAFE PASS,2.0,1.9977777777777779,-38.0167037037037,144.8923294835391,8.0,180.0,180.0,18,safe,safe,2.0,449.00000000000006,synthetic,,,,
2.0,,own,999510000,OWN SHIP,0.0,0.0044444444444444444,-38.049925925925926,144.85,8.0,0.0,0.0,1,,,,,synthetic,,,,
2.0,,target,999510201,SAFE PASS,2.0,1.9955555555555555,-38.01674074074074,144.8923294835391,8.0,180.0,180.0,18,safe,safe,2.0,448.0,synthetic,,,,
3.0,,own,999510000,OWN SHIP,0.0,0.006666666666666666,-38.04988888888889,144.85,8.0,0.0,0.0,1,,,,,synthetic,,,,
3.0,,target,999510201,SAFE PASS,2.0,1.9933333333333334,-38.016777777777776,144.8923294835391,8.0,180.0,180.0,18,safe,safe,2.0,447.0,synthetic,,,,
4.0,,own,999510000,OWN SHIP,0.0,0.008888888888888889,-38.04985185185185,144.85,8.0,0.0,0.0,1,,,,,synthetic,,,,
4.0,,target,999510201,SAFE PASS,2.0,1.991111111111111,-38.016814814814815,144.8923294835391,8.0,180.0,180.0,18,safe,safe,2.0,445.99999999999994,synthetic,,,,
5.0,,own,999510000,OWN SHIP,0.0,0.011111111111111112,-38.04981481481481,144.85,8.0,0.0,0.0,1,,,,,synthetic,,,,
5.0,,target,999510201,SAFE PASS,2.0,1.988888888888889,-38.01685185185185,144.8923294835391,8.0,180.0,180.0,18,safe,safe,2.0,445.0,synthetic,,,,
6.0,,own,999510000,OWN SHIP,0.0,0.013333333333333332,-38.04977777777778,144.85,8.0,0.0,0.0,1,,,,,synthetic,,,,
6.0,,target,999510201,SAFE PASS,2.0,1.9866666666666666,-38.016888888888886,144.8923294835391,8.0,180.0,180.0,18,safe,safe,2.0,443.99999999999994,synthetic,,,,
7.0,,own,999510000,OWN SHIP,0.0,0.015555555555555555,-38.04974074074074,144.85,8.0,0.0,0.0,1,,,,,synthetic,,,,
7.0,,target,999510201,SAFE PASS,2.0,1.9844444444444445,-38.016925925925925,144.8923294835391,8.0,180.0,180.0,18,safe,safe,2.0,443.0,synthetic,,,,
8.0,,own,999510000,OWN SHIP,0.0,0.017777777777777778,-38.0497037037037,144.85,8.0,0.0,0.0,1,,,,,synthetic,,,,
8.0,,target,999510201,SAFE PASS,2.0,1.9822222222222223,-38.01696296296296,144.8923294835391,8.0,180.0,180.0,18,safe,safe,2.0,442.0,synthetic,,,,
9.0,,own,999510000,OWN SHIP,0.0,0.02,-38.04966666666667,144.85,8.0,0.0,0.0,1,,,,,synthetic,,,,
9.0,,target,999510201,SAFE PASS,2.0,1.98,-38.016999999999996,144.8923294835391,8.0,180.0,180.0,18,safe,safe,2.0,440.99999999999994,synthetic,,,,
10.0,,own,999510000,OWN SHIP,0.0,0.022222222222222223,-38.04962962962963,144.85,8.0,0.0,0.0,1,,,,,synthetic,,,,
10.0,,target,999510201,SAFE PASS,2.0,1.9777777777777779,-38.017037037037035,144.8923294835391,8.0,180.0,180.0,18,safe,safe,2.0,440.0,synthetic,,,,
11.0,,own,999510000,OWN SHIP,0.0,0.024444444444444446,-38.04959259259259,144.85,8.0,0.0,0.0,1,,,,,synthetic,,,,
11.0,,target,999510201,SAFE PASS,2.0,1.9755555555555555,-38.017074074074074,144.8923294835391,8.0,180.0,180.0,18,safe,safe,2.0,438.99999999999994,synthetic,,,,
12.0,,own,999510000,OWN SHIP,0.0,0.026666666666666665,-38.04955555555555,144.85,8.0,0.0,0.0,1,,,,,synthetic,,,,
12.0,,target,999510201,SAFE PASS,2.0,1.9733333333333334,-38.017111111111106,144.8923294835391,8.0,180.0,180.0,18,safe,safe,2.0,438.0,synthetic,,,,
13.0,,own,999510000,OWN SHIP,0.0,0.028888888888888888,-38.04951851851852,144.85,8.0,0.0,0.0,1,,,,,synthetic,,,,
13.0,,target,999510201,SAFE PASS,2.0,1.971111111111111,-38.017148148148145,144.8923294835391,8.0,180.0,180.0,18,safe,safe,2.0,436.99999999999994,synthetic,,,,
14.0,,own,999510000,OWN SHIP,0.0,0.03111111111111111,-38.04948148148148,144.85,8.0,0.0,0.0,1,,,,,synthetic,,,,
14.0,,target,999510201,SAFE PASS,2.0,1.968888888888889,-38.017185185185184,144.8923294835391,8.0,180.0,180.0,18,safe,safe,2.0,435.99999999999994,synthetic,,,,
15.0,,own,999510000,OWN SHIP,0.0,0.03333333333333333,-38.04944444444444,144.85,8.0,0.0,0.0,1,,,,,synthetic,,,,
15.0,,target,999510201,SAFE PASS,2.0,1.9666666666666666,-38.017222222222216,144.8923294835391,8.0,180.0,180.0,18,safe,safe,2.0,434.9999999999999,synthetic,,,,
16.0,,own,999510000,OWN SHIP,0.0,0.035555555555555556,-38.04940740740741,144.85,8.0,0.0,0.0,1,,,,,synthetic,,,,
16.0,,target,999510201,SAFE PASS,2.0,1.9644444444444444,-38.017259259259255,144.8923294835391,8.0,180.0,180.0,18,safe,safe,2.0,434.00000000000006,synthetic,,,,
17.0,,own,999510000,OWN SHIP,0.0,0.03777777777777778,-38.04937037037037,144.85,8.0,0.0,0.0,1,,,,,synthetic,,,,
17.0,,target,999510201,SAFE PASS,2.0,1.9622222222222223,-38.017296296296294,144.8923294835391,8.0,180.0,180.0,18,safe,safe,2.0,433.00000000000006,synthetic,,,,
18.0,,own,999510000,OWN SHIP,0.0,0.04,-38.04933333333333,144.85,8.0,0.0,0.0,1,,,,,synthetic,,,,
18.0,,target,999510201,SAFE PASS,2.0,1.96,-38.01733333333333,144.8923294835391,8.0,180.0,180.0,18,safe,safe,2.0,432.0,synthetic,,,,
19.0,,own,999510000,OWN SHIP,0.0,0.042222222222222223,-38.04929629629629,144.85,8.0,0.0,0.0,1,,,,,synthetic,,,,
19.0,,target,999510201,SAFE PASS,2.0,1.9577777777777778,-38.017370370370365,144.8923294835391,8.0,180.0,180.0,18,safe,safe,2.0,431.00000000000006,synthetic,,,,
20.0,,own,999510000,OWN SHIP,0.0,0.044444444444444446,-38.04925925925926,144.85,8.0,0.0,0.0,1,,,,,synthetic,,,,
20.0,,target,999510201,SAFE PASS,2.0,1.9555555555555555,-38.017407407407404,144.8923294835391,8.0,180.0,180.0,18,safe,safe,2.0,430.0,synthetic,,,,
21.0,,own,999510000,OWN SHIP,0.0,0.04666666666666667,-38.04922222222222,144.85,8.0,0.0,0.0,1,,,,,synthetic,,,,
21.0,,target,999510201,SAFE PASS,2.0,1.9533333333333334,-38.01744444444444,144.8923294835391,8.0,180.0,180.0,18,safe,safe,2.0,429.00000000000006,synthetic,,,,
22.0,,own,999510000,OWN SHIP,0.0,0.04888888888888889,-38.04918518518518,144.85,8.0,0.0,0.0,1,,,,,synthetic,,,,
22.0,,target,999510201,SAFE PASS,2.0,1.951111111111111,-38.017481481481475,144.8923294835391,8.0,180.0,180.0,18,safe,safe,2.0,428.0,synthetic,,,,
23.0,,own,999510000,OWN SHIP,0.0,0.051111111111111114,-38.04914814814815,144.85,8.0,0.0,0.0,1,,,,,synthetic,,,,
23.0,,target,999510201,SAFE PASS,2.0,1.948888888888889,-38.017518518518514,144.8923294835391,8.0,180.0,180.0,18,safe,safe,2.0,427.0,synthetic,,,,
24.0,,own,999510000,OWN SHIP,0.0,0.05333333333333333,-38.04911111111111,144.85,8.0,0.0,0.0,1,,,,,synthetic,,,,
24.0,,target,999510201,SAFE PASS,2.0,1.9466666666666668,-38.01755555555555,144.8923294835391,8.0,180.0,180.0,18,safe,safe,2.0,426.00000000000006,synthetic,,,,
25.0,,own,999510000,OWN SHIP,0.0,0.05555555555555555,-38.04907407407407,144.85,8.0,0.0,0.0,1,,,,,synthetic,,,,
25.0,,target,999510201,SAFE PASS,2.0,1.9444444444444444,-38.01759259259259,144.8923294835391,8.0,180.0,180.0,18,safe,safe,2.0,425.0,synthetic,,,,
26.0,,own,999510000,OWN SHIP,0.0,0.057777777777777775,-38.04903703703703,144.85,8.0,0.0,0.0,1,,,,,synthetic,,,,
26.0,,target,999510201,SAFE PASS,2.0,1.9422222222222223,-38.017629629629624,144.8923294835391,8.0,180.0,180.0,18,safe,safe,2.0,424.00000000000006,synthetic,,,,
27.0,,own,999510000,OWN SHIP,0.0,0.06,-38.049,144.85,8.0,0.0,0.0,1,,,,,synthetic,,,,
27.0,,target,999510201,SAFE PASS,2.0,1.94,-38.01766666666666,144.8923294835391,8.0,180.0,180.0,18,safe,safe,2.0,423.0,synthetic,,,,
28.0,,own,999510000,OWN SHIP,0.0,0.06222222222222222,-38.04896296296296,144.85,8.0,0.0,0.0,1,,,,,synthetic,,,,
28.0,,target,999510201,SAFE PASS,2.0,1.9377777777777778,-38.0177037037037,144.8923294835391,8.0,180.0,180.0,18,safe,safe,2.0,422.0,synthetic,,,,
29.0,,own,999510000,OWN SHIP,0.0,0.06444444444444444,-38.04892592592592,144.85,8.0,0.0,0.0,1,,,,,synthetic,,,,
29.0,,target,999510201,SAFE PASS,2.0,1.9355555555555555,-38.017740740740734,144.8923294835391,8.0,180.0,180.0,18,safe,safe,2.0,420.99999999999994,synthetic,,,,
30.0,,own,999510000,OWN SHIP,0.0,0.06666666666666667,-38.04888888888889,144.85,8.0,0.0,0.0,1,,,,,synthetic,,,,
30.0,,target,999510201,SAFE PASS,2.0,1.9333333333333333,-38.01777777777777,144.8923294835391,8.0,180.0,180.0,18,safe,safe,2.0,420.0,synthetic,,,,
31.0,,own,999510000,OWN SHIP,0.0,0.06888888888888889,-38.04885185185185,144.85,8.0,0.0,0.0,1,,,,,synthetic,,,,
31.0,,target,999510201,SAFE PASS,2.0,1.931111111111111,-38.01781481481481,144.8923294835391,8.0,180.0,180.0,18,safe,safe,2.0,418.99999999999994,synthetic,,,,
32.0,,own,999510000,OWN SHIP,0.0,0.07111111111111111,-38.04881481481481,144.85,8.0,0.0,0.0,1,,,,,synthetic,,,,
32.0,,target,999510201,SAFE PASS,2.0,1.9288888888888889,-38.01785185185185,144.8923294835391,8.0,180.0,180.0,18,safe,safe,2.0,418.0,synthetic,,,,
33.0,,own,999510000,OWN SHIP,0.0,0.07333333333333333,-38.04877777777777,144.85,8.0,0.0,0.0,1,,,,,synthetic,,,,
33.0,,target,999510201,SAFE PASS,2.0,1.9266666666666667,-38.01788888888888,144.8923294835391,8.0,180.0,180.0,18,safe,safe,2.0,417.0,synthetic,,,,
34.0,,own,999510000,OWN SHIP,0.0,0.07555555555555556,-38.04874074074074,144.85,8.0,0.0,0.0,1,,,,,synthetic,,,,
34.0,,target,999510201,SAFE PASS,2.0,1.9244444444444444,-38.01792592592592,144.8923294835391,8.0,180.0,180.0,18,safe,safe,2.0,415.99999999999994,synthetic,,,,
35.0,,own,999510000,OWN SHIP,0.0,0.07777777777777778,-38.0487037037037,144.85,8.0,0.0,0.0,1,,,,,synthetic,,,,
35.0,,target,999510201,SAFE PASS,2.0,1.9222222222222223,-38.01796296296296,144.8923294835391,8.0,180.0,180.0,18,safe,safe,2.0,415.0,synthetic,,,,
36.0,,own,999510000,OWN SHIP,0.0,0.08,-38.04866666666666,144.85,8.0,0.0,0.0,1,,,,,synthetic,,,,
36.0,,target,999510201,SAFE PASS,2.0,1.92,-38.018,144.8923294835391,8.0,180.0,180.0,18,safe,safe,2.0,413.99999999999994,synthetic,,,,
37.0,,own,999510000,OWN SHIP,0.0,0.08222222222222222,-38.04862962962963,144.85,8.0,0.0,0.0,1,,,,,synthetic,,,,
37.0,,target,999510201,SAFE PASS,2.0,1.9177777777777778,-38.01803703703703,144.8923294835391,8.0,180.0,180.0,18,safe,safe,2.0,413.0,synthetic,,,,
38.0,,own,999510000,OWN SHIP,0.0,0.08444444444444445,-38.04859259259259,144.85,8.0,0.0,0.0,1,,,,,synthetic,,,,
38.0,,target,999510201,SAFE PASS,2.0,1.9155555555555555,-38.01807407407407,144.8923294835391,8.0,180.0,180.0,18,safe,safe,2.0,411.99999999999994,synthetic,,,,
39.0,,own,999510000,OWN SHIP,0.0,0.08666666666666667,-38.04855555555555,144.85,8.0,0.0,0.0,1,,,,,synthetic,,,,
39.0,,target,999510201,SAFE PASS,2.0,1.9133333333333333,-38.01811111111111,144.8923294835391,8.0,180.0,180.0,18,safe,safe,2.0,410.99999999999994,synthetic,,,,
40.0,,own,999510000,OWN SHIP,0.0,0.08888888888888889,-38.04851851851851,144.85,8.0,0.0,0.0,1,,,,,synthetic,,,,
40.0,,target,999510201,SAFE PASS,2.0,1.9111111111111112,-38.01814814814814,144.8923294835391,8.0,180.0,180.0,18,safe,safe,2.0,410.0,synthetic,,,,
41.0,,own,999510000,OWN SHIP,0.0,0.09111111111111111,-38.04848148148148,144.85,8.0,0.0,0.0,1,,,,,synthetic,,,,
41.0,,target,999510201,SAFE PASS,2.0,1.9088888888888889,-38.01818518518518,144.8923294835391,8.0,180.0,180.0,18,safe,safe,2.0,408.99999999999994,synthetic,,,,
42.0,,own,999510000,OWN SHIP,0.0,0.09333333333333334,-38.04844444444444,144.85,8.0,0.0,0.0,1,,,,,synthetic,,,,
42.0,,target,999510201,SAFE PASS,2.0,1.9066666666666667,-38.01822222222222,144.8923294835391,8.0,180.0,180.0,18,safe,safe,2.0,408.0,synthetic,,,,
43.0,,own,999510000,OWN SHIP,0.0,0.09555555555555556,-38.0484074074074,144.85,8.0,0.0,0.0,1,,,,,synthetic,,,,
43.0,,target,999510201,SAFE PASS,2.0,1.9044444444444444,-38.01825925925926,144.8923294835391,8.0,180.0,180.0,18,safe,safe,2.0,406.99999999999994,synthetic,,,,
44.0,,own,999510000,OWN SHIP,0.0,0.09777777777777778,-38.04837037037037,144.85,8.0,0.0,0.0,1,,,,,synthetic,,,,
44.0,,target,999510201,SAFE PASS,2.0,1.9022222222222223,-38.01829629629629,144.8923294835391,8.0,180.0,180.0,18,safe,safe,2.0,405.99999999999994,synthetic,,,,
45.0,,own,999510000,OWN SHIP,0.0,0.1,-38.04833333333333,144.85,8.0,0.0,0.0,1,,,,,synthetic,,,,
45.0,,target,999510201,SAFE PASS,2.0,1.9,-38.01833333333333,144.8923294835391,8.0,180.0,180.0,18,safe,safe,2.0,404.99999999999994,synthetic,,,,
46.0,,own,999510000,OWN SHIP,0.0,0.10222222222222223,-38.04829629629629,144.85,8.0,0.0,0.0,1,,,,,synthetic,,,,
46.0,,target,999510201,SAFE PASS,2.0,1.8977777777777778,-38.01837037037037,144.8923294835391,8.0,180.0,180.0,18,safe,safe,2.0,404.00000000000006,synthetic,,,,
47.0,,own,999510000,OWN SHIP,0.0,0.10444444444444445,-38.048259259259254,144.85,8.0,0.0,0.0,1,,,,,synthetic,,,,
47.0,,target,999510201,SAFE PASS,2.0,1.8955555555555557,-38.0184074074074,144.8923294835391,8.0,180.0,180.0,18,safe,safe,2.0,403.00000000000006,synthetic,,,,
48.0,,own,999510000,OWN SHIP,0.0,0.10666666666666666,-38.04822222222222,144.85,8.0,0.0,0.0,1,,,,,synthetic,,,,
48.0,,target,999510201,SAFE PASS,2.0,1.8933333333333333,-38.01844444444444,144.8923294835391,8.0,180.0,180.0,18,safe,safe,2.0,402.0,synthetic,,,,
49.0,,own,999510000,OWN SHIP,0.0,0.10888888888888888,-38.04818518518518,144.85,8.0,0.0,0.0,1,,,,,synthetic,,,,
49.0,,target,999510201,SAFE PASS,2.0,1.8911111111111112,-38.01848148148148,144.8923294835391,8.0,180.0,180.0,18,safe,safe,2.0,401.00000000000006,synthetic,,,,
50.0,,own,999510000,OWN SHIP,0.0,0.1111111111111111,-38.048148148148144,144.85,8.0,0.0,0.0,1,,,,,synthetic,,,,
50.0,,target,999510201,SAFE PASS,2.0,1.8888888888888888,-38.01851851851852,144.8923294835391,8.0,180.0,180.0,18,safe,safe,2.0,400.0,synthetic,,,,
51.0,,own,999510000,OWN SHIP,0.0,0.11333333333333333,-38.048111111111105,144.85,8.0,0.0,0.0,1,,,,,synthetic,,,,
51.0,,target,999510201,SAFE PASS,2.0,1.8866666666666667,-38.01855555555555,144.8923294835391,8.0,180.0,180.0,18,safe,safe,2.0,399.00000000000006,synthetic,,,,
52.0,,own,999510000,OWN SHIP,0.0,0.11555555555555555,-38.04807407407407,144.85,8.0,0.0,0.0,1,,,,,synthetic,,,,
52.0,,target,999510201,SAFE PASS,2.0,1.8844444444444444,-38.01859259259259,144.8923294835391,8.0,180.0,180.0,18,safe,safe,2.0,398.0,synthetic,,,,
53.0,,own,999510000,OWN SHIP,0.0,0.11777777777777777,-38.048037037037034,144.85,8.0,0.0,0.0,1,,,,,synthetic,,,,
53.0,,target,999510201,SAFE PASS,2.0,1.8822222222222222,-38.01862962962963,144.8923294835391,8.0,180.0,180.0,18,safe,safe,2.0,397.0,synthetic,,,,
54.0,,own,999510000,OWN SHIP,0.0,0.12,-38.047999999999995,144.85,8.0,0.0,0.0,1,,,,,synthetic,,,,
54.0,,target,999510201,SAFE PASS,2.0,1.88,-38.01866666666666,144.8923294835391,8.0,180.0,180.0,18,safe,safe,2.0,395.99999999999994,synthetic,,,,
55.0,,own,999510000,OWN SHIP,0.0,0.12222222222222222,-38.04796296296296,144.85,8.0,0.0,0.0,1,,,,,synthetic,,,,
55.0,,target,999510201,SAFE PASS,2.0,1.8777777777777778,-38.0187037037037,144.8923294835391,8.0,180.0,180.0,18,safe,safe,2.0,394.99999999999994,synthetic,,,,
56.0,,own,999510000,OWN SHIP,0.0,0.12444444444444444,-38.047925925925924,144.85,8.0,0.0,0.0,1,,,,,synthetic,,,,
56.0,,target,999510201,SAFE PASS,2.0,1.8755555555555556,-38.01874074074074,144.8923294835391,8.0,180.0,180.0,18,safe,safe,2.0,394.0,synthetic,,,,
57.0,,own,999510000,OWN SHIP,0.0,0.12666666666666668,-38.047888888888885,144.85,8.0,0.0,0.0,1,,,,,synthetic,,,,
57.0,,target,999510201,SAFE PASS,2.0,1.8733333333333333,-38.01877777777778,144.8923294835391,8.0,180.0,180.0,18,safe,safe,2.0,392.99999999999994,synthetic,,,,
58.0,,own,999510000,OWN SHIP,0.0,0.1288888888888889,-38.047851851851846,144.85,8.0,0.0,0.0,1,,,,,synthetic,,,,
58.0,,target,999510201,SAFE PASS,2.0,1.8711111111111112,-38.01881481481481,144.8923294835391,8.0,180.0,180.0,18,safe,safe,2.0,392.0,synthetic,,,,
59.0,,own,999510000,OWN SHIP,0.0,0.13111111111111112,-38.047814814814814,144.85,8.0,0.0,0.0,1,,,,,synthetic,,,,
59.0,,target,999510201,SAFE PASS,2.0,1.8688888888888888,-38.01885185185185,144.8923294835391,8.0,180.0,180.0,18,safe,safe,2.0,390.99999999999994,synthetic,,,,
60.0,,own,999510000,OWN SHIP,0.0,0.13333333333333333,-38.047777777777775,144.85,8.0,0.0,0.0,1,,,,,synthetic,,,,
60.0,,target,999510201,SAFE PASS,2.0,1.8666666666666667,-38.01888888888889,144.8923294835391,8.0,180.0,180.0,18,safe,safe,2.0,389.99999999999994,synthetic,,,,
61.0,,own,999510000,OWN SHIP,0.0,0.13555555555555557,-38.047740740740736,144.85,8.0,0.0,0.0,1,,,,,synthetic,,,,
61.0,,target,999510201,SAFE PASS,2.0,1.8644444444444443,-38.01892592592592,144.8923294835391,8.0,180.0,180.0,18,safe,safe,2.0,388.9999999999999,synthetic,,,,
62.0,,own,999510000,OWN SHIP,0.0,0.13777777777777778,-38.047703703703704,144.85,8.0,0.0,0.0,1,,,,,synthetic,,,,
62.0,,target,999510201,SAFE PASS,2.0,1.8622222222222222,-38.01896296296296,144.8923294835391,8.0,180.0,180.0,18,safe,safe,2.0,387.99999999999994,synthetic,,,,
63.0,,own,999510000,OWN SHIP,0.0,0.14,-38.047666666666665,144.85,8.0,0.0,0.0,1,,,,,synthetic,,,,
63.0,,target,999510201,SAFE PASS,2.0,1.8599999999999999,-38.019,144.8923294835391,8.0,180.0,180.0,18,safe,safe,2.0,386.9999999999999,synthetic,,,,
64.0,,own,999510000,OWN SHIP,0.0,0.14222222222222222,-38.047629629629625,144.85,8.0,0.0,0.0,1,,,,,synthetic,,,,
64.0,,target,999510201,SAFE PASS,2.0,1.8577777777777778,-38.01903703703704,144.8923294835391,8.0,180.0,180.0,18,safe,safe,2.0,385.99999999999994,synthetic,,,,
65.0,,own,999510000,OWN SHIP,0.0,0.14444444444444443,-38.047592592592586,144.85,8.0,0.0,0.0,1,,,,,synthetic,,,,
65.0,,target,999510201,SAFE PASS,2.0,1.8555555555555556,-38.01907407407407,144.8923294835391,8.0,180.0,180.0,18,safe,safe,2.0,384.99999999999994,synthetic,,,,
66.0,,own,999510000,OWN SHIP,0.0,0.14666666666666667,-38.047555555555554,144.85,8.0,0.0,0.0,1,,,,,synthetic,,,,
66.0,,target,999510201,SAFE PASS,2.0,1.8533333333333333,-38.01911111111111,144.8923294835391,8.0,180.0,180.0,18,safe,safe,2.0,383.9999999999999,synthetic,,,,
67.0,,own,999510000,OWN SHIP,0.0,0.14888888888888888,-38.047518518518515,144.85,8.0,0.0,0.0,1,,,,,synthetic,,,,
67.0,,target,999510201,SAFE PASS,2.0,1.8511111111111112,-38.01914814814815,144.8923294835391,8.0,180.0,180.0,18,safe,safe,2.0,383.0,synthetic,,,,
68.0,,own,999510000,OWN SHIP,0.0,0.1511111111111111,-38.047481481481476,144.85,8.0,0.0,0.0,1,,,,,synthetic,,,,
68.0,,target,999510201,SAFE PASS,2.0,1.8488888888888888,-38.01918518518518,144.8923294835391,8.0,180.0,180.0,18,safe,safe,2.0,381.9999999999999,synthetic,,,,
69.0,,own,999510000,OWN SHIP,0.0,0.15333333333333332,-38.047444444444444,144.85,8.0,0.0,0.0,1,,,,,synthetic,,,,
69.0,,target,999510201,SAFE PASS,2.0,1.8466666666666667,-38.01922222222222,144.8923294835391,8.0,180.0,180.0,18,safe,safe,2.0,381.0,synthetic,,,,
70.0,,own,999510000,OWN SHIP,0.0,0.15555555555555556,-38.047407407407405,144.85,8.0,0.0,0.0,1,,,,,synthetic,,,,
70.0,,target,999510201,SAFE PASS,2.0,1.8444444444444446,-38.01925925925926,144.8923294835391,8.0,180.0,180.0,18,safe,safe,2.0,380.0,synthetic,,,,
71.0,,own,999510000,OWN SHIP,0.0,0.15777777777777777,-38.047370370370366,144.85,8.0,0.0,0.0,1,,,,,synthetic,,,,
71.0,,target,999510201,SAFE PASS,2.0,1.8422222222222222,-38.0192962962963,144.8923294835391,8.0,180.0,180.0,18,safe,safe,2.0,378.99999999999994,synthetic,,,,
72.0,,own,999510000,OWN SHIP,0.0,0.16,-38.04733333333333,144.85,8.0,0.0,0.0,1,,,,,synthetic,,,,
72.0,,target,999510201,SAFE PASS,2.0,1.84,-38.01933333333333,144.8923294835391,8.0,180.0,180.0,18,safe,safe,2.0,378.0,synthetic,,,,
73.0,,own,999510000,OWN SHIP,0.0,0.1622222222222222,-38.047296296296295,144.85,8.0,0.0,0.0,1,,,,,synthetic,,,,
73.0,,target,999510201,SAFE PASS,2.0,1.8377777777777777,-38.01937037037037,144.8923294835391,8.0,180.0,180.0,18,safe,safe,2.0,376.99999999999994,synthetic,,,,
74.0,,own,999510000,OWN SHIP,0.0,0.16444444444444445,-38.047259259259256,144.85,8.0,0.0,0.0,1,,,,,synthetic,,,,
74.0,,target,999510201,SAFE PASS,2.0,1.8355555555555556,-38.01940740740741,144.8923294835391,8.0,180.0,180.0,18,safe,safe,2.0,376.0,synthetic,,,,
75.0,,own,999510000,OWN SHIP,0.0,0.16666666666666666,-38.04722222222222,144.85,8.0,0.0,0.0,1,,,,,synthetic,,,,
75.0,,target,999510201,SAFE PASS,2.0,1.8333333333333333,-38.01944444444444,144.8923294835391,8.0,180.0,180.0,18,safe,safe,2.0,374.99999999999994,synthetic,,,,
76.0,,own,999510000,OWN SHIP,0.0,0.1688888888888889,-38.047185185185185,144.85,8.0,0.0,0.0,1,,,,,synthetic,,,,
76.0,,target,999510201,SAFE PASS,2.0,1.8311111111111111,-38.01948148148148,144.8923294835391,8.0,180.0,180.0,18,safe,safe,2.0,373.99999999999994,synthetic,,,,
77.0,,own,999510000,OWN SHIP,0.0,0.1711111111111111,-38.047148148148146,144.85,8.0,0.0,0.0,1,,,,,synthetic,,,,
77.0,,target,999510201,SAFE PASS,2.0,1.8288888888888888,-38.01951851851852,144.8923294835391,8.0,180.0,180.0,18,safe,safe,2.0,372.9999999999999,synthetic,,,,
78.0,,own,999510000,OWN SHIP,0.0,0.17333333333333334,-38.04711111111111,144.85,8.0,0.0,0.0,1,,,,,synthetic,,,,
78.0,,target,999510201,SAFE PASS,2.0,1.8266666666666667,-38.019555555555556,144.8923294835391,8.0,180.0,180.0,18,safe,safe,2.0,371.99999999999994,synthetic,,,,
79.0,,own,999510000,OWN SHIP,0.0,0.17555555555555555,-38.04707407407407,144.85,8.0,0.0,0.0,1,,,,,synthetic,,,,
79.0,,target,999510201,SAFE PASS,2.0,1.8244444444444445,-38.01959259259259,144.8923294835391,8.0,180.0,180.0,18,safe,safe,2.0,371.0,synthetic,,,,
80.0,,own,999510000,OWN SHIP,0.0,0.17777777777777778,-38.047037037037036,144.85,8.0,0.0,0.0,1,,,,,synthetic,,,,
80.0,,target,999510201,SAFE PASS,2.0,1.8222222222222222,-38.01962962962963,144.8923294835391,8.0,180.0,180.0,18,safe,safe,2.0,369.99999999999994,synthetic,,,,
81.0,,own,999510000,OWN SHIP,0.0,0.18,-38.047,144.85,8.0,0.0,0.0,1,,,,,synthetic,,,,
81.0,,target,999510201,SAFE PASS,2.0,1.82,-38.019666666666666,144.8923294835391,8.0,180.0,180.0,18,safe,safe,2.0,368.99999999999994,synthetic,,,,
82.0,,own,999510000,OWN SHIP,0.0,0.18222222222222223,-38.04696296296296,144.85,8.0,0.0,0.0,1,,,,,synthetic,,,,
82.0,,target,999510201,SAFE PASS,2.0,1.8177777777777777,-38.0197037037037,144.8923294835391,8.0,180.0,180.0,18,safe,safe,2.0,367.9999999999999,synthetic,,,,
83.0,,own,999510000,OWN SHIP,0.0,0.18444444444444444,-38.046925925925926,144.85,8.0,0.0,0.0,1,,,,,synthetic,,,,
83.0,,target,999510201,SAFE PASS,2.0,1.8155555555555556,-38.01974074074074,144.8923294835391,8.0,180.0,180.0,18,safe,safe,2.0,367.0,synthetic,,,,
84.0,,own,999510000,OWN SHIP,0.0,0.18666666666666668,-38.04688888888889,144.85,8.0,0.0,0.0,1,,,,,synthetic,,,,
84.0,,target,999510201,SAFE PASS,2.0,1.8133333333333332,-38.019777777777776,144.8923294835391,8.0,180.0,180.0,18,safe,safe,2.0,365.9999999999999,synthetic,,,,
85.0,,own,999510000,OWN SHIP,0.0,0.18888888888888888,-38.04685185185185,144.85,8.0,0.0,0.0,1,,,,,synthetic,,,,
85.0,,target,999510201,SAFE PASS,2.0,1.8111111111111111,-38.019814814814815,144.8923294835391,8.0,180.0,180.0,18,safe,safe,2.0,364.99999999999994,synthetic,,,,
86.0,,own,999510000,OWN SHIP,0.0,0.19111111111111112,-38.04681481481481,144.85,8.0,0.0,0.0,1,,,,,synthetic,,,,
86.0,,target,999510201,SAFE PASS,2.0,1.8088888888888888,-38.01985185185185,144.8923294835391,8.0,180.0,180.0,18,safe,safe,2.0,363.99999999999994,synthetic,,,,
87.0,,own,999510000,OWN SHIP,0.0,0.19333333333333333,-38.04677777777778,144.85,8.0,0.0,0.0,1,,,,,synthetic,,,,
87.0,,target,999510201,SAFE PASS,2.0,1.8066666666666666,-38.019888888888886,144.8923294835391,8.0,180.0,180.0,18,safe,safe,2.0,362.99999999999994,synthetic,,,,
88.0,,own,999510000,OWN SHIP,0.0,0.19555555555555557,-38.04674074074074,144.85,8.0,0.0,0.0,1,,,,,synthetic,,,,
88.0,,target,999510201,SAFE PASS,2.0,1.8044444444444445,-38.019925925925925,144.8923294835391,8.0,180.0,180.0,18,safe,safe,2.0,362.0,synthetic,,,,
89.0,,own,999510000,OWN SHIP,0.0,0.19777777777777777,-38.0467037037037,144.85,8.0,0.0,0.0,1,,,,,synthetic,,,,
89.0,,target,999510201,SAFE PASS,2.0,1.8022222222222222,-38.01996296296296,144.8923294835391,8.0,180.0,180.0,18,safe,safe,2.0,360.99999999999994,synthetic,,,,
90.0,,own,999510000,OWN SHIP,0.0,0.2,-38.04666666666667,144.85,8.0,0.0,0.0,1,,,,,synthetic,,,,
90.0,,target,999510201,SAFE PASS,2.0,1.8,-38.019999999999996,144.8923294835391,8.0,180.0,180.0,18,safe,safe,2.0,359.99999999999994,synthetic,,,,
91.0,,own,999510000,OWN SHIP,0.0,0.20222222222222222,-38.04662962962963,144.85,8.0,0.0,0.0,1,,,,,synthetic,,,,
91.0,,target,999510201,SAFE PASS,2.0,1.7977777777777777,-38.020037037037035,144.8923294835391,8.0,180.0,180.0,18,safe,safe,2.0,358.99999999999994,synthetic,,,,
92.0,,own,999510000,OWN SHIP,0.0,0.20444444444444446,-38.04659259259259,144.85,8.0,0.0,0.0,1,,,,,synthetic,,,,
92.0,,target,999510201,SAFE PASS,2.0,1.7955555555555556,-38.020074074074074,144.8923294835391,8.0,180.0,180.0,18,safe,safe,2.0,357.99999999999994,synthetic,,,,
93.0,,own,999510000,OWN SHIP,0.0,0.20666666666666667,-38.04655555555555,144.85,8.0,0.0,0.0,1,,,,,synthetic,,,,
93.0,,target,999510201,SAFE PASS,2.0,1.7933333333333334,-38.020111111111106,144.8923294835391,8.0,180.0,180.0,18,safe,safe,2.0,357.0,synthetic,,,,
94.0,,own,999510000,OWN SHIP,0.0,0.2088888888888889,-38.04651851851852,144.85,8.0,0.0,0.0,1,,,,,synthetic,,,,
94.0,,target,999510201,SAFE PASS,2.0,1.791111111111111,-38.020148148148145,144.8923294835391,8.0,180.0,180.0,18,safe,safe,2.0,355.99999999999994,synthetic,,,,
95.0,,own,999510000,OWN SHIP,0.0,0.2111111111111111,-38.04648148148148,144.85,8.0,0.0,0.0,1,,,,,synthetic,,,,
95.0,,target,999510201,SAFE PASS,2.0,1.788888888888889,-38.020185185185184,144.8923294835391,8.0,180.0,180.0,18,safe,safe,2.0,354.99999999999994,synthetic,,,,
96.0,,own,999510000,OWN SHIP,0.0,0.21333333333333332,-38.04644444444444,144.85,8.0,0.0,0.0,1,,,,,synthetic,,,,
96.0,,target,999510201,SAFE PASS,2.0,1.7866666666666666,-38.020222222222216,144.8923294835391,8.0,180.0,180.0,18,safe,safe,2.0,353.99999999999994,synthetic,,,,
97.0,,own,999510000,OWN SHIP,0.0,0.21555555555555556,-38.04640740740741,144.85,8.0,0.0,0.0,1,,,,,synthetic,,,,
97.0,,target,999510201,SAFE PASS,2.0,1.7844444444444445,-38.020259259259255,144.8923294835391,8.0,180.0,180.0,18,safe,safe,2.0,353.0,synthetic,,,,
98.0,,own,999510000,OWN SHIP,0.0,0.21777777777777776,-38.04637037037037,144.85,8.0,0.0,0.0,1,,,,,synthetic,,,,
98.0,,target,999510201,SAFE PASS,2.0,1.7822222222222222,-38.020296296296294,144.8923294835391,8.0,180.0,180.0,18,safe,safe,2.0,351.9999999999999,synthetic,,,,
99.0,,own,999510000,OWN SHIP,0.0,0.22,-38.04633333333333,144.85,8.0,0.0,0.0,1,,,,,synthetic,,,,
99.0,,target,999510201,SAFE PASS,2.0,1.78,-38.02033333333333,144.8923294835391,8.0,180.0,180.0,18,safe,safe,2.0,351.0,synthetic,,,,
100.0,,own,999510000,OWN SHIP,0.0,0.2222222222222222,-38.04629629629629,144.85,8.0,0.0,0.0,1,,,,,synthetic,,,,
100.0,,target,999510201,SAFE PASS,2.0,1.7777777777777777,-38.020370370370365,144.8923294835391,8.0,180.0,180.0,18,safe,safe,2.0,349.99999999999994,synthetic,,,,
101.0,,own,999510000,OWN SHIP,0.0,0.22444444444444445,-38.04625925925926,144.85,8.0,0.0,0.0,1,,,,,synthetic,,,,
101.0,,target,999510201,SAFE PASS,2.0,1.7755555555555556,-38.020407407407404,144.8923294835391,8.0,180.0,180.0,18,safe,safe,2.0,348.99999999999994,synthetic,,,,
102.0,,own,999510000,OWN SHIP,0.0,0.22666666666666666,-38.04622222222222,144.85,8.0,0.0,0.0,1,,,,,synthetic,,,,
102.0,,target,999510201,SAFE PASS,2.0,1.7733333333333334,-38.02044444444444,144.8923294835391,8.0,180.0,180.0,18,safe,safe,2.0,348.0,synthetic,,,,
103.0,,own,999510000,OWN SHIP,0.0,0.2288888888888889,-38.04618518518518,144.85,8.0,0.0,0.0,1,,,,,synthetic,,,,
103.0,,target,999510201,SAFE PASS,2.0,1.771111111111111,-38.020481481481475,144.8923294835391,8.0,180.0,180.0,18,safe,safe,2.0,346.99999999999994,synthetic,,,,
104.0,,own,999510000,OWN SHIP,0.0,0.2311111111111111,-38.04614814814815,144.85,8.0,0.0,0.0,1,,,,,synthetic,,,,
104.0,,target,999510201,SAFE PASS,2.0,1.768888888888889,-38.020518518518514,144.8923294835391,8.0,180.0,180.0,18,safe,safe,2.0,346.0,synthetic,,,,
105.0,,own,999510000,OWN SHIP,0.0,0.23333333333333334,-38.04611111111111,144.85,8.0,0.0,0.0,1,,,,,synthetic,,,,
105.0,,target,999510201,SAFE PASS,2.0,1.7666666666666666,-38.02055555555555,144.8923294835391,8.0,180.0,180.0,18,safe,safe,2.0,344.99999999999994,synthetic,,,,
106.0,,own,999510000,OWN SHIP,0.0,0.23555555555555555,-38.04607407407407,144.85,8.0,0.0,0.0,1,,,,,synthetic,,,,
106.0,,target,999510201,SAFE PASS,2.0,1.7644444444444445,-38.02059259259259,144.8923294835391,8.0,180.0,180.0,18,safe,safe,2.0,343.99999999999994,synthetic,,,,
107.0,,own,999510000,OWN SHIP,0.0,0.23777777777777778,-38.04603703703703,144.85,8.0,0.0,0.0,1,,,,,synthetic,,,,
107.0,,target,999510201,SAFE PASS,2.0,1.7622222222222221,-38.020629629629624,144.8923294835391,8.0,180.0,180.0,18,safe,safe,2.0,342.9999999999999,synthetic,,,,
108.0,,own,999510000,OWN SHIP,0.0,0.24,-38.046,144.85,8.0,0.0,0.0,1,,,,,synthetic,,,,
108.0,,target,999510201,SAFE PASS,2.0,1.76,-38.02066666666666,144.8923294835391,8.0,180.0,180.0,18,safe,safe,2.0,341.99999999999994,synthetic,,,,
109.0,,own,999510000,OWN SHIP,0.0,0.24222222222222223,-38.04596296296296,144.85,8.0,0.0,0.0,1,,,,,synthetic,,,,
109.0,,target,999510201,SAFE PASS,2.0,1.7577777777777777,-38.0207037037037,144.8923294835391,8.0,180.0,180.0,18,safe,safe,2.0,340.9999999999999,synthetic,,,,
110.0,,own,999510000,OWN SHIP,0.0,0.24444444444444444,-38.04592592592592,144.85,8.0,0.0,0.0,1,,,,,synthetic,,,,
110.0,,target,999510201,SAFE PASS,2.0,1.7555555555555555,-38.020740740740735,144.8923294835391,8.0,180.0,180.0,18,safe,safe,2.0,339.99999999999994,synthetic,,,,
111.0,,own,999510000,OWN SHIP,0.0,0.24666666666666667,-38.04588888888889,144.85,8.0,0.0,0.0,1,,,,,synthetic,,,,
111.0,,target,999510201,SAFE PASS,2.0,1.7533333333333334,-38.020777777777774,144.8923294835391,8.0,180.0,180.0,18,safe,safe,2.0,338.99999999999994,synthetic,,,,
112.0,,own,999510000,OWN SHIP,0.0,0.24888888888888888,-38.04585185185185,144.85,8.0,0.0,0.0,1,,,,,synthetic,,,,
112.0,,target,999510201,SAFE PASS,2.0,1.751111111111111,-38.02081481481481,144.8923294835391,8.0,180.0,180.0,18,safe,safe,2.0,337.9999999999999,synthetic,,,,
113.0,,own,999510000,OWN SHIP,0.0,0.2511111111111111,-38.04581481481481,144.85,8.0,0.0,0.0,1,,,,,synthetic,,,,
113.0,,target,999510201,SAFE PASS,2.0,1.748888888888889,-38.02085185185185,144.8923294835391,8.0,180.0,180.0,18,safe,safe,2.0,337.0,synthetic,,,,
114.0,,own,999510000,OWN SHIP,0.0,0.25333333333333335,-38.04577777777777,144.85,8.0,0.0,0.0,1,,,,,synthetic,,,,
114.0,,target,999510201,SAFE PASS,2.0,1.7466666666666666,-38.020888888888884,144.8923294835391,8.0,180.0,180.0,18,safe,safe,2.0,335.99999999999994,synthetic,,,,
115.0,,own,999510000,OWN SHIP,0.0,0.25555555555555554,-38.04574074074074,144.85,8.0,0.0,0.0,1,,,,,synthetic,,,,
115.0,,target,999510201,SAFE PASS,2.0,1.7444444444444445,-38.02092592592592,144.8923294835391,8.0,180.0,180.0,18,safe,safe,2.0,335.0,synthetic,,,,
116.0,,own,999510000,OWN SHIP,0.0,0.2577777777777778,-38.0457037037037,144.85,8.0,0.0,0.0,1,,,,,synthetic,,,,
116.0,,target,999510201,SAFE PASS,2.0,1.7422222222222223,-38.02096296296296,144.8923294835391,8.0,180.0,180.0,18,safe,safe,2.0,334.0,synthetic,,,,
117.0,,own,999510000,OWN SHIP,0.0,0.26,-38.04566666666666,144.85,8.0,0.0,0.0,1,,,,,synthetic,,,,
117.0,,target,999510201,SAFE PASS,2.0,1.74,-38.020999999999994,144.8923294835391,8.0,180.0,180.0,18,safe,safe,2.0,332.99999999999994,synthetic,,,,
118.0,,own,999510000,OWN SHIP,0.0,0.26222222222222225,-38.04562962962963,144.85,8.0,0.0,0.0,1,,,,,synthetic,,,,
118.0,,target,999510201,SAFE PASS,2.0,1.7377777777777776,-38.02103703703703,144.8923294835391,8.0,180.0,180.0,18,safe,safe,2.0,331.9999999999999,synthetic,,,,
119.0,,own,999510000,OWN SHIP,0.0,0.2644444444444444,-38.04559259259259,144.85,8.0,0.0,0.0,1,,,,,synthetic,,,,
119.0,,target,999510201,SAFE PASS,2.0,1.7355555555555555,-38.02107407407407,144.8923294835391,8.0,180.0,180.0,18,safe,safe,2.0,330.99999999999994,synthetic,,,,
120.0,,own,999510000,OWN SHIP,0.0,0.26666666666666666,-38.04555555555555,144.85,8.0,0.0,0.0,1,,,,,synthetic,,,,
120.0,,target,999510201,SAFE PASS,2.0,1.7333333333333334,-38.02111111111111,144.8923294835391,8.0,180.0,180.0,18,safe,safe,2.0,330.0,synthetic,,,,
121.0,,own,999510000,OWN SHIP,0.0,0.2688888888888889,-38.04551851851851,144.85,8.0,0.0,0.0,1,,,,,synthetic,,,,
121.0,,target,999510201,SAFE PASS,2.0,1.731111111111111,-38.02114814814814,144.8923294835391,8.0,180.0,180.0,18,safe,safe,2.0,328.99999999999994,synthetic,,,,
122.0,,own,999510000,OWN SHIP,0.0,0.27111111111111114,-38.04548148148148,144.85,8.0,0.0,0.0,1,,,,,synthetic,,,,
122.0,,target,999510201,SAFE PASS,2.0,1.728888888888889,-38.02118518518518,144.8923294835391,8.0,180.0,180.0,18,safe,safe,2.0,327.99999999999994,synthetic,,,,
123.0,,own,999510000,OWN SHIP,0.0,0.2733333333333333,-38.04544444444444,144.85,8.0,0.0,0.0,1,,,,,synthetic,,,,
123.0,,target,999510201,SAFE PASS,2.0,1.7266666666666666,-38.02122222222222,144.8923294835391,8.0,180.0,180.0,18,safe,safe,2.0,326.9999999999999,synthetic,,,,
124.0,,own,999510000,OWN SHIP,0.0,0.27555555555555555,-38.0454074074074,144.85,8.0,0.0,0.0,1,,,,,synthetic,,,,
124.0,,target,999510201,SAFE PASS,2.0,1.7244444444444444,-38.02125925925925,144.8923294835391,8.0,180.0,180.0,18,safe,safe,2.0,325.99999999999994,synthetic,,,,
125.0,,own,999510000,OWN SHIP,0.0,0.2777777777777778,-38.04537037037037,144.85,8.0,0.0,0.0,1,,,,,synthetic,,,,
125.0,,target,999510201,SAFE PASS,2.0,1.7222222222222223,-38.02129629629629,144.8923294835391,8.0,180.0,180.0,18,safe,safe,2.0,325.0,synthetic,,,,
126.0,,own,999510000,OWN SHIP,0.0,0.28,-38.04533333333333,144.85,8.0,0.0,0.0,1,,,,,synthetic,,,,
126.0,,target,999510201,SAFE PASS,2.0,1.72,-38.02133333333333,144.8923294835391,8.0,180.0,180.0,18,safe,safe,2.0,323.99999999999994,synthetic,,,,
127.0,,own,999510000,OWN SHIP,0.0,0.2822222222222222,-38.04529629629629,144.85,8.0,0.0,0.0,1,,,,,synthetic,,,,
127.0,,target,999510201,SAFE PASS,2.0,1.7177777777777778,-38.02137037037037,144.8923294835391,8.0,180.0,180.0,18,safe,safe,2.0,323.0,synthetic,,,,
128.0,,own,999510000,OWN SHIP,0.0,0.28444444444444444,-38.045259259259254,144.85,8.0,0.0,0.0,1,,,,,synthetic,,,,
128.0,,target,999510201,SAFE PASS,2.0,1.7155555555555555,-38.0214074074074,144.8923294835391,8.0,180.0,180.0,18,safe,safe,2.0,321.9999999999999,synthetic,,,,
129.0,,own,999510000,OWN SHIP,0.0,0.2866666666666667,-38.04522222222222,144.85,8.0,0.0,0.0,1,,,,,synthetic,,,,
129.0,,target,999510201,SAFE PASS,2.0,1.7133333333333334,-38.02144444444444,144.8923294835391,8.0,180.0,180.0,18,safe,safe,2.0,321.0,synthetic,,,,
130.0,,own,999510000,OWN SHIP,0.0,0.28888888888888886,-38.04518518518518,144.85,8.0,0.0,0.0,1,,,,,synthetic,,,,
130.0,,target,999510201,SAFE PASS,2.0,1.7111111111111112,-38.02148148148148,144.8923294835391,8.0,180.0,180.0,18,safe,safe,2.0,320.0,synthetic,,,,
131.0,,own,999510000,OWN SHIP,0.0,0.2911111111111111,-38.045148148148144,144.85,8.0,0.0,0.0,1,,,,,synthetic,,,,
131.0,,target,999510201,SAFE PASS,2.0,1.708888888888889,-38.02151851851852,144.8923294835391,8.0,180.0,180.0,18,safe,safe,2.0,318.99999999999994,synthetic,,,,
132.0,,own,999510000,OWN SHIP,0.0,0.29333333333333333,-38.04511111111111,144.85,8.0,0.0,0.0,1,,,,,synthetic,,,,
132.0,,target,999510201,SAFE PASS,2.0,1.7066666666666666,-38.02155555555555,144.8923294835391,8.0,180.0,180.0,18,safe,safe,2.0,317.99999999999994,synthetic,,,,
133.0,,own,999510000,OWN SHIP,0.0,0.29555555555555557,-38.04507407407407,144.85,8.0,0.0,0.0,1,,,,,synthetic,,,,
133.0,,target,999510201,SAFE PASS,2.0,1.7044444444444444,-38.02159259259259,144.8923294835391,8.0,180.0,180.0,18,safe,safe,2.0,316.99999999999994,synthetic,,,,
134.0,,own,999510000,OWN SHIP,0.0,0.29777777777777775,-38.045037037037034,144.85,8.0,0.0,0.0,1,,,,,synthetic,,,,
134.0,,target,999510201,SAFE PASS,2.0,1.7022222222222223,-38.02162962962963,144.8923294835391,8.0,180.0,180.0,18,safe,safe,2.0,316.0,synthetic,,,,
135.0,,own,999510000,OWN SHIP,0.0,0.3,-38.044999999999995,144.85,8.0,0.0,0.0,1,,,,,synthetic,,,,
135.0,,target,999510201,SAFE PASS,2.0,1.7,-38.02166666666666,144.8923294835391,8.0,180.0,180.0,18,safe,safe,2.0,314.99999999999994,synthetic,,,,
136.0,,own,999510000,OWN SHIP,0.0,0.3022222222222222,-38.04496296296296,144.85,8.0,0.0,0.0,1,,,,,synthetic,,,,
136.0,,target,999510201,SAFE PASS,2.0,1.6977777777777778,-38.0217037037037,144.8923294835391,8.0,180.0,180.0,18,safe,safe,2.0,313.99999999999994,synthetic,,,,
137.0,,own,999510000,OWN SHIP,0.0,0.30444444444444446,-38.044925925925924,144.85,8.0,0.0,0.0,1,,,,,synthetic,,,,
137.0,,target,999510201,SAFE PASS,2.0,1.6955555555555555,-38.02174074074074,144.8923294835391,8.0,180.0,180.0,18,safe,safe,2.0,312.99999999999994,synthetic,,,,
138.0,,own,999510000,OWN SHIP,0.0,0.30666666666666664,-38.044888888888885,144.85,8.0,0.0,0.0,1,,,,,synthetic,,,,
138.0,,target,999510201,SAFE PASS,2.0,1.6933333333333334,-38.02177777777778,144.8923294835391,8.0,180.0,180.0,18,safe,safe,2.0,311.99999999999994,synthetic,,,,
139.0,,own,999510000,OWN SHIP,0.0,0.3088888888888889,-38.044851851851845,144.85,8.0,0.0,0.0,1,,,,,synthetic,,,,
139.0,,target,999510201,SAFE PASS,2.0,1.6911111111111112,-38.02181481481481,144.8923294835391,8.0,180.0,180.0,18,safe,safe,2.0,311.0,synthetic,,,,
140.0,,own,999510000,OWN SHIP,0.0,0.3111111111111111,-38.04481481481481,144.85,8.0,0.0,0.0,1,,,,,synthetic,,,,
140.0,,target,999510201,SAFE PASS,2.0,1.6888888888888889,-38.02185185185185,144.8923294835391,8.0,180.0,180.0,18,safe,safe,2.0,309.99999999999994,synthetic,,,,
141.0,,own,999510000,OWN SHIP,0.0,0.31333333333333335,-38.044777777777774,144.85,8.0,0.0,0.0,1,,,,,synthetic,,,,
141.0,,target,999510201,SAFE PASS,2.0,1.6866666666666665,-38.02188888888889,144.8923294835391,8.0,180.0,180.0,18,safe,safe,2.0,308.9999999999999,synthetic,,,,
142.0,,own,999510000,OWN SHIP,0.0,0.31555555555555553,-38.044740740740735,144.85,8.0,0.0,0.0,1,,,,,synthetic,,,,
142.0,,target,999510201,SAFE PASS,2.0,1.6844444444444444,-38.02192592592592,144.8923294835391,8.0,180.0,180.0,18,safe,safe,2.0,307.99999999999994,synthetic,,,,
143.0,,own,999510000,OWN SHIP,0.0,0.31777777777777777,-38.0447037037037,144.85,8.0,0.0,0.0,1,,,,,synthetic,,,,
143.0,,target,999510201,SAFE PASS,2.0,1.6822222222222223,-38.02196296296296,144.8923294835391,8.0,180.0,180.0,18,safe,safe,2.0,307.0,synthetic,,,,
144.0,,own,999510000,OWN SHIP,0.0,0.32,-38.044666666666664,144.85,8.0,0.0,0.0,1,,,,,synthetic,,,,
144.0,,target,999510201,SAFE PASS,2.0,1.68,-38.022,144.8923294835391,8.0,180.0,180.0,18,safe,safe,2.0,305.99999999999994,synthetic,,,,
145.0,,own,999510000,OWN SHIP,0.0,0.32222222222222224,-38.044629629629625,144.85,8.0,0.0,0.0,1,,,,,synthetic,,,,
145.0,,target,999510201,SAFE PASS,2.0,1.6777777777777778,-38.02203703703704,144.8923294835391,8.0,180.0,180.0,18,safe,safe,2.0,305.0,synthetic,,,,
146.0,,own,999510000,OWN SHIP,0.0,0.3244444444444444,-38.044592592592586,144.85,8.0,0.0,0.0,1,,,,,synthetic,,,,
146.0,,target,999510201,SAFE PASS,2.0,1.6755555555555555,-38.02207407407407,144.8923294835391,8.0,180.0,180.0,18,safe,safe,2.0,303.99999999999994,synthetic,,,,
147.0,,own,999510000,OWN SHIP,0.0,0.32666666666666666,-38.044555555555554,144.85,8.0,0.0,0.0,1,,,,,synthetic,,,,
147.0,,target,999510201,SAFE PASS,2.0,1.6733333333333333,-38.02211111111111,144.8923294835391,8.0,180.0,180.0,18,safe,safe,2.0,302.99999999999994,synthetic,,,,
148.0,,own,999510000,OWN SHIP,0.0,0.3288888888888889,-38.044518518518515,144.85,8.0,0.0,0.0,1,,,,,synthetic,,,,
148.0,,target,999510201,SAFE PASS,2.0,1.6711111111111112,-38.02214814814815,144.8923294835391,8.0,180.0,180.0,18,safe,safe,2.0,302.0,synthetic,,,,
149.0,,own,999510000,OWN SHIP,0.0,0.33111111111111113,-38.044481481481476,144.85,8.0,0.0,0.0,1,,,,,synthetic,,,,
149.0,,target,999510201,SAFE PASS,2.0,1.6688888888888889,-38.02218518518518,144.8923294835391,8.0,180.0,180.0,18,safe,safe,2.0,300.99999999999994,synthetic,,,,
150.0,,own,999510000,OWN SHIP,0.0,0.3333333333333333,-38.044444444444444,144.85,8.0,0.0,0.0,1,,,,,synthetic,,,,
150.0,,target,999510201,SAFE PASS,2.0,1.6666666666666667,-38.02222222222222,144.8923294835391,8.0,180.0,180.0,18,safe,safe,2.0,300.0,synthetic,,,,
151.0,,own,999510000,OWN SHIP,0.0,0.33555555555555555,-38.044407407407405,144.85,8.0,0.0,0.0,1,,,,,synthetic,,,,
151.0,,target,999510201,SAFE PASS,2.0,1.6644444444444444,-38.02225925925926,144.8923294835391,8.0,180.0,180.0,18,safe,safe,2.0,298.99999999999994,synthetic,,,,
152.0,,own,999510000,OWN SHIP,0.0,0.3377777777777778,-38.044370370370366,144.85,8.0,0.0,0.0,1,,,,,synthetic,,,,
152.0,,target,999510201,SAFE PASS,2.0,1.6622222222222223,-38.0222962962963,144.8923294835391,8.0,180.0,180.0,18,safe,safe,2.0,297.99999999999994,synthetic,,,,
153.0,,own,999510000,OWN SHIP,0.0,0.34,-38.04433333333333,144.85,8.0,0.0,0.0,1,,,,,synthetic,,,,
153.0,,target,999510201,SAFE PASS,2.0,1.66,-38.02233333333333,144.8923294835391,8.0,180.0,180.0,18,safe,safe,2.0,296.9999999999999,synthetic,,,,
154.0,,own,999510000,OWN SHIP,0.0,0.3422222222222222,-38.044296296296295,144.85,8.0,0.0,0.0,1,,,,,synthetic,,,,
154.0,,target,999510201,SAFE PASS,2.0,1.6577777777777778,-38.02237037037037,144.8923294835391,8.0,180.0,180.0,18,safe,safe,2.0,295.99999999999994,synthetic,,,,
155.0,,own,999510000,OWN SHIP,0.0,0.34444444444444444,-38.044259259259256,144.85,8.0,0.0,0.0,1,,,,,synthetic,,,,
155.0,,target,999510201,SAFE PASS,2.0,1.6555555555555554,-38.02240740740741,144.8923294835391,8.0,180.0,180.0,18,safe,safe,2.0,294.9999999999999,synthetic,,,,
156.0,,own,999510000,OWN SHIP,0.0,0.3466666666666667,-38.04422222222222,144.85,8.0,0.0,0.0,1,,,,,synthetic,,,,
156.0,,target,999510201,SAFE PASS,2.0,1.6533333333333333,-38.02244444444444,144.8923294835391,8.0,180.0,180.0,18,safe,safe,2.0,293.99999999999994,synthetic,,,,
157.0,,own,999510000,OWN SHIP,0.0,0.3488888888888889,-38.044185185185185,144.85,8.0,0.0,0.0,1,,,,,synthetic,,,,
157.0,,target,999510201,SAFE PASS,2.0,1.6511111111111112,-38.02248148148148,144.8923294835391,8.0,180.0,180.0,18,safe,safe,2.0,293.0,synthetic,,,,
158.0,,own,999510000,OWN SHIP,0.0,0.3511111111111111,-38.044148148148146,144.85,8.0,0.0,0.0,1,,,,,synthetic,,,,
158.0,,target,999510201,SAFE PASS,2.0,1.6488888888888888,-38.02251851851852,144.8923294835391,8.0,180.0,180.0,18,safe,safe,2.0,291.9999999999999,synthetic,,,,
159.0,,own,999510000,OWN SHIP,0.0,0.35333333333333333,-38.04411111111111,144.85,8.0,0.0,0.0,1,,,,,synthetic,,,,
159.0,,target,999510201,SAFE PASS,2.0,1.6466666666666667,-38.022555555555556,144.8923294835391,8.0,180.0,180.0,18,safe,safe,2.0,291.0,synthetic,,,,
160.0,,own,999510000,OWN SHIP,0.0,0.35555555555555557,-38.04407407407407,144.85,8.0,0.0,0.0,1,,,,,synthetic,,,,
160.0,,target,999510201,SAFE PASS,2.0,1.6444444444444444,-38.02259259259259,144.8923294835391,8.0,180.0,180.0,18,safe,safe,2.0,289.99999999999994,synthetic,,,,
161.0,,own,999510000,OWN SHIP,0.0,0.35777777777777775,-38.044037037037036,144.85,8.0,0.0,0.0,1,,,,,synthetic,,,,
161.0,,target,999510201,SAFE PASS,2.0,1.6422222222222222,-38.02262962962963,144.8923294835391,8.0,180.0,180.0,18,safe,safe,2.0,289.0,synthetic,,,,
162.0,,own,999510000,OWN SHIP,0.0,0.36,-38.044,144.85,8.0,0.0,0.0,1,,,,,synthetic,,,,
162.0,,target,999510201,SAFE PASS,2.0,1.6400000000000001,-38.022666666666666,144.8923294835391,8.0,180.0,180.0,18,safe,safe,2.0,288.0,synthetic,,,,
163.0,,own,999510000,OWN SHIP,0.0,0.3622222222222222,-38.04396296296296,144.85,8.0,0.0,0.0,1,,,,,synthetic,,,,
163.0,,target,999510201,SAFE PASS,2.0,1.6377777777777778,-38.0227037037037,144.8923294835391,8.0,180.0,180.0,18,safe,safe,2.0,286.99999999999994,synthetic,,,,
164.0,,own,999510000,OWN SHIP,0.0,0.36444444444444446,-38.043925925925926,144.85,8.0,0.0,0.0,1,,,,,synthetic,,,,
164.0,,target,999510201,SAFE PASS,2.0,1.6355555555555554,-38.02274074074074,144.8923294835391,8.0,180.0,180.0,18,safe,safe,2.0,285.9999999999999,synthetic,,,,
165.0,,own,999510000,OWN SHIP,0.0,0.36666666666666664,-38.04388888888889,144.85,8.0,0.0,0.0,1,,,,,synthetic,,,,
165.0,,target,999510201,SAFE PASS,2.0,1.6333333333333333,-38.022777777777776,144.8923294835391,8.0,180.0,180.0,18,safe,safe,2.0,284.99999999999994,synthetic,,,,
166.0,,own,999510000,OWN SHIP,0.0,0.3688888888888889,-38.04385185185185,144.85,8.0,0.0,0.0,1,,,,,synthetic,,,,
166.0,,target,999510201,SAFE PASS,2.0,1.6311111111111112,-38.022814814814815,144.8923294835391,8.0,180.0,180.0,18,safe,safe,2.0,284.0,synthetic,,,,
167.0,,own,999510000,OWN SHIP,0.0,0.3711111111111111,-38.04381481481481,144.85,8.0,0.0,0.0,1,,,,,synthetic,,,,
167.0,,target,999510201,SAFE PASS,2.0,1.6288888888888888,-38.02285185185185,144.8923294835391,8.0,180.0,180.0,18,safe,safe,2.0,282.99999999999994,synthetic,,,,
168.0,,own,999510000,OWN SHIP,0.0,0.37333333333333335,-38.04377777777778,144.85,8.0,0.0,0.0,1,,,,,synthetic,,,,
168.0,,target,999510201,SAFE PASS,2.0,1.6266666666666667,-38.022888888888886,144.8923294835391,8.0,180.0,180.0,18,safe,safe,2.0,281.99999999999994,synthetic,,,,
169.0,,own,999510000,OWN SHIP,0.0,0.37555555555555553,-38.04374074074074,144.85,8.0,0.0,0.0,1,,,,,synthetic,,,,
169.0,,target,999510201,SAFE PASS,2.0,1.6244444444444444,-38.022925925925925,144.8923294835391,8.0,180.0,180.0,18,safe,safe,2.0,280.9999999999999,synthetic,,,,
170.0,,own,999510000,OWN SHIP,0.0,0.37777777777777777,-38.0437037037037,144.85,8.0,0.0,0.0,1,,,,,synthetic,,,,
170.0,,target,999510201,SAFE PASS,2.0,1.6222222222222222,-38.02296296296296,144.8923294835391,8.0,180.0,180.0,18,safe,safe,2.0,279.99999999999994,synthetic,,,,
171.0,,own,999510000,OWN SHIP,0.0,0.38,-38.04366666666667,144.85,8.0,0.0,0.0,1,,,,,synthetic,,,,
171.0,,target,999510201,SAFE PASS,2.0,1.62,-38.022999999999996,144.8923294835391,8.0,180.0,180.0,18,safe,safe,2.0,279.0,synthetic,,,,
172.0,,own,999510000,OWN SHIP,0.0,0.38222222222222224,-38.04362962962963,144.85,8.0,0.0,0.0,1,,,,,synthetic,,,,
172.0,,target,999510201,SAFE PASS,2.0,1.6177777777777778,-38.023037037037035,144.8923294835391,8.0,180.0,180.0,18,safe,safe,2.0,277.99999999999994,synthetic,,,,
173.0,,own,999510000,OWN SHIP,0.0,0.3844444444444444,-38.04359259259259,144.85,8.0,0.0,0.0,1,,,,,synthetic,,,,
173.0,,target,999510201,SAFE PASS,2.0,1.6155555555555556,-38.023074074074074,144.8923294835391,8.0,180.0,180.0,18,safe,safe,2.0,277.0,synthetic,,,,
174.0,,own,999510000,OWN SHIP,0.0,0.38666666666666666,-38.04355555555555,144.85,8.0,0.0,0.0,1,,,,,synthetic,,,,
174.0,,target,999510201,SAFE PASS,2.0,1.6133333333333333,-38.023111111111106,144.8923294835391,8.0,180.0,180.0,18,safe,safe,2.0,275.99999999999994,synthetic,,,,
175.0,,own,999510000,OWN SHIP,0.0,0.3888888888888889,-38.04351851851852,144.85,8.0,0.0,0.0,1,,,,,synthetic,,,,
175.0,,target,999510201,SAFE PASS,2.0,1.6111111111111112,-38.023148148148145,144.8923294835391,8.0,180.0,180.0,18,safe,safe,2.0,275.0,synthetic,,,,
176.0,,own,999510000,OWN SHIP,0.0,0.39111111111111113,-38.04348148148148,144.85,8.0,0.0,0.0,1,,,,,synthetic,,,,
176.0,,target,999510201,SAFE PASS,2.0,1.6088888888888888,-38.023185185185184,144.8923294835391,8.0,180.0,180.0,18,safe,safe,2.0,273.99999999999994,synthetic,,,,
177.0,,own,999510000,OWN SHIP,0.0,0.3933333333333333,-38.04344444444444,144.85,8.0,0.0,0.0,1,,,,,synthetic,,,,
177.0,,target,999510201,SAFE PASS,2.0,1.6066666666666667,-38.023222222222216,144.8923294835391,8.0,180.0,180.0,18,safe,safe,2.0,272.99999999999994,synthetic,,,,
178.0,,own,999510000,OWN SHIP,0.0,0.39555555555555555,-38.04340740740741,144.85,8.0,0.0,0.0,1,,,,,synthetic,,,,
178.0,,target,999510201,SAFE PASS,2.0,1.6044444444444443,-38.023259259259255,144.8923294835391,8.0,180.0,180.0,18,safe,safe,2.0,271.99999999999994,synthetic,,,,
179.0,,own,999510000,OWN SHIP,0.0,0.3977777777777778,-38.04337037037037,144.85,8.0,0.0,0.0,1,,,,,synthetic,,,,
179.0,,target,999510201,SAFE PASS,2.0,1.6022222222222222,-38.023296296296294,144.8923294835391,8.0,180.0,180.0,18,safe,safe,2.0,270.99999999999994,synthetic,,,,
180.0,,own,999510000,OWN SHIP,0.0,0.4,-38.04333333333333,144.85,8.0,0.0,0.0,1,,,,,synthetic,,,,
180.0,,target,999510201,SAFE PASS,2.0,1.6,-38.02333333333333,144.8923294835391,8.0,180.0,180.0,18,safe,safe,2.0,270.0,synthetic,,,,
181.0,,own,999510000,OWN SHIP,0.0,0.4022222222222222,-38.04329629629629,144.85,8.0,0.0,0.0,1,,,,,synthetic,,,,
181.0,,target,999510201,SAFE PASS,2.0,1.5977777777777777,-38.023370370370365,144.8923294835391,8.0,180.0,180.0,18,safe,safe,2.0,268.99999999999994,synthetic,,,,
182.0,,own,999510000,OWN SHIP,0.0,0.40444444444444444,-38.04325925925926,144.85,8.0,0.0,0.0,1,,,,,synthetic,,,,
182.0,,target,999510201,SAFE PASS,2.0,1.5955555555555556,-38.023407407407404,144.8923294835391,8.0,180.0,180.0,18,safe,safe,2.0,267.99999999999994,synthetic,,,,
183.0,,own,999510000,OWN SHIP,0.0,0.4066666666666667,-38.04322222222222,144.85,8.0,0.0,0.0,1,,,,,synthetic,,,,
183.0,,target,999510201,SAFE PASS,2.0,1.5933333333333333,-38.02344444444444,144.8923294835391,8.0,180.0,180.0,18,safe,safe,2.0,266.99999999999994,synthetic,,,,
184.0,,own,999510000,OWN SHIP,0.0,0.4088888888888889,-38.04318518518518,144.85,8.0,0.0,0.0,1,,,,,synthetic,,,,
184.0,,target,999510201,SAFE PASS,2.0,1.5911111111111111,-38.023481481481475,144.8923294835391,8.0,180.0,180.0,18,safe,safe,2.0,265.99999999999994,synthetic,,,,
185.0,,own,999510000,OWN SHIP,0.0,0.4111111111111111,-38.04314814814815,144.85,8.0,0.0,0.0,1,,,,,synthetic,,,,
185.0,,target,999510201,SAFE PASS,2.0,1.588888888888889,-38.023518518518514,144.8923294835391,8.0,180.0,180.0,18,safe,safe,2.0,265.0,synthetic,,,,
186.0,,own,999510000,OWN SHIP,0.0,0.41333333333333333,-38.04311111111111,144.85,8.0,0.0,0.0,1,,,,,synthetic,,,,
186.0,,target,999510201,SAFE PASS,2.0,1.5866666666666667,-38.023555555555554,144.8923294835391,8.0,180.0,180.0,18,safe,safe,2.0,263.99999999999994,synthetic,,,,
187.0,,own,999510000,OWN SHIP,0.0,0.41555555555555557,-38.04307407407407,144.85,8.0,0.0,0.0,1,,,,,synthetic,,,,
187.0,,target,999510201,SAFE PASS,2.0,1.5844444444444443,-38.02359259259259,144.8923294835391,8.0,180.0,180.0,18,safe,safe,2.0,262.9999999999999,synthetic,,,,
188.0,,own,999510000,OWN SHIP,0.0,0.4177777777777778,-38.04303703703703,144.85,8.0,0.0,0.0,1,,,,,synthetic,,,,
188.0,,target,999510201,SAFE PASS,2.0,1.5822222222222222,-38.023629629629625,144.8923294835391,8.0,180.0,180.0,18,safe,safe,2.0,261.99999999999994,synthetic,,,,
189.0,,own,999510000,OWN SHIP,0.0,0.42,-38.043,144.85,8.0,0.0,0.0,1,,,,,synthetic,,,,
189.0,,target,999510201,SAFE PASS,2.0,1.58,-38.023666666666664,144.8923294835391,8.0,180.0,180.0,18,safe,safe,2.0,261.0,synthetic,,,,
190.0,,own,999510000,OWN SHIP,0.0,0.4222222222222222,-38.04296296296296,144.85,8.0,0.0,0.0,1,,,,,synthetic,,,,
190.0,,target,999510201,SAFE PASS,2.0,1.5777777777777777,-38.0237037037037,144.8923294835391,8.0,180.0,180.0,18,safe,safe,2.0,259.99999999999994,synthetic,,,,
191.0,,own,999510000,OWN SHIP,0.0,0.42444444444444446,-38.04292592592592,144.85,8.0,0.0,0.0,1,,,,,synthetic,,,,
191.0,,target,999510201,SAFE PASS,2.0,1.5755555555555556,-38.023740740740735,144.8923294835391,8.0,180.0,180.0,18,safe,safe,2.0,259.0,synthetic,,,,
192.0,,own,999510000,OWN SHIP,0.0,0.42666666666666664,-38.04288888888889,144.85,8.0,0.0,0.0,1,,,,,synthetic,,,,
192.0,,target,999510201,SAFE PASS,2.0,1.5733333333333333,-38.023777777777774,144.8923294835391,8.0,180.0,180.0,18,safe,safe,2.0,257.99999999999994,synthetic,,,,
193.0,,own,999510000,OWN SHIP,0.0,0.4288888888888889,-38.04285185185185,144.85,8.0,0.0,0.0,1,,,,,synthetic,,,,
193.0,,target,999510201,SAFE PASS,2.0,1.5711111111111111,-38.02381481481481,144.8923294835391,8.0,180.0,180.0,18,safe,safe,2.0,256.99999999999994,synthetic,,,,
194.0,,own,999510000,OWN SHIP,0.0,0.4311111111111111,-38.04281481481481,144.85,8.0,0.0,0.0,1,,,,,synthetic,,,,
194.0,,target,999510201,SAFE PASS,2.0,1.568888888888889,-38.02385185185185,144.8923294835391,8.0,180.0,180.0,18,safe,safe,2.0,256.0,synthetic,,,,
195.0,,own,999510000,OWN SHIP,0.0,0.43333333333333335,-38.04277777777777,144.85,8.0,0.0,0.0,1,,,,,synthetic,,,,
195.0,,target,999510201,SAFE PASS,2.0,1.5666666666666667,-38.023888888888884,144.8923294835391,8.0,180.0,180.0,18,safe,safe,2.0,254.99999999999994,synthetic,,,,
196.0,,own,999510000,OWN SHIP,0.0,0.43555555555555553,-38.04274074074074,144.85,8.0,0.0,0.0,1,,,,,synthetic,,,,
196.0,,target,999510201,SAFE PASS,2.0,1.5644444444444445,-38.02392592592592,144.8923294835391,8.0,180.0,180.0,18,safe,safe,2.0,253.99999999999997,synthetic,,,,
197.0,,own,999510000,OWN SHIP,0.0,0.43777777777777777,-38.0427037037037,144.85,8.0,0.0,0.0,1,,,,,synthetic,,,,
197.0,,target,999510201,SAFE PASS,2.0,1.5622222222222222,-38.02396296296296,144.8923294835391,8.0,180.0,180.0,18,safe,safe,2.0,252.99999999999994,synthetic,,,,
198.0,,own,999510000,OWN SHIP,0.0,0.44,-38.04266666666666,144.85,8.0,0.0,0.0,1,,,,,synthetic,,,,
198.0,,target,999510201,SAFE PASS,2.0,1.56,-38.023999999999994,144.8923294835391,8.0,180.0,180.0,18,safe,safe,2.0,251.99999999999997,synthetic,,,,
199.0,,own,999510000,OWN SHIP,0.0,0.44222222222222224,-38.04262962962963,144.85,8.0,0.0,0.0,1,,,,,synthetic,,,,
199.0,,target,999510201,SAFE PASS,2.0,1.5577777777777777,-38.02403703703703,144.8923294835391,8.0,180.0,180.0,18,safe,safe,2.0,250.99999999999991,synthetic,,,,
200.0,,own,999510000,OWN SHIP,0.0,0.4444444444444444,-38.04259259259259,144.85,8.0,0.0,0.0,1,,,,,synthetic,,,,
200.0,,target,999510201,SAFE PASS,2.0,1.5555555555555556,-38.02407407407407,144.8923294835391,8.0,180.0,180.0,18,safe,safe,2.0,249.99999999999994,synthetic,,,,
201.0,,own,999510000,OWN SHIP,0.0,0.44666666666666666,-38.04255555555555,144.85,8.0,0.0,0.0,1,,,,,synthetic,,,,
201.0,,target,999510201,SAFE PASS,2.0,1.5533333333333332,-38.02411111111111,144.8923294835391,8.0,180.0,180.0,18,safe,safe,2.0,248.9999999999999,synthetic,,,,
202.0,,own,999510000,OWN SHIP,0.0,0.4488888888888889,-38.04251851851851,144.85,8.0,0.0,0.0,1,,,,,synthetic,,,,
202.0,,target,999510201,SAFE PASS,2.0,1.551111111111111,-38.02414814814814,144.8923294835391,8.0,180.0,180.0,18,safe,safe,2.0,247.99999999999994,synthetic,,,,
203.0,,own,999510000,OWN SHIP,0.0,0.45111111111111113,-38.04248148148148,144.85,8.0,0.0,0.0,1,,,,,synthetic,,,,
203.0,,target,999510201,SAFE PASS,2.0,1.548888888888889,-38.02418518518518,144.8923294835391,8.0,180.0,180.0,18,safe,safe,2.0,247.0,synthetic,,,,
204.0,,own,999510000,OWN SHIP,0.0,0.4533333333333333,-38.04244444444444,144.85,8.0,0.0,0.0,1,,,,,synthetic,,,,
204.0,,target,999510201,SAFE PASS,2.0,1.5466666666666666,-38.02422222222222,144.8923294835391,8.0,180.0,180.0,18,safe,safe,2.0,245.99999999999997,synthetic,,,,
205.0,,own,999510000,OWN SHIP,0.0,0.45555555555555555,-38.0424074074074,144.85,8.0,0.0,0.0,1,,,,,synthetic,,,,
205.0,,target,999510201,SAFE PASS,2.0,1.5444444444444445,-38.02425925925925,144.8923294835391,8.0,180.0,180.0,18,safe,safe,2.0,245.0,synthetic,,,,
206.0,,own,999510000,OWN SHIP,0.0,0.4577777777777778,-38.04237037037037,144.85,8.0,0.0,0.0,1,,,,,synthetic,,,,
206.0,,target,999510201,SAFE PASS,2.0,1.5422222222222222,-38.02429629629629,144.8923294835391,8.0,180.0,180.0,18,safe,safe,2.0,243.99999999999994,synthetic,,,,
207.0,,own,999510000,OWN SHIP,0.0,0.46,-38.04233333333333,144.85,8.0,0.0,0.0,1,,,,,synthetic,,,,
207.0,,target,999510201,SAFE PASS,2.0,1.54,-38.02433333333333,144.8923294835391,8.0,180.0,180.0,18,safe,safe,2.0,242.99999999999997,synthetic,,,,
208.0,,own,999510000,OWN SHIP,0.0,0.4622222222222222,-38.04229629629629,144.85,8.0,0.0,0.0,1,,,,,synthetic,,,,
208.0,,target,999510201,SAFE PASS,2.0,1.537777777777778,-38.02437037037037,144.8923294835391,8.0,180.0,180.0,18,safe,safe,2.0,242.0,synthetic,,,,
209.0,,own,999510000,OWN SHIP,0.0,0.46444444444444444,-38.042259259259254,144.85,8.0,0.0,0.0,1,,,,,synthetic,,,,
209.0,,target,999510201,SAFE PASS,2.0,1.5355555555555556,-38.0244074074074,144.8923294835391,8.0,180.0,180.0,18,safe,safe,2.0,240.99999999999997,synthetic,,,,
210.0,,own,999510000,OWN SHIP,0.0,0.4666666666666667,-38.04222222222222,144.85,8.0,0.0,0.0,1,,,,,synthetic,,,,
210.0,,target,999510201,SAFE PASS,2.0,1.5333333333333332,-38.02444444444444,144.8923294835391,8.0,180.0,180.0,18,safe,safe,2.0,239.99999999999991,synthetic,,,,
211.0,,own,999510000,OWN SHIP,0.0,0.4688888888888889,-38.04218518518518,144.85,8.0,0.0,0.0,1,,,,,synthetic,,,,
211.0,,target,999510201,SAFE PASS,2.0,1.531111111111111,-38.02448148148148,144.8923294835391,8.0,180.0,180.0,18,safe,safe,2.0,238.99999999999994,synthetic,,,,
212.0,,own,999510000,OWN SHIP,0.0,0.4711111111111111,-38.042148148148144,144.85,8.0,0.0,0.0,1,,,,,synthetic,,,,
212.0,,target,999510201,SAFE PASS,2.0,1.528888888888889,-38.02451851851851,144.8923294835391,8.0,180.0,180.0,18,safe,safe,2.0,237.99999999999997,synthetic,,,,
213.0,,own,999510000,OWN SHIP,0.0,0.47333333333333333,-38.04211111111111,144.85,8.0,0.0,0.0,1,,,,,synthetic,,,,
213.0,,target,999510201,SAFE PASS,2.0,1.5266666666666666,-38.02455555555555,144.8923294835391,8.0,180.0,180.0,18,safe,safe,2.0,236.99999999999991,synthetic,,,,
214.0,,own,999510000,OWN SHIP,0.0,0.47555555555555556,-38.04207407407407,144.85,8.0,0.0,0.0,1,,,,,synthetic,,,,
214.0,,target,999510201,SAFE PASS,2.0,1.5244444444444445,-38.02459259259259,144.8923294835391,8.0,180.0,180.0,18,safe,safe,2.0,235.99999999999997,synthetic,,,,
215.0,,own,999510000,OWN SHIP,0.0,0.4777777777777778,-38.04203703703703,144.85,8.0,0.0,0.0,1,,,,,synthetic,,,,
215.0,,target,999510201,SAFE PASS,2.0,1.5222222222222221,-38.02462962962963,144.8923294835391,8.0,180.0,180.0,18,safe,safe,2.0,234.99999999999991,synthetic,,,,
216.0,,own,999510000,OWN SHIP,0.0,0.48,-38.041999999999994,144.85,8.0,0.0,0.0,1,,,,,synthetic,,,,
216.0,,target,999510201,SAFE PASS,2.0,1.52,-38.02466666666666,144.8923294835391,8.0,180.0,180.0,18,safe,safe,2.0,233.99999999999994,synthetic,,,,
217.0,,own,999510000,OWN SHIP,0.0,0.4822222222222222,-38.04196296296296,144.85,8.0,0.0,0.0,1,,,,,synthetic,,,,
217.0,,target,999510201,SAFE PASS,2.0,1.517777777777778,-38.0247037037037,144.8923294835391,8.0,180.0,180.0,18,safe,safe,2.0,233.00000000000003,synthetic,,,,
218.0,,own,999510000,OWN SHIP,0.0,0.48444444444444446,-38.04192592592592,144.85,8.0,0.0,0.0,1,,,,,synthetic,,,,
218.0,,target,999510201,SAFE PASS,2.0,1.5155555555555555,-38.02474074074074,144.8923294835391,8.0,180.0,180.0,18,safe,safe,2.0,231.99999999999997,synthetic,,,,
219.0,,own,999510000,OWN SHIP,0.0,0.4866666666666667,-38.041888888888884,144.85,8.0,0.0,0.0,1,,,,,synthetic,,,,
219.0,,target,999510201,SAFE PASS,2.0,1.5133333333333332,-38.02477777777778,144.8923294835391,8.0,180.0,180.0,18,safe,safe,2.0,230.9999999999999,synthetic,,,,
220.0,,own,999510000,OWN SHIP,0.0,0.4888888888888889,-38.04185185185185,144.85,8.0,0.0,0.0,1,,,,,synthetic,,,,
220.0,,target,999510201,SAFE PASS,2.0,1.511111111111111,-38.02481481481481,144.8923294835391,8.0,180.0,180.0,18,safe,safe,2.0,229.99999999999994,synthetic,,,,
221.0,,own,999510000,OWN SHIP,0.0,0.4911111111111111,-38.04181481481481,144.85,8.0,0.0,0.0,1,,,,,synthetic,,,,
221.0,,target,999510201,SAFE PASS,2.0,1.508888888888889,-38.02485185185185,144.8923294835391,8.0,180.0,180.0,18,safe,safe,2.0,229.0,synthetic,,,,
222.0,,own,999510000,OWN SHIP,0.0,0.49333333333333335,-38.041777777777774,144.85,8.0,0.0,0.0,1,,,,,synthetic,,,,
222.0,,target,999510201,SAFE PASS,2.0,1.5066666666666666,-38.02488888888889,144.8923294835391,8.0,180.0,180.0,18,safe,safe,2.0,227.99999999999994,synthetic,,,,
223.0,,own,999510000,OWN SHIP,0.0,0.4955555555555556,-38.041740740740735,144.85,8.0,0.0,0.0,1,,,,,synthetic,,,,
223.0,,target,999510201,SAFE PASS,2.0,1.5044444444444445,-38.02492592592592,144.8923294835391,8.0,180.0,180.0,18,safe,safe,2.0,226.99999999999997,synthetic,,,,
224.0,,own,999510000,OWN SHIP,0.0,0.49777777777777776,-38.0417037037037,144.85,8.0,0.0,0.0,1,,,,,synthetic,,,,
224.0,,target,999510201,SAFE PASS,2.0,1.5022222222222221,-38.02496296296296,144.8923294835391,8.0,180.0,180.0,18,safe,safe,2.0,225.99999999999991,synthetic,,,,
225.0,,own,999510000,OWN SHIP,0.0,0.5,-38.041666666666664,144.85,8.0,0.0,0.0,1,,,,,synthetic,,,,
225.0,,target,999510201,SAFE PASS,2.0,1.5,-38.025,144.8923294835391,8.0,180.0,180.0,18,safe,safe,2.0,224.99999999999994,synthetic,,,,
226.0,,own,999510000,OWN SHIP,0.0,0.5022222222222222,-38.041629629629625,144.85,8.0,0.0,0.0,1,,,,,synthetic,,,,
226.0,,target,999510201,SAFE PASS,2.0,1.4977777777777779,-38.02503703703704,144.8923294835391,8.0,180.0,180.0,18,safe,safe,2.0,224.0,synthetic,,,,
227.0,,own,999510000,OWN SHIP,0.0,0.5044444444444445,-38.04159259259259,144.85,8.0,0.0,0.0,1,,,,,synthetic,,,,
227.0,,target,999510201,SAFE PASS,2.0,1.4955555555555555,-38.02507407407407,144.8923294835391,8.0,180.0,180.0,18,safe,safe,2.0,222.99999999999994,synthetic,,,,
228.0,,own,999510000,OWN SHIP,0.0,0.5066666666666667,-38.041555555555554,144.85,8.0,0.0,0.0,1,,,,,synthetic,,,,
228.0,,target,999510201,SAFE PASS,2.0,1.4933333333333332,-38.02511111111111,144.8923294835391,8.0,180.0,180.0,18,safe,safe,2.0,221.99999999999991,synthetic,,,,
229.0,,own,999510000,OWN SHIP,0.0,0.5088888888888888,-38.041518518518515,144.85,8.0,0.0,0.0,1,,,,,synthetic,,,,
229.0,,target,999510201,SAFE PASS,2.0,1.491111111111111,-38.02514814814815,144.8923294835391,8.0,180.0,180.0,18,safe,safe,2.0,220.99999999999997,synthetic,,,,
230.0,,own,999510000,OWN SHIP,0.0,0.5111111111111111,-38.041481481481476,144.85,8.0,0.0,0.0,1,,,,,synthetic,,,,
230.0,,target,999510201,SAFE PASS,2.0,1.488888888888889,-38.02518518518518,144.8923294835391,8.0,180.0,180.0,18,safe,safe,2.0,219.99999999999994,synthetic,,,,
231.0,,own,999510000,OWN SHIP,0.0,0.5133333333333333,-38.041444444444444,144.85,8.0,0.0,0.0,1,,,,,synthetic,,,,
231.0,,target,999510201,SAFE PASS,2.0,1.4866666666666668,-38.02522222222222,144.8923294835391,8.0,180.0,180.0,18,safe,safe,2.0,219.0,synthetic,,,,
232.0,,own,999510000,OWN SHIP,0.0,0.5155555555555555,-38.041407407407405,144.85,8.0,0.0,0.0,1,,,,,synthetic,,,,
232.0,,target,999510201,SAFE PASS,2.0,1.4844444444444445,-38.02525925925926,144.8923294835391,8.0,180.0,180.0,18,safe,safe,2.0,217.99999999999994,synthetic,,,,
233.0,,own,999510000,OWN SHIP,0.0,0.5177777777777778,-38.041370370370366,144.85,8.0,0.0,0.0,1,,,,,synthetic,,,,
233.0,,target,999510201,SAFE PASS,2.0,1.482222222222222,-38.0252962962963,144.8923294835391,8.0,180.0,180.0,18,safe,safe,2.0,216.99999999999994,synthetic,,,,
234.0,,own,999510000,OWN SHIP,0.0,0.52,-38.04133333333333,144.85,8.0,0.0,0.0,1,,,,,synthetic,,,,
234.0,,target,999510201,SAFE PASS,2.0,1.48,-38.02533333333333,144.8923294835391,8.0,180.0,180.0,18,safe,safe,2.0,215.99999999999997,synthetic,,,,
235.0,,own,999510000,OWN SHIP,0.0,0.5222222222222223,-38.041296296296295,144.85,8.0,0.0,0.0,1,,,,,synthetic,,,,
235.0,,target,999510201,SAFE PASS,2.0,1.4777777777777779,-38.02537037037037,144.8923294835391,8.0,180.0,180.0,18,safe,safe,2.0,214.99999999999994,synthetic,,,,
236.0,,own,999510000,OWN SHIP,0.0,0.5244444444444445,-38.041259259259256,144.85,8.0,0.0,0.0,1,,,,,synthetic,,,,
236.0,,target,999510201,SAFE PASS,2.0,1.4755555555555555,-38.02540740740741,144.8923294835391,8.0,180.0,180.0,18,safe,safe,2.0,213.99999999999994,synthetic,,,,
237.0,,own,999510000,OWN SHIP,0.0,0.5266666666666666,-38.04122222222222,144.85,8.0,0.0,0.0,1,,,,,synthetic,,,,
237.0,,target,999510201,SAFE PASS,2.0,1.4733333333333334,-38.02544444444444,144.8923294835391,8.0,180.0,180.0,18,safe,safe,2.0,212.99999999999997,synthetic,,,,
238.0,,own,999510000,OWN SHIP,0.0,0.5288888888888889,-38.041185185185185,144.85,8.0,0.0,0.0,1,,,,,synthetic,,,,
238.0,,target,999510201,SAFE PASS,2.0,1.471111111111111,-38.02548148148148,144.8923294835391,8.0,180.0,180.0,18,safe,safe,2.0,211.99999999999994,synthetic,,,,
239.0,,own,999510000,OWN SHIP,0.0,0.5311111111111111,-38.041148148148146,144.85,8.0,0.0,0.0,1,,,,,synthetic,,,,
239.0,,target,999510201,SAFE PASS,2.0,1.468888888888889,-38.02551851851852,144.8923294835391,8.0,180.0,180.0,18,safe,safe,2.0,210.99999999999997,synthetic,,,,
240.0,,own,999510000,OWN SHIP,0.0,0.5333333333333333,-38.04111111111111,144.85,8.0,0.0,0.0,1,,,,,synthetic,,,,
240.0,,target,999510201,SAFE PASS,2.0,1.4666666666666668,-38.025555555555556,144.8923294835391,8.0,180.0,180.0,18,safe,safe,2.0,210.0,synthetic,,,,
241.0,,own,999510000,OWN SHIP,0.0,0.5355555555555556,-38.04107407407407,144.85,8.0,0.0,0.0,1,,,,,synthetic,,,,
241.0,,target,999510201,SAFE PASS,2.0,1.4644444444444444,-38.02559259259259,144.8923294835391,8.0,180.0,180.0,18,safe,safe,2.0,208.99999999999994,synthetic,,,,
242.0,,own,999510000,OWN SHIP,0.0,0.5377777777777778,-38.041037037037036,144.85,8.0,0.0,0.0,1,,,,,synthetic,,,,
242.0,,target,999510201,SAFE PASS,2.0,1.462222222222222,-38.02562962962963,144.8923294835391,8.0,180.0,180.0,18,safe,safe,2.0,207.99999999999994,synthetic,,,,
243.0,,own,999510000,OWN SHIP,0.0,0.54,-38.041,144.85,8.0,0.0,0.0,1,,,,,synthetic,,,,
243.0,,target,999510201,SAFE PASS,2.0,1.46,-38.025666666666666,144.8923294835391,8.0,180.0,180.0,18,safe,safe,2.0,206.99999999999994,synthetic,,,,
244.0,,own,999510000,OWN SHIP,0.0,0.5422222222222223,-38.04096296296296,144.85,8.0,0.0,0.0,1,,,,,synthetic,,,,
244.0,,target,999510201,SAFE PASS,2.0,1.4577777777777778,-38.0257037037037,144.8923294835391,8.0,180.0,180.0,18,safe,safe,2.0,205.99999999999997,synthetic,,,,
245.0,,own,999510000,OWN SHIP,0.0,0.5444444444444444,-38.040925925925926,144.85,8.0,0.0,0.0,1,,,,,synthetic,,,,
245.0,,target,999510201,SAFE PASS,2.0,1.4555555555555557,-38.02574074074074,144.8923294835391,8.0,180.0,180.0,18,safe,safe,2.0,205.0,synthetic,,,,
246.0,,own,999510000,OWN SHIP,0.0,0.5466666666666666,-38.04088888888889,144.85,8.0,0.0,0.0,1,,,,,synthetic,,,,
246.0,,target,999510201,SAFE PASS,2.0,1.4533333333333334,-38.025777777777776,144.8923294835391,8.0,180.0,180.0,18,safe,safe,2.0,203.99999999999994,synthetic,,,,
247.0,,own,999510000,OWN SHIP,0.0,0.5488888888888889,-38.04085185185185,144.85,8.0,0.0,0.0,1,,,,,synthetic,,,,
247.0,,target,999510201,SAFE PASS,2.0,1.451111111111111,-38.025814814814815,144.8923294835391,8.0,180.0,180.0,18,safe,safe,2.0,202.99999999999994,synthetic,,,,
248.0,,own,999510000,OWN SHIP,0.0,0.5511111111111111,-38.04081481481481,144.85,8.0,0.0,0.0,1,,,,,synthetic,,,,
248.0,,target,999510201,SAFE PASS,2.0,1.448888888888889,-38.02585185185185,144.8923294835391,8.0,180.0,180.0,18,safe,safe,2.0,201.99999999999997,synthetic,,,,
249.0,,own,999510000,OWN SHIP,0.0,0.5533333333333333,-38.04077777777778,144.85,8.0,0.0,0.0,1,,,,,synthetic,,,,
249.0,,target,999510201,SAFE PASS,2.0,1.4466666666666668,-38.025888888888886,144.8923294835391,8.0,180.0,180.0,18,safe,safe,2.0,200.99999999999997,synthetic,,,,
250.0,,own,999510000,OWN SHIP,0.0,0.5555555555555556,-38.04074074074074,144.85,8.0,0.0,0.0,1,,,,,synthetic,,,,
250.0,,target,999510201,SAFE PASS,2.0,1.4444444444444444,-38.025925925925925,144.8923294835391,8.0,180.0,180.0,18,safe,safe,2.0,199.99999999999997,synthetic,,,,
251.0,,own,999510000,OWN SHIP,0.0,0.5577777777777778,-38.0407037037037,144.85,8.0,0.0,0.0,1,,,,,synthetic,,,,
251.0,,target,999510201,SAFE PASS,2.0,1.442222222222222,-38.02596296296296,144.8923294835391,8.0,180.0,180.0,18,safe,safe,2.0,198.99999999999991,synthetic,,,,
252.0,,own,999510000,OWN SHIP,0.0,0.56,-38.04066666666667,144.85,8.0,0.0,0.0,1,,,,,synthetic,,,,
252.0,,target,999510201,SAFE PASS,2.0,1.44,-38.025999999999996,144.8923294835391,8.0,180.0,180.0,18,safe,safe,2.0,197.99999999999994,synthetic,,,,
253.0,,own,999510000,OWN SHIP,0.0,0.5622222222222222,-38.04062962962963,144.85,8.0,0.0,0.0,1,,,,,synthetic,,,,
253.0,,target,999510201,SAFE PASS,2.0,1.4377777777777778,-38.026037037037035,144.8923294835391,8.0,180.0,180.0,18,safe,safe,2.0,197.0,synthetic,,,,
254.0,,own,999510000,OWN SHIP,0.0,0.5644444444444444,-38.04059259259259,144.85,8.0,0.0,0.0,1,,,,,synthetic,,,,
254.0,,target,999510201,SAFE PASS,2.0,1.4355555555555557,-38.026074074074074,144.8923294835391,8.0,180.0,180.0,18,safe,safe,2.0,196.0,synthetic,,,,
255.0,,own,999510000,OWN SHIP,0.0,0.5666666666666667,-38.04055555555555,144.85,8.0,0.0,0.0,1,,,,,synthetic,,,,
255.0,,target,999510201,SAFE PASS,2.0,1.4333333333333333,-38.026111111111106,144.8923294835391,8.0,180.0,180.0,18,safe,safe,2.0,194.99999999999997,synthetic,,,,
256.0,,own,999510000,OWN SHIP,0.0,0.5688888888888889,-38.04051851851852,144.85,8.0,0.0,0.0,1,,,,,synthetic,,,,
256.0,,target,999510201,SAFE PASS,2.0,1.431111111111111,-38.026148148148145,144.8923294835391,8.0,180.0,180.0,18,safe,safe,2.0,193.99999999999994,synthetic,,,,
257.0,,own,999510000,OWN SHIP,0.0,0.5711111111111111,-38.04048148148148,144.85,8.0,0.0,0.0,1,,,,,synthetic,,,,
257.0,,target,999510201,SAFE PASS,2.0,1.4288888888888889,-38.026185185185184,144.8923294835391,8.0,180.0,180.0,18,safe,safe,2.0,192.99999999999997,synthetic,,,,
258.0,,own,999510000,OWN SHIP,0.0,0.5733333333333334,-38.04044444444444,144.85,8.0,0.0,0.0,1,,,,,synthetic,,,,
258.0,,target,999510201,SAFE PASS,2.0,1.4266666666666667,-38.026222222222216,144.8923294835391,8.0,180.0,180.0,18,safe,safe,2.0,191.99999999999997,synthetic,,,,
259.0,,own,999510000,OWN SHIP,0.0,0.5755555555555556,-38.04040740740741,144.85,8.0,0.0,0.0,1,,,,,synthetic,,,,
259.0,,target,999510201,SAFE PASS,2.0,1.4244444444444444,-38.026259259259255,144.8923294835391,8.0,180.0,180.0,18,safe,safe,2.0,190.99999999999994,synthetic,,,,
260.0,,own,999510000,OWN SHIP,0.0,0.5777777777777777,-38.04037037037037,144.85,8.0,0.0,0.0,1,,,,,synthetic,,,,
260.0,,target,999510201,SAFE PASS,2.0,1.4222222222222223,-38.026296296296294,144.8923294835391,8.0,180.0,180.0,18,safe,safe,2.0,190.0,synthetic,,,,
261.0,,own,999510000,OWN SHIP,0.0,0.58,-38.04033333333333,144.85,8.0,0.0,0.0,1,,,,,synthetic,,,,
261.0,,target,999510201,SAFE PASS,2.0,1.42,-38.02633333333333,144.8923294835391,8.0,180.0,180.0,18,safe,safe,2.0,188.99999999999997,synthetic,,,,
262.0,,own,999510000,OWN SHIP,0.0,0.5822222222222222,-38.04029629629629,144.85,8.0,0.0,0.0,1,,,,,synthetic,,,,
262.0,,target,999510201,SAFE PASS,2.0,1.4177777777777778,-38.026370370370365,144.8923294835391,8.0,180.0,180.0,18,safe,safe,2.0,188.0,synthetic,,,,
263.0,,own,999510000,OWN SHIP,0.0,0.5844444444444444,-38.04025925925926,144.85,8.0,0.0,0.0,1,,,,,synthetic,,,,
263.0,,target,999510201,SAFE PASS,2.0,1.4155555555555557,-38.026407407407405,144.8923294835391,8.0,180.0,180.0,18,safe,safe,2.0,187.0,synthetic,,,,
264.0,,own,999510000,OWN SHIP,0.0,0.5866666666666667,-38.04022222222222,144.85,8.0,0.0,0.0,1,,,,,synthetic,,,,
264.0,,target,999510201,SAFE PASS,2.0,1.4133333333333333,-38.026444444444444,144.8923294835391,8.0,180.0,180.0,18,safe,safe,2.0,185.99999999999997,synthetic,,,,
265.0,,own,999510000,OWN SHIP,0.0,0.5888888888888889,-38.04018518518518,144.85,8.0,0.0,0.0,1,,,,,synthetic,,,,
265.0,,target,999510201,SAFE PASS,2.0,1.411111111111111,-38.026481481481476,144.8923294835391,8.0,180.0,180.0,18,safe,safe,2.0,184.99999999999994,synthetic,,,,
266.0,,own,999510000,OWN SHIP,0.0,0.5911111111111111,-38.04014814814815,144.85,8.0,0.0,0.0,1,,,,,synthetic,,,,
266.0,,target,999510201,SAFE PASS,2.0,1.4088888888888889,-38.026518518518515,144.8923294835391,8.0,180.0,180.0,18,safe,safe,2.0,183.99999999999994,synthetic,,,,
267.0,,own,999510000,OWN SHIP,0.0,0.5933333333333334,-38.04011111111111,144.85,8.0,0.0,0.0,1,,,,,synthetic,,,,
267.0,,target,999510201,SAFE PASS,2.0,1.4066666666666667,-38.026555555555554,144.8923294835391,8.0,180.0,180.0,18,safe,safe,2.0,183.0,synthetic,,,,
268.0,,own,999510000,OWN SHIP,0.0,0.5955555555555555,-38.04007407407407,144.85,8.0,0.0,0.0,1,,,,,synthetic,,,,
268.0,,target,999510201,SAFE PASS,2.0,1.4044444444444446,-38.02659259259259,144.8923294835391,8.0,180.0,180.0,18,safe,safe,2.0,182.00000000000003,synthetic,,,,
269.0,,own,999510000,OWN SHIP,0.0,0.5977777777777777,-38.04003703703703,144.85,8.0,0.0,0.0,1,,,,,synthetic,,,,
269.0,,target,999510201,SAFE PASS,2.0,1.4022222222222223,-38.026629629629625,144.8923294835391,8.0,180.0,180.0,18,safe,safe,2.0,181.0,synthetic,,,,
270.0,,own,999510000,OWN SHIP,0.0,0.6,-38.04,144.85,8.0,0.0,0.0,1,,,,,synthetic,,,,
270.0,,target,999510201,SAFE PASS,2.0,1.4,-38.026666666666664,144.8923294835391,8.0,180.0,180.0,18,safe,safe,2.0,179.99999999999997,synthetic,,,,
271.0,,own,999510000,OWN SHIP,0.0,0.6022222222222222,-38.03996296296296,144.85,8.0,0.0,0.0,1,,,,,synthetic,,,,
271.0,,target,999510201,SAFE PASS,2.0,1.3977777777777778,-38.0267037037037,144.8923294835391,8.0,180.0,180.0,18,safe,safe,2.0,178.99999999999997,synthetic,,,,
272.0,,own,999510000,OWN SHIP,0.0,0.6044444444444445,-38.03992592592592,144.85,8.0,0.0,0.0,1,,,,,synthetic,,,,
272.0,,target,999510201,SAFE PASS,2.0,1.3955555555555557,-38.026740740740735,144.8923294835391,8.0,180.0,180.0,18,safe,safe,2.0,178.0,synthetic,,,,
273.0,,own,999510000,OWN SHIP,0.0,0.6066666666666667,-38.03988888888889,144.85,8.0,0.0,0.0,1,,,,,synthetic,,,,
273.0,,target,999510201,SAFE PASS,2.0,1.3933333333333333,-38.026777777777774,144.8923294835391,8.0,180.0,180.0,18,safe,safe,2.0,176.99999999999997,synthetic,,,,
274.0,,own,999510000,OWN SHIP,0.0,0.6088888888888889,-38.03985185185185,144.85,8.0,0.0,0.0,1,,,,,synthetic,,,,
274.0,,target,999510201,SAFE PASS,2.0,1.391111111111111,-38.02681481481481,144.8923294835391,8.0,180.0,180.0,18,safe,safe,2.0,175.99999999999991,synthetic,,,,
275.0,,own,999510000,OWN SHIP,0.0,0.6111111111111112,-38.03981481481481,144.85,8.0,0.0,0.0,1,,,,,synthetic,,,,
275.0,,target,999510201,SAFE PASS,2.0,1.3888888888888888,-38.02685185185185,144.8923294835391,8.0,180.0,180.0,18,safe,safe,2.0,174.99999999999997,synthetic,,,,
276.0,,own,999510000,OWN SHIP,0.0,0.6133333333333333,-38.03977777777777,144.85,8.0,0.0,0.0,1,,,,,synthetic,,,,
276.0,,target,999510201,SAFE PASS,2.0,1.3866666666666667,-38.026888888888884,144.8923294835391,8.0,180.0,180.0,18,safe,safe,2.0,174.0,synthetic,,,,
277.0,,own,999510000,OWN SHIP,0.0,0.6155555555555555,-38.03974074074074,144.85,8.0,0.0,0.0,1,,,,,synthetic,,,,
277.0,,target,999510201,SAFE PASS,2.0,1.3844444444444446,-38.02692592592592,144.8923294835391,8.0,180.0,180.0,18,safe,safe,2.0,173.0,synthetic,,,,
278.0,,own,999510000,OWN SHIP,0.0,0.6177777777777778,-38.0397037037037,144.85,8.0,0.0,0.0,1,,,,,synthetic,,,,
278.0,,target,999510201,SAFE PASS,2.0,1.3822222222222222,-38.02696296296296,144.8923294835391,8.0,180.0,180.0,18,safe,safe,2.0,171.99999999999997,synthetic,,,,
279.0,,own,999510000,OWN SHIP,0.0,0.62,-38.03966666666666,144.85,8.0,0.0,0.0,1,,,,,synthetic,,,,
279.0,,target,999510201,SAFE PASS,2.0,1.38,-38.026999999999994,144.8923294835391,8.0,180.0,180.0,18,safe,safe,2.0,170.99999999999994,synthetic,,,,
280.0,,own,999510000,OWN SHIP,0.0,0.6222222222222222,-38.03962962962963,144.85,8.0,0.0,0.0,1,,,,,synthetic,,,,
280.0,,target,999510201,SAFE PASS,2.0,1.3777777777777778,-38.02703703703703,144.8923294835391,8.0,180.0,180.0,18,safe,safe,2.0,169.99999999999997,synthetic,,,,
281.0,,own,999510000,OWN SHIP,0.0,0.6244444444444445,-38.03959259259259,144.85,8.0,0.0,0.0,1,,,,,synthetic,,,,
281.0,,target,999510201,SAFE PASS,2.0,1.3755555555555556,-38.02707407407407,144.8923294835391,8.0,180.0,180.0,18,safe,safe,2.0,169.0,synthetic,,,,
282.0,,own,999510000,OWN SHIP,0.0,0.6266666666666667,-38.03955555555555,144.85,8.0,0.0,0.0,1,,,,,synthetic,,,,
282.0,,target,999510201,SAFE PASS,2.0,1.3733333333333333,-38.02711111111111,144.8923294835391,8.0,180.0,180.0,18,safe,safe,2.0,167.99999999999997,synthetic,,,,
283.0,,own,999510000,OWN SHIP,0.0,0.6288888888888889,-38.03951851851851,144.85,8.0,0.0,0.0,1,,,,,synthetic,,,,
283.0,,target,999510201,SAFE PASS,2.0,1.371111111111111,-38.02714814814814,144.8923294835391,8.0,180.0,180.0,18,safe,safe,2.0,166.99999999999991,synthetic,,,,
284.0,,own,999510000,OWN SHIP,0.0,0.6311111111111111,-38.03948148148148,144.85,8.0,0.0,0.0,1,,,,,synthetic,,,,
284.0,,target,999510201,SAFE PASS,2.0,1.3688888888888888,-38.02718518518518,144.8923294835391,8.0,180.0,180.0,18,safe,safe,2.0,165.99999999999997,synthetic,,,,
285.0,,own,999510000,OWN SHIP,0.0,0.6333333333333333,-38.03944444444444,144.85,8.0,0.0,0.0,1,,,,,synthetic,,,,
285.0,,target,999510201,SAFE PASS,2.0,1.3666666666666667,-38.02722222222222,144.8923294835391,8.0,180.0,180.0,18,safe,safe,2.0,165.0,synthetic,,,,
286.0,,own,999510000,OWN SHIP,0.0,0.6355555555555555,-38.0394074074074,144.85,8.0,0.0,0.0,1,,,,,synthetic,,,,
286.0,,target,999510201,SAFE PASS,2.0,1.3644444444444446,-38.02725925925925,144.8923294835391,8.0,180.0,180.0,18,safe,safe,2.0,164.0,synthetic,,,,
287.0,,own,999510000,OWN SHIP,0.0,0.6377777777777778,-38.03937037037037,144.85,8.0,0.0,0.0,1,,,,,synthetic,,,,
287.0,,target,999510201,SAFE PASS,2.0,1.3622222222222222,-38.02729629629629,144.8923294835391,8.0,180.0,180.0,18,safe,safe,2.0,162.99999999999997,synthetic,,,,
288.0,,own,999510000,OWN SHIP,0.0,0.64,-38.03933333333333,144.85,8.0,0.0,0.0,1,,,,,synthetic,,,,
288.0,,target,999510201,SAFE PASS,2.0,1.3599999999999999,-38.02733333333333,144.8923294835391,8.0,180.0,180.0,18,safe,safe,2.0,161.99999999999994,synthetic,,,,
289.0,,own,999510000,OWN SHIP,0.0,0.6422222222222222,-38.03929629629629,144.85,8.0,0.0,0.0,1,,,,,synthetic,,,,
289.0,,target,999510201,SAFE PASS,2.0,1.3577777777777778,-38.02737037037037,144.8923294835391,8.0,180.0,180.0,18,safe,safe,2.0,160.99999999999994,synthetic,,,,
290.0,,own,999510000,OWN SHIP,0.0,0.6444444444444445,-38.039259259259254,144.85,8.0,0.0,0.0,1,,,,,synthetic,,,,
290.0,,target,999510201,SAFE PASS,2.0,1.3555555555555556,-38.0274074074074,144.8923294835391,8.0,180.0,180.0,18,safe,safe,2.0,160.0,synthetic,,,,
291.0,,own,999510000,OWN SHIP,0.0,0.6466666666666666,-38.03922222222222,144.85,8.0,0.0,0.0,1,,,,,synthetic,,,,
291.0,,target,999510201,SAFE PASS,2.0,1.3533333333333335,-38.02744444444444,144.8923294835391,8.0,180.0,180.0,18,safe,safe,2.0,159.00000000000003,synthetic,,,,
292.0,,own,999510000,OWN SHIP,0.0,0.6488888888888888,-38.03918518518518,144.85,8.0,0.0,0.0,1,,,,,synthetic,,,,
292.0,,target,999510201,SAFE PASS,2.0,1.3511111111111112,-38.02748148148148,144.8923294835391,8.0,180.0,180.0,18,safe,safe,2.0,158.0,synthetic,,,,
293.0,,own,999510000,OWN SHIP,0.0,0.6511111111111111,-38.03914814814814,144.85,8.0,0.0,0.0,1,,,,,synthetic,,,,
293.0,,target,999510201,SAFE PASS,2.0,1.3488888888888888,-38.02751851851851,144.8923294835391,8.0,180.0,180.0,18,safe,safe,2.0,156.99999999999997,synthetic,,,,
294.0,,own,999510000,OWN SHIP,0.0,0.6533333333333333,-38.03911111111111,144.85,8.0,0.0,0.0,1,,,,,synthetic,,,,
294.0,,target,999510201,SAFE PASS,2.0,1.3466666666666667,-38.02755555555555,144.8923294835391,8.0,180.0,180.0,18,safe,safe,2.0,155.99999999999997,synthetic,,,,
295.0,,own,999510000,OWN SHIP,0.0,0.6555555555555556,-38.03907407407407,144.85,8.0,0.0,0.0,1,,,,,synthetic,,,,
295.0,,target,999510201,SAFE PASS,2.0,1.3444444444444446,-38.02759259259259,144.8923294835391,8.0,180.0,180.0,18,safe,safe,2.0,155.0,synthetic,,,,
296.0,,own,999510000,OWN SHIP,0.0,0.6577777777777778,-38.03903703703703,144.85,8.0,0.0,0.0,1,,,,,synthetic,,,,
296.0,,target,999510201,SAFE PASS,2.0,1.3422222222222222,-38.02762962962963,144.8923294835391,8.0,180.0,180.0,18,safe,safe,2.0,153.99999999999997,synthetic,,,,
297.0,,own,999510000,OWN SHIP,0.0,0.66,-38.038999999999994,144.85,8.0,0.0,0.0,1,,,,,synthetic,,,,
297.0,,target,999510201,SAFE PASS,2.0,1.3399999999999999,-38.02766666666666,144.8923294835391,8.0,180.0,180.0,18,safe,safe,2.0,152.99999999999994,synthetic,,,,
298.0,,own,999510000,OWN SHIP,0.0,0.6622222222222223,-38.03896296296296,144.85,8.0,0.0,0.0,1,,,,,synthetic,,,,
298.0,,target,999510201,SAFE PASS,2.0,1.3377777777777777,-38.0277037037037,144.8923294835391,8.0,180.0,180.0,18,safe,safe,2.0,151.99999999999997,synthetic,,,,
299.0,,own,999510000,OWN SHIP,0.0,0.6644444444444444,-38.03892592592592,144.85,8.0,0.0,0.0,1,,,,,synthetic,,,,
299.0,,target,999510201,SAFE PASS,2.0,1.3355555555555556,-38.02774074074074,144.8923294835391,8.0,180.0,180.0,18,safe,safe,2.0,151.0,synthetic,,,,
300.0,,own,999510000,OWN SHIP,0.0,0.6666666666666666,-38.038888888888884,144.85,8.0,0.0,0.0,1,,,,,synthetic,,,,
300.0,,target,999510201,SAFE PASS,2.0,1.3333333333333335,-38.02777777777777,144.8923294835391,8.0,180.0,180.0,18,safe,safe,2.0,150.0,synthetic,,,,
301.0,,own,999510000,OWN SHIP,0.0,0.6688888888888889,-38.03885185185185,144.85,8.0,0.0,0.0,1,,,,,synthetic,,,,
301.0,,target,999510201,SAFE PASS,2.0,1.3311111111111111,-38.02781481481481,144.8923294835391,8.0,180.0,180.0,18,safe,safe,2.0,148.99999999999997,synthetic,,,,
302.0,,own,999510000,OWN SHIP,0.0,0.6711111111111111,-38.03881481481481,144.85,8.0,0.0,0.0,1,,,,,synthetic,,,,
302.0,,target,999510201,SAFE PASS,2.0,1.3288888888888888,-38.02785185185185,144.8923294835391,8.0,180.0,180.0,18,safe,safe,2.0,147.99999999999994,synthetic,,,,
303.0,,own,999510000,OWN SHIP,0.0,0.6733333333333333,-38.038777777777774,144.85,8.0,0.0,0.0,1,,,,,synthetic,,,,
303.0,,target,999510201,SAFE PASS,2.0,1.3266666666666667,-38.02788888888889,144.8923294835391,8.0,180.0,180.0,18,safe,safe,2.0,146.99999999999997,synthetic,,,,
304.0,,own,999510000,OWN SHIP,0.0,0.6755555555555556,-38.038740740740735,144.85,8.0,0.0,0.0,1,,,,,synthetic,,,,
304.0,,target,999510201,SAFE PASS,2.0,1.3244444444444445,-38.02792592592592,144.8923294835391,8.0,180.0,180.0,18,safe,safe,2.0,146.0,synthetic,,,,
305.0,,own,999510000,OWN SHIP,0.0,0.6777777777777778,-38.0387037037037,144.85,8.0,0.0,0.0,1,,,,,synthetic,,,,
305.0,,target,999510201,SAFE PASS,2.0,1.3222222222222222,-38.02796296296296,144.8923294835391,8.0,180.0,180.0,18,safe,safe,2.0,144.99999999999997,synthetic,,,,
306.0,,own,999510000,OWN SHIP,0.0,0.68,-38.038666666666664,144.85,8.0,0.0,0.0,1,,,,,synthetic,,,,
306.0,,target,999510201,SAFE PASS,2.0,1.3199999999999998,-38.028,144.8923294835391,8.0,180.0,180.0,18,safe,safe,2.0,143.99999999999994,synthetic,,,,
307.0,,own,999510000,OWN SHIP,0.0,0.6822222222222222,-38.038629629629625,144.85,8.0,0.0,0.0,1,,,,,synthetic,,,,
307.0,,target,999510201,SAFE PASS,2.0,1.3177777777777777,-38.02803703703704,144.8923294835391,8.0,180.0,180.0,18,safe,safe,2.0,142.99999999999997,synthetic,,,,
308.0,,own,999510000,OWN SHIP,0.0,0.6844444444444444,-38.03859259259259,144.85,8.0,0.0,0.0,1,,,,,synthetic,,,,
308.0,,target,999510201,SAFE PASS,2.0,1.3155555555555556,-38.02807407407407,144.8923294835391,8.0,180.0,180.0,18,safe,safe,2.0,142.0,synthetic,,,,
309.0,,own,999510000,OWN SHIP,0.0,0.6866666666666666,-38.038555555555554,144.85,8.0,0.0,0.0,1,,,,,synthetic,,,,
309.0,,target,999510201,SAFE PASS,2.0,1.3133333333333335,-38.02811111111111,144.8923294835391,8.0,180.0,180.0,18,safe,safe,2.0,141.0,synthetic,,,,
310.0,,own,999510000,OWN SHIP,0.0,0.6888888888888889,-38.038518518518515,144.85,8.0,0.0,0.0,1,,,,,synthetic,,,,
310.0,,target,999510201,SAFE PASS,2.0,1.3111111111111111,-38.02814814814815,144.8923294835391,8.0,180.0,180.0,18,safe,safe,2.0,139.99999999999997,synthetic,,,,
311.0,,own,999510000,OWN SHIP,0.0,0.6911111111111111,-38.038481481481476,144.85,8.0,0.0,0.0,1,,,,,synthetic,,,,
311.0,,target,999510201,SAFE PASS,2.0,1.3088888888888888,-38.02818518518518,144.8923294835391,8.0,180.0,180.0,18,safe,safe,2.0,138.99999999999994,synthetic,,,,
312.0,,own,999510000,OWN SHIP,0.0,0.6933333333333334,-38.038444444444444,144.85,8.0,0.0,0.0,1,,,,,synthetic,,,,
312.0,,target,999510201,SAFE PASS,2.0,1.3066666666666666,-38.02822222222222,144.8923294835391,8.0,180.0,180.0,18,safe,safe,2.0,137.99999999999997,synthetic,,,,
313.0,,own,999510000,OWN SHIP,0.0,0.6955555555555556,-38.038407407407405,144.85,8.0,0.0,0.0,1,,,,,synthetic,,,,
313.0,,target,999510201,SAFE PASS,2.0,1.3044444444444445,-38.02825925925926,144.8923294835391,8.0,180.0,180.0,18,safe,safe,2.0,137.0,synthetic,,,,
314.0,,own,999510000,OWN SHIP,0.0,0.6977777777777778,-38.038370370370366,144.85,8.0,0.0,0.0,1,,,,,synthetic,,,,
314.0,,target,999510201,SAFE PASS,2.0,1.3022222222222222,-38.0282962962963,144.8923294835391,8.0,180.0,180.0,18,safe,safe,2.0,135.99999999999997,synthetic,,,,
315.0,,own,999510000,OWN SHIP,0.0,0.7,-38.038333333333334,144.85,8.0,0.0,0.0,1,,,,,synthetic,,,,
315.0,,target,999510201,SAFE PASS,2.0,1.3,-38.02833333333333,144.8923294835391,8.0,180.0,180.0,18,safe,safe,2.0,135.0,synthetic,,,,
316.0,,own,999510000,OWN SHIP,0.0,0.7022222222222222,-38.038296296296295,144.85,8.0,0.0,0.0,1,,,,,synthetic,,,,
316.0,,target,999510201,SAFE PASS,2.0,1.2977777777777777,-38.02837037037037,144.8923294835391,8.0,180.0,180.0,18,safe,safe,2.0,133.99999999999997,synthetic,,,,
317.0,,own,999510000,OWN SHIP,0.0,0.7044444444444444,-38.038259259259256,144.85,8.0,0.0,0.0,1,,,,,synthetic,,,,
317.0,,target,999510201,SAFE PASS,2.0,1.2955555555555556,-38.02840740740741,144.8923294835391,8.0,180.0,180.0,18,safe,safe,2.0,132.99999999999997,synthetic,,,,
318.0,,own,999510000,OWN SHIP,0.0,0.7066666666666667,-38.03822222222222,144.85,8.0,0.0,0.0,1,,,,,synthetic,,,,
318.0,,target,999510201,SAFE PASS,2.0,1.2933333333333334,-38.02844444444444,144.8923294835391,8.0,180.0,180.0,18,safe,safe,2.0,132.0,synthetic,,,,
319.0,,own,999510000,OWN SHIP,0.0,0.7088888888888889,-38.038185185185185,144.85,8.0,0.0,0.0,1,,,,,synthetic,,,,
319.0,,target,999510201,SAFE PASS,2.0,1.291111111111111,-38.02848148148148,144.8923294835391,8.0,180.0,180.0,18,safe,safe,2.0,130.99999999999997,synthetic,,,,
320.0,,own,999510000,OWN SHIP,0.0,0.7111111111111111,-38.038148148148146,144.85,8.0,0.0,0.0,1,,,,,synthetic,,,,
320.0,,target,999510201,SAFE PASS,2.0,1.2888888888888888,-38.02851851851852,144.8923294835391,8.0,180.0,180.0,18,safe,safe,2.0,129.99999999999994,synthetic,,,,
321.0,,own,999510000,OWN SHIP,0.0,0.7133333333333334,-38.03811111111111,144.85,8.0,0.0,0.0,1,,,,,synthetic,,,,
321.0,,target,999510201,SAFE PASS,2.0,1.2866666666666666,-38.028555555555556,144.8923294835391,8.0,180.0,180.0,18,safe,safe,2.0,128.99999999999997,synthetic,,,,
322.0,,own,999510000,OWN SHIP,0.0,0.7155555555555555,-38.03807407407407,144.85,8.0,0.0,0.0,1,,,,,synthetic,,,,
322.0,,target,999510201,SAFE PASS,2.0,1.2844444444444445,-38.02859259259259,144.8923294835391,8.0,180.0,180.0,18,safe,safe,2.0,128.0,synthetic,,,,
323.0,,own,999510000,OWN SHIP,0.0,0.7177777777777777,-38.038037037037036,144.85,8.0,0.0,0.0,1,,,,,synthetic,,,,
323.0,,target,999510201,SAFE PASS,2.0,1.2822222222222224,-38.02862962962963,144.8923294835391,8.0,180.0,180.0,18,safe,safe,2.0,127.00000000000001,synthetic,,,,
324.0,,own,999510000,OWN SHIP,0.0,0.72,-38.038,144.85,8.0,0.0,0.0,1,,,,,synthetic,,,,
324.0,,target,999510201,SAFE PASS,2.0,1.28,-38.028666666666666,144.8923294835391,8.0,180.0,180.0,18,safe,safe,2.0,125.99999999999999,synthetic,,,,
325.0,,own,999510000,OWN SHIP,0.0,0.7222222222222222,-38.03796296296296,144.85,8.0,0.0,0.0,1,,,,,synthetic,,,,
325.0,,target,999510201,SAFE PASS,2.0,1.2777777777777777,-38.0287037037037,144.8923294835391,8.0,180.0,180.0,18,safe,safe,2.0,124.99999999999996,synthetic,,,,
326.0,,own,999510000,OWN SHIP,0.0,0.7244444444444444,-38.037925925925926,144.85,8.0,0.0,0.0,1,,,,,synthetic,,,,
326.0,,target,999510201,SAFE PASS,2.0,1.2755555555555556,-38.02874074074074,144.8923294835391,8.0,180.0,180.0,18,safe,safe,2.0,123.99999999999997,synthetic,,,,
327.0,,own,999510000,OWN SHIP,0.0,0.7266666666666667,-38.03788888888889,144.85,8.0,0.0,0.0,1,,,,,synthetic,,,,
327.0,,target,999510201,SAFE PASS,2.0,1.2733333333333334,-38.028777777777776,144.8923294835391,8.0,180.0,180.0,18,safe,safe,2.0,123.0,synthetic,,,,
328.0,,own,999510000,OWN SHIP,0.0,0.7288888888888889,-38.03785185185185,144.85,8.0,0.0,0.0,1,,,,,synthetic,,,,
328.0,,target,999510201,SAFE PASS,2.0,1.271111111111111,-38.028814814814815,144.8923294835391,8.0,180.0,180.0,18,safe,safe,2.0,121.99999999999997,synthetic,,,,
329.0,,own,999510000,OWN SHIP,0.0,0.7311111111111112,-38.03781481481481,144.85,8.0,0.0,0.0,1,,,,,synthetic,,,,
329.0,,target,999510201,SAFE PASS,2.0,1.2688888888888887,-38.02885185185185,144.8923294835391,8.0,180.0,180.0,18,safe,safe,2.0,120.99999999999994,synthetic,,,,
330.0,,own,999510000,OWN SHIP,0.0,0.7333333333333333,-38.03777777777778,144.85,8.0,0.0,0.0,1,,,,,synthetic,,,,
330.0,,target,999510201,SAFE PASS,2.0,1.2666666666666666,-38.028888888888886,144.8923294835391,8.0,180.0,180.0,18,safe,safe,2.0,119.99999999999997,synthetic,,,,
331.0,,own,999510000,OWN SHIP,0.0,0.7355555555555555,-38.03774074074074,144.85,8.0,0.0,0.0,1,,,,,synthetic,,,,
331.0,,target,999510201,SAFE PASS,2.0,1.2644444444444445,-38.028925925925925,144.8923294835391,8.0,180.0,180.0,18,safe,safe,2.0,118.99999999999999,synthetic,,,,
332.0,,own,999510000,OWN SHIP,0.0,0.7377777777777778,-38.0377037037037,144.85,8.0,0.0,0.0,1,,,,,synthetic,,,,
332.0,,target,999510201,SAFE PASS,2.0,1.2622222222222224,-38.02896296296296,144.8923294835391,8.0,180.0,180.0,18,safe,safe,2.0,118.0,synthetic,,,,
333.0,,own,999510000,OWN SHIP,0.0,0.74,-38.03766666666667,144.85,8.0,0.0,0.0,1,,,,,synthetic,,,,
333.0,,target,999510201,SAFE PASS,2.0,1.26,-38.028999999999996,144.8923294835391,8.0,180.0,180.0,18,safe,safe,2.0,116.99999999999997,synthetic,,,,
334.0,,own,999510000,OWN SHIP,0.0,0.7422222222222222,-38.03762962962963,144.85,8.0,0.0,0.0,1,,,,,synthetic,,,,
334.0,,target,999510201,SAFE PASS,2.0,1.2577777777777777,-38.029037037037035,144.8923294835391,8.0,180.0,180.0,18,safe,safe,2.0,115.99999999999994,synthetic,,,,
335.0,,own,999510000,OWN SHIP,0.0,0.7444444444444445,-38.03759259259259,144.85,8.0,0.0,0.0,1,,,,,synthetic,,,,
335.0,,target,999510201,SAFE PASS,2.0,1.2555555555555555,-38.029074074074074,144.8923294835391,8.0,180.0,180.0,18,safe,safe,2.0,114.99999999999997,synthetic,,,,
336.0,,own,999510000,OWN SHIP,0.0,0.7466666666666667,-38.03755555555555,144.85,8.0,0.0,0.0,1,,,,,synthetic,,,,
336.0,,target,999510201,SAFE PASS,2.0,1.2533333333333334,-38.029111111111106,144.8923294835391,8.0,180.0,180.0,18,safe,safe,2.0,113.99999999999999,synthetic,,,,
337.0,,own,999510000,OWN SHIP,0.0,0.7488888888888889,-38.03751851851852,144.85,8.0,0.0,0.0,1,,,,,synthetic,,,,
337.0,,target,999510201,SAFE PASS,2.0,1.251111111111111,-38.029148148148145,144.8923294835391,8.0,180.0,180.0,18,safe,safe,2.0,112.99999999999996,synthetic,,,,
338.0,,own,999510000,OWN SHIP,0.0,0.7511111111111111,-38.03748148148148,144.85,8.0,0.0,0.0,1,,,,,synthetic,,,,
338.0,,target,999510201,SAFE PASS,2.0,1.248888888888889,-38.029185185185185,144.8923294835391,8.0,180.0,180.0,18,safe,safe,2.0,112.0,synthetic,,,,
339.0,,own,999510000,OWN SHIP,0.0,0.7533333333333333,-38.03744444444444,144.85,8.0,0.0,0.0,1,,,,,synthetic,,,,
339.0,,target,999510201,SAFE PASS,2.0,1.2466666666666666,-38.02922222222222,144.8923294835391,8.0,180.0,180.0,18,safe,safe,2.0,110.99999999999996,synthetic,,,,
340.0,,own,999510000,OWN SHIP,0.0,0.7555555555555555,-38.03740740740741,144.85,8.0,0.0,0.0,1,,,,,synthetic,,,,
340.0,,target,999510201,SAFE PASS,2.0,1.2444444444444445,-38.029259259259256,144.8923294835391,8.0,180.0,180.0,18,safe,safe,2.0,109.99999999999997,synthetic,,,,
341.0,,own,999510000,OWN SHIP,0.0,0.7577777777777778,-38.03737037037037,144.85,8.0,0.0,0.0,1,,,,,synthetic,,,,
341.0,,target,999510201,SAFE PASS,2.0,1.2422222222222223,-38.029296296296295,144.8923294835391,8.0,180.0,180.0,18,safe,safe,2.0,109.00000000000001,synthetic,,,,
342.0,,own,999510000,OWN SHIP,0.0,0.76,-38.03733333333333,144.85,8.0,0.0,0.0,1,,,,,synthetic,,,,
342.0,,target,999510201,SAFE PASS,2.0,1.24,-38.029333333333334,144.8923294835391,8.0,180.0,180.0,18,safe,safe,2.0,107.99999999999999,synthetic,,,,
343.0,,own,999510000,OWN SHIP,0.0,0.7622222222222222,-38.03729629629629,144.85,8.0,0.0,0.0,1,,,,,synthetic,,,,
343.0,,target,999510201,SAFE PASS,2.0,1.2377777777777776,-38.029370370370366,144.8923294835391,8.0,180.0,180.0,18,safe,safe,2.0,106.99999999999996,synthetic,,,,
344.0,,own,999510000,OWN SHIP,0.0,0.7644444444444445,-38.03725925925926,144.85,8.0,0.0,0.0,1,,,,,synthetic,,,,
344.0,,target,999510201,SAFE PASS,2.0,1.2355555555555555,-38.029407407407405,144.8923294835391,8.0,180.0,180.0,18,safe,safe,2.0,105.99999999999997,synthetic,,,,
345.0,,own,999510000,OWN SHIP,0.0,0.7666666666666667,-38.03722222222222,144.85,8.0,0.0,0.0,1,,,,,synthetic,,,,
345.0,,target,999510201,SAFE PASS,2.0,1.2333333333333334,-38.029444444444444,144.8923294835391,8.0,180.0,180.0,18,safe,safe,2.0,104.99999999999997,synthetic,,,,
346.0,,own,999510000,OWN SHIP,0.0,0.7688888888888888,-38.03718518518518,144.85,8.0,0.0,0.0,1,,,,,synthetic,,,,
346.0,,target,999510201,SAFE PASS,2.0,1.2311111111111113,-38.029481481481476,144.8923294835391,8.0,180.0,180.0,18,safe,safe,2.0,104.00000000000001,synthetic,,,,
347.0,,own,999510000,OWN SHIP,0.0,0.7711111111111111,-38.03714814814815,144.85,8.0,0.0,0.0,1,,,,,synthetic,,,,
347.0,,target,999510201,SAFE PASS,2.0,1.228888888888889,-38.029518518518515,144.8923294835391,8.0,180.0,180.0,18,safe,safe,2.0,102.99999999999999,synthetic,,,,
348.0,,own,999510000,OWN SHIP,0.0,0.7733333333333333,-38.03711111111111,144.85,8.0,0.0,0.0,1,,,,,synthetic,,,,
348.0,,target,999510201,SAFE PASS,2.0,1.2266666666666666,-38.029555555555554,144.8923294835391,8.0,180.0,180.0,18,safe,safe,2.0,101.99999999999996,synthetic,,,,
349.0,,own,999510000,OWN SHIP,0.0,0.7755555555555556,-38.03707407407407,144.85,8.0,0.0,0.0,1,,,,,synthetic,,,,
349.0,,target,999510201,SAFE PASS,2.0,1.2244444444444444,-38.02959259259259,144.8923294835391,8.0,180.0,180.0,18,safe,safe,2.0,100.99999999999999,synthetic,,,,
350.0,,own,999510000,OWN SHIP,0.0,0.7777777777777778,-38.03703703703703,144.85,8.0,0.0,0.0,1,,,,,synthetic,,,,
350.0,,target,999510201,SAFE PASS,2.0,1.2222222222222223,-38.029629629629625,144.8923294835391,8.0,180.0,180.0,18,safe,safe,2.0,100.0,synthetic,,,,
351.0,,own,999510000,OWN SHIP,0.0,0.78,-38.037,144.85,8.0,0.0,0.0,1,,,,,synthetic,,,,
351.0,,target,999510201,SAFE PASS,2.0,1.22,-38.029666666666664,144.8923294835391,8.0,180.0,180.0,18,safe,safe,2.0,98.99999999999997,synthetic,,,,
352.0,,own,999510000,OWN SHIP,0.0,0.7822222222222223,-38.03696296296296,144.85,8.0,0.0,0.0,1,,,,,synthetic,,,,
352.0,,target,999510201,SAFE PASS,2.0,1.2177777777777776,-38.0297037037037,144.8923294835391,8.0,180.0,180.0,18,safe,safe,2.0,97.99999999999991,synthetic,,,,
353.0,,own,999510000,OWN SHIP,0.0,0.7844444444444444,-38.03692592592592,144.85,8.0,0.0,0.0,1,,,,,synthetic,,,,
353.0,,target,999510201,SAFE PASS,2.0,1.2155555555555555,-38.029740740740735,144.8923294835391,8.0,180.0,180.0,18,safe,safe,2.0,96.99999999999997,synthetic,,,,
354.0,,own,999510000,OWN SHIP,0.0,0.7866666666666666,-38.03688888888889,144.85,8.0,0.0,0.0,1,,,,,synthetic,,,,
354.0,,target,999510201,SAFE PASS,2.0,1.2133333333333334,-38.029777777777774,144.8923294835391,8.0,180.0,180.0,18,safe,safe,2.0,95.99999999999999,synthetic,,,,
355.0,,own,999510000,OWN SHIP,0.0,0.7888888888888889,-38.03685185185185,144.85,8.0,0.0,0.0,1,,,,,synthetic,,,,
355.0,,target,999510201,SAFE PASS,2.0,1.2111111111111112,-38.02981481481481,144.8923294835391,8.0,180.0,180.0,18,safe,safe,2.0,95.0,synthetic,,,,
356.0,,own,999510000,OWN SHIP,0.0,0.7911111111111111,-38.03681481481481,144.85,8.0,0.0,0.0,1,,,,,synthetic,,,,
356.0,,target,999510201,SAFE PASS,2.0,1.208888888888889,-38.02985185185185,144.8923294835391,8.0,180.0,180.0,18,safe,safe,2.0,93.99999999999997,synthetic,,,,
357.0,,own,999510000,OWN SHIP,0.0,0.7933333333333333,-38.03677777777777,144.85,8.0,0.0,0.0,1,,,,,synthetic,,,,
357.0,,target,999510201,SAFE PASS,2.0,1.2066666666666666,-38.029888888888884,144.8923294835391,8.0,180.0,180.0,18,safe,safe,2.0,92.99999999999994,synthetic,,,,
358.0,,own,999510000,OWN SHIP,0.0,0.7955555555555556,-38.03674074074074,144.85,8.0,0.0,0.0,1,,,,,synthetic,,,,
358.0,,target,999510201,SAFE PASS,2.0,1.2044444444444444,-38.02992592592592,144.8923294835391,8.0,180.0,180.0,18,safe,safe,2.0,91.99999999999996,synthetic,,,,
359.0,,own,999510000,OWN SHIP,0.0,0.7977777777777778,-38.0367037037037,144.85,8.0,0.0,0.0,1,,,,,synthetic,,,,
359.0,,target,999510201,SAFE PASS,2.0,1.2022222222222223,-38.02996296296296,144.8923294835391,8.0,180.0,180.0,18,safe,safe,2.0,90.99999999999999,synthetic,,,,
360.0,,own,999510000,OWN SHIP,0.0,0.8,-38.03666666666666,144.85,8.0,0.0,0.0,1,,,,,synthetic,,,,
360.0,,target,999510201,SAFE PASS,2.0,1.2,-38.029999999999994,144.8923294835391,8.0,180.0,180.0,18,safe,safe,2.0,89.99999999999994,synthetic,,,,
361.0,,own,999510000,OWN SHIP,0.0,0.8022222222222222,-38.03662962962963,144.85,8.0,0.0,0.0,1,,,,,synthetic,,,,
361.0,,target,999510201,SAFE PASS,2.0,1.1977777777777778,-38.03003703703703,144.8923294835391,8.0,180.0,180.0,18,safe,safe,2.0,89.0,synthetic,,,,
362.0,,own,999510000,OWN SHIP,0.0,0.8044444444444444,-38.03659259259259,144.85,8.0,0.0,0.0,1,,,,,synthetic,,,,
362.0,,target,999510201,SAFE PASS,2.0,1.1955555555555555,-38.03007407407407,144.8923294835391,8.0,180.0,180.0,18,safe,safe,2.0,87.99999999999996,synthetic,,,,
363.0,,own,999510000,OWN SHIP,0.0,0.8066666666666666,-38.03655555555555,144.85,8.0,0.0,0.0,1,,,,,synthetic,,,,
363.0,,target,999510201,SAFE PASS,2.0,1.1933333333333334,-38.03011111111111,144.8923294835391,8.0,180.0,180.0,18,safe,safe,2.0,86.99999999999997,synthetic,,,,
364.0,,own,999510000,OWN SHIP,0.0,0.8088888888888889,-38.03651851851851,144.85,8.0,0.0,0.0,1,,,,,synthetic,,,,
364.0,,target,999510201,SAFE PASS,2.0,1.1911111111111112,-38.03014814814814,144.8923294835391,8.0,180.0,180.0,18,safe,safe,2.0,85.99999999999999,synthetic,,,,
365.0,,own,999510000,OWN SHIP,0.0,0.8111111111111111,-38.03648148148148,144.85,8.0,0.0,0.0,1,,,,,synthetic,,,,
365.0,,target,999510201,SAFE PASS,2.0,1.1888888888888889,-38.03018518518518,144.8923294835391,8.0,180.0,180.0,18,safe,safe,2.0,84.99999999999996,synthetic,,,,
366.0,,own,999510000,OWN SHIP,0.0,0.8133333333333334,-38.03644444444444,144.85,8.0,0.0,0.0,1,,,,,synthetic,,,,
366.0,,target,999510201,SAFE PASS,2.0,1.1866666666666665,-38.03022222222222,144.8923294835391,8.0,180.0,180.0,18,safe,safe,2.0,83.99999999999993,synthetic,,,,
367.0,,own,999510000,OWN SHIP,0.0,0.8155555555555556,-38.0364074074074,144.85,8.0,0.0,0.0,1,,,,,synthetic,,,,
367.0,,target,999510201,SAFE PASS,2.0,1.1844444444444444,-38.03025925925925,144.8923294835391,8.0,180.0,180.0,18,safe,safe,2.0,82.99999999999996,synthetic,,,,
368.0,,own,999510000,OWN SHIP,0.0,0.8177777777777778,-38.03637037037037,144.85,8.0,0.0,0.0,1,,,,,synthetic,,,,
368.0,,target,999510201,SAFE PASS,2.0,1.1822222222222223,-38.03029629629629,144.8923294835391,8.0,180.0,180.0,18,safe,safe,2.0,81.99999999999997,synthetic,,,,
369.0,,own,999510000,OWN SHIP,0.0,0.82,-38.03633333333333,144.85,8.0,0.0,0.0,1,,,,,synthetic,,,,
369.0,,target,999510201,SAFE PASS,2.0,1.1800000000000002,-38.03033333333333,144.8923294835391,8.0,180.0,180.0,18,safe,safe,2.0,81.00000000000001,synthetic,,,,
370.0,,own,999510000,OWN SHIP,0.0,0.8222222222222222,-38.03629629629629,144.85,8.0,0.0,0.0,1,,,,,synthetic,,,,
370.0,,target,999510201,SAFE PASS,2.0,1.1777777777777778,-38.03037037037037,144.8923294835391,8.0,180.0,180.0,18,safe,safe,2.0,79.99999999999999,synthetic,,,,
371.0,,own,999510000,OWN SHIP,0.0,0.8244444444444444,-38.03625925925925,144.85,8.0,0.0,0.0,1,,,,,synthetic,,,,
371.0,,target,999510201,SAFE PASS,2.0,1.1755555555555555,-38.0304074074074,144.8923294835391,8.0,180.0,180.0,18,safe,safe,2.0,78.99999999999996,synthetic,,,,
372.0,,own,999510000,OWN SHIP,0.0,0.8266666666666667,-38.03622222222222,144.85,8.0,0.0,0.0,1,,,,,synthetic,,,,
372.0,,target,999510201,SAFE PASS,2.0,1.1733333333333333,-38.03044444444444,144.8923294835391,8.0,180.0,180.0,18,safe,safe,2.0,77.99999999999997,synthetic,,,,
373.0,,own,999510000,OWN SHIP,0.0,0.8288888888888889,-38.03618518518518,144.85,8.0,0.0,0.0,1,,,,,synthetic,,,,
373.0,,target,999510201,SAFE PASS,2.0,1.1711111111111112,-38.03048148148148,144.8923294835391,8.0,180.0,180.0,18,safe,safe,2.0,76.99999999999999,synthetic,,,,
374.0,,own,999510000,OWN SHIP,0.0,0.8311111111111111,-38.03614814814814,144.85,8.0,0.0,0.0,1,,,,,synthetic,,,,
374.0,,target,999510201,SAFE PASS,2.0,1.1688888888888889,-38.03051851851851,144.8923294835391,8.0,180.0,180.0,18,safe,safe,2.0,75.99999999999996,synthetic,,,,
375.0,,own,999510000,OWN SHIP,0.0,0.8333333333333334,-38.03611111111111,144.85,8.0,0.0,0.0,1,,,,,synthetic,,,,
375.0,,target,999510201,SAFE PASS,2.0,1.1666666666666665,-38.03055555555555,144.8923294835391,8.0,180.0,180.0,18,safe,safe,2.0,74.99999999999993,synthetic,,,,
376.0,,own,999510000,OWN SHIP,0.0,0.8355555555555556,-38.03607407407407,144.85,8.0,0.0,0.0,1,,,,,synthetic,,,,
376.0,,target,999510201,SAFE PASS,2.0,1.1644444444444444,-38.03059259259259,144.8923294835391,8.0,180.0,180.0,18,safe,safe,2.0,73.99999999999994,synthetic,,,,
377.0,,own,999510000,OWN SHIP,0.0,0.8377777777777777,-38.03603703703703,144.85,8.0,0.0,0.0,1,,,,,synthetic,,,,
377.0,,target,999510201,SAFE PASS,2.0,1.1622222222222223,-38.03062962962963,144.8923294835391,8.0,180.0,180.0,18,safe,safe,2.0,72.99999999999999,synthetic,,,,
378.0,,own,999510000,OWN SHIP,0.0,0.84,-38.035999999999994,144.85,8.0,0.0,0.0,1,,,,,synthetic,,,,
378.0,,target,999510201,SAFE PASS,2.0,1.1600000000000001,-38.03066666666666,144.8923294835391,8.0,180.0,180.0,18,safe,safe,2.0,72.0,synthetic,,,,
379.0,,own,999510000,OWN SHIP,0.0,0.8422222222222222,-38.03596296296296,144.85,8.0,0.0,0.0,1,,,,,synthetic,,,,
379.0,,target,999510201,SAFE PASS,2.0,1.1577777777777778,-38.0307037037037,144.8923294835391,8.0,180.0,180.0,18,safe,safe,2.0,70.99999999999997,synthetic,,,,
380.0,,own,999510000,OWN SHIP,0.0,0.8444444444444444,-38.03592592592592,144.85,8.0,0.0,0.0,1,,,,,synthetic,,,,
380.0,,target,999510201,SAFE PASS,2.0,1.1555555555555554,-38.03074074074074,144.8923294835391,8.0,180.0,180.0,18,safe,safe,2.0,69.99999999999994,synthetic,,,,
381.0,,own,999510000,OWN SHIP,0.0,0.8466666666666667,-38.035888888888884,144.85,8.0,0.0,0.0,1,,,,,synthetic,,,,
381.0,,target,999510201,SAFE PASS,2.0,1.1533333333333333,-38.03077777777777,144.8923294835391,8.0,180.0,180.0,18,safe,safe,2.0,68.99999999999997,synthetic,,,,
382.0,,own,999510000,OWN SHIP,0.0,0.8488888888888889,-38.03585185185185,144.85,8.0,0.0,0.0,1,,,,,synthetic,,,,
382.0,,target,999510201,SAFE PASS,2.0,1.1511111111111112,-38.03081481481481,144.8923294835391,8.0,180.0,180.0,18,safe,safe,2.0,67.99999999999999,synthetic,,,,
383.0,,own,999510000,OWN SHIP,0.0,0.8511111111111112,-38.03581481481481,144.85,8.0,0.0,0.0,1,,,,,synthetic,,,,
383.0,,target,999510201,SAFE PASS,2.0,1.1488888888888888,-38.03085185185185,144.8923294835391,8.0,180.0,180.0,18,safe,safe,2.0,66.99999999999994,synthetic,,,,
384.0,,own,999510000,OWN SHIP,0.0,0.8533333333333333,-38.035777777777774,144.85,8.0,0.0,0.0,1,,,,,synthetic,,,,
384.0,,target,999510201,SAFE PASS,2.0,1.1466666666666667,-38.03088888888889,144.8923294835391,8.0,180.0,180.0,18,safe,safe,2.0,66.0,synthetic,,,,
385.0,,own,999510000,OWN SHIP,0.0,0.8555555555555555,-38.035740740740735,144.85,8.0,0.0,0.0,1,,,,,synthetic,,,,
385.0,,target,999510201,SAFE PASS,2.0,1.1444444444444444,-38.03092592592592,144.8923294835391,8.0,180.0,180.0,18,safe,safe,2.0,64.99999999999997,synthetic,,,,
386.0,,own,999510000,OWN SHIP,0.0,0.8577777777777778,-38.0357037037037,144.85,8.0,0.0,0.0,1,,,,,synthetic,,,,
386.0,,target,999510201,SAFE PASS,2.0,1.1422222222222222,-38.03096296296296,144.8923294835391,8.0,180.0,180.0,18,safe,safe,2.0,63.99999999999998,synthetic,,,,
387.0,,own,999510000,OWN SHIP,0.0,0.86,-38.035666666666664,144.85,8.0,0.0,0.0,1,,,,,synthetic,,,,
387.0,,target,999510201,SAFE PASS,2.0,1.1400000000000001,-38.031,144.8923294835391,8.0,180.0,180.0,18,safe,safe,2.0,63.0,synthetic,,,,
388.0,,own,999510000,OWN SHIP,0.0,0.8622222222222222,-38.035629629629625,144.85,8.0,0.0,0.0,1,,,,,synthetic,,,,
388.0,,target,999510201,SAFE PASS,2.0,1.1377777777777778,-38.03103703703703,144.8923294835391,8.0,180.0,180.0,18,safe,safe,2.0,61.99999999999996,synthetic,,,,
389.0,,own,999510000,OWN SHIP,0.0,0.8644444444444445,-38.03559259259259,144.85,8.0,0.0,0.0,1,,,,,synthetic,,,,
389.0,,target,999510201,SAFE PASS,2.0,1.1355555555555554,-38.03107407407407,144.8923294835391,8.0,180.0,180.0,18,safe,safe,2.0,60.99999999999993,synthetic,,,,
390.0,,own,999510000,OWN SHIP,0.0,0.8666666666666667,-38.035555555555554,144.85,8.0,0.0,0.0,1,,,,,synthetic,,,,
390.0,,target,999510201,SAFE PASS,2.0,1.1333333333333333,-38.03111111111111,144.8923294835391,8.0,180.0,180.0,18,safe,safe,2.0,59.99999999999996,synthetic,,,,
391.0,,own,999510000,OWN SHIP,0.0,0.8688888888888889,-38.035518518518515,144.85,8.0,0.0,0.0,1,,,,,synthetic,,,,
391.0,,target,999510201,SAFE PASS,2.0,1.1311111111111112,-38.03114814814815,144.8923294835391,8.0,180.0,180.0,18,safe,safe,2.0,58.99999999999997,synthetic,,,,
392.0,,own,999510000,OWN SHIP,0.0,0.8711111111111111,-38.035481481481476,144.85,8.0,0.0,0.0,1,,,,,synthetic,,,,
392.0,,target,999510201,SAFE PASS,2.0,1.128888888888889,-38.03118518518518,144.8923294835391,8.0,180.0,180.0,18,safe,safe,2.0,58.000000000000014,synthetic,,,,
393.0,,own,999510000,OWN SHIP,0.0,0.8733333333333333,-38.035444444444444,144.85,8.0,0.0,0.0,1,,,,,synthetic,,,,
393.0,,target,999510201,SAFE PASS,2.0,1.1266666666666667,-38.03122222222222,144.8923294835391,8.0,180.0,180.0,18,safe,safe,2.0,56.999999999999986,synthetic,,,,
394.0,,own,999510000,OWN SHIP,0.0,0.8755555555555555,-38.035407407407405,144.85,8.0,0.0,0.0,1,,,,,synthetic,,,,
394.0,,target,999510201,SAFE PASS,2.0,1.1244444444444444,-38.03125925925926,144.8923294835391,8.0,180.0,180.0,18,safe,safe,2.0,55.99999999999995,synthetic,,,,
395.0,,own,999510000,OWN SHIP,0.0,0.8777777777777778,-38.035370370370366,144.85,8.0,0.0,0.0,1,,,,,synthetic,,,,
395.0,,target,999510201,SAFE PASS,2.0,1.1222222222222222,-38.03129629629629,144.8923294835391,8.0,180.0,180.0,18,safe,safe,2.0,54.999999999999964,synthetic,,,,
396.0,,own,999510000,OWN SHIP,0.0,0.88,-38.035333333333334,144.85,8.0,0.0,0.0,1,,,,,synthetic,,,,
396.0,,target,999510201,SAFE PASS,2.0,1.12,-38.03133333333333,144.8923294835391,8.0,180.0,180.0,18,safe,safe,2.0,53.99999999999999,synthetic,,,,
397.0,,own,999510000,OWN SHIP,0.0,0.8822222222222222,-38.035296296296295,144.85,8.0,0.0,0.0,1,,,,,synthetic,,,,
397.0,,target,999510201,SAFE PASS,2.0,1.1177777777777778,-38.03137037037037,144.8923294835391,8.0,180.0,180.0,18,safe,safe,2.0,52.99999999999996,synthetic,,,,
398.0,,own,999510000,OWN SHIP,0.0,0.8844444444444445,-38.035259259259256,144.85,8.0,0.0,0.0,1,,,,,synthetic,,,,
398.0,,target,999510201,SAFE PASS,2.0,1.1155555555555554,-38.03140740740741,144.8923294835391,8.0,180.0,180.0,18,safe,safe,2.0,51.99999999999993,synthetic,,,,
399.0,,own,999510000,OWN SHIP,0.0,0.8866666666666667,-38.03522222222222,144.85,8.0,0.0,0.0,1,,,,,synthetic,,,,
399.0,,target,999510201,SAFE PASS,2.0,1.1133333333333333,-38.03144444444444,144.8923294835391,8.0,180.0,180.0,18,safe,safe,2.0,50.99999999999994,synthetic,,,,
400.0,,own,999510000,OWN SHIP,0.0,0.8888888888888888,-38.035185185185185,144.85,8.0,0.0,0.0,1,,,,,synthetic,,,,
400.0,,target,999510201,SAFE PASS,2.0,1.1111111111111112,-38.03148148148148,144.8923294835391,8.0,180.0,180.0,18,safe,safe,2.0,49.99999999999999,synthetic,,,,
401.0,,own,999510000,OWN SHIP,0.0,0.8911111111111111,-38.035148148148146,144.85,8.0,0.0,0.0,1,,,,,synthetic,,,,
401.0,,target,999510201,SAFE PASS,2.0,1.108888888888889,-38.03151851851852,144.8923294835391,8.0,180.0,180.0,18,safe,safe,2.0,49.000000000000014,synthetic,,,,
402.0,,own,999510000,OWN SHIP,0.0,0.8933333333333333,-38.03511111111111,144.85,8.0,0.0,0.0,1,,,,,synthetic,,,,
402.0,,target,999510201,SAFE PASS,2.0,1.1066666666666667,-38.031555555555556,144.8923294835391,8.0,180.0,180.0,18,safe,safe,2.0,47.999999999999986,synthetic,,,,
403.0,,own,999510000,OWN SHIP,0.0,0.8955555555555555,-38.035074074074075,144.85,8.0,0.0,0.0,1,,,,,synthetic,,,,
403.0,,target,999510201,SAFE PASS,2.0,1.1044444444444443,-38.03159259259259,144.8923294835391,8.0,180.0,180.0,18,safe,safe,2.0,46.99999999999995,synthetic,,,,
404.0,,own,999510000,OWN SHIP,0.0,0.8977777777777778,-38.035037037037036,144.85,8.0,0.0,0.0,1,,,,,synthetic,,,,
404.0,,target,999510201,SAFE PASS,2.0,1.1022222222222222,-38.03162962962963,144.8923294835391,8.0,180.0,180.0,18,safe,safe,2.0,45.999999999999964,synthetic,,,,
405.0,,own,999510000,OWN SHIP,0.0,0.9,-38.035,144.85,8.0,0.0,0.0,1,,,,,synthetic,,,,
405.0,,target,999510201,SAFE PASS,2.0,1.1,-38.031666666666666,144.8923294835391,8.0,180.0,180.0,18,safe,safe,2.0,44.999999999999986,synthetic,,,,
406.0,,own,999510000,OWN SHIP,0.0,0.9022222222222223,-38.03496296296296,144.85,8.0,0.0,0.0,1,,,,,synthetic,,,,
406.0,,target,999510201,SAFE PASS,2.0,1.0977777777777777,-38.0317037037037,144.8923294835391,8.0,180.0,180.0,18,safe,safe,2.0,43.99999999999996,synthetic,,,,
407.0,,own,999510000,OWN SHIP,0.0,0.9044444444444445,-38.034925925925926,144.85,8.0,0.0,0.0,1,,,,,synthetic,,,,
407.0,,target,999510201,SAFE PASS,2.0,1.0955555555555554,-38.03174074074074,144.8923294835391,8.0,180.0,180.0,18,safe,safe,2.0,42.99999999999992,synthetic,,,,
408.0,,own,999510000,OWN SHIP,0.0,0.9066666666666666,-38.03488888888889,144.85,8.0,0.0,0.0,1,,,,,synthetic,,,,
408.0,,target,999510201,SAFE PASS,2.0,1.0933333333333333,-38.031777777777776,144.8923294835391,8.0,180.0,180.0,18,safe,safe,2.0,41.99999999999997,synthetic,,,,
409.0,,own,999510000,OWN SHIP,0.0,0.9088888888888889,-38.03485185185185,144.85,8.0,0.0,0.0,1,,,,,synthetic,,,,
409.0,,target,999510201,SAFE PASS,2.0,1.0911111111111111,-38.031814814814815,144.8923294835391,8.0,180.0,180.0,18,safe,safe,2.0,40.999999999999986,synthetic,,,,
410.0,,own,999510000,OWN SHIP,0.0,0.9111111111111111,-38.034814814814816,144.85,8.0,0.0,0.0,1,,,,,synthetic,,,,
410.0,,target,999510201,SAFE PASS,2.0,1.088888888888889,-38.03185185185185,144.8923294835391,8.0,180.0,180.0,18,safe,safe,2.0,40.0,synthetic,,,,
411.0,,own,999510000,OWN SHIP,0.0,0.9133333333333333,-38.03477777777778,144.85,8.0,0.0,0.0,1,,,,,synthetic,,,,
411.0,,target,999510201,SAFE PASS,2.0,1.0866666666666667,-38.031888888888886,144.8923294835391,8.0,180.0,180.0,18,safe,safe,2.0,38.99999999999997,synthetic,,,,
412.0,,own,999510000,OWN SHIP,0.0,0.9155555555555556,-38.03474074074074,144.85,8.0,0.0,0.0,1,,,,,synthetic,,,,
412.0,,target,999510201,SAFE PASS,2.0,1.0844444444444443,-38.031925925925925,144.8923294835391,8.0,180.0,180.0,18,safe,safe,2.0,37.99999999999994,synthetic,,,,
413.0,,own,999510000,OWN SHIP,0.0,0.9177777777777778,-38.0347037037037,144.85,8.0,0.0,0.0,1,,,,,synthetic,,,,
413.0,,target,999510201,SAFE PASS,2.0,1.0822222222222222,-38.03196296296296,144.8923294835391,8.0,180.0,180.0,18,safe,safe,2.0,36.99999999999996,synthetic,,,,
414.0,,own,999510000,OWN SHIP,0.0,0.92,-38.034666666666666,144.85,8.0,0.0,0.0,1,,,,,synthetic,,,,
414.0,,target,999510201,SAFE PASS,2.0,1.08,-38.032,144.8923294835391,8.0,180.0,180.0,18,safe,safe,2.0,35.99999999999998,synthetic,,,,
415.0,,own,999510000,OWN SHIP,0.0,0.9222222222222223,-38.03462962962963,144.85,8.0,0.0,0.0,1,,,,,synthetic,,,,
415.0,,target,999510201,SAFE PASS,2.0,1.0777777777777777,-38.032037037037036,144.8923294835391,8.0,180.0,180.0,18,safe,safe,2.0,34.99999999999995,synthetic,,,,
416.0,,own,999510000,OWN SHIP,0.0,0.9244444444444444,-38.03459259259259,144.85,8.0,0.0,0.0,1,,,,,synthetic,,,,
416.0,,target,999510201,SAFE PASS,2.0,1.0755555555555556,-38.032074074074075,144.8923294835391,8.0,180.0,180.0,18,safe,safe,2.0,33.99999999999999,synthetic,,,,
417.0,,own,999510000,OWN SHIP,0.0,0.9266666666666666,-38.03455555555555,144.85,8.0,0.0,0.0,1,,,,,synthetic,,,,
417.0,,target,999510201,SAFE PASS,2.0,1.0733333333333333,-38.03211111111111,144.8923294835391,8.0,180.0,180.0,18,safe,safe,2.0,32.99999999999996,synthetic,,,,
418.0,,own,999510000,OWN SHIP,0.0,0.9288888888888889,-38.03451851851852,144.85,8.0,0.0,0.0,1,,,,,synthetic,,,,
418.0,,target,999510201,SAFE PASS,2.0,1.0711111111111111,-38.032148148148146,144.8923294835391,8.0,180.0,180.0,18,safe,safe,2.0,31.99999999999998,synthetic,,,,
419.0,,own,999510000,OWN SHIP,0.0,0.9311111111111111,-38.03448148148148,144.85,8.0,0.0,0.0,1,,,,,synthetic,,,,
419.0,,target,999510201,SAFE PASS,2.0,1.068888888888889,-38.032185185185185,144.8923294835391,8.0,180.0,180.0,18,safe,safe,2.0,30.999999999999996,synthetic,,,,
420.0,,own,999510000,OWN SHIP,0.0,0.9333333333333333,-38.03444444444444,144.85,8.0,0.0,0.0,1,,,,,synthetic,,,,
420.0,,target,999510201,SAFE PASS,2.0,1.0666666666666667,-38.03222222222222,144.8923294835391,8.0,180.0,180.0,18,safe,safe,2.0,29.999999999999968,synthetic,,,,
421.0,,own,999510000,OWN SHIP,0.0,0.9355555555555556,-38.03440740740741,144.85,8.0,0.0,0.0,1,,,,,synthetic,,,,
421.0,,target,999510201,SAFE PASS,2.0,1.0644444444444443,-38.032259259259256,144.8923294835391,8.0,180.0,180.0,18,safe,safe,2.0,28.999999999999936,synthetic,,,,
422.0,,own,999510000,OWN SHIP,0.0,0.9377777777777778,-38.03437037037037,144.85,8.0,0.0,0.0,1,,,,,synthetic,,,,
422.0,,target,999510201,SAFE PASS,2.0,1.0622222222222222,-38.032296296296295,144.8923294835391,8.0,180.0,180.0,18,safe,safe,2.0,27.999999999999954,synthetic,,,,
423.0,,own,999510000,OWN SHIP,0.0,0.94,-38.03433333333333,144.85,8.0,0.0,0.0,1,,,,,synthetic,,,,
423.0,,target,999510201,SAFE PASS,2.0,1.06,-38.032333333333334,144.8923294835391,8.0,180.0,180.0,18,safe,safe,2.0,26.999999999999996,synthetic,,,,
424.0,,own,999510000,OWN SHIP,0.0,0.9422222222222222,-38.03429629629629,144.85,8.0,0.0,0.0,1,,,,,synthetic,,,,
424.0,,target,999510201,SAFE PASS,2.0,1.057777777777778,-38.032370370370366,144.8923294835391,8.0,180.0,180.0,18,safe,safe,2.0,26.000000000000014,synthetic,,,,
425.0,,own,999510000,OWN SHIP,0.0,0.9444444444444444,-38.03425925925926,144.85,8.0,0.0,0.0,1,,,,,synthetic,,,,
425.0,,target,999510201,SAFE PASS,2.0,1.0555555555555556,-38.032407407407405,144.8923294835391,8.0,180.0,180.0,18,safe,safe,2.0,24.999999999999982,synthetic,,,,
426.0,,own,999510000,OWN SHIP,0.0,0.9466666666666667,-38.03422222222222,144.85,8.0,0.0,0.0,1,,,,,synthetic,,,,
426.0,,target,999510201,SAFE PASS,2.0,1.0533333333333332,-38.032444444444444,144.8923294835391,8.0,180.0,180.0,18,safe,safe,2.0,23.999999999999954,synthetic,,,,
427.0,,own,999510000,OWN SHIP,0.0,0.9488888888888889,-38.03418518518518,144.85,8.0,0.0,0.0,1,,,,,synthetic,,,,
427.0,,target,999510201,SAFE PASS,2.0,1.051111111111111,-38.032481481481476,144.8923294835391,8.0,180.0,180.0,18,safe,safe,2.0,22.999999999999968,synthetic,,,,
428.0,,own,999510000,OWN SHIP,0.0,0.9511111111111111,-38.03414814814815,144.85,8.0,0.0,0.0,1,,,,,synthetic,,,,
428.0,,target,999510201,SAFE PASS,2.0,1.048888888888889,-38.032518518518515,144.8923294835391,8.0,180.0,180.0,18,safe,safe,2.0,21.99999999999999,synthetic,,,,
429.0,,own,999510000,OWN SHIP,0.0,0.9533333333333334,-38.03411111111111,144.85,8.0,0.0,0.0,1,,,,,synthetic,,,,
429.0,,target,999510201,SAFE PASS,2.0,1.0466666666666666,-38.032555555555554,144.8923294835391,8.0,180.0,180.0,18,safe,safe,2.0,20.999999999999957,synthetic,,,,
430.0,,own,999510000,OWN SHIP,0.0,0.9555555555555556,-38.03407407407407,144.85,8.0,0.0,0.0,1,,,,,synthetic,,,,
430.0,,target,999510201,SAFE PASS,2.0,1.0444444444444443,-38.03259259259259,144.8923294835391,8.0,180.0,180.0,18,safe,safe,2.0,19.99999999999993,synthetic,,,,
431.0,,own,999510000,OWN SHIP,0.0,0.9577777777777777,-38.03403703703703,144.85,8.0,0.0,0.0,1,,,,,synthetic,,,,
431.0,,target,999510201,SAFE PASS,2.0,1.0422222222222222,-38.032629629629625,144.8923294835391,8.0,180.0,180.0,18,safe,safe,2.0,18.99999999999997,synthetic,,,,
432.0,,own,999510000,OWN SHIP,0.0,0.96,-38.034,144.85,8.0,0.0,0.0,1,,,,,synthetic,,,,
432.0,,target,999510201,SAFE PASS,2.0,1.04,-38.032666666666664,144.8923294835391,8.0,180.0,180.0,18,safe,safe,2.0,17.99999999999999,synthetic,,,,
433.0,,own,999510000,OWN SHIP,0.0,0.9622222222222222,-38.03396296296296,144.85,8.0,0.0,0.0,1,,,,,synthetic,,,,
433.0,,target,999510201,SAFE PASS,2.0,1.037777777777778,-38.0327037037037,144.8923294835391,8.0,180.0,180.0,18,safe,safe,2.0,17.000000000000007,synthetic,,,,
434.0,,own,999510000,OWN SHIP,0.0,0.9644444444444444,-38.03392592592592,144.85,8.0,0.0,0.0,1,,,,,synthetic,,,,
434.0,,target,999510201,SAFE PASS,2.0,1.0355555555555556,-38.032740740740735,144.8923294835391,8.0,180.0,180.0,18,safe,safe,2.0,15.999999999999975,synthetic,,,,
435.0,,own,999510000,OWN SHIP,0.0,0.9666666666666667,-38.03388888888889,144.85,8.0,0.0,0.0,1,,,,,synthetic,,,,
435.0,,target,999510201,SAFE PASS,2.0,1.0333333333333332,-38.032777777777774,144.8923294835391,8.0,180.0,180.0,18,safe,safe,2.0,14.999999999999945,synthetic,,,,
436.0,,own,999510000,OWN SHIP,0.0,0.9688888888888889,-38.03385185185185,144.85,8.0,0.0,0.0,1,,,,,synthetic,,,,
436.0,,target,999510201,SAFE PASS,2.0,1.031111111111111,-38.03281481481481,144.8923294835391,8.0,180.0,180.0,18,safe,safe,2.0,13.999999999999964,synthetic,,,,
437.0,,own,999510000,OWN SHIP,0.0,0.9711111111111111,-38.03381481481481,144.85,8.0,0.0,0.0,1,,,,,synthetic,,,,
437.0,,target,999510201,SAFE PASS,2.0,1.028888888888889,-38.03285185185185,144.8923294835391,8.0,180.0,180.0,18,safe,safe,2.0,12.999999999999982,synthetic,,,,
438.0,,own,999510000,OWN SHIP,0.0,0.9733333333333334,-38.03377777777777,144.85,8.0,0.0,0.0,1,,,,,synthetic,,,,
438.0,,target,999510201,SAFE PASS,2.0,1.0266666666666666,-38.032888888888884,144.8923294835391,8.0,180.0,180.0,18,safe,safe,2.0,11.999999999999948,synthetic,,,,
439.0,,own,999510000,OWN SHIP,0.0,0.9755555555555555,-38.03374074074074,144.85,8.0,0.0,0.0,1,,,,,synthetic,,,,
439.0,,target,999510201,SAFE PASS,2.0,1.0244444444444445,-38.03292592592592,144.8923294835391,8.0,180.0,180.0,18,safe,safe,2.0,10.999999999999993,synthetic,,,,
440.0,,own,999510000,OWN SHIP,0.0,0.9777777777777777,-38.0337037037037,144.85,8.0,0.0,0.0,1,,,,,synthetic,,,,
440.0,,target,999510201,SAFE PASS,2.0,1.0222222222222221,-38.03296296296296,144.8923294835391,8.0,180.0,180.0,18,safe,safe,2.0,9.999999999999963,synthetic,,,,
441.0,,own,999510000,OWN SHIP,0.0,0.98,-38.03366666666666,144.85,8.0,0.0,0.0,1,,,,,synthetic,,,,
441.0,,target,999510201,SAFE PASS,2.0,1.02,-38.032999999999994,144.8923294835391,8.0,180.0,180.0,18,safe,safe,2.0,8.99999999999998,synthetic,,,,
442.0,,own,999510000,OWN SHIP,0.0,0.9822222222222222,-38.03362962962963,144.85,8.0,0.0,0.0,1,,,,,synthetic,,,,
442.0,,target,999510201,SAFE PASS,2.0,1.017777777777778,-38.03303703703703,144.8923294835391,8.0,180.0,180.0,18,safe,safe,2.0,7.999999999999998,synthetic,,,,
443.0,,own,999510000,OWN SHIP,0.0,0.9844444444444445,-38.03359259259259,144.85,8.0,0.0,0.0,1,,,,,synthetic,,,,
443.0,,target,999510201,SAFE PASS,2.0,1.0155555555555555,-38.03307407407407,144.8923294835391,8.0,180.0,180.0,18,safe,safe,2.0,6.999999999999968,synthetic,,,,
444.0,,own,999510000,OWN SHIP,0.0,0.9866666666666667,-38.03355555555555,144.85,8.0,0.0,0.0,1,,,,,synthetic,,,,
444.0,,target,999510201,SAFE PASS,2.0,1.0133333333333332,-38.03311111111111,144.8923294835391,8.0,180.0,180.0,18,safe,safe,2.0,5.999999999999936,synthetic,,,,
445.0,,own,999510000,OWN SHIP,0.0,0.9888888888888889,-38.03351851851851,144.85,8.0,0.0,0.0,1,,,,,synthetic,,,,
445.0,,target,999510201,SAFE PASS,2.0,1.011111111111111,-38.03314814814814,144.8923294835391,8.0,180.0,180.0,18,safe,safe,2.0,4.999999999999955,synthetic,,,,
446.0,,own,999510000,OWN SHIP,0.0,0.9911111111111112,-38.03348148148148,144.85,8.0,0.0,0.0,1,,,,,synthetic,,,,
446.0,,target,999510201,SAFE PASS,2.0,1.008888888888889,-38.03318518518518,144.8923294835391,8.0,180.0,180.0,18,safe,safe,2.0,3.9999999999999734,synthetic,,,,
447.0,,own,999510000,OWN SHIP,0.0,0.9933333333333333,-38.03344444444444,144.85,8.0,0.0,0.0,1,,,,,synthetic,,,,
447.0,,target,999510201,SAFE PASS,2.0,1.0066666666666668,-38.03322222222222,144.8923294835391,8.0,180.0,180.0,18,safe,safe,2.0,3.000000000000017,synthetic,,,,
448.0,,own,999510000,OWN SHIP,0.0,0.9955555555555555,-38.0334074074074,144.85,8.0,0.0,0.0,1,,,,,synthetic,,,,
448.0,,target,999510201,SAFE PASS,2.0,1.0044444444444445,-38.03325925925925,144.8923294835391,8.0,180.0,180.0,18,safe,safe,2.0,1.9999999999999853,synthetic,,,,
449.0,,own,999510000,OWN SHIP,0.0,0.9977777777777778,-38.03337037037037,144.85,8.0,0.0,0.0,1,,,,,synthetic,,,,
449.0,,target,999510201,SAFE PASS,2.0,1.0022222222222221,-38.03329629629629,144.8923294835391,8.0,180.0,180.0,18,safe,safe,2.0,0.9999999999999538,synthetic,,,,
450.0,,own,999510000,OWN SHIP,0.0,1.0,-38.03333333333333,144.85,8.0,0.0,0.0,1,,,,,synthetic,,,,
450.0,,target,999510201,SAFE PASS,2.0,1.0,-38.03333333333333,144.8923294835391,8.0,180.0,180.0,18,safe,safe,2.0,-2.7554552980815446e-14,synthetic,,,,
451.0,,own,999510000,OWN SHIP,0.0,1.0022222222222221,-38.03329629629629,144.85,8.0,0.0,0.0,1,,,,,synthetic,,,,
451.0,,target,999510201,SAFE PASS,2.0,0.9977777777777779,-38.03337037037037,144.8923294835391,8.0,180.0,180.0,18,safe,safe,2.0,-0.999999999999984,synthetic,,,,
452.0,,own,999510000,OWN SHIP,0.0,1.0044444444444445,-38.03325925925925,144.85,8.0,0.0,0.0,1,,,,,synthetic,,,,
452.0,,target,999510201,SAFE PASS,2.0,0.9955555555555555,-38.0334074074074,144.8923294835391,8.0,180.0,180.0,18,safe,safe,2.0,-2.00000000000004,synthetic,,,,
453.0,,own,999510000,OWN SHIP,0.0,1.0066666666666666,-38.03322222222222,144.85,8.0,0.0,0.0,1,,,,,synthetic,,,,
453.0,,target,999510201,SAFE PASS,2.0,0.9933333333333334,-38.03344444444444,144.8923294835391,8.0,180.0,180.0,18,safe,safe,2.0,-2.999999999999997,synthetic,,,,
454.0,,own,999510000,OWN SHIP,0.0,1.008888888888889,-38.03318518518518,144.85,8.0,0.0,0.0,1,,,,,synthetic,,,,
454.0,,target,999510201,SAFE PASS,2.0,0.991111111111111,-38.03348148148148,144.8923294835391,8.0,180.0,180.0,18,safe,safe,2.0,-4.000000000000052,synthetic,,,,
455.0,,own,999510000,OWN SHIP,0.0,1.011111111111111,-38.03314814814814,144.85,8.0,0.0,0.0,1,,,,,synthetic,,,,
455.0,,target,999510201,SAFE PASS,2.0,0.9888888888888889,-38.03351851851851,144.8923294835391,8.0,180.0,180.0,18,safe,safe,2.0,-5.00000000000001,synthetic,,,,
456.0,,own,999510000,OWN SHIP,0.0,1.0133333333333334,-38.03311111111111,144.85,8.0,0.0,0.0,1,,,,,synthetic,,,,
456.0,,target,999510201,SAFE PASS,2.0,0.9866666666666666,-38.03355555555555,144.8923294835391,8.0,180.0,180.0,18,safe,safe,2.0,-6.000000000000066,synthetic,,,,
457.0,,own,999510000,OWN SHIP,0.0,1.0155555555555555,-38.03307407407407,144.85,8.0,0.0,0.0,1,,,,,synthetic,,,,
457.0,,target,999510201,SAFE PASS,2.0,0.9844444444444445,-38.03359259259259,144.8923294835391,8.0,180.0,180.0,18,safe,safe,2.0,-7.000000000000023,synthetic,,,,
458.0,,own,999510000,OWN SHIP,0.0,1.0177777777777777,-38.03303703703703,144.85,8.0,0.0,0.0,1,,,,,synthetic,,,,
458.0,,target,999510201,SAFE PASS,2.0,0.9822222222222223,-38.03362962962963,144.8923294835391,8.0,180.0,180.0,18,safe,safe,2.0,-7.99999999999998,synthetic,,,,
459.0,,own,999510000,OWN SHIP,0.0,1.02,-38.032999999999994,144.85,8.0,0.0,0.0,1,,,,,synthetic,,,,
459.0,,target,999510201,SAFE PASS,2.0,0.98,-38.03366666666666,144.8923294835391,8.0,180.0,180.0,18,safe,safe,2.0,-9.000000000000036,synthetic,,,,
460.0,,own,999510000,OWN SHIP,0.0,1.0222222222222221,-38.03296296296296,144.85,8.0,0.0,0.0,1,,,,,synthetic,,,,
460.0,,target,999510201,SAFE PASS,2.0,0.9777777777777779,-38.0337037037037,144.8923294835391,8.0,180.0,180.0,18,safe,safe,2.0,-9.999999999999993,synthetic,,,,
461.0,,own,999510000,OWN SHIP,0.0,1.0244444444444445,-38.03292592592592,144.85,8.0,0.0,0.0,1,,,,,synthetic,,,,
461.0,,target,999510201,SAFE PASS,2.0,0.9755555555555555,-38.03374074074074,144.8923294835391,8.0,180.0,180.0,18,safe,safe,2.0,-11.000000000000048,synthetic,,,,
462.0,,own,999510000,OWN SHIP,0.0,1.0266666666666666,-38.032888888888884,144.85,8.0,0.0,0.0,1,,,,,synthetic,,,,
462.0,,target,999510201,SAFE PASS,2.0,0.9733333333333334,-38.03377777777777,144.8923294835391,8.0,180.0,180.0,18,safe,safe,2.0,-12.000000000000004,synthetic,,,,
463.0,,own,999510000,OWN SHIP,0.0,1.028888888888889,-38.03285185185185,144.85,8.0,0.0,0.0,1,,,,,synthetic,,,,
463.0,,target,999510201,SAFE PASS,2.0,0.971111111111111,-38.03381481481481,144.8923294835391,8.0,180.0,180.0,18,safe,safe,2.0,-13.000000000000062,synthetic,,,,
464.0,,own,999510000,OWN SHIP,0.0,1.031111111111111,-38.03281481481481,144.85,8.0,0.0,0.0,1,,,,,synthetic,,,,
464.0,,target,999510201,SAFE PASS,2.0,0.9688888888888889,-38.03385185185185,144.8923294835391,8.0,180.0,180.0,18,safe,safe,2.0,-14.000000000000018,synthetic,,,,
465.0,,own,999510000,OWN SHIP,0.0,1.0333333333333334,-38.032777777777774,144.85,8.0,0.0,0.0,1,,,,,synthetic,,,,
465.0,,target,999510201,SAFE PASS,2.0,0.9666666666666666,-38.03388888888889,144.8923294835391,8.0,180.0,180.0,18,safe,safe,2.0,-15.000000000000075,synthetic,,,,
466.0,,own,999510000,OWN SHIP,0.0,1.0355555555555556,-38.032740740740735,144.85,8.0,0.0,0.0,1,,,,,synthetic,,,,
466.0,,target,999510201,SAFE PASS,2.0,0.9644444444444444,-38.03392592592592,144.8923294835391,8.0,180.0,180.0,18,safe,safe,2.0,-16.00000000000003,synthetic,,,,
467.0,,own,999510000,OWN SHIP,0.0,1.0377777777777777,-38.0327037037037,144.85,8.0,0.0,0.0,1,,,,,synthetic,,,,
467.0,,target,999510201,SAFE PASS,2.0,0.9622222222222223,-38.03396296296296,144.8923294835391,8.0,180.0,180.0,18,safe,safe,2.0,-16.999999999999986,synthetic,,,,
468.0,,own,999510000,OWN SHIP,0.0,1.04,-38.032666666666664,144.85,8.0,0.0,0.0,1,,,,,synthetic,,,,
468.0,,target,999510201,SAFE PASS,2.0,0.96,-38.034,144.8923294835391,8.0,180.0,180.0,18,safe,safe,2.0,-18.000000000000046,synthetic,,,,
469.0,,own,999510000,OWN SHIP,0.0,1.0422222222222222,-38.032629629629625,144.85,8.0,0.0,0.0,1,,,,,synthetic,,,,
469.0,,target,999510201,SAFE PASS,2.0,0.9577777777777778,-38.03403703703703,144.8923294835391,8.0,180.0,180.0,18,safe,safe,2.0,-19.0,synthetic,,,,
470.0,,own,999510000,OWN SHIP,0.0,1.0444444444444445,-38.03259259259259,144.85,8.0,0.0,0.0,1,,,,,synthetic,,,,
470.0,,target,999510201,SAFE PASS,2.0,0.9555555555555555,-38.03407407407407,144.8923294835391,8.0,180.0,180.0,18,safe,safe,2.0,-20.000000000000057,synthetic,,,,
471.0,,own,999510000,OWN SHIP,0.0,1.0466666666666666,-38.032555555555554,144.85,8.0,0.0,0.0,1,,,,,synthetic,,,,
471.0,,target,999510201,SAFE PASS,2.0,0.9533333333333334,-38.03411111111111,144.8923294835391,8.0,180.0,180.0,18,safe,safe,2.0,-21.000000000000014,synthetic,,,,
472.0,,own,999510000,OWN SHIP,0.0,1.048888888888889,-38.032518518518515,144.85,8.0,0.0,0.0,1,,,,,synthetic,,,,
472.0,,target,999510201,SAFE PASS,2.0,0.951111111111111,-38.03414814814815,144.8923294835391,8.0,180.0,180.0,18,safe,safe,2.0,-22.000000000000068,synthetic,,,,
473.0,,own,999510000,OWN SHIP,0.0,1.051111111111111,-38.032481481481476,144.85,8.0,0.0,0.0,1,,,,,synthetic,,,,
473.0,,target,999510201,SAFE PASS,2.0,0.9488888888888889,-38.03418518518518,144.8923294835391,8.0,180.0,180.0,18,safe,safe,2.0,-23.000000000000025,synthetic,,,,
474.0,,own,999510000,OWN SHIP,0.0,1.0533333333333332,-38.032444444444444,144.85,8.0,0.0,0.0,1,,,,,synthetic,,,,
474.0,,target,999510201,SAFE PASS,2.0,0.9466666666666668,-38.03422222222222,144.8923294835391,8.0,180.0,180.0,18,safe,safe,2.0,-23.999999999999982,synthetic,,,,
475.0,,own,999510000,OWN SHIP,0.0,1.0555555555555556,-38.032407407407405,144.85,8.0,0.0,0.0,1,,,,,synthetic,,,,
475.0,,target,999510201,SAFE PASS,2.0,0.9444444444444444,-38.03425925925926,144.8923294835391,8.0,180.0,180.0,18,safe,safe,2.0,-25.00000000000004,synthetic,,,,
476.0,,own,999510000,OWN SHIP,0.0,1.0577777777777777,-38.032370370370366,144.85,8.0,0.0,0.0,1,,,,,synthetic,,,,
476.0,,target,999510201,SAFE PASS,2.0,0.9422222222222223,-38.03429629629629,144.8923294835391,8.0,180.0,180.0,18,safe,safe,2.0,-25.999999999999993,synthetic,,,,
477.0,,own,999510000,OWN SHIP,0.0,1.06,-38.032333333333334,144.85,8.0,0.0,0.0,1,,,,,synthetic,,,,
477.0,,target,999510201,SAFE PASS,2.0,0.94,-38.03433333333333,144.8923294835391,8.0,180.0,180.0,18,safe,safe,2.0,-27.00000000000005,synthetic,,,,
478.0,,own,999510000,OWN SHIP,0.0,1.0622222222222222,-38.032296296296295,144.85,8.0,0.0,0.0,1,,,,,synthetic,,,,
478.0,,target,999510201,SAFE PASS,2.0,0.9377777777777778,-38.03437037037037,144.8923294835391,8.0,180.0,180.0,18,safe,safe,2.0,-28.00000000000001,synthetic,,,,
479.0,,own,999510000,OWN SHIP,0.0,1.0644444444444445,-38.032259259259256,144.85,8.0,0.0,0.0,1,,,,,synthetic,,,,
479.0,,target,999510201,SAFE PASS,2.0,0.9355555555555555,-38.03440740740741,144.8923294835391,8.0,180.0,180.0,18,safe,safe,2.0,-29.00000000000006,synthetic,,,,
480.0,,own,999510000,OWN SHIP,0.0,1.0666666666666667,-38.03222222222222,144.85,8.0,0.0,0.0,1,,,,,synthetic,,,,
480.0,,target,999510201,SAFE PASS,2.0,0.9333333333333333,-38.03444444444444,144.8923294835391,8.0,180.0,180.0,18,safe,safe,2.0,-30.00000000000002,synthetic,,,,
481.0,,own,999510000,OWN SHIP,0.0,1.0688888888888888,-38.032185185185185,144.85,8.0,0.0,0.0,1,,,,,synthetic,,,,
481.0,,target,999510201,SAFE PASS,2.0,0.9311111111111112,-38.03448148148148,144.8923294835391,8.0,180.0,180.0,18,safe,safe,2.0,-30.999999999999975,synthetic,,,,
482.0,,own,999510000,OWN SHIP,0.0,1.0711111111111111,-38.032148148148146,144.85,8.0,0.0,0.0,1,,,,,synthetic,,,,
482.0,,target,999510201,SAFE PASS,2.0,0.9288888888888889,-38.03451851851852,144.8923294835391,8.0,180.0,180.0,18,safe,safe,2.0,-32.000000000000036,synthetic,,,,
483.0,,own,999510000,OWN SHIP,0.0,1.0733333333333333,-38.03211111111111,144.85,8.0,0.0,0.0,1,,,,,synthetic,,,,
483.0,,target,999510201,SAFE PASS,2.0,0.9266666666666667,-38.03455555555555,144.8923294835391,8.0,180.0,180.0,18,safe,safe,2.0,-32.99999999999999,synthetic,,,,
484.0,,own,999510000,OWN SHIP,0.0,1.0755555555555556,-38.032074074074075,144.85,8.0,0.0,0.0,1,,,,,synthetic,,,,
484.0,,target,999510201,SAFE PASS,2.0,0.9244444444444444,-38.03459259259259,144.8923294835391,8.0,180.0,180.0,18,safe,safe,2.0,-34.00000000000004,synthetic,,,,
485.0,,own,999510000,OWN SHIP,0.0,1.0777777777777777,-38.032037037037036,144.85,8.0,0.0,0.0,1,,,,,synthetic,,,,
485.0,,target,999510201,SAFE PASS,2.0,0.9222222222222223,-38.03462962962963,144.8923294835391,8.0,180.0,180.0,18,safe,safe,2.0,-35.00000000000001,synthetic,,,,
486.0,,own,999510000,OWN SHIP,0.0,1.08,-38.032,144.85,8.0,0.0,0.0,1,,,,,synthetic,,,,
486.0,,target,999510201,SAFE PASS,2.0,0.9199999999999999,-38.034666666666666,144.8923294835391,8.0,180.0,180.0,18,safe,safe,2.0,-36.000000000000064,synthetic,,,,
487.0,,own,999510000,OWN SHIP,0.0,1.0822222222222222,-38.03196296296296,144.85,8.0,0.0,0.0,1,,,,,synthetic,,,,
487.0,,target,999510201,SAFE PASS,2.0,0.9177777777777778,-38.0347037037037,144.8923294835391,8.0,180.0,180.0,18,safe,safe,2.0,-37.000000000000014,synthetic,,,,
488.0,,own,999510000,OWN SHIP,0.0,1.0844444444444445,-38.031925925925925,144.85,8.0,0.0,0.0,1,,,,,synthetic,,,,
488.0,,target,999510201,SAFE PASS,2.0,0.9155555555555555,-38.03474074074074,144.8923294835391,8.0,180.0,180.0,18,safe,safe,2.0,-38.00000000000007,synthetic,,,,
489.0,,own,999510000,OWN SHIP,0.0,1.0866666666666667,-38.031888888888886,144.85,8.0,0.0,0.0,1,,,,,synthetic,,,,
489.0,,target,999510201,SAFE PASS,2.0,0.9133333333333333,-38.03477777777778,144.8923294835391,8.0,180.0,180.0,18,safe,safe,2.0,-39.00000000000003,synthetic,,,,
490.0,,own,999510000,OWN SHIP,0.0,1.0888888888888888,-38.03185185185185,144.85,8.0,0.0,0.0,1,,,,,synthetic,,,,
490.0,,target,999510201,SAFE PASS,2.0,0.9111111111111112,-38.034814814814816,144.8923294835391,8.0,180.0,180.0,18,safe,safe,2.0,-39.999999999999986,synthetic,,,,
491.0,,own,999510000,OWN SHIP,0.0,1.0911111111111111,-38.031814814814815,144.85,8.0,0.0,0.0,1,,,,,synthetic,,,,
491.0,,target,999510201,SAFE PASS,2.0,0.9088888888888889,-38.03485185185185,144.8923294835391,8.0,180.0,180.0,18,safe,safe,2.0,-41.000000000000036,synthetic,,,,
492.0,,own,999510000,OWN SHIP,0.0,1.0933333333333333,-38.031777777777776,144.85,8.0,0.0,0.0,1,,,,,synthetic,,,,
492.0,,target,999510201,SAFE PASS,2.0,0.9066666666666667,-38.03488888888889,144.8923294835391,8.0,180.0,180.0,18,safe,safe,2.0,-42.0,synthetic,,,,
493.0,,own,999510000,OWN SHIP,0.0,1.0955555555555556,-38.03174074074074,144.85,8.0,0.0,0.0,1,,,,,synthetic,,,,
493.0,,target,999510201,SAFE PASS,2.0,0.9044444444444444,-38.034925925925926,144.8923294835391,8.0,180.0,180.0,18,safe,safe,2.0,-43.00000000000006,synthetic,,,,
494.0,,own,999510000,OWN SHIP,0.0,1.0977777777777777,-38.0317037037037,144.85,8.0,0.0,0.0,1,,,,,synthetic,,,,
494.0,,target,999510201,SAFE PASS,2.0,0.9022222222222223,-38.03496296296296,144.8923294835391,8.0,180.0,180.0,18,safe,safe,2.0,-44.00000000000001,synthetic,,,,
495.0,,own,999510000,OWN SHIP,0.0,1.1,-38.031666666666666,144.85,8.0,0.0,0.0,1,,,,,synthetic,,,,
495.0,,target,999510201,SAFE PASS,2.0,0.8999999999999999,-38.035,144.8923294835391,8.0,180.0,180.0,18,safe,safe,2.0,-45.00000000000007,synthetic,,,,
496.0,,own,999510000,OWN SHIP,0.0,1.1022222222222222,-38.03162962962963,144.85,8.0,0.0,0.0,1,,,,,synthetic,,,,
496.0,,target,999510201,SAFE PASS,2.0,0.8977777777777778,-38.035037037037036,144.8923294835391,8.0,180.0,180.0,18,safe,safe,2.0,-46.00000000000002,synthetic,,,,
497.0,,own,999510000,OWN SHIP,0.0,1.1044444444444443,-38.03159259259259,144.85,8.0,0.0,0.0,1,,,,,synthetic,,,,
497.0,,target,999510201,SAFE PASS,2.0,0.8955555555555557,-38.035074074074075,144.8923294835391,8.0,180.0,180.0,18,safe,safe,2.0,-46.99999999999998,synthetic,,,,
498.0,,own,999510000,OWN SHIP,0.0,1.1066666666666667,-38.031555555555556,144.85,8.0,0.0,0.0,1,,,,,synthetic,,,,
498.0,,target,999510201,SAFE PASS,2.0,0.8933333333333333,-38.03511111111111,144.8923294835391,8.0,180.0,180.0,18,safe,safe,2.0,-48.000000000000036,synthetic,,,,
499.0,,own,999510000,OWN SHIP,0.0,1.1088888888888888,-38.03151851851852,144.85,8.0,0.0,0.0,1,,,,,synthetic,,,,
499.0,,target,999510201,SAFE PASS,2.0,0.8911111111111112,-38.035148148148146,144.8923294835391,8.0,180.0,180.0,18,safe,safe,2.0,-48.99999999999999,synthetic,,,,
500.0,,own,999510000,OWN SHIP,0.0,1.1111111111111112,-38.03148148148148,144.85,8.0,0.0,0.0,1,,,,,synthetic,,,,
500.0,,target,999510201,SAFE PASS,2.0,0.8888888888888888,-38.035185185185185,144.8923294835391,8.0,180.0,180.0,18,safe,safe,2.0,-50.00000000000006,synthetic,,,,
501.0,,own,999510000,OWN SHIP,0.0,1.1133333333333333,-38.03144444444444,144.85,8.0,0.0,0.0,1,,,,,synthetic,,,,
501.0,,target,999510201,SAFE PASS,2.0,0.8866666666666667,-38.03522222222222,144.8923294835391,8.0,180.0,180.0,18,safe,safe,2.0,-51.00000000000001,synthetic,,,,
502.0,,own,999510000,OWN SHIP,0.0,1.1155555555555556,-38.03140740740741,144.85,8.0,0.0,0.0,1,,,,,synthetic,,,,
502.0,,target,999510201,SAFE PASS,2.0,0.8844444444444444,-38.035259259259256,144.8923294835391,8.0,180.0,180.0,18,safe,safe,2.0,-52.00000000000007,synthetic,,,,
503.0,,own,999510000,OWN SHIP,0.0,1.1177777777777778,-38.03137037037037,144.85,8.0,0.0,0.0,1,,,,,synthetic,,,,
503.0,,target,999510201,SAFE PASS,2.0,0.8822222222222222,-38.035296296296295,144.8923294835391,8.0,180.0,180.0,18,safe,safe,2.0,-53.00000000000003,synthetic,,,,
504.0,,own,999510000,OWN SHIP,0.0,1.12,-38.03133333333333,144.85,8.0,0.0,0.0,1,,,,,synthetic,,,,
504.0,,target,999510201,SAFE PASS,2.0,0.8799999999999999,-38.035333333333334,144.8923294835391,8.0,180.0,180.0,18,safe,safe,2.0,-54.00000000000008,synthetic,,,,
505.0,,own,999510000,OWN SHIP,0.0,1.1222222222222222,-38.03129629629629,144.85,8.0,0.0,0.0,1,,,,,synthetic,,,,
505.0,,target,999510201,SAFE PASS,2.0,0.8777777777777778,-38.035370370370366,144.8923294835391,8.0,180.0,180.0,18,safe,safe,2.0,-55.000000000000036,synthetic,,,,
506.0,,own,999510000,OWN SHIP,0.0,1.1244444444444444,-38.03125925925926,144.85,8.0,0.0,0.0,1,,,,,synthetic,,,,
506.0,,target,999510201,SAFE PASS,2.0,0.8755555555555556,-38.035407407407405,144.8923294835391,8.0,180.0,180.0,18,safe,safe,2.0,-56.0,synthetic,,,,
507.0,,own,999510000,OWN SHIP,0.0,1.1266666666666667,-38.03122222222222,144.85,8.0,0.0,0.0,1,,,,,synthetic,,,,
507.0,,target,999510201,SAFE PASS,2.0,0.8733333333333333,-38.035444444444444,144.8923294835391,8.0,180.0,180.0,18,safe,safe,2.0,-57.00000000000005,synthetic,,,,
508.0,,own,999510000,OWN SHIP,0.0,1.1288888888888888,-38.03118518518518,144.85,8.0,0.0,0.0,1,,,,,synthetic,,,,
508.0,,target,999510201,SAFE PASS,2.0,0.8711111111111112,-38.035481481481476,144.8923294835391,8.0,180.0,180.0,18,safe,safe,2.0,-58.0,synthetic,,,,
509.0,,own,999510000,OWN SHIP,0.0,1.1311111111111112,-38.03114814814815,144.85,8.0,0.0,0.0,1,,,,,synthetic,,,,
509.0,,target,999510201,SAFE PASS,2.0,0.8688888888888888,-38.035518518518515,144.8923294835391,8.0,180.0,180.0,18,safe,safe,2.0,-59.000000000000064,synthetic,,,,
510.0,,own,999510000,OWN SHIP,0.0,1.1333333333333333,-38.03111111111111,144.85,8.0,0.0,0.0,1,,,,,synthetic,,,,
510.0,,target,999510201,SAFE PASS,2.0,0.8666666666666667,-38.035555555555554,144.8923294835391,8.0,180.0,180.0,18,safe,safe,2.0,-60.00000000000002,synthetic,,,,
511.0,,own,999510000,OWN SHIP,0.0,1.1355555555555557,-38.03107407407407,144.85,8.0,0.0,0.0,1,,,,,synthetic,,,,
511.0,,target,999510201,SAFE PASS,2.0,0.8644444444444443,-38.03559259259259,144.8923294835391,8.0,180.0,180.0,18,safe,safe,2.0,-61.00000000000007,synthetic,,,,
512.0,,own,999510000,OWN SHIP,0.0,1.1377777777777778,-38.03103703703703,144.85,8.0,0.0,0.0,1,,,,,synthetic,,,,
512.0,,target,999510201,SAFE PASS,2.0,0.8622222222222222,-38.035629629629625,144.8923294835391,8.0,180.0,180.0,18,safe,safe,2.0,-62.00000000000003,synthetic,,,,
513.0,,own,999510000,OWN SHIP,0.0,1.14,-38.031,144.85,8.0,0.0,0.0,1,,,,,synthetic,,,,
513.0,,target,999510201,SAFE PASS,2.0,0.8600000000000001,-38.035666666666664,144.8923294835391,8.0,180.0,180.0,18,safe,safe,2.0,-62.99999999999999,synthetic,,,,
514.0,,own,999510000,OWN SHIP,0.0,1.1422222222222222,-38.03096296296296,144.85,8.0,0.0,0.0,1,,,,,synthetic,,,,
514.0,,target,999510201,SAFE PASS,2.0,0.8577777777777778,-38.0357037037037,144.8923294835391,8.0,180.0,180.0,18,safe,safe,2.0,-64.00000000000004,synthetic,,,,
515.0,,own,999510000,OWN SHIP,0.0,1.1444444444444444,-38.03092592592592,144.85,8.0,0.0,0.0,1,,,,,synthetic,,,,
515.0,,target,999510201,SAFE PASS,2.0,0.8555555555555556,-38.035740740740735,144.8923294835391,8.0,180.0,180.0,18,safe,safe,2.0,-65.0,synthetic,,,,
516.0,,own,999510000,OWN SHIP,0.0,1.1466666666666667,-38.03088888888889,144.85,8.0,0.0,0.0,1,,,,,synthetic,,,,
516.0,,target,999510201,SAFE PASS,2.0,0.8533333333333333,-38.035777777777774,144.8923294835391,8.0,180.0,180.0,18,safe,safe,2.0,-66.00000000000006,synthetic,,,,
517.0,,own,999510000,OWN SHIP,0.0,1.1488888888888888,-38.03085185185185,144.85,8.0,0.0,0.0,1,,,,,synthetic,,,,
517.0,,target,999510201,SAFE PASS,2.0,0.8511111111111112,-38.03581481481481,144.8923294835391,8.0,180.0,180.0,18,safe,safe,2.0,-67.00000000000001,synthetic,,,,
518.0,,own,999510000,OWN SHIP,0.0,1.1511111111111112,-38.03081481481481,144.85,8.0,0.0,0.0,1,,,,,synthetic,,,,
518.0,,target,999510201,SAFE PASS,2.0,0.8488888888888888,-38.03585185185185,144.8923294835391,8.0,180.0,180.0,18,safe,safe,2.0,-68.00000000000007,synthetic,,,,
519.0,,own,999510000,OWN SHIP,0.0,1.1533333333333333,-38.03077777777777,144.85,8.0,0.0,0.0,1,,,,,synthetic,,,,
519.0,,target,999510201,SAFE PASS,2.0,0.8466666666666667,-38.035888888888884,144.8923294835391,8.0,180.0,180.0,18,safe,safe,2.0,-69.00000000000003,synthetic,,,,
520.0,,own,999510000,OWN SHIP,0.0,1.1555555555555554,-38.03074074074074,144.85,8.0,0.0,0.0,1,,,,,synthetic,,,,
520.0,,target,999510201,SAFE PASS,2.0,0.8444444444444446,-38.03592592592592,144.8923294835391,8.0,180.0,180.0,18,safe,safe,2.0,-69.99999999999999,synthetic,,,,
521.0,,own,999510000,OWN SHIP,0.0,1.1577777777777778,-38.0307037037037,144.85,8.0,0.0,0.0,1,,,,,synthetic,,,,
521.0,,target,999510201,SAFE PASS,2.0,0.8422222222222222,-38.03596296296296,144.8923294835391,8.0,180.0,180.0,18,safe,safe,2.0,-71.00000000000004,synthetic,,,,
522.0,,own,999510000,OWN SHIP,0.0,1.16,-38.03066666666666,144.85,8.0,0.0,0.0,1,,,,,synthetic,,,,
522.0,,target,999510201,SAFE PASS,2.0,0.8400000000000001,-38.035999999999994,144.8923294835391,8.0,180.0,180.0,18,safe,safe,2.0,-71.99999999999999,synthetic,,,,
523.0,,own,999510000,OWN SHIP,0.0,1.1622222222222223,-38.03062962962963,144.85,8.0,0.0,0.0,1,,,,,synthetic,,,,
523.0,,target,999510201,SAFE PASS,2.0,0.8377777777777777,-38.03603703703703,144.8923294835391,8.0,180.0,180.0,18,safe,safe,2.0,-73.00000000000006,synthetic,,,,
524.0,,own,999510000,OWN SHIP,0.0,1.1644444444444444,-38.03059259259259,144.85,8.0,0.0,0.0,1,,,,,synthetic,,,,
524.0,,target,999510201,SAFE PASS,2.0,0.8355555555555556,-38.03607407407407,144.8923294835391,8.0,180.0,180.0,18,safe,safe,2.0,-74.00000000000001,synthetic,,,,
525.0,,own,999510000,OWN SHIP,0.0,1.1666666666666667,-38.03055555555555,144.85,8.0,0.0,0.0,1,,,,,synthetic,,,,
525.0,,target,999510201,SAFE PASS,2.0,0.8333333333333333,-38.03611111111111,144.8923294835391,8.0,180.0,180.0,18,safe,safe,2.0,-75.00000000000006,synthetic,,,,
526.0,,own,999510000,OWN SHIP,0.0,1.1688888888888889,-38.03051851851851,144.85,8.0,0.0,0.0,1,,,,,synthetic,,,,
526.0,,target,999510201,SAFE PASS,2.0,0.8311111111111111,-38.03614814814814,144.8923294835391,8.0,180.0,180.0,18,safe,safe,2.0,-76.00000000000003,synthetic,,,,
527.0,,own,999510000,OWN SHIP,0.0,1.1711111111111112,-38.03048148148148,144.85,8.0,0.0,0.0,1,,,,,synthetic,,,,
527.0,,target,999510201,SAFE PASS,2.0,0.8288888888888888,-38.03618518518518,144.8923294835391,8.0,180.0,180.0,18,safe,safe,2.0,-77.00000000000009,synthetic,,,,
528.0,,own,999510000,OWN SHIP,0.0,1.1733333333333333,-38.03044444444444,144.85,8.0,0.0,0.0,1,,,,,synthetic,,,,
528.0,,target,999510201,SAFE PASS,2.0,0.8266666666666667,-38.03622222222222,144.8923294835391,8.0,180.0,180.0,18,safe,safe,2.0,-78.00000000000003,synthetic,,,,
529.0,,own,999510000,OWN SHIP,0.0,1.1755555555555555,-38.0304074074074,144.85,8.0,0.0,0.0,1,,,,,synthetic,,,,
529.0,,target,999510201,SAFE PASS,2.0,0.8244444444444445,-38.03625925925925,144.8923294835391,8.0,180.0,180.0,18,safe,safe,2.0,-78.99999999999999,synthetic,,,,
530.0,,own,999510000,OWN SHIP,0.0,1.1777777777777778,-38.03037037037037,144.85,8.0,0.0,0.0,1,,,,,synthetic,,,,
530.0,,target,999510201,SAFE PASS,2.0,0.8222222222222222,-38.03629629629629,144.8923294835391,8.0,180.0,180.0,18,safe,safe,2.0,-80.00000000000004,synthetic,,,,
531.0,,own,999510000,OWN SHIP,0.0,1.18,-38.03033333333333,144.85,8.0,0.0,0.0,1,,,,,synthetic,,,,
531.0,,target,999510201,SAFE PASS,2.0,0.8200000000000001,-38.03633333333333,144.8923294835391,8.0,180.0,180.0,18,safe,safe,2.0,-81.0,synthetic,,,,
532.0,,own,999510000,OWN SHIP,0.0,1.1822222222222223,-38.03029629629629,144.85,8.0,0.0,0.0,1,,,,,synthetic,,,,
532.0,,target,999510201,SAFE PASS,2.0,0.8177777777777777,-38.03637037037037,144.8923294835391,8.0,180.0,180.0,18,safe,safe,2.0,-82.00000000000006,synthetic,,,,
533.0,,own,999510000,OWN SHIP,0.0,1.1844444444444444,-38.03025925925925,144.85,8.0,0.0,0.0,1,,,,,synthetic,,,,
533.0,,target,999510201,SAFE PASS,2.0,0.8155555555555556,-38.0364074074074,144.8923294835391,8.0,180.0,180.0,18,safe,safe,2.0,-83.00000000000001,synthetic,,,,
534.0,,own,999510000,OWN SHIP,0.0,1.1866666666666668,-38.03022222222222,144.85,8.0,0.0,0.0,1,,,,,synthetic,,,,
534.0,,target,999510201,SAFE PASS,2.0,0.8133333333333332,-38.03644444444444,144.8923294835391,8.0,180.0,180.0,18,safe,safe,2.0,-84.00000000000007,synthetic,,,,
535.0,,own,999510000,OWN SHIP,0.0,1.1888888888888889,-38.03018518518518,144.85,8.0,0.0,0.0,1,,,,,synthetic,,,,
535.0,,target,999510201,SAFE PASS,2.0,0.8111111111111111,-38.03648148148148,144.8923294835391,8.0,180.0,180.0,18,safe,safe,2.0,-85.00000000000003,synthetic,,,,
536.0,,own,999510000,OWN SHIP,0.0,1.191111111111111,-38.03014814814814,144.85,8.0,0.0,0.0,1,,,,,synthetic,,,,
536.0,,target,999510201,SAFE PASS,2.0,0.808888888888889,-38.03651851851851,144.8923294835391,8.0,180.0,180.0,18,safe,safe,2.0,-85.99999999999999,synthetic,,,,
537.0,,own,999510000,OWN SHIP,0.0,1.1933333333333334,-38.03011111111111,144.85,8.0,0.0,0.0,1,,,,,synthetic,,,,
537.0,,target,999510201,SAFE PASS,2.0,0.8066666666666666,-38.03655555555555,144.8923294835391,8.0,180.0,180.0,18,safe,safe,2.0,-87.00000000000004,synthetic,,,,
538.0,,own,999510000,OWN SHIP,0.0,1.1955555555555555,-38.03007407407407,144.85,8.0,0.0,0.0,1,,,,,synthetic,,,,
538.0,,target,999510201,SAFE PASS,2.0,0.8044444444444445,-38.03659259259259,144.8923294835391,8.0,180.0,180.0,18,safe,safe,2.0,-88.0,synthetic,,,,
539.0,,own,999510000,OWN SHIP,0.0,1.1977777777777778,-38.03003703703703,144.85,8.0,0.0,0.0,1,,,,,synthetic,,,,
539.0,,target,999510201,SAFE PASS,2.0,0.8022222222222222,-38.03662962962963,144.8923294835391,8.0,180.0,180.0,18,safe,safe,2.0,-89.00000000000006,synthetic,,,,
540.0,,own,999510000,OWN SHIP,0.0,1.2,-38.029999999999994,144.85,8.0,0.0,0.0,1,,,,,synthetic,,,,
540.0,,target,999510201,SAFE PASS,2.0,0.8,-38.03666666666666,144.8923294835391,8.0,180.0,180.0,18,safe,safe,2.0,-90.00000000000001,synthetic,,,,
541.0,,own,999510000,OWN SHIP,0.0,1.2022222222222223,-38.02996296296296,144.85,8.0,0.0,0.0,1,,,,,synthetic,,,,
541.0,,target,999510201,SAFE PASS,2.0,0.7977777777777777,-38.0367037037037,144.8923294835391,8.0,180.0,180.0,18,safe,safe,2.0,-91.00000000000007,synthetic,,,,
542.0,,own,999510000,OWN SHIP,0.0,1.2044444444444444,-38.02992592592592,144.85,8.0,0.0,0.0,1,,,,,synthetic,,,,
542.0,,target,999510201,SAFE PASS,2.0,0.7955555555555556,-38.03674074074074,144.8923294835391,8.0,180.0,180.0,18,safe,safe,2.0,-92.00000000000001,synthetic,,,,
543.0,,own,999510000,OWN SHIP,0.0,1.2066666666666668,-38.029888888888884,144.85,8.0,0.0,0.0,1,,,,,synthetic,,,,
543.0,,target,999510201,SAFE PASS,2.0,0.7933333333333332,-38.03677777777777,144.8923294835391,8.0,180.0,180.0,18,safe,safe,2.0,-93.00000000000009,synthetic,,,,
544.0,,own,999510000,OWN SHIP,0.0,1.208888888888889,-38.02985185185185,144.85,8.0,0.0,0.0,1,,,,,synthetic,,,,
544.0,,target,999510201,SAFE PASS,2.0,0.7911111111111111,-38.03681481481481,144.8923294835391,8.0,180.0,180.0,18,safe,safe,2.0,-94.00000000000004,synthetic,,,,
545.0,,own,999510000,OWN SHIP,0.0,1.211111111111111,-38.02981481481481,144.85,8.0,0.0,0.0,1,,,,,synthetic,,,,
545.0,,target,999510201,SAFE PASS,2.0,0.788888888888889,-38.03685185185185,144.8923294835391,8.0,180.0,180.0,18,safe,safe,2.0,-94.99999999999999,synthetic,,,,
546.0,,own,999510000,OWN SHIP,0.0,1.2133333333333334,-38.029777777777774,144.85,8.0,0.0,0.0,1,,,,,synthetic,,,,
546.0,,target,999510201,SAFE PASS,2.0,0.7866666666666666,-38.03688888888889,144.8923294835391,8.0,180.0,180.0,18,safe,safe,2.0,-96.00000000000006,synthetic,,,,
547.0,,own,999510000,OWN SHIP,0.0,1.2155555555555555,-38.029740740740735,144.85,8.0,0.0,0.0,1,,,,,synthetic,,,,
547.0,,target,999510201,SAFE PASS,2.0,0.7844444444444445,-38.03692592592592,144.8923294835391,8.0,180.0,180.0,18,safe,safe,2.0,-97.00000000000001,synthetic,,,,
548.0,,own,999510000,OWN SHIP,0.0,1.2177777777777778,-38.0297037037037,144.85,8.0,0.0,0.0,1,,,,,synthetic,,,,
548.0,,target,999510201,SAFE PASS,2.0,0.7822222222222222,-38.03696296296296,144.8923294835391,8.0,180.0,180.0,18,safe,safe,2.0,-98.00000000000006,synthetic,,,,
549.0,,own,999510000,OWN SHIP,0.0,1.22,-38.029666666666664,144.85,8.0,0.0,0.0,1,,,,,synthetic,,,,
549.0,,target,999510201,SAFE PASS,2.0,0.78,-38.037,144.8923294835391,8.0,180.0,180.0,18,safe,safe,2.0,-99.00000000000001,synthetic,,,,
550.0,,own,999510000,OWN SHIP,0.0,1.2222222222222223,-38.029629629629625,144.85,8.0,0.0,0.0,1,,,,,synthetic,,,,
550.0,,target,999510201,SAFE PASS,2.0,0.7777777777777777,-38.03703703703703,144.8923294835391,8.0,180.0,180.0,18,safe,safe,2.0,-100.00000000000007,synthetic,,,,
551.0,,own,999510000,OWN SHIP,0.0,1.2244444444444444,-38.02959259259259,144.85,8.0,0.0,0.0,1,,,,,synthetic,,,,
551.0,,target,999510201,SAFE PASS,2.0,0.7755555555555556,-38.03707407407407,144.8923294835391,8.0,180.0,180.0,18,safe,safe,2.0,-101.00000000000003,synthetic,,,,
552.0,,own,999510000,OWN SHIP,0.0,1.2266666666666666,-38.029555555555554,144.85,8.0,0.0,0.0,1,,,,,synthetic,,,,
552.0,,target,999510201,SAFE PASS,2.0,0.7733333333333334,-38.03711111111111,144.8923294835391,8.0,180.0,180.0,18,safe,safe,2.0,-101.99999999999997,synthetic,,,,
553.0,,own,999510000,OWN SHIP,0.0,1.228888888888889,-38.029518518518515,144.85,8.0,0.0,0.0,1,,,,,synthetic,,,,
553.0,,target,999510201,SAFE PASS,2.0,0.7711111111111111,-38.03714814814815,144.8923294835391,8.0,180.0,180.0,18,safe,safe,2.0,-103.00000000000003,synthetic,,,,
554.0,,own,999510000,OWN SHIP,0.0,1.231111111111111,-38.029481481481476,144.85,8.0,0.0,0.0,1,,,,,synthetic,,,,
554.0,,target,999510201,SAFE PASS,2.0,0.768888888888889,-38.03718518518518,144.8923294835391,8.0,180.0,180.0,18,safe,safe,2.0,-103.99999999999999,synthetic,,,,
555.0,,own,999510000,OWN SHIP,0.0,1.2333333333333334,-38.029444444444444,144.85,8.0,0.0,0.0,1,,,,,synthetic,,,,
555.0,,target,999510201,SAFE PASS,2.0,0.7666666666666666,-38.03722222222222,144.8923294835391,8.0,180.0,180.0,18,safe,safe,2.0,-105.00000000000004,synthetic,,,,
556.0,,own,999510000,OWN SHIP,0.0,1.2355555555555555,-38.029407407407405,144.85,8.0,0.0,0.0,1,,,,,synthetic,,,,
556.0,,target,999510201,SAFE PASS,2.0,0.7644444444444445,-38.03725925925926,144.8923294835391,8.0,180.0,180.0,18,safe,safe,2.0,-106.00000000000001,synthetic,,,,
557.0,,own,999510000,OWN SHIP,0.0,1.2377777777777779,-38.029370370370366,144.85,8.0,0.0,0.0,1,,,,,synthetic,,,,
557.0,,target,999510201,SAFE PASS,2.0,0.7622222222222221,-38.03729629629629,144.8923294835391,8.0,180.0,180.0,18,safe,safe,2.0,-107.00000000000006,synthetic,,,,
558.0,,own,999510000,OWN SHIP,0.0,1.24,-38.029333333333334,144.85,8.0,0.0,0.0,1,,,,,synthetic,,,,
558.0,,target,999510201,SAFE PASS,2.0,0.76,-38.03733333333333,144.8923294835391,8.0,180.0,180.0,18,safe,safe,2.0,-108.00000000000003,synthetic,,,,
559.0,,own,999510000,OWN SHIP,0.0,1.2422222222222221,-38.029296296296295,144.85,8.0,0.0,0.0,1,,,,,synthetic,,,,
559.0,,target,999510201,SAFE PASS,2.0,0.7577777777777779,-38.03737037037037,144.8923294835391,8.0,180.0,180.0,18,safe,safe,2.0,-108.99999999999997,synthetic,,,,
560.0,,own,999510000,OWN SHIP,0.0,1.2444444444444445,-38.029259259259256,144.85,8.0,0.0,0.0,1,,,,,synthetic,,,,
560.0,,target,999510201,SAFE PASS,2.0,0.7555555555555555,-38.03740740740741,144.8923294835391,8.0,180.0,180.0,18,safe,safe,2.0,-110.00000000000001,synthetic,,,,
561.0,,own,999510000,OWN SHIP,0.0,1.2466666666666666,-38.02922222222222,144.85,8.0,0.0,0.0,1,,,,,synthetic,,,,
561.0,,target,999510201,SAFE PASS,2.0,0.7533333333333334,-38.03744444444444,144.8923294835391,8.0,180.0,180.0,18,safe,safe,2.0,-110.99999999999999,synthetic,,,,
562.0,,own,999510000,OWN SHIP,0.0,1.248888888888889,-38.029185185185185,144.85,8.0,0.0,0.0,1,,,,,synthetic,,,,
562.0,,target,999510201,SAFE PASS,2.0,0.7511111111111111,-38.03748148148148,144.8923294835391,8.0,180.0,180.0,18,safe,safe,2.0,-112.00000000000004,synthetic,,,,
563.0,,own,999510000,OWN SHIP,0.0,1.251111111111111,-38.029148148148145,144.85,8.0,0.0,0.0,1,,,,,synthetic,,,,
563.0,,target,999510201,SAFE PASS,2.0,0.7488888888888889,-38.03751851851852,144.8923294835391,8.0,180.0,180.0,18,safe,safe,2.0,-113.0,synthetic,,,,
564.0,,own,999510000,OWN SHIP,0.0,1.2533333333333334,-38.029111111111106,144.85,8.0,0.0,0.0,1,,,,,synthetic,,,,
564.0,,target,999510201,SAFE PASS,2.0,0.7466666666666666,-38.03755555555555,144.8923294835391,8.0,180.0,180.0,18,safe,safe,2.0,-114.00000000000006,synthetic,,,,
565.0,,own,999510000,OWN SHIP,0.0,1.2555555555555555,-38.029074074074074,144.85,8.0,0.0,0.0,1,,,,,synthetic,,,,
565.0,,target,999510201,SAFE PASS,2.0,0.7444444444444445,-38.03759259259259,144.8923294835391,8.0,180.0,180.0,18,safe,safe,2.0,-115.00000000000001,synthetic,,,,
566.0,,own,999510000,OWN SHIP,0.0,1.2577777777777779,-38.029037037037035,144.85,8.0,0.0,0.0,1,,,,,synthetic,,,,
566.0,,target,999510201,SAFE PASS,2.0,0.7422222222222221,-38.03762962962963,144.8923294835391,8.0,180.0,180.0,18,safe,safe,2.0,-116.00000000000007,synthetic,,,,
567.0,,own,999510000,OWN SHIP,0.0,1.26,-38.028999999999996,144.85,8.0,0.0,0.0,1,,,,,synthetic,,,,
567.0,,target,999510201,SAFE PASS,2.0,0.74,-38.03766666666667,144.8923294835391,8.0,180.0,180.0,18,safe,safe,2.0,-117.00000000000001,synthetic,,,,
568.0,,own,999510000,OWN SHIP,0.0,1.2622222222222221,-38.02896296296296,144.85,8.0,0.0,0.0,1,,,,,synthetic,,,,
568.0,,target,999510201,SAFE PASS,2.0,0.7377777777777779,-38.0377037037037,144.8923294835391,8.0,180.0,180.0,18,safe,safe,2.0,-117.99999999999999,synthetic,,,,
569.0,,own,999510000,OWN SHIP,0.0,1.2644444444444445,-38.028925925925925,144.85,8.0,0.0,0.0,1,,,,,synthetic,,,,
569.0,,target,999510201,SAFE PASS,2.0,0.7355555555555555,-38.03774074074074,144.8923294835391,8.0,180.0,180.0,18,safe,safe,2.0,-119.00000000000003,synthetic,,,,
570.0,,own,999510000,OWN SHIP,0.0,1.2666666666666666,-38.028888888888886,144.85,8.0,0.0,0.0,1,,,,,synthetic,,,,
570.0,,target,999510201,SAFE PASS,2.0,0.7333333333333334,-38.03777777777778,144.8923294835391,8.0,180.0,180.0,18,safe,safe,2.0,-120.0,synthetic,,,,
571.0,,own,999510000,OWN SHIP,0.0,1.268888888888889,-38.02885185185185,144.85,8.0,0.0,0.0,1,,,,,synthetic,,,,
571.0,,target,999510201,SAFE PASS,2.0,0.731111111111111,-38.03781481481481,144.8923294835391,8.0,180.0,180.0,18,safe,safe,2.0,-121.00000000000006,synthetic,,,,
572.0,,own,999510000,OWN SHIP,0.0,1.271111111111111,-38.028814814814815,144.85,8.0,0.0,0.0,1,,,,,synthetic,,,,
572.0,,target,999510201,SAFE PASS,2.0,0.7288888888888889,-38.03785185185185,144.8923294835391,8.0,180.0,180.0,18,safe,safe,2.0,-122.00000000000001,synthetic,,,,
573.0,,own,999510000,OWN SHIP,0.0,1.2733333333333334,-38.028777777777776,144.85,8.0,0.0,0.0,1,,,,,synthetic,,,,
573.0,,target,999510201,SAFE PASS,2.0,0.7266666666666666,-38.03788888888889,144.8923294835391,8.0,180.0,180.0,18,safe,safe,2.0,-123.00000000000007,synthetic,,,,
574.0,,own,999510000,OWN SHIP,0.0,1.2755555555555556,-38.02874074074074,144.85,8.0,0.0,0.0,1,,,,,synthetic,,,,
574.0,,target,999510201,SAFE PASS,2.0,0.7244444444444444,-38.037925925925926,144.8923294835391,8.0,180.0,180.0,18,safe,safe,2.0,-124.00000000000001,synthetic,,,,
575.0,,own,999510000,OWN SHIP,0.0,1.2777777777777777,-38.0287037037037,144.85,8.0,0.0,0.0,1,,,,,synthetic,,,,
575.0,,target,999510201,SAFE PASS,2.0,0.7222222222222223,-38.03796296296296,144.8923294835391,8.0,180.0,180.0,18,safe,safe,2.0,-124.99999999999997,synthetic,,,,
576.0,,own,999510000,OWN SHIP,0.0,1.28,-38.028666666666666,144.85,8.0,0.0,0.0,1,,,,,synthetic,,,,
576.0,,target,999510201,SAFE PASS,2.0,0.72,-38.038,144.8923294835391,8.0,180.0,180.0,18,safe,safe,2.0,-126.00000000000003,synthetic,,,,
577.0,,own,999510000,OWN SHIP,0.0,1.2822222222222222,-38.02862962962963,144.85,8.0,0.0,0.0,1,,,,,synthetic,,,,
577.0,,target,999510201,SAFE PASS,2.0,0.7177777777777778,-38.038037037037036,144.8923294835391,8.0,180.0,180.0,18,safe,safe,2.0,-126.99999999999999,synthetic,,,,
578.0,,own,999510000,OWN SHIP,0.0,1.2844444444444445,-38.02859259259259,144.85,8.0,0.0,0.0,1,,,,,synthetic,,,,
578.0,,target,999510201,SAFE PASS,2.0,0.7155555555555555,-38.03807407407407,144.8923294835391,8.0,180.0,180.0,18,safe,safe,2.0,-128.00000000000006,synthetic,,,,
579.0,,own,999510000,OWN SHIP,0.0,1.2866666666666666,-38.028555555555556,144.85,8.0,0.0,0.0,1,,,,,synthetic,,,,
579.0,,target,999510201,SAFE PASS,2.0,0.7133333333333334,-38.03811111111111,144.8923294835391,8.0,180.0,180.0,18,safe,safe,2.0,-129.0,synthetic,,,,
580.0,,own,999510000,OWN SHIP,0.0,1.288888888888889,-38.02851851851852,144.85,8.0,0.0,0.0,1,,,,,synthetic,,,,
580.0,,target,999510201,SAFE PASS,2.0,0.711111111111111,-38.038148148148146,144.8923294835391,8.0,180.0,180.0,18,safe,safe,2.0,-130.00000000000006,synthetic,,,,
581.0,,own,999510000,OWN SHIP,0.0,1.291111111111111,-38.02848148148148,144.85,8.0,0.0,0.0,1,,,,,synthetic,,,,
581.0,,target,999510201,SAFE PASS,2.0,0.7088888888888889,-38.038185185185185,144.8923294835391,8.0,180.0,180.0,18,safe,safe,2.0,-131.00000000000003,synthetic,,,,
582.0,,own,999510000,OWN SHIP,0.0,1.2933333333333332,-38.02844444444444,144.85,8.0,0.0,0.0,1,,,,,synthetic,,,,
582.0,,target,999510201,SAFE PASS,2.0,0.7066666666666668,-38.03822222222222,144.8923294835391,8.0,180.0,180.0,18,safe,safe,2.0,-131.99999999999997,synthetic,,,,
583.0,,own,999510000,OWN SHIP,0.0,1.2955555555555556,-38.02840740740741,144.85,8.0,0.0,0.0,1,,,,,synthetic,,,,
583.0,,target,999510201,SAFE PASS,2.0,0.7044444444444444,-38.038259259259256,144.8923294835391,8.0,180.0,180.0,18,safe,safe,2.0,-133.00000000000003,synthetic,,,,
584.0,,own,999510000,OWN SHIP,0.0,1.2977777777777777,-38.02837037037037,144.85,8.0,0.0,0.0,1,,,,,synthetic,,,,
584.0,,target,999510201,SAFE PASS,2.0,0.7022222222222223,-38.038296296296295,144.8923294835391,8.0,180.0,180.0,18,safe,safe,2.0,-133.99999999999997,synthetic,,,,
585.0,,own,999510000,OWN SHIP,0.0,1.3,-38.02833333333333,144.85,8.0,0.0,0.0,1,,,,,synthetic,,,,
585.0,,target,999510201,SAFE PASS,2.0,0.7,-38.038333333333334,144.8923294835391,8.0,180.0,180.0,18,safe,safe,2.0,-135.00000000000003,synthetic,,,,
586.0,,own,999510000,OWN SHIP,0.0,1.3022222222222222,-38.0282962962963,144.85,8.0,0.0,0.0,1,,,,,synthetic,,,,
586.0,,target,999510201,SAFE PASS,2.0,0.6977777777777778,-38.038370370370366,144.8923294835391,8.0,180.0,180.0,18,safe,safe,2.0,-136.0,synthetic,,,,
587.0,,own,999510000,OWN SHIP,0.0,1.3044444444444445,-38.02825925925926,144.85,8.0,0.0,0.0,1,,,,,synthetic,,,,
587.0,,target,999510201,SAFE PASS,2.0,0.6955555555555555,-38.038407407407405,144.8923294835391,8.0,180.0,180.0,18,safe,safe,2.0,-137.00000000000006,synthetic,,,,
588.0,,own,999510000,OWN SHIP,0.0,1.3066666666666666,-38.02822222222222,144.85,8.0,0.0,0.0,1,,,,,synthetic,,,,
588.0,,target,999510201,SAFE PASS,2.0,0.6933333333333334,-38.038444444444444,144.8923294835391,8.0,180.0,180.0,18,safe,safe,2.0,-138.00000000000003,synthetic,,,,
589.0,,own,999510000,OWN SHIP,0.0,1.308888888888889,-38.02818518518518,144.85,8.0,0.0,0.0,1,,,,,synthetic,,,,
589.0,,target,999510201,SAFE PASS,2.0,0.691111111111111,-38.038481481481476,144.8923294835391,8.0,180.0,180.0,18,safe,safe,2.0,-139.00000000000009,synthetic,,,,
590.0,,own,999510000,OWN SHIP,0.0,1.3111111111111111,-38.02814814814815,144.85,8.0,0.0,0.0,1,,,,,synthetic,,,,
590.0,,target,999510201,SAFE PASS,2.0,0.6888888888888889,-38.038518518518515,144.8923294835391,8.0,180.0,180.0,18,safe,safe,2.0,-140.00000000000003,synthetic,,,,
591.0,,own,999510000,OWN SHIP,0.0,1.3133333333333332,-38.02811111111111,144.85,8.0,0.0,0.0,1,,,,,synthetic,,,,
591.0,,target,999510201,SAFE PASS,2.0,0.6866666666666668,-38.038555555555554,144.8923294835391,8.0,180.0,180.0,18,safe,safe,2.0,-140.99999999999997,synthetic,,,,
592.0,,own,999510000,OWN SHIP,0.0,1.3155555555555556,-38.02807407407407,144.85,8.0,0.0,0.0,1,,,,,synthetic,,,,
592.0,,target,999510201,SAFE PASS,2.0,0.6844444444444444,-38.03859259259259,144.8923294835391,8.0,180.0,180.0,18,safe,safe,2.0,-142.00000000000003,synthetic,,,,
593.0,,own,999510000,OWN SHIP,0.0,1.3177777777777777,-38.02803703703704,144.85,8.0,0.0,0.0,1,,,,,synthetic,,,,
593.0,,target,999510201,SAFE PASS,2.0,0.6822222222222223,-38.038629629629625,144.8923294835391,8.0,180.0,180.0,18,safe,safe,2.0,-143.0,synthetic,,,,
594.0,,own,999510000,OWN SHIP,0.0,1.32,-38.028,144.85,8.0,0.0,0.0,1,,,,,synthetic,,,,
594.0,,target,999510201,SAFE PASS,2.0,0.6799999999999999,-38.038666666666664,144.8923294835391,8.0,180.0,180.0,18,safe,safe,2.0,-144.00000000000006,synthetic,,,,
595.0,,own,999510000,OWN SHIP,0.0,1.3222222222222222,-38.02796296296296,144.85,8.0,0.0,0.0,1,,,,,synthetic,,,,
595.0,,target,999510201,SAFE PASS,2.0,0.6777777777777778,-38.0387037037037,144.8923294835391,8.0,180.0,180.0,18,safe,safe,2.0,-145.0,synthetic,,,,
596.0,,own,999510000,OWN SHIP,0.0,1.3244444444444445,-38.02792592592592,144.85,8.0,0.0,0.0,1,,,,,synthetic,,,,
596.0,,target,999510201,SAFE PASS,2.0,0.6755555555555555,-38.038740740740735,144.8923294835391,8.0,180.0,180.0,18,safe,safe,2.0,-146.00000000000006,synthetic,,,,
597.0,,own,999510000,OWN SHIP,0.0,1.3266666666666667,-38.02788888888889,144.85,8.0,0.0,0.0,1,,,,,synthetic,,,,
597.0,,target,999510201,SAFE PASS,2.0,0.6733333333333333,-38.038777777777774,144.8923294835391,8.0,180.0,180.0,18,safe,safe,2.0,-147.0,synthetic,,,,
598.0,,own,999510000,OWN SHIP,0.0,1.3288888888888888,-38.02785185185185,144.85,8.0,0.0,0.0,1,,,,,synthetic,,,,
598.0,,target,999510201,SAFE PASS,2.0,0.6711111111111112,-38.03881481481481,144.8923294835391,8.0,180.0,180.0,18,safe,safe,2.0,-147.99999999999997,synthetic,,,,
599.0,,own,999510000,OWN SHIP,0.0,1.3311111111111111,-38.02781481481481,144.85,8.0,0.0,0.0,1,,,,,synthetic,,,,
599.0,,target,999510201,SAFE PASS,2.0,0.6688888888888889,-38.03885185185185,144.8923294835391,8.0,180.0,180.0,18,safe,safe,2.0,-149.00000000000003,synthetic,,,,
600.0,,own,999510000,OWN SHIP,0.0,1.3333333333333333,-38.02777777777777,144.85,8.0,0.0,0.0,1,,,,,synthetic,,,,
600.0,,target,999510201,SAFE PASS,2.0,0.6666666666666667,-38.038888888888884,144.8923294835391,8.0,180.0,180.0,18,safe,safe,2.0,-150.0,synthetic,,,,
